Device_ID,Device_type,Device,Site,Ambient,DevicexAmbient,Checkin,Checkout,Duration,Pre-classification,Class,Order,Suborder,Infraorder,Superfamily,Family,Subfamily,Genus,Species,Live_mass,Body_length,Body_width
ID1_0001,ID,ID1,Site1,Maize,IDxMaize,2023-08-23 09:01:53.776,2023-08-23 09:01:56.625,00:00:02.849000,fly,Insecta,Diptera,Brachycera,#N/C,#N/C,#N/C,#N/C,#N/C,#N/C,8.4004979253112,5.45134854771784,1.7163070539419094
ID1_0002,ID,ID1,Site1,Maize,IDxMaize,2023-08-23 09:06:49.635,2023-08-23 09:08:44.921,00:01:55.286000,hoverfly,Insecta,Diptera,Brachycera,Muscomorpha,Syrphoidea,Syrphidae,Syrphinae,Episyrphus,balteatus,12.29572580645161,7.508467741935483,2.1483064516129025
ID1_0004,ID,ID1,Site1,Maize,IDxMaize,2023-08-23 09:13:20.758,2023-08-23 09:13:52.189,00:00:31.431000,hoverfly,Insecta,Diptera,Brachycera,Muscomorpha,Syrphoidea,Syrphidae,Syrphinae,Episyrphus,balteatus,12.29572580645161,7.508467741935483,2.1483064516129025
ID1_0005,ID,ID1,Site1,Maize,IDxMaize,2023-08-23 09:14:04.839,2023-08-23 09:15:09.092,00:01:04.253000,hoverfly,Insecta,Diptera,Brachycera,Muscomorpha,Syrphoidea,Syrphidae,Syrphinae,Episyrphus,balteatus,12.29572580645161,7.508467741935483,2.1483064516129025
ID1_0006,ID,ID1,Site1,Maize,IDxMaize,2023-08-23 09:29:06.795,2023-08-23 09:29:21.265,00:00:14.470000,hoverfly,Insecta,Diptera,Brachycera,Muscomorpha,Syrphoidea,Syrphidae,Syrphinae,Episyrphus,balteatus,12.29572580645161,7.508467741935483,2.1483064516129025
ID1_0007,ID,ID1,Site1,Maize,IDxMaize,2023-08-23 12:08:16.657,2023-08-23 12:08:22.365,00:00:05.708000,beetle,Insecta,Coleoptera,#N/C,#N/C,#N/C,#N/C,#N/C,#N/C,#N/C,60.96164921465981,8.591989528795812,2.924581151832462
ID1_0008,ID,ID1,Site1,Maize,IDxMaize,2023-08-23 12:08:30.805,2023-08-23 12:08:54.991,00:00:24.186000,noth,Insecta,Lepidoptera,#N/C,#N/C,#N/C,#N/C,#N/C,#N/C,#N/C,17.31275862068966,8.628275862068964,1.9603448275862072
ID1_0009,ID,ID1,Site1,Maize,IDxMaize,2023-08-23 14:02:22.289,2023-08-23 14:03:00.863,00:00:38.574000,flesh_fly,Insecta,Diptera,Brachycera,Muscomorpha,Oestroidea,Sarcophagidae,#N/C,#N/C,#N/C,8.696344827586204,5.522551724137931,1.7546666666666675
ID1_0010,ID,ID1,Site1,Maize,IDxMaize,2023-08-23 17:03:31.423,2023-08-23 17:03:35.765,00:00:04.342000,flesh_fly,Insecta,Diptera,Brachycera,Muscomorpha,Oestroidea,Sarcophagidae,#N/C,#N/C,#N/C,8.696344827586204,5.522551724137931,1.7546666666666675
ID1_0013,ID,ID1,Site1,Maize,IDxMaize,2023-08-23 18:30:37.664,2023-08-23 18:30:51.890,00:00:14.226000,fly,Insecta,Diptera,Brachycera,#N/C,#N/C,#N/C,#N/C,#N/C,#N/C,8.4004979253112,5.45134854771784,1.7163070539419094
ID1_0014,ID,ID1,Site1,Maize,IDxMaize,2023-08-23 18:31:08.683,2023-08-23 18:31:24.244,00:00:15.561000,fly,Insecta,Diptera,Brachycera,#N/C,#N/C,#N/C,#N/C,#N/C,#N/C,8.4004979253112,5.45134854771784,1.7163070539419094
ID1_0016,ID,ID1,Site1,Maize,IDxMaize,2023-08-23 18:34:21.043,2023-08-23 18:34:29.586,00:00:08.543000,fly,Insecta,Diptera,Brachycera,#N/C,#N/C,#N/C,#N/C,#N/C,#N/C,8.4004979253112,5.45134854771784,1.7163070539419094
ID1_0018,ID,ID1,Site1,Maize,IDxMaize,2023-08-24 09:07:41.470,2023-08-24 09:07:44.325,00:00:02.855000,fly,Insecta,Diptera,Brachycera,#N/C,#N/C,#N/C,#N/C,#N/C,#N/C,8.4004979253112,5.45134854771784,1.7163070539419094
ID1_0019,ID,ID1,Site1,Maize,IDxMaize,2023-08-24 09:22:37.533,2023-08-24 09:23:04.630,00:00:27.097000,fly,Insecta,Diptera,Brachycera,#N/C,#N/C,#N/C,#N/C,#N/C,#N/C,8.4004979253112,5.45134854771784,1.7163070539419094
ID1_0020,ID,ID1,Site1,Maize,IDxMaize,2023-08-24 09:26:25.741,2023-08-24 09:26:28.553,00:00:02.812000,hoverfly,Insecta,Diptera,Brachycera,Muscomorpha,Syrphoidea,Syrphidae,Syrphinae,Episyrphus,balteatus,12.29572580645161,7.508467741935483,2.1483064516129025
ID1_0023,ID,ID1,Site1,Maize,IDxMaize,2023-08-24 14:02:23.501,2023-08-24 14:02:50.704,00:00:27.203000,flesh_fly,Insecta,Diptera,Brachycera,Muscomorpha,Oestroidea,Sarcophagidae,#N/C,#N/C,#N/C,8.696344827586204,5.522551724137931,1.7546666666666675
ID1_0025,ID,ID1,Site1,Maize,IDxMaize,2023-08-24 18:03:36.615,2023-08-24 18:04:39.222,00:01:02.607000,fly,Insecta,Diptera,Brachycera,#N/C,#N/C,#N/C,#N/C,#N/C,#N/C,8.4004979253112,5.45134854771784,1.7163070539419094
ID1_0027,ID,ID1,Site1,Maize,IDxMaize,2023-08-24 18:14:32.414,2023-08-24 18:14:45.253,00:00:12.839000,fly,Insecta,Diptera,Brachycera,#N/C,#N/C,#N/C,#N/C,#N/C,#N/C,8.4004979253112,5.45134854771784,1.7163070539419094
ID1_0028,ID,ID1,Site1,Maize,IDxMaize,2023-08-24 18:31:13.134,2023-08-24 18:31:43.233,00:00:30.099000,fly,Insecta,Diptera,Brachycera,#N/C,#N/C,#N/C,#N/C,#N/C,#N/C,8.4004979253112,5.45134854771784,1.7163070539419094
ID1_0030,ID,ID1,Site1,Maize,IDxMaize,2023-08-24 18:34:17.674,2023-08-24 18:34:20.526,00:00:02.852000,fly,Insecta,Diptera,Brachycera,#N/C,#N/C,#N/C,#N/C,#N/C,#N/C,8.4004979253112,5.45134854771784,1.7163070539419094
ID1_0033,ID,ID1,Site1,Maize,IDxMaize,2023-08-25 13:05:46.186,2023-08-25 13:07:03.363,00:01:17.177000,flesh_fly,Insecta,Diptera,Brachycera,Muscomorpha,Oestroidea,Sarcophagidae,#N/C,#N/C,#N/C,8.696344827586204,5.522551724137931,1.7546666666666675
ID1_0034,ID,ID1,Site1,Maize,IDxMaize,2023-08-25 13:07:28.605,2023-08-25 13:07:37.258,00:00:08.653000,flesh_fly,Insecta,Diptera,Brachycera,Muscomorpha,Oestroidea,Sarcophagidae,#N/C,#N/C,#N/C,8.696344827586204,5.522551724137931,1.7546666666666675
ID1_0035,ID,ID1,Site1,Maize,IDxMaize,2023-08-25 13:14:53.924,2023-08-25 13:15:28.238,00:00:34.314000,flesh_fly,Insecta,Diptera,Brachycera,Muscomorpha,Oestroidea,Sarcophagidae,#N/C,#N/C,#N/C,8.696344827586204,5.522551724137931,1.7546666666666675
ID1_0036,ID,ID1,Site1,Maize,IDxMaize,2023-08-25 13:22:08.343,2023-08-25 13:24:05.637,00:01:57.294000,flesh_fly,Insecta,Diptera,Brachycera,Muscomorpha,Oestroidea,Sarcophagidae,#N/C,#N/C,#N/C,8.696344827586204,5.522551724137931,1.7546666666666675
ID1_0037,ID,ID1,Site1,Maize,IDxMaize,2023-08-25 13:24:33.661,2023-08-25 13:24:54.964,00:00:21.303000,fly,Insecta,Diptera,Brachycera,#N/C,#N/C,#N/C,#N/C,#N/C,#N/C,8.4004979253112,5.45134854771784,1.7163070539419094
ID1_0038,ID,ID1,Site1,Maize,IDxMaize,2023-08-25 13:29:08.912,2023-08-25 13:31:06.433,00:01:57.521000,flesh_fly,Insecta,Diptera,Brachycera,Muscomorpha,Oestroidea,Sarcophagidae,#N/C,#N/C,#N/C,8.696344827586204,5.522551724137931,1.7546666666666675
ID1_0039,ID,ID1,Site1,Maize,IDxMaize,2023-08-25 13:34:46.070,2023-08-25 13:35:25.025,00:00:38.955000,flesh_fly,Insecta,Diptera,Brachycera,Muscomorpha,Oestroidea,Sarcophagidae,#N/C,#N/C,#N/C,8.696344827586204,5.522551724137931,1.7546666666666675
ID1_0040,ID,ID1,Site1,Maize,IDxMaize,2023-08-25 13:34:47.541,2023-08-25 13:35:05.004,00:00:17.463000,fly,Insecta,Diptera,Brachycera,#N/C,#N/C,#N/C,#N/C,#N/C,#N/C,8.4004979253112,5.45134854771784,1.7163070539419094
ID1_0041,ID,ID1,Site1,Maize,IDxMaize,2023-08-25 13:36:03.015,2023-08-25 13:36:07.363,00:00:04.348000,flesh_fly,Insecta,Diptera,Brachycera,Muscomorpha,Oestroidea,Sarcophagidae,#N/C,#N/C,#N/C,8.696344827586204,5.522551724137931,1.7546666666666675
ID1_0042,ID,ID1,Site1,Maize,IDxMaize,2023-08-25 13:36:03.051,2023-08-25 13:36:07.394,00:00:04.343000,fly,Insecta,Diptera,Brachycera,#N/C,#N/C,#N/C,#N/C,#N/C,#N/C,8.4004979253112,5.45134854771784,1.7163070539419094
ID1_0043,ID,ID1,Site1,Maize,IDxMaize,2023-08-25 13:36:18.800,2023-08-25 13:36:50.535,00:00:31.735000,flesh_fly,Insecta,Diptera,Brachycera,Muscomorpha,Oestroidea,Sarcophagidae,#N/C,#N/C,#N/C,8.696344827586204,5.522551724137931,1.7546666666666675
ID1_0044,ID,ID1,Site1,Maize,IDxMaize,2023-08-25 13:36:28.889,2023-08-25 13:36:47.693,00:00:18.804000,fly,Insecta,Diptera,Brachycera,#N/C,#N/C,#N/C,#N/C,#N/C,#N/C,8.4004979253112,5.45134854771784,1.7163070539419094
ID1_0045,ID,ID1,Site1,Maize,IDxMaize,2023-08-25 13:38:17.813,2023-08-25 13:38:54.700,00:00:36.887000,fly,Insecta,Diptera,Brachycera,#N/C,#N/C,#N/C,#N/C,#N/C,#N/C,8.4004979253112,5.45134854771784,1.7163070539419094
ID1_0047,ID,ID1,Site1,Maize,IDxMaize,2023-08-25 13:39:14.440,2023-08-25 13:39:21.634,00:00:07.194000,flesh_fly,Insecta,Diptera,Brachycera,Muscomorpha,Oestroidea,Sarcophagidae,#N/C,#N/C,#N/C,8.696344827586204,5.522551724137931,1.7546666666666675
ID1_0048,ID,ID1,Site1,Maize,IDxMaize,2023-08-25 13:39:23.115,2023-08-25 13:40:39.170,00:01:16.055000,flesh_fly,Insecta,Diptera,Brachycera,Muscomorpha,Oestroidea,Sarcophagidae,#N/C,#N/C,#N/C,8.696344827586204,5.522551724137931,1.7546666666666675
ID1_0049,ID,ID1,Site1,Maize,IDxMaize,2023-08-25 14:01:18.864,2023-08-25 14:01:50.125,00:00:31.261000,fly,Insecta,Diptera,Brachycera,#N/C,#N/C,#N/C,#N/C,#N/C,#N/C,8.4004979253112,5.45134854771784,1.7163070539419094
ID1_0051,ID,ID1,Site1,Maize,IDxMaize,2023-08-25 14:02:32.583,2023-08-25 14:02:56.574,00:00:23.991000,fly,Insecta,Diptera,Brachycera,#N/C,#N/C,#N/C,#N/C,#N/C,#N/C,8.4004979253112,5.45134854771784,1.7163070539419094
ID1_0052,ID,ID1,Site1,Maize,IDxMaize,2023-08-25 14:08:14.145,2023-08-25 14:09:10.369,00:00:56.224000,fly,Insecta,Diptera,Brachycera,#N/C,#N/C,#N/C,#N/C,#N/C,#N/C,8.4004979253112,5.45134854771784,1.7163070539419094
ID1_0053,ID,ID1,Site1,Maize,IDxMaize,2023-08-25 14:08:24.091,2023-08-25 14:09:23.272,00:00:59.181000,flesh_fly,Insecta,Diptera,Brachycera,Muscomorpha,Oestroidea,Sarcophagidae,#N/C,#N/C,#N/C,8.696344827586204,5.522551724137931,1.7546666666666675
ID1_0054,ID,ID1,Site1,Maize,IDxMaize,2023-08-25 14:12:40.484,2023-08-25 14:12:50.461,00:00:09.977000,flesh_fly,Insecta,Diptera,Brachycera,Muscomorpha,Oestroidea,Sarcophagidae,#N/C,#N/C,#N/C,8.696344827586204,5.522551724137931,1.7546666666666675
ID1_0055,ID,ID1,Site1,Maize,IDxMaize,2023-08-25 14:13:29.739,2023-08-25 14:13:41.278,00:00:11.539000,flesh_fly,Insecta,Diptera,Brachycera,Muscomorpha,Oestroidea,Sarcophagidae,#N/C,#N/C,#N/C,8.696344827586204,5.522551724137931,1.7546666666666675
ID1_0056,ID,ID1,Site1,Maize,IDxMaize,2023-08-25 14:14:10.814,2023-08-25 14:15:22.364,00:01:11.550000,flesh_fly,Insecta,Diptera,Brachycera,Muscomorpha,Oestroidea,Sarcophagidae,#N/C,#N/C,#N/C,8.696344827586204,5.522551724137931,1.7546666666666675
ID1_0057,ID,ID1,Site1,Maize,IDxMaize,2023-08-25 14:15:25.194,2023-08-25 14:18:00.719,00:02:35.525000,flesh_fly,Insecta,Diptera,Brachycera,Muscomorpha,Oestroidea,Sarcophagidae,#N/C,#N/C,#N/C,8.696344827586204,5.522551724137931,1.7546666666666675
ID1_0058,ID,ID1,Site1,Maize,IDxMaize,2023-08-25 14:16:53.881,2023-08-25 14:18:00.741,00:01:06.860000,fly,Insecta,Diptera,Brachycera,#N/C,#N/C,#N/C,#N/C,#N/C,#N/C,8.4004979253112,5.45134854771784,1.7163070539419094
ID1_0059,ID,ID1,Site1,Maize,IDxMaize,2023-08-25 14:20:21.103,2023-08-25 14:21:17.004,00:00:55.901000,flesh_fly,Insecta,Diptera,Brachycera,Muscomorpha,Oestroidea,Sarcophagidae,#N/C,#N/C,#N/C,8.696344827586204,5.522551724137931,1.7546666666666675
ID1_0060,ID,ID1,Site1,Maize,IDxMaize,2023-08-25 14:26:18.024,2023-08-25 14:26:42.301,00:00:24.277000,flesh_fly,Insecta,Diptera,Brachycera,Muscomorpha,Oestroidea,Sarcophagidae,#N/C,#N/C,#N/C,8.696344827586204,5.522551724137931,1.7546666666666675
ID1_0061,ID,ID1,Site1,Maize,IDxMaize,2023-08-25 14:28:02.332,2023-08-25 14:28:23.873,00:00:21.541000,flesh_fly,Insecta,Diptera,Brachycera,Muscomorpha,Oestroidea,Sarcophagidae,#N/C,#N/C,#N/C,8.696344827586204,5.522551724137931,1.7546666666666675
ID1_0062,ID,ID1,Site1,Maize,IDxMaize,2023-08-25 14:28:26.781,2023-08-25 14:28:45.399,00:00:18.618000,flesh_fly,Insecta,Diptera,Brachycera,Muscomorpha,Oestroidea,Sarcophagidae,#N/C,#N/C,#N/C,8.696344827586204,5.522551724137931,1.7546666666666675
ID1_0064,ID,ID1,Site1,Maize,IDxMaize,2023-08-25 14:29:40.601,2023-08-25 14:32:39.696,00:02:59.095000,flesh_fly,Insecta,Diptera,Brachycera,Muscomorpha,Oestroidea,Sarcophagidae,#N/C,#N/C,#N/C,8.696344827586204,5.522551724137931,1.7546666666666675
ID1_0065,ID,ID1,Site1,Maize,IDxMaize,2023-08-25 14:32:45.324,2023-08-25 14:33:06.819,00:00:21.495000,flesh_fly,Insecta,Diptera,Brachycera,Muscomorpha,Oestroidea,Sarcophagidae,#N/C,#N/C,#N/C,8.696344827586204,5.522551724137931,1.7546666666666675
ID1_0066,ID,ID1,Site1,Maize,IDxMaize,2023-08-25 14:33:20.903,2023-08-25 14:33:39.465,00:00:18.562000,fly,Insecta,Diptera,Brachycera,#N/C,#N/C,#N/C,#N/C,#N/C,#N/C,8.4004979253112,5.45134854771784,1.7163070539419094
ID1_0067,ID,ID1,Site1,Maize,IDxMaize,2023-08-25 14:35:58.642,2023-08-25 14:37:07.558,00:01:08.916000,fly,Insecta,Diptera,Brachycera,#N/C,#N/C,#N/C,#N/C,#N/C,#N/C,8.4004979253112,5.45134854771784,1.7163070539419094
ID1_0068,ID,ID1,Site1,Maize,IDxMaize,2023-08-25 14:37:10.354,2023-08-25 14:37:17.570,00:00:07.216000,flesh_fly,Insecta,Diptera,Brachycera,Muscomorpha,Oestroidea,Sarcophagidae,#N/C,#N/C,#N/C,8.696344827586204,5.522551724137931,1.7546666666666675
ID1_0069,ID,ID1,Site1,Maize,IDxMaize,2023-08-25 14:37:37.213,2023-08-25 14:40:47.730,00:03:10.517000,flesh_fly,Insecta,Diptera,Brachycera,Muscomorpha,Oestroidea,Sarcophagidae,#N/C,#N/C,#N/C,8.696344827586204,5.522551724137931,1.7546666666666675
ID1_0071,ID,ID1,Site1,Maize,IDxMaize,2023-08-25 17:30:26.939,2023-08-25 17:31:41.168,00:01:14.229000,fly,Insecta,Diptera,Brachycera,#N/C,#N/C,#N/C,#N/C,#N/C,#N/C,8.4004979253112,5.45134854771784,1.7163070539419094
ID1_0072,ID,ID1,Site1,Maize,IDxMaize,2023-08-25 18:04:12.741,2023-08-25 18:05:11.244,00:00:58.503000,fly,Insecta,Diptera,Brachycera,#N/C,#N/C,#N/C,#N/C,#N/C,#N/C,8.4004979253112,5.45134854771784,1.7163070539419094
ID1_0073,ID,ID1,Site1,Maize,IDxMaize,2023-08-25 18:05:22.484,2023-08-25 18:06:34.900,00:01:12.416000,fly,Insecta,Diptera,Brachycera,#N/C,#N/C,#N/C,#N/C,#N/C,#N/C,8.4004979253112,5.45134854771784,1.7163070539419094
ID1_0074,ID,ID1,Site1,Maize,IDxMaize,2023-08-25 19:14:21.815,2023-08-25 19:14:37.458,00:00:15.643000,fly,Insecta,Diptera,Brachycera,#N/C,#N/C,#N/C,#N/C,#N/C,#N/C,8.4004979253112,5.45134854771784,1.7163070539419094
ID1_0075,ID,ID1,Site1,Maize,IDxMaize,2023-08-26 08:22:36.881,2023-08-26 08:23:16.425,00:00:39.544000,fly,Insecta,Diptera,Brachycera,#N/C,#N/C,#N/C,#N/C,#N/C,#N/C,8.4004979253112,5.45134854771784,1.7163070539419094
ID1_0076,ID,ID1,Site1,Maize,IDxMaize,2023-08-26 08:26:37.347,2023-08-26 08:26:40.160,00:00:02.813000,fly,Insecta,Diptera,Brachycera,#N/C,#N/C,#N/C,#N/C,#N/C,#N/C,8.4004979253112,5.45134854771784,1.7163070539419094
ID1_0079,ID,ID1,Site1,Maize,IDxMaize,2023-08-26 08:30:05.465,2023-08-26 08:30:08.354,00:00:02.889000,fly,Insecta,Diptera,Brachycera,#N/C,#N/C,#N/C,#N/C,#N/C,#N/C,8.4004979253112,5.45134854771784,1.7163070539419094
ID1_0080,ID,ID1,Site1,Maize,IDxMaize,2023-08-26 09:08:49.242,2023-08-26 09:08:56.391,00:00:07.149000,fly,Insecta,Diptera,Brachycera,#N/C,#N/C,#N/C,#N/C,#N/C,#N/C,8.4004979253112,5.45134854771784,1.7163070539419094
ID1_0081,ID,ID1,Site1,Maize,IDxMaize,2023-08-26 09:10:49.037,2023-08-26 09:11:03.213,00:00:14.176000,fly,Insecta,Diptera,Brachycera,#N/C,#N/C,#N/C,#N/C,#N/C,#N/C,8.4004979253112,5.45134854771784,1.7163070539419094
ID1_0082,ID,ID1,Site1,Maize,IDxMaize,2023-08-26 12:07:23.118,2023-08-26 12:07:46.264,00:00:23.146000,flesh_fly,Insecta,Diptera,Brachycera,Muscomorpha,Oestroidea,Sarcophagidae,#N/C,#N/C,#N/C,8.696344827586204,5.522551724137931,1.7546666666666675
ID1_0083,ID,ID1,Site1,Maize,IDxMaize,2023-08-26 12:07:50.535,2023-08-26 12:07:54.845,00:00:04.310000,flesh_fly,Insecta,Diptera,Brachycera,Muscomorpha,Oestroidea,Sarcophagidae,#N/C,#N/C,#N/C,8.696344827586204,5.522551724137931,1.7546666666666675
ID1_0084,ID,ID1,Site1,Maize,IDxMaize,2023-08-26 12:08:01.987,2023-08-26 12:08:07.751,00:00:05.764000,flesh_fly,Insecta,Diptera,Brachycera,Muscomorpha,Oestroidea,Sarcophagidae,#N/C,#N/C,#N/C,8.696344827586204,5.522551724137931,1.7546666666666675
ID1_0085,ID,ID1,Site1,Maize,IDxMaize,2023-08-26 12:08:10.572,2023-08-26 12:08:27.701,00:00:17.129000,flesh_fly,Insecta,Diptera,Brachycera,Muscomorpha,Oestroidea,Sarcophagidae,#N/C,#N/C,#N/C,8.696344827586204,5.522551724137931,1.7546666666666675
ID1_0086,ID,ID1,Site1,Maize,IDxMaize,2023-08-26 12:08:30.511,2023-08-26 12:08:36.243,00:00:05.732000,flesh_fly,Insecta,Diptera,Brachycera,Muscomorpha,Oestroidea,Sarcophagidae,#N/C,#N/C,#N/C,8.696344827586204,5.522551724137931,1.7546666666666675
ID1_0087,ID,ID1,Site1,Maize,IDxMaize,2023-08-26 12:08:37.648,2023-08-26 12:08:44.723,00:00:07.075000,flesh_fly,Insecta,Diptera,Brachycera,Muscomorpha,Oestroidea,Sarcophagidae,#N/C,#N/C,#N/C,8.696344827586204,5.522551724137931,1.7546666666666675
ID1_0088,ID,ID1,Site1,Maize,IDxMaize,2023-08-26 12:08:46.138,2023-08-26 12:10:26.116,00:01:39.978000,flesh_fly,Insecta,Diptera,Brachycera,Muscomorpha,Oestroidea,Sarcophagidae,#N/C,#N/C,#N/C,8.696344827586204,5.522551724137931,1.7546666666666675
ID1_0089,ID,ID1,Site1,Maize,IDxMaize,2023-08-26 12:10:28.963,2023-08-26 12:10:37.562,00:00:08.599000,flesh_fly,Insecta,Diptera,Brachycera,Muscomorpha,Oestroidea,Sarcophagidae,#N/C,#N/C,#N/C,8.696344827586204,5.522551724137931,1.7546666666666675
ID1_0091,ID,ID1,Site1,Maize,IDxMaize,2023-08-26 12:16:06.588,2023-08-26 12:16:22.263,00:00:15.675000,fly,Insecta,Diptera,Brachycera,#N/C,#N/C,#N/C,#N/C,#N/C,#N/C,8.4004979253112,5.45134854771784,1.7163070539419094
ID1_0092,ID,ID1,Site1,Maize,IDxMaize,2023-08-26 13:03:55.104,2023-08-26 13:05:02.223,00:01:07.119000,flesh_fly,Insecta,Diptera,Brachycera,Muscomorpha,Oestroidea,Sarcophagidae,#N/C,#N/C,#N/C,8.696344827586204,5.522551724137931,1.7546666666666675
ID1_0094,ID,ID1,Site1,Maize,IDxMaize,2023-08-26 13:15:20.272,2023-08-26 13:15:30.201,00:00:09.929000,fly,Insecta,Diptera,Brachycera,#N/C,#N/C,#N/C,#N/C,#N/C,#N/C,8.4004979253112,5.45134854771784,1.7163070539419094
ID1_0095,ID,ID1,Site1,Maize,IDxMaize,2023-08-26 13:23:34.503,2023-08-26 13:23:53.047,00:00:18.544000,hoverfly,Insecta,Diptera,Brachycera,Muscomorpha,Syrphoidea,Syrphidae,Syrphinae,Sphaerophoria,#N/C,12.29572580645161,7.508467741935483,2.1483064516129025
ID1_0096,ID,ID1,Site1,Maize,IDxMaize,2023-08-26 13:28:17.030,2023-08-26 13:28:22.652,00:00:05.622000,fly,Insecta,Diptera,Brachycera,#N/C,#N/C,#N/C,#N/C,#N/C,#N/C,8.4004979253112,5.45134854771784,1.7163070539419094
ID1_0097,ID,ID1,Site1,Maize,IDxMaize,2023-08-26 14:02:50.134,2023-08-26 14:03:08.744,00:00:18.610000,flesh_fly,Insecta,Diptera,Brachycera,Muscomorpha,Oestroidea,Sarcophagidae,#N/C,#N/C,#N/C,8.696344827586204,5.522551724137931,1.7546666666666675
ID1_0098,ID,ID1,Site1,Maize,IDxMaize,2023-08-26 14:13:37.077,2023-08-26 14:18:02.793,00:04:25.716000,flesh_fly,Insecta,Diptera,Brachycera,Muscomorpha,Oestroidea,Sarcophagidae,#N/C,#N/C,#N/C,8.696344827586204,5.522551724137931,1.7546666666666675
ID1_0099,ID,ID1,Site1,Maize,IDxMaize,2023-08-26 14:25:04.001,2023-08-26 14:25:06.833,00:00:02.832000,fly,Insecta,Diptera,Brachycera,#N/C,#N/C,#N/C,#N/C,#N/C,#N/C,8.4004979253112,5.45134854771784,1.7163070539419094
ID1_0100,ID,ID1,Site1,Maize,IDxMaize,2023-08-26 14:25:33.543,2023-08-26 14:26:49.313,00:01:15.770000,hoverfly,Insecta,Diptera,Brachycera,Muscomorpha,Syrphoidea,Syrphidae,Syrphinae,Episyrphus,balteatus,12.29572580645161,7.508467741935483,2.1483064516129025
ID1_0101,ID,ID1,Site1,Maize,IDxMaize,2023-08-26 14:26:23.652,2023-08-26 14:26:26.558,00:00:02.906000,fly,Insecta,Diptera,Brachycera,#N/C,#N/C,#N/C,#N/C,#N/C,#N/C,8.4004979253112,5.45134854771784,1.7163070539419094
ID1_0102,ID,ID1,Site1,Maize,IDxMaize,2023-08-26 14:26:30.834,2023-08-26 14:26:33.699,00:00:02.865000,fly,Insecta,Diptera,Brachycera,#N/C,#N/C,#N/C,#N/C,#N/C,#N/C,8.4004979253112,5.45134854771784,1.7163070539419094
ID1_0103,ID,ID1,Site1,Maize,IDxMaize,2023-08-26 14:26:52.196,2023-08-26 14:27:22.185,00:00:29.989000,hoverfly,Insecta,Diptera,Brachycera,Muscomorpha,Syrphoidea,Syrphidae,Syrphinae,Episyrphus,balteatus,12.29572580645161,7.508467741935483,2.1483064516129025
ID1_0104,ID,ID1,Site1,Maize,IDxMaize,2023-08-26 14:27:25.014,2023-08-26 14:28:00.633,00:00:35.619000,hoverfly,Insecta,Diptera,Brachycera,Muscomorpha,Syrphoidea,Syrphidae,Syrphinae,Episyrphus,balteatus,12.29572580645161,7.508467741935483,2.1483064516129025
ID1_0105,ID,ID1,Site1,Maize,IDxMaize,2023-08-26 14:28:04.915,2023-08-26 14:28:44.652,00:00:39.737000,hoverfly,Insecta,Diptera,Brachycera,Muscomorpha,Syrphoidea,Syrphidae,Syrphinae,Episyrphus,balteatus,12.29572580645161,7.508467741935483,2.1483064516129025
ID1_0106,ID,ID1,Site1,Maize,IDxMaize,2023-08-26 14:28:46.098,2023-08-26 14:30:53.994,00:02:07.896000,hoverfly,Insecta,Diptera,Brachycera,Muscomorpha,Syrphoidea,Syrphidae,Syrphinae,Episyrphus,balteatus,12.29572580645161,7.508467741935483,2.1483064516129025
ID1_0107,ID,ID1,Site1,Maize,IDxMaize,2023-08-26 14:32:11.429,2023-08-26 14:32:59.812,00:00:48.383000,hoverfly,Insecta,Diptera,Brachycera,Muscomorpha,Syrphoidea,Syrphidae,Syrphinae,Episyrphus,balteatus,12.29572580645161,7.508467741935483,2.1483064516129025
ID1_0108,ID,ID1,Site1,Maize,IDxMaize,2023-08-26 14:33:01.220,2023-08-26 14:34:26.731,00:01:25.511000,hoverfly,Insecta,Diptera,Brachycera,Muscomorpha,Syrphoidea,Syrphidae,Syrphinae,Episyrphus,balteatus,12.29572580645161,7.508467741935483,2.1483064516129025
ID1_0110,ID,ID1,Site1,Maize,IDxMaize,2023-08-26 14:40:21.455,2023-08-26 14:40:44.304,00:00:22.849000,fly,Insecta,Diptera,Brachycera,#N/C,#N/C,#N/C,#N/C,#N/C,#N/C,8.4004979253112,5.45134854771784,1.7163070539419094
ID1_0111,ID,ID1,Site1,Maize,IDxMaize,2023-08-26 18:10:25.930,2023-08-26 18:10:30.168,00:00:04.238000,fly,Insecta,Diptera,Brachycera,#N/C,#N/C,#N/C,#N/C,#N/C,#N/C,8.4004979253112,5.45134854771784,1.7163070539419094
ID1_0112,ID,ID1,Site1,Maize,IDxMaize,2023-08-27 07:03:05.290,2023-08-27 07:03:23.819,00:00:18.529000,fly,Insecta,Diptera,Brachycera,#N/C,#N/C,#N/C,#N/C,#N/C,#N/C,8.4004979253112,5.45134854771784,1.7163070539419094
ID1_0113,ID,ID1,Site1,Maize,IDxMaize,2023-08-27 07:03:47.655,2023-08-27 07:04:21.890,00:00:34.235000,fly,Insecta,Diptera,Brachycera,#N/C,#N/C,#N/C,#N/C,#N/C,#N/C,8.4004979253112,5.45134854771784,1.7163070539419094
ID1_0114,ID,ID1,Site1,Maize,IDxMaize,2023-08-27 09:20:21.643,2023-08-27 09:20:30.204,00:00:08.561000,fly,Insecta,Diptera,Brachycera,#N/C,#N/C,#N/C,#N/C,#N/C,#N/C,8.4004979253112,5.45134854771784,1.7163070539419094
ID1_0115,ID,ID1,Site1,Maize,IDxMaize,2023-08-27 12:08:03.445,2023-08-27 12:08:20.604,00:00:17.159000,fly,Insecta,Diptera,Brachycera,#N/C,#N/C,#N/C,#N/C,#N/C,#N/C,8.4004979253112,5.45134854771784,1.7163070539419094
ID1_0116,ID,ID1,Site1,Maize,IDxMaize,2023-08-27 13:00:53.847,2023-08-27 13:00:56.671,00:00:02.824000,fly,Insecta,Diptera,Brachycera,#N/C,#N/C,#N/C,#N/C,#N/C,#N/C,8.4004979253112,5.45134854771784,1.7163070539419094
ID1_0118,ID,ID1,Site1,Maize,IDxMaize,2023-08-27 13:07:25.802,2023-08-27 13:08:08.439,00:00:42.637000,fly,Insecta,Diptera,Brachycera,#N/C,#N/C,#N/C,#N/C,#N/C,#N/C,8.4004979253112,5.45134854771784,1.7163070539419094
ID1_0119,ID,ID1,Site1,Maize,IDxMaize,2023-08-27 13:12:53.563,2023-08-27 13:13:16.342,00:00:22.779000,fly,Insecta,Diptera,Brachycera,#N/C,#N/C,#N/C,#N/C,#N/C,#N/C,8.4004979253112,5.45134854771784,1.7163070539419094
ID1_0120,ID,ID1,Site1,Maize,IDxMaize,2023-08-27 13:19:59.655,2023-08-27 13:20:25.644,00:00:25.989000,fly,Insecta,Diptera,Brachycera,#N/C,#N/C,#N/C,#N/C,#N/C,#N/C,8.4004979253112,5.45134854771784,1.7163070539419094
ID1_0121,ID,ID1,Site1,Maize,IDxMaize,2023-08-27 13:38:20.245,2023-08-27 13:40:49.912,00:02:29.667000,fly,Insecta,Diptera,Brachycera,#N/C,#N/C,#N/C,#N/C,#N/C,#N/C,8.4004979253112,5.45134854771784,1.7163070539419094
ID1_0122,ID,ID1,Site1,Maize,IDxMaize,2023-08-27 14:02:41.787,2023-08-27 14:03:15.893,00:00:34.106000,hoverfly,Insecta,Diptera,Brachycera,Muscomorpha,Syrphoidea,Syrphidae,Syrphinae,Sphaerophoria,#N/C,12.29572580645161,7.508467741935483,2.1483064516129025
ID1_0123,ID,ID1,Site1,Maize,IDxMaize,2023-08-27 14:33:12.673,2023-08-27 14:33:15.481,00:00:02.808000,fly,Insecta,Diptera,Brachycera,#N/C,#N/C,#N/C,#N/C,#N/C,#N/C,8.4004979253112,5.45134854771784,1.7163070539419094
ID1_0124,ID,ID1,Site1,Maize,IDxMaize,2023-08-27 14:33:18.324,2023-08-27 14:33:35.434,00:00:17.110000,fly,Insecta,Diptera,Brachycera,#N/C,#N/C,#N/C,#N/C,#N/C,#N/C,8.4004979253112,5.45134854771784,1.7163070539419094
ID1_0125,ID,ID1,Site1,Maize,IDxMaize,2023-08-27 14:34:34.392,2023-08-27 14:34:45.738,00:00:11.346000,fly,Insecta,Diptera,Brachycera,#N/C,#N/C,#N/C,#N/C,#N/C,#N/C,8.4004979253112,5.45134854771784,1.7163070539419094
ID1_0126,ID,ID1,Site1,Maize,IDxMaize,2023-08-27 14:36:18.303,2023-08-27 14:36:29.633,00:00:11.330000,fly,Insecta,Diptera,Brachycera,#N/C,#N/C,#N/C,#N/C,#N/C,#N/C,8.4004979253112,5.45134854771784,1.7163070539419094
ID1_0127,ID,ID1,Site1,Maize,IDxMaize,2023-08-27 18:03:28.428,2023-08-27 18:03:51.233,00:00:22.805000,fly,Insecta,Diptera,Brachycera,#N/C,#N/C,#N/C,#N/C,#N/C,#N/C,8.4004979253112,5.45134854771784,1.7163070539419094
ID1_0128,ID,ID1,Site1,Maize,IDxMaize,2023-08-27 18:28:45.575,2023-08-27 18:28:48.444,00:00:02.869000,fly,Insecta,Diptera,Brachycera,#N/C,#N/C,#N/C,#N/C,#N/C,#N/C,8.4004979253112,5.45134854771784,1.7163070539419094
ID1_0129,ID,ID1,Site1,Maize,IDxMaize,2023-08-27 19:00:53.282,2023-08-27 19:00:57.572,00:00:04.290000,fly,Insecta,Diptera,Brachycera,#N/C,#N/C,#N/C,#N/C,#N/C,#N/C,8.4004979253112,5.45134854771784,1.7163070539419094
ID1_0130,ID,ID1,Site1,Maize,IDxMaize,2023-08-28 08:03:46.412,2023-08-28 08:04:02.050,00:00:15.638000,fly,Insecta,Diptera,Brachycera,#N/C,#N/C,#N/C,#N/C,#N/C,#N/C,8.4004979253112,5.45134854771784,1.7163070539419094
ID1_0131,ID,ID1,Site1,Maize,IDxMaize,2023-08-28 08:06:27.985,2023-08-28 08:06:50.743,00:00:22.758000,fly,Insecta,Diptera,Brachycera,#N/C,#N/C,#N/C,#N/C,#N/C,#N/C,8.4004979253112,5.45134854771784,1.7163070539419094
ID1_0132,ID,ID1,Site1,Maize,IDxMaize,2023-08-28 08:19:20.910,2023-08-28 08:20:06.289,00:00:45.379000,fly,Insecta,Diptera,Brachycera,#N/C,#N/C,#N/C,#N/C,#N/C,#N/C,8.4004979253112,5.45134854771784,1.7163070539419094
ID1_0133,ID,ID1,Site1,Maize,IDxMaize,2023-08-28 08:27:01.025,2023-08-28 08:27:11.074,00:00:10.049000,fly,Insecta,Diptera,Brachycera,#N/C,#N/C,#N/C,#N/C,#N/C,#N/C,8.4004979253112,5.45134854771784,1.7163070539419094
ID1_0134,ID,ID1,Site1,Maize,IDxMaize,2023-08-28 09:25:20.731,2023-08-28 09:26:40.407,00:01:19.676000,fly,Insecta,Diptera,Brachycera,#N/C,#N/C,#N/C,#N/C,#N/C,#N/C,8.4004979253112,5.45134854771784,1.7163070539419094
ID1_0135,ID,ID1,Site1,Maize,IDxMaize,2023-08-28 09:35:51.758,2023-08-28 09:40:52.821,00:05:01.063000,beetle,Insecta,Coleoptera,#N/C,#N/C,#N/C,#N/C,#N/C,#N/C,#N/C,60.96164921465981,8.591989528795812,2.924581151832462
ID1_0136,ID,ID1,Site1,Maize,IDxMaize,2023-08-28 12:00:55.147,2023-08-28 12:30:50.868,00:29:55.721000,fly,Insecta,Diptera,Brachycera,#N/C,#N/C,#N/C,#N/C,#N/C,#N/C,8.4004979253112,5.45134854771784,1.7163070539419094
ID1_0137,ID,ID1,Site1,Maize,IDxMaize,2023-08-28 12:16:34.863,2023-08-28 12:17:06.796,00:00:31.933000,flesh_fly,Insecta,Diptera,Brachycera,Muscomorpha,Oestroidea,Sarcophagidae,#N/C,#N/C,#N/C,8.696344827586204,5.522551724137931,1.7546666666666675
ID1_0139,ID,ID1,Site1,Maize,IDxMaize,2023-08-28 13:01:41.062,2023-08-28 13:01:55.327,00:00:14.265000,fly,Insecta,Diptera,Brachycera,#N/C,#N/C,#N/C,#N/C,#N/C,#N/C,8.4004979253112,5.45134854771784,1.7163070539419094
ID1_0140,ID,ID1,Site1,Maize,IDxMaize,2023-08-28 13:02:21.015,2023-08-28 13:02:36.869,00:00:15.854000,fly,Insecta,Diptera,Brachycera,#N/C,#N/C,#N/C,#N/C,#N/C,#N/C,8.4004979253112,5.45134854771784,1.7163070539419094
ID1_0141,ID,ID1,Site1,Maize,IDxMaize,2023-08-28 13:07:59.053,2023-08-28 13:08:06.246,00:00:07.193000,fly,Insecta,Diptera,Brachycera,#N/C,#N/C,#N/C,#N/C,#N/C,#N/C,8.4004979253112,5.45134854771784,1.7163070539419094
ID1_0149,ID,ID1,Site1,Maize,IDxMaize,2023-08-28 13:17:37.521,2023-08-28 13:18:18.840,00:00:41.319000,fly,Insecta,Diptera,Brachycera,#N/C,#N/C,#N/C,#N/C,#N/C,#N/C,8.4004979253112,5.45134854771784,1.7163070539419094
ID1_0154,ID,ID1,Site1,Maize,IDxMaize,2023-08-28 13:20:24.897,2023-08-28 13:20:27.757,00:00:02.860000,fly,Insecta,Diptera,Brachycera,#N/C,#N/C,#N/C,#N/C,#N/C,#N/C,8.4004979253112,5.45134854771784,1.7163070539419094
ID1_0156,ID,ID1,Site1,Maize,IDxMaize,2023-08-28 13:21:12.919,2023-08-28 13:21:17.255,00:00:04.336000,fly,Insecta,Diptera,Brachycera,#N/C,#N/C,#N/C,#N/C,#N/C,#N/C,8.4004979253112,5.45134854771784,1.7163070539419094
ID1_0157,ID,ID1,Site1,Maize,IDxMaize,2023-08-28 13:21:20.172,2023-08-28 13:21:27.295,00:00:07.123000,fly,Insecta,Diptera,Brachycera,#N/C,#N/C,#N/C,#N/C,#N/C,#N/C,8.4004979253112,5.45134854771784,1.7163070539419094
ID1_0159,ID,ID1,Site1,Maize,IDxMaize,2023-08-28 13:25:03.264,2023-08-28 13:25:10.413,00:00:07.149000,hoverfly,Insecta,Diptera,Brachycera,Muscomorpha,Syrphoidea,Syrphidae,Syrphinae,Sphaerophoria,#N/C,12.29572580645161,7.508467741935483,2.1483064516129025
ID1_0160,ID,ID1,Site1,Maize,IDxMaize,2023-08-28 13:26:32.132,2023-08-28 13:26:42.041,00:00:09.909000,fly,Insecta,Diptera,Brachycera,#N/C,#N/C,#N/C,#N/C,#N/C,#N/C,8.4004979253112,5.45134854771784,1.7163070539419094
ID1_0161,ID,ID1,Site1,Maize,IDxMaize,2023-08-28 13:26:43.453,2023-08-28 13:26:49.180,00:00:05.727000,fly,Insecta,Diptera,Brachycera,#N/C,#N/C,#N/C,#N/C,#N/C,#N/C,8.4004979253112,5.45134854771784,1.7163070539419094
ID1_0162,ID,ID1,Site1,Maize,IDxMaize,2023-08-28 13:27:20.164,2023-08-28 13:27:41.494,00:00:21.330000,fly,Insecta,Diptera,Brachycera,#N/C,#N/C,#N/C,#N/C,#N/C,#N/C,8.4004979253112,5.45134854771784,1.7163070539419094
ID1_0163,ID,ID1,Site1,Maize,IDxMaize,2023-08-28 13:28:08.243,2023-08-28 13:28:18.144,00:00:09.901000,fly,Insecta,Diptera,Brachycera,#N/C,#N/C,#N/C,#N/C,#N/C,#N/C,8.4004979253112,5.45134854771784,1.7163070539419094
ID1_0164,ID,ID1,Site1,Maize,IDxMaize,2023-08-28 13:28:51.820,2023-08-28 13:29:11.857,00:00:20.037000,fly,Insecta,Diptera,Brachycera,#N/C,#N/C,#N/C,#N/C,#N/C,#N/C,8.4004979253112,5.45134854771784,1.7163070539419094
ID1_0165,ID,ID1,Site1,Maize,IDxMaize,2023-08-28 13:29:09.003,2023-08-28 13:29:50.555,00:00:41.552000,fly,Insecta,Diptera,Brachycera,#N/C,#N/C,#N/C,#N/C,#N/C,#N/C,8.4004979253112,5.45134854771784,1.7163070539419094
ID1_0168,ID,ID1,Site1,Maize,IDxMaize,2023-08-28 14:03:38.729,2023-08-28 14:03:41.560,00:00:02.831000,fly,Insecta,Diptera,Brachycera,#N/C,#N/C,#N/C,#N/C,#N/C,#N/C,8.4004979253112,5.45134854771784,1.7163070539419094
ID1_0169,ID,ID1,Site1,Maize,IDxMaize,2023-08-28 14:14:34.222,2023-08-28 14:15:18.256,00:00:44.034000,fly,Insecta,Diptera,Brachycera,#N/C,#N/C,#N/C,#N/C,#N/C,#N/C,8.4004979253112,5.45134854771784,1.7163070539419094
ID1_0170,ID,ID1,Site1,Maize,IDxMaize,2023-08-28 14:15:46.264,2023-08-28 14:16:24.821,00:00:38.557000,fly,Insecta,Diptera,Brachycera,#N/C,#N/C,#N/C,#N/C,#N/C,#N/C,8.4004979253112,5.45134854771784,1.7163070539419094
ID1_0172,ID,ID1,Site1,Maize,IDxMaize,2023-08-28 14:24:38.773,2023-08-28 14:24:41.643,00:00:02.870000,fly,Insecta,Diptera,Brachycera,#N/C,#N/C,#N/C,#N/C,#N/C,#N/C,8.4004979253112,5.45134854771784,1.7163070539419094
ID1_0173,ID,ID1,Site1,Maize,IDxMaize,2023-08-28 14:25:05.740,2023-08-28 14:25:40.316,00:00:34.576000,fly,Insecta,Diptera,Brachycera,#N/C,#N/C,#N/C,#N/C,#N/C,#N/C,8.4004979253112,5.45134854771784,1.7163070539419094
ID1_0175,ID,ID1,Site1,Maize,IDxMaize,2023-08-28 17:18:42.176,2023-08-28 17:19:07.956,00:00:25.780000,fly,Insecta,Diptera,Brachycera,#N/C,#N/C,#N/C,#N/C,#N/C,#N/C,8.4004979253112,5.45134854771784,1.7163070539419094
ID1_0176,ID,ID1,Site1,Maize,IDxMaize,2023-08-28 17:20:27.795,2023-08-28 17:20:30.614,00:00:02.819000,fly,Insecta,Diptera,Brachycera,#N/C,#N/C,#N/C,#N/C,#N/C,#N/C,8.4004979253112,5.45134854771784,1.7163070539419094
ID1_0181,ID,ID1,Site1,Maize,IDxMaize,2023-08-30 09:15:15.806,2023-08-30 09:15:23.164,00:00:07.358000,fly,Insecta,Diptera,Brachycera,#N/C,#N/C,#N/C,#N/C,#N/C,#N/C,8.4004979253112,5.45134854771784,1.7163070539419094
ID1_0182,ID,ID1,Site1,Maize,IDxMaize,2023-08-30 09:15:39.118,2023-08-30 09:15:46.622,00:00:07.504000,fly,Insecta,Diptera,Brachycera,#N/C,#N/C,#N/C,#N/C,#N/C,#N/C,8.4004979253112,5.45134854771784,1.7163070539419094
ID1_0187,ID,ID1,Site1,Maize,IDxMaize,2023-08-30 12:05:04.509,2023-08-30 12:06:05.519,00:01:01.010000,fly,Insecta,Diptera,Brachycera,#N/C,#N/C,#N/C,#N/C,#N/C,#N/C,8.4004979253112,5.45134854771784,1.7163070539419094
ID1_0188,ID,ID1,Site1,Maize,IDxMaize,2023-08-30 12:05:55.274,2023-08-30 12:06:05.532,00:00:10.258000,fly,Insecta,Diptera,Brachycera,#N/C,#N/C,#N/C,#N/C,#N/C,#N/C,8.4004979253112,5.45134854771784,1.7163070539419094
ID1_0189,ID,ID1,Site1,Maize,IDxMaize,2023-08-30 12:06:15.501,2023-08-30 12:06:25.522,00:00:10.021000,fly,Insecta,Diptera,Brachycera,#N/C,#N/C,#N/C,#N/C,#N/C,#N/C,8.4004979253112,5.45134854771784,1.7163070539419094
ID1_0190,ID,ID1,Site1,Maize,IDxMaize,2023-08-30 12:06:50.976,2023-08-30 12:06:55.239,00:00:04.263000,fly,Insecta,Diptera,Brachycera,#N/C,#N/C,#N/C,#N/C,#N/C,#N/C,8.4004979253112,5.45134854771784,1.7163070539419094
ID1_0192,ID,ID1,Site1,Maize,IDxMaize,2023-08-30 12:08:29.932,2023-08-30 12:09:29.085,00:00:59.153000,fly,Insecta,Diptera,Brachycera,#N/C,#N/C,#N/C,#N/C,#N/C,#N/C,8.4004979253112,5.45134854771784,1.7163070539419094
ID1_0193,ID,ID1,Site1,Maize,IDxMaize,2023-08-30 12:11:39.832,2023-08-30 12:12:55.884,00:01:16.052000,fly,Insecta,Diptera,Brachycera,#N/C,#N/C,#N/C,#N/C,#N/C,#N/C,8.4004979253112,5.45134854771784,1.7163070539419094
ID1_0196,ID,ID1,Site1,Maize,IDxMaize,2023-08-30 12:12:58.763,2023-08-30 12:14:03.248,00:01:04.485000,fly,Insecta,Diptera,Brachycera,#N/C,#N/C,#N/C,#N/C,#N/C,#N/C,8.4004979253112,5.45134854771784,1.7163070539419094
ID1_0197,ID,ID1,Site1,Maize,IDxMaize,2023-08-30 12:15:20.713,2023-08-30 12:15:30.809,00:00:10.096000,fly,Insecta,Diptera,Brachycera,#N/C,#N/C,#N/C,#N/C,#N/C,#N/C,8.4004979253112,5.45134854771784,1.7163070539419094
ID1_0204,ID,ID1,Site1,Maize,IDxMaize,2023-08-30 13:12:19.132,2023-08-30 13:13:36.445,00:01:17.313000,flesh_fly,Insecta,Diptera,Brachycera,Muscomorpha,Oestroidea,Sarcophagidae,#N/C,#N/C,#N/C,8.696344827586204,5.522551724137931,1.7546666666666675
ID1_0205,ID,ID1,Site1,Maize,IDxMaize,2023-08-30 13:24:50.034,2023-08-30 13:24:55.834,00:00:05.800000,flesh_fly,Insecta,Diptera,Brachycera,Muscomorpha,Oestroidea,Sarcophagidae,#N/C,#N/C,#N/C,8.696344827586204,5.522551724137931,1.7546666666666675
ID1_0206,ID,ID1,Site1,Maize,IDxMaize,2023-08-30 13:24:52.928,2023-08-30 13:24:57.314,00:00:04.386000,flesh_fly,Insecta,Diptera,Brachycera,Muscomorpha,Oestroidea,Sarcophagidae,#N/C,#N/C,#N/C,8.696344827586204,5.522551724137931,1.7546666666666675
ID1_0207,ID,ID1,Site1,Maize,IDxMaize,2023-08-30 13:25:36.054,2023-08-30 13:25:49.063,00:00:13.009000,fly,Insecta,Diptera,Brachycera,#N/C,#N/C,#N/C,#N/C,#N/C,#N/C,8.4004979253112,5.45134854771784,1.7163070539419094
ID1_0208,ID,ID1,Site1,Maize,IDxMaize,2023-08-30 13:27:21.827,2023-08-30 13:27:39.335,00:00:17.508000,flesh_fly,Insecta,Diptera,Brachycera,Muscomorpha,Oestroidea,Sarcophagidae,#N/C,#N/C,#N/C,8.696344827586204,5.522551724137931,1.7546666666666675
ID1_0210,ID,ID1,Site1,Maize,IDxMaize,2023-08-30 13:27:40.793,2023-08-30 13:27:55.314,00:00:14.521000,flesh_fly,Insecta,Diptera,Brachycera,Muscomorpha,Oestroidea,Sarcophagidae,#N/C,#N/C,#N/C,8.696344827586204,5.522551724137931,1.7546666666666675
ID1_0211,ID,ID1,Site1,Maize,IDxMaize,2023-08-30 13:27:42.269,2023-08-30 13:27:55.351,00:00:13.082000,flesh_fly,Insecta,Diptera,Brachycera,Muscomorpha,Oestroidea,Sarcophagidae,#N/C,#N/C,#N/C,8.696344827586204,5.522551724137931,1.7546666666666675
ID1_0213,ID,ID1,Site1,Maize,IDxMaize,2023-08-30 13:28:03.943,2023-08-30 13:28:12.583,00:00:08.640000,fly,Insecta,Diptera,Brachycera,#N/C,#N/C,#N/C,#N/C,#N/C,#N/C,8.4004979253112,5.45134854771784,1.7163070539419094
ID1_0214,ID,ID1,Site1,Maize,IDxMaize,2023-08-30 13:28:11.142,2023-08-30 13:28:38.402,00:00:27.260000,fly,Insecta,Diptera,Brachycera,#N/C,#N/C,#N/C,#N/C,#N/C,#N/C,8.4004979253112,5.45134854771784,1.7163070539419094
ID1_0215,ID,ID1,Site1,Maize,IDxMaize,2023-08-30 13:28:44.065,2023-08-30 13:28:59.913,00:00:15.848000,fly,Insecta,Diptera,Brachycera,#N/C,#N/C,#N/C,#N/C,#N/C,#N/C,8.4004979253112,5.45134854771784,1.7163070539419094
ID1_0218,ID,ID1,Site1,Maize,IDxMaize,2023-08-30 14:01:36.759,2023-08-30 14:02:50.555,00:01:13.796000,fly,Insecta,Diptera,Brachycera,#N/C,#N/C,#N/C,#N/C,#N/C,#N/C,8.4004979253112,5.45134854771784,1.7163070539419094
ID1_0219,ID,ID1,Site1,Maize,IDxMaize,2023-08-30 14:02:47.656,2023-08-30 14:03:15.010,00:00:27.354000,flesh_fly,Insecta,Diptera,Brachycera,Muscomorpha,Oestroidea,Sarcophagidae,#N/C,#N/C,#N/C,8.696344827586204,5.522551724137931,1.7546666666666675
ID1_0220,ID,ID1,Site1,Maize,IDxMaize,2023-08-30 14:03:16.443,2023-08-30 14:04:09.370,00:00:52.927000,fly,Insecta,Diptera,Brachycera,#N/C,#N/C,#N/C,#N/C,#N/C,#N/C,8.4004979253112,5.45134854771784,1.7163070539419094
ID1_0223,ID,ID1,Site1,Maize,IDxMaize,2023-08-30 14:03:36.894,2023-08-30 14:04:06.420,00:00:29.526000,flesh_fly,Insecta,Diptera,Brachycera,Muscomorpha,Oestroidea,Sarcophagidae,#N/C,#N/C,#N/C,8.696344827586204,5.522551724137931,1.7546666666666675
ID1_0224,ID,ID1,Site1,Maize,IDxMaize,2023-08-30 14:04:07.941,2023-08-30 14:11:18.414,00:07:10.473000,flesh_fly,Insecta,Diptera,Brachycera,Muscomorpha,Oestroidea,Sarcophagidae,#N/C,#N/C,#N/C,8.696344827586204,5.522551724137931,1.7546666666666675
ID1_0225,ID,ID1,Site1,Maize,IDxMaize,2023-08-30 14:04:25.484,2023-08-30 14:05:18.840,00:00:53.356000,fly,Insecta,Diptera,Brachycera,#N/C,#N/C,#N/C,#N/C,#N/C,#N/C,8.4004979253112,5.45134854771784,1.7163070539419094
ID1_0226,ID,ID1,Site1,Maize,IDxMaize,2023-08-30 14:05:39.386,2023-08-30 14:10:27.939,00:04:48.553000,fly,Insecta,Diptera,Brachycera,#N/C,#N/C,#N/C,#N/C,#N/C,#N/C,8.4004979253112,5.45134854771784,1.7163070539419094
ID1_0227,ID,ID1,Site1,Maize,IDxMaize,2023-08-30 14:05:49.790,2023-08-30 14:05:55.767,00:00:05.977000,fly,Insecta,Diptera,Brachycera,#N/C,#N/C,#N/C,#N/C,#N/C,#N/C,8.4004979253112,5.45134854771784,1.7163070539419094
ID1_0228,ID,ID1,Site1,Maize,IDxMaize,2023-08-30 14:06:10.767,2023-08-30 14:06:18.230,00:00:07.463000,fly,Insecta,Diptera,Brachycera,#N/C,#N/C,#N/C,#N/C,#N/C,#N/C,8.4004979253112,5.45134854771784,1.7163070539419094
ID1_0229,ID,ID1,Site1,Maize,IDxMaize,2023-08-30 14:06:55.587,2023-08-30 14:07:33.813,00:00:38.226000,fly,Insecta,Diptera,Brachycera,#N/C,#N/C,#N/C,#N/C,#N/C,#N/C,8.4004979253112,5.45134854771784,1.7163070539419094
ID1_0230,ID,ID1,Site1,Maize,IDxMaize,2023-08-30 14:07:07.734,2023-08-30 14:07:45.973,00:00:38.239000,fly,Insecta,Diptera,Brachycera,#N/C,#N/C,#N/C,#N/C,#N/C,#N/C,8.4004979253112,5.45134854771784,1.7163070539419094
ID1_0231,ID,ID1,Site1,Maize,IDxMaize,2023-08-30 14:07:57.799,2023-08-30 14:08:23.494,00:00:25.695000,fly,Insecta,Diptera,Brachycera,#N/C,#N/C,#N/C,#N/C,#N/C,#N/C,8.4004979253112,5.45134854771784,1.7163070539419094
ID1_0232,ID,ID1,Site1,Maize,IDxMaize,2023-08-30 14:09:02.325,2023-08-30 14:09:18.996,00:00:16.671000,fly,Insecta,Diptera,Brachycera,#N/C,#N/C,#N/C,#N/C,#N/C,#N/C,8.4004979253112,5.45134854771784,1.7163070539419094
ID1_0234,ID,ID1,Site1,Maize,IDxMaize,2023-08-30 14:10:15.804,2023-08-30 14:11:34.540,00:01:18.736000,fly,Insecta,Diptera,Brachycera,#N/C,#N/C,#N/C,#N/C,#N/C,#N/C,8.4004979253112,5.45134854771784,1.7163070539419094
ID1_0235,ID,ID1,Site1,Maize,IDxMaize,2023-08-30 14:11:19.865,2023-08-30 14:11:49.133,00:00:29.268000,flesh_fly,Insecta,Diptera,Brachycera,Muscomorpha,Oestroidea,Sarcophagidae,#N/C,#N/C,#N/C,8.696344827586204,5.522551724137931,1.7546666666666675
ID1_0236,ID,ID1,Site1,Maize,IDxMaize,2023-08-30 14:11:50.588,2023-08-30 14:12:22.774,00:00:32.186000,flesh_fly,Insecta,Diptera,Brachycera,Muscomorpha,Oestroidea,Sarcophagidae,#N/C,#N/C,#N/C,8.696344827586204,5.522551724137931,1.7546666666666675
ID1_0237,ID,ID1,Site1,Maize,IDxMaize,2023-08-30 14:12:00.753,2023-08-30 14:12:15.601,00:00:14.848000,fly,Insecta,Diptera,Brachycera,#N/C,#N/C,#N/C,#N/C,#N/C,#N/C,8.4004979253112,5.45134854771784,1.7163070539419094
ID1_0238,ID,ID1,Site1,Maize,IDxMaize,2023-08-30 14:13:05.924,2023-08-30 14:13:08.816,00:00:02.892000,fly,Insecta,Diptera,Brachycera,#N/C,#N/C,#N/C,#N/C,#N/C,#N/C,8.4004979253112,5.45134854771784,1.7163070539419094
ID1_0239,ID,ID1,Site1,Maize,IDxMaize,2023-08-30 14:14:55.891,2023-08-30 14:15:04.594,00:00:08.703000,fly,Insecta,Diptera,Brachycera,#N/C,#N/C,#N/C,#N/C,#N/C,#N/C,8.4004979253112,5.45134854771784,1.7163070539419094
ID1_0240,ID,ID1,Site1,Maize,IDxMaize,2023-08-30 14:17:40.220,2023-08-30 14:19:18.792,00:01:38.572000,flesh_fly,Insecta,Diptera,Brachycera,Muscomorpha,Oestroidea,Sarcophagidae,#N/C,#N/C,#N/C,8.696344827586204,5.522551724137931,1.7546666666666675
ID1_0241,ID,ID1,Site1,Maize,IDxMaize,2023-08-30 14:19:05.533,2023-08-30 14:23:00.032,00:03:54.499000,flesh_fly,Insecta,Diptera,Brachycera,Muscomorpha,Oestroidea,Sarcophagidae,#N/C,#N/C,#N/C,8.696344827586204,5.522551724137931,1.7546666666666675
ID1_0242,ID,ID1,Site1,Maize,IDxMaize,2023-08-30 14:19:37.560,2023-08-30 14:20:02.056,00:00:24.496000,fly,Insecta,Diptera,Brachycera,#N/C,#N/C,#N/C,#N/C,#N/C,#N/C,8.4004979253112,5.45134854771784,1.7163070539419094
ID1_0246,ID,ID1,Site1,Maize,IDxMaize,2023-08-30 14:21:56.224,2023-08-30 14:22:09.407,00:00:13.183000,bee_apis,Insecta,Hymenoptera,Apocrita,Aculeata,Apoidea,Apidae,Apinae,Apis,mellifera,64.4823076923077,8.925897435897436,3.27948717948718
ID1_0247,ID,ID1,Site1,Maize,IDxMaize,2023-08-30 14:22:46.854,2023-08-30 14:22:55.631,00:00:08.777000,fly,Insecta,Diptera,Brachycera,#N/C,#N/C,#N/C,#N/C,#N/C,#N/C,8.4004979253112,5.45134854771784,1.7163070539419094
ID1_0249,ID,ID1,Site1,Maize,IDxMaize,2023-08-30 14:29:24.350,2023-08-30 14:29:38.533,00:00:14.183000,fly,Insecta,Diptera,Brachycera,#N/C,#N/C,#N/C,#N/C,#N/C,#N/C,8.4004979253112,5.45134854771784,1.7163070539419094
ID1_0250,ID,ID1,Site1,Maize,IDxMaize,2023-08-30 14:29:42.725,2023-08-30 14:30:06.882,00:00:24.157000,fly,Insecta,Diptera,Brachycera,#N/C,#N/C,#N/C,#N/C,#N/C,#N/C,8.4004979253112,5.45134854771784,1.7163070539419094
ID1_0256,ID,ID1,Site1,Maize,IDxMaize,2023-08-30 17:25:42.972,2023-08-30 17:26:07.392,00:00:24.420000,fly,Insecta,Diptera,Brachycera,#N/C,#N/C,#N/C,#N/C,#N/C,#N/C,8.4004979253112,5.45134854771784,1.7163070539419094
ID1_0265,ID,ID1,Site1,Maize,IDxMaize,2023-08-30 19:01:22.828,2023-08-30 19:01:38.582,00:00:15.754000,fly,Insecta,Diptera,Brachycera,#N/C,#N/C,#N/C,#N/C,#N/C,#N/C,8.4004979253112,5.45134854771784,1.7163070539419094
ID1_0273,ID,ID1,Site1,Maize,IDxMaize,2023-09-01 09:17:54.673,2023-09-01 09:18:01.954,00:00:07.281000,fly,Insecta,Diptera,Brachycera,#N/C,#N/C,#N/C,#N/C,#N/C,#N/C,8.4004979253112,5.45134854771784,1.7163070539419094
ID1_0276,ID,ID1,Site1,Maize,IDxMaize,2023-09-01 12:16:00.871,2023-09-01 12:16:50.277,00:00:49.406000,fly,Insecta,Diptera,Brachycera,#N/C,#N/C,#N/C,#N/C,#N/C,#N/C,8.4004979253112,5.45134854771784,1.7163070539419094
ID1_0277,ID,ID1,Site1,Maize,IDxMaize,2023-09-01 12:20:54.472,2023-09-01 12:22:26.287,00:01:31.815000,fly,Insecta,Diptera,Brachycera,#N/C,#N/C,#N/C,#N/C,#N/C,#N/C,8.4004979253112,5.45134854771784,1.7163070539419094
ID1_0278,ID,ID1,Site1,Maize,IDxMaize,2023-09-01 12:21:46.543,2023-09-01 12:22:36.395,00:00:49.852000,hoverfly,Insecta,Diptera,Brachycera,Muscomorpha,Syrphoidea,Syrphidae,Syrphinae,Episyrphus,balteatus,12.29572580645161,7.508467741935483,2.1483064516129025
ID1_0279,ID,ID1,Site1,Maize,IDxMaize,2023-09-01 12:22:32.032,2023-09-01 12:23:01.115,00:00:29.083000,fly,Insecta,Diptera,Brachycera,#N/C,#N/C,#N/C,#N/C,#N/C,#N/C,8.4004979253112,5.45134854771784,1.7163070539419094
ID1_0280,ID,ID1,Site1,Maize,IDxMaize,2023-09-01 12:23:09.576,2023-09-01 12:23:22.452,00:00:12.876000,fly,Insecta,Diptera,Brachycera,#N/C,#N/C,#N/C,#N/C,#N/C,#N/C,8.4004979253112,5.45134854771784,1.7163070539419094
ID1_0281,ID,ID1,Site1,Maize,IDxMaize,2023-09-01 12:23:39.733,2023-09-01 12:24:17.358,00:00:37.625000,fly,Insecta,Diptera,Brachycera,#N/C,#N/C,#N/C,#N/C,#N/C,#N/C,8.4004979253112,5.45134854771784,1.7163070539419094
ID1_0284,ID,ID1,Site1,Maize,IDxMaize,2023-09-01 13:04:18.508,2023-09-01 13:05:00.362,00:00:41.854000,fly,Insecta,Diptera,Brachycera,#N/C,#N/C,#N/C,#N/C,#N/C,#N/C,8.4004979253112,5.45134854771784,1.7163070539419094
ID1_0285,ID,ID1,Site1,Maize,IDxMaize,2023-09-01 13:06:14.583,2023-09-01 13:06:32.060,00:00:17.477000,fly,Insecta,Diptera,Brachycera,#N/C,#N/C,#N/C,#N/C,#N/C,#N/C,8.4004979253112,5.45134854771784,1.7163070539419094
ID1_0286,ID,ID1,Site1,Maize,IDxMaize,2023-09-01 13:11:47.571,2023-09-01 13:12:37.981,00:00:50.410000,fly,Insecta,Diptera,Brachycera,#N/C,#N/C,#N/C,#N/C,#N/C,#N/C,8.4004979253112,5.45134854771784,1.7163070539419094
ID1_0287,ID,ID1,Site1,Maize,IDxMaize,2023-09-01 13:12:53.736,2023-09-01 13:13:16.840,00:00:23.104000,fly,Insecta,Diptera,Brachycera,#N/C,#N/C,#N/C,#N/C,#N/C,#N/C,8.4004979253112,5.45134854771784,1.7163070539419094
ID1_0288,ID,ID1,Site1,Maize,IDxMaize,2023-09-01 13:14:45.617,2023-09-01 13:16:08.036,00:01:22.419000,flesh_fly,Insecta,Diptera,Brachycera,Muscomorpha,Oestroidea,Sarcophagidae,#N/C,#N/C,#N/C,8.696344827586204,5.522551724137931,1.7546666666666675
ID1_0289,ID,ID1,Site1,Maize,IDxMaize,2023-09-01 13:14:49.952,2023-09-01 13:18:03.358,00:03:13.406000,fly,Insecta,Diptera,Brachycera,#N/C,#N/C,#N/C,#N/C,#N/C,#N/C,8.4004979253112,5.45134854771784,1.7163070539419094
ID1_0290,ID,ID1,Site1,Maize,IDxMaize,2023-09-01 13:21:39.240,2023-09-01 13:21:42.133,00:00:02.893000,fly,Insecta,Diptera,Brachycera,#N/C,#N/C,#N/C,#N/C,#N/C,#N/C,8.4004979253112,5.45134854771784,1.7163070539419094
ID1_0291,ID,ID1,Site1,Maize,IDxMaize,2023-09-01 13:21:56.493,2023-09-01 13:22:15.130,00:00:18.637000,fly,Insecta,Diptera,Brachycera,#N/C,#N/C,#N/C,#N/C,#N/C,#N/C,8.4004979253112,5.45134854771784,1.7163070539419094
ID1_0292,ID,ID1,Site1,Maize,IDxMaize,2023-09-01 13:22:52.177,2023-09-01 13:23:19.928,00:00:27.751000,flesh_fly,Insecta,Diptera,Brachycera,Muscomorpha,Oestroidea,Sarcophagidae,#N/C,#N/C,#N/C,8.696344827586204,5.522551724137931,1.7546666666666675
ID1_0293,ID,ID1,Site1,Maize,IDxMaize,2023-09-01 13:23:21.383,2023-09-01 13:23:30.163,00:00:08.780000,fly,Insecta,Diptera,Brachycera,#N/C,#N/C,#N/C,#N/C,#N/C,#N/C,8.4004979253112,5.45134854771784,1.7163070539419094
ID1_0295,ID,ID1,Site1,Maize,IDxMaize,2023-09-01 13:24:35.727,2023-09-01 13:24:41.527,00:00:05.800000,fly,Insecta,Diptera,Brachycera,#N/C,#N/C,#N/C,#N/C,#N/C,#N/C,8.4004979253112,5.45134854771784,1.7163070539419094
ID1_0296,ID,ID1,Site1,Maize,IDxMaize,2023-09-01 13:24:40.081,2023-09-01 13:24:59.007,00:00:18.926000,fly,Insecta,Diptera,Brachycera,#N/C,#N/C,#N/C,#N/C,#N/C,#N/C,8.4004979253112,5.45134854771784,1.7163070539419094
ID1_0297,ID,ID1,Site1,Maize,IDxMaize,2023-09-01 13:24:56.012,2023-09-01 13:25:12.048,00:00:16.036000,fly,Insecta,Diptera,Brachycera,#N/C,#N/C,#N/C,#N/C,#N/C,#N/C,8.4004979253112,5.45134854771784,1.7163070539419094
ID1_0298,ID,ID1,Site1,Maize,IDxMaize,2023-09-01 13:24:56.041,2023-09-01 13:26:12.833,00:01:16.792000,fly,Insecta,Diptera,Brachycera,#N/C,#N/C,#N/C,#N/C,#N/C,#N/C,8.4004979253112,5.45134854771784,1.7163070539419094
ID1_0299,ID,ID1,Site1,Maize,IDxMaize,2023-09-01 13:25:33.621,2023-09-01 13:25:38.028,00:00:04.407000,fly,Insecta,Diptera,Brachycera,#N/C,#N/C,#N/C,#N/C,#N/C,#N/C,8.4004979253112,5.45134854771784,1.7163070539419094
ID1_0300,ID,ID1,Site1,Maize,IDxMaize,2023-09-01 13:26:20.111,2023-09-01 13:26:24.428,00:00:04.317000,fly,Insecta,Diptera,Brachycera,#N/C,#N/C,#N/C,#N/C,#N/C,#N/C,8.4004979253112,5.45134854771784,1.7163070539419094
ID1_0301,ID,ID1,Site1,Maize,IDxMaize,2023-09-01 13:26:31.646,2023-09-01 13:26:55.322,00:00:23.676000,fly,Insecta,Diptera,Brachycera,#N/C,#N/C,#N/C,#N/C,#N/C,#N/C,8.4004979253112,5.45134854771784,1.7163070539419094
ID1_0302,ID,ID1,Site1,Maize,IDxMaize,2023-09-01 13:26:36.063,2023-09-01 13:28:30.599,00:01:54.536000,fly,Insecta,Diptera,Brachycera,#N/C,#N/C,#N/C,#N/C,#N/C,#N/C,8.4004979253112,5.45134854771784,1.7163070539419094
ID1_0303,ID,ID1,Site1,Maize,IDxMaize,2023-09-01 13:26:49.341,2023-09-01 13:26:58.254,00:00:08.913000,fly,Insecta,Diptera,Brachycera,#N/C,#N/C,#N/C,#N/C,#N/C,#N/C,8.4004979253112,5.45134854771784,1.7163070539419094
ID1_0304,ID,ID1,Site1,Maize,IDxMaize,2023-09-01 13:27:11.232,2023-09-01 13:28:01.623,00:00:50.391000,fly,Insecta,Diptera,Brachycera,#N/C,#N/C,#N/C,#N/C,#N/C,#N/C,8.4004979253112,5.45134854771784,1.7163070539419094
ID1_0305,ID,ID1,Site1,Maize,IDxMaize,2023-09-01 13:27:23.078,2023-09-01 13:27:54.203,00:00:31.125000,fly,Insecta,Diptera,Brachycera,#N/C,#N/C,#N/C,#N/C,#N/C,#N/C,8.4004979253112,5.45134854771784,1.7163070539419094
ID1_0306,ID,ID1,Site1,Maize,IDxMaize,2023-09-01 13:27:54.215,2023-09-01 13:27:58.703,00:00:04.488000,fly,Insecta,Diptera,Brachycera,#N/C,#N/C,#N/C,#N/C,#N/C,#N/C,8.4004979253112,5.45134854771784,1.7163070539419094
ID1_0307,ID,ID1,Site1,Maize,IDxMaize,2023-09-01 13:28:01.631,2023-09-01 13:28:23.279,00:00:21.648000,fly,Insecta,Diptera,Brachycera,#N/C,#N/C,#N/C,#N/C,#N/C,#N/C,8.4004979253112,5.45134854771784,1.7163070539419094
ID1_0308,ID,ID1,Site1,Maize,IDxMaize,2023-09-01 13:28:40.624,2023-09-01 13:33:15.430,00:04:34.806000,fly,Insecta,Diptera,Brachycera,#N/C,#N/C,#N/C,#N/C,#N/C,#N/C,8.4004979253112,5.45134854771784,1.7163070539419094
ID1_0309,ID,ID1,Site1,Maize,IDxMaize,2023-09-01 13:33:35.586,2023-09-01 13:33:38.507,00:00:02.921000,fly,Insecta,Diptera,Brachycera,#N/C,#N/C,#N/C,#N/C,#N/C,#N/C,8.4004979253112,5.45134854771784,1.7163070539419094
ID1_0310,ID,ID1,Site1,Maize,IDxMaize,2023-09-01 13:34:11.796,2023-09-01 13:34:14.677,00:00:02.881000,fly,Insecta,Diptera,Brachycera,#N/C,#N/C,#N/C,#N/C,#N/C,#N/C,8.4004979253112,5.45134854771784,1.7163070539419094
ID1_0311,ID,ID1,Site1,Maize,IDxMaize,2023-09-01 13:34:24.718,2023-09-01 13:34:29.050,00:00:04.332000,fly,Insecta,Diptera,Brachycera,#N/C,#N/C,#N/C,#N/C,#N/C,#N/C,8.4004979253112,5.45134854771784,1.7163070539419094
ID1_0312,ID,ID1,Site1,Maize,IDxMaize,2023-09-01 13:35:13.146,2023-09-01 13:35:49.352,00:00:36.206000,fly,Insecta,Diptera,Brachycera,#N/C,#N/C,#N/C,#N/C,#N/C,#N/C,8.4004979253112,5.45134854771784,1.7163070539419094
ID1_0313,ID,ID1,Site1,Maize,IDxMaize,2023-09-01 13:36:00.789,2023-09-01 13:36:18.382,00:00:17.593000,fly,Insecta,Diptera,Brachycera,#N/C,#N/C,#N/C,#N/C,#N/C,#N/C,8.4004979253112,5.45134854771784,1.7163070539419094
ID1_0314,ID,ID1,Site1,Maize,IDxMaize,2023-09-01 13:36:03.702,2023-09-01 13:36:18.393,00:00:14.691000,fly,Insecta,Diptera,Brachycera,#N/C,#N/C,#N/C,#N/C,#N/C,#N/C,8.4004979253112,5.45134854771784,1.7163070539419094
ID1_0315,ID,ID1,Site1,Maize,IDxMaize,2023-09-01 13:38:01.340,2023-09-01 13:38:07.132,00:00:05.792000,fly,Insecta,Diptera,Brachycera,#N/C,#N/C,#N/C,#N/C,#N/C,#N/C,8.4004979253112,5.45134854771784,1.7163070539419094
ID1_0316,ID,ID1,Site1,Maize,IDxMaize,2023-09-01 13:38:17.153,2023-09-01 13:38:52.007,00:00:34.854000,fly,Insecta,Diptera,Brachycera,#N/C,#N/C,#N/C,#N/C,#N/C,#N/C,8.4004979253112,5.45134854771784,1.7163070539419094
ID1_0317,ID,ID1,Site1,Maize,IDxMaize,2023-09-01 13:38:59.185,2023-09-01 13:39:16.600,00:00:17.415000,fly,Insecta,Diptera,Brachycera,#N/C,#N/C,#N/C,#N/C,#N/C,#N/C,8.4004979253112,5.45134854771784,1.7163070539419094
ID1_0318,ID,ID1,Site1,Maize,IDxMaize,2023-09-01 13:39:36.727,2023-09-01 13:39:59.735,00:00:23.008000,fly,Insecta,Diptera,Brachycera,#N/C,#N/C,#N/C,#N/C,#N/C,#N/C,8.4004979253112,5.45134854771784,1.7163070539419094
ID1_0320,ID,ID1,Site1,Maize,IDxMaize,2023-09-01 14:04:07.432,2023-09-01 14:04:13.213,00:00:05.781000,fly,Insecta,Diptera,Brachycera,#N/C,#N/C,#N/C,#N/C,#N/C,#N/C,8.4004979253112,5.45134854771784,1.7163070539419094
ID1_0321,ID,ID1,Site1,Maize,IDxMaize,2023-09-01 14:14:57.516,2023-09-01 14:15:03.293,00:00:05.777000,fly,Insecta,Diptera,Brachycera,#N/C,#N/C,#N/C,#N/C,#N/C,#N/C,8.4004979253112,5.45134854771784,1.7163070539419094
ID1_0322,ID,ID1,Site1,Maize,IDxMaize,2023-09-01 14:17:45.765,2023-09-01 14:18:33.569,00:00:47.804000,hoverfly,Insecta,Diptera,Brachycera,Muscomorpha,Syrphoidea,Syrphidae,Syrphinae,Episyrphus,balteatus,12.29572580645161,7.508467741935483,2.1483064516129025
ID1_0324,ID,ID1,Site1,Maize,IDxMaize,2023-09-01 14:18:42.308,2023-09-01 14:19:30.082,00:00:47.774000,hoverfly,Insecta,Diptera,Brachycera,Muscomorpha,Syrphoidea,Syrphidae,Syrphinae,Episyrphus,balteatus,12.29572580645161,7.508467741935483,2.1483064516129025
ID1_0325,ID,ID1,Site1,Maize,IDxMaize,2023-09-01 14:19:32.981,2023-09-01 14:23:48.850,00:04:15.869000,hoverfly,Insecta,Diptera,Brachycera,Muscomorpha,Syrphoidea,Syrphidae,Syrphinae,Episyrphus,balteatus,12.29572580645161,7.508467741935483,2.1483064516129025
ID1_0328,ID,ID1,Site1,Maize,IDxMaize,2023-09-01 14:24:30.316,2023-09-01 14:24:33.203,00:00:02.887000,hoverfly,Insecta,Diptera,Brachycera,Muscomorpha,Syrphoidea,Syrphidae,Syrphinae,Episyrphus,balteatus,12.29572580645161,7.508467741935483,2.1483064516129025
ID1_0330,ID,ID1,Site1,Maize,IDxMaize,2023-09-01 14:25:21.681,2023-09-01 14:25:26.038,00:00:04.357000,hoverfly,Insecta,Diptera,Brachycera,Muscomorpha,Syrphoidea,Syrphidae,Syrphinae,Episyrphus,balteatus,12.29572580645161,7.508467741935483,2.1483064516129025
ID1_0331,ID,ID1,Site1,Maize,IDxMaize,2023-09-01 14:35:33.335,2023-09-01 14:36:12.583,00:00:39.248000,flesh_fly,Insecta,Diptera,Brachycera,Muscomorpha,Oestroidea,Sarcophagidae,#N/C,#N/C,#N/C,8.696344827586204,5.522551724137931,1.7546666666666675
ID1_0332,ID,ID1,Site1,Maize,IDxMaize,2023-09-01 14:38:08.293,2023-09-01 14:39:13.533,00:01:05.240000,flesh_fly,Insecta,Diptera,Brachycera,Muscomorpha,Oestroidea,Sarcophagidae,#N/C,#N/C,#N/C,8.696344827586204,5.522551724137931,1.7546666666666675
ID1_0334,ID,ID1,Site1,Maize,IDxMaize,2023-09-01 17:08:53.397,2023-09-01 17:08:59.173,00:00:05.776000,hoverfly,Insecta,Diptera,Brachycera,Muscomorpha,Syrphoidea,Syrphidae,Syrphinae,Episyrphus,balteatus,12.29572580645161,7.508467741935483,2.1483064516129025
ID1_0335,ID,ID1,Site1,Maize,IDxMaize,2023-09-01 17:19:52.032,2023-09-01 17:19:56.366,00:00:04.334000,fly,Insecta,Diptera,Brachycera,#N/C,#N/C,#N/C,#N/C,#N/C,#N/C,8.4004979253112,5.45134854771784,1.7163070539419094
ID1_0338,ID,ID1,Site1,Maize,IDxMaize,2023-09-01 18:30:40.626,2023-09-01 18:30:59.420,00:00:18.794000,fly,Insecta,Diptera,Brachycera,#N/C,#N/C,#N/C,#N/C,#N/C,#N/C,8.4004979253112,5.45134854771784,1.7163070539419094
ID1_0339,ID,ID1,Site1,Maize,IDxMaize,2023-09-01 18:38:50.210,2023-09-01 18:41:03.429,00:02:13.219000,fly,Insecta,Diptera,Brachycera,#N/C,#N/C,#N/C,#N/C,#N/C,#N/C,8.4004979253112,5.45134854771784,1.7163070539419094
ID1_0341,ID,ID1,Site1,Maize,IDxMaize,2023-09-01 19:12:21.922,2023-09-01 19:12:26.250,00:00:04.328000,hoverfly,Insecta,Diptera,Brachycera,Muscomorpha,Syrphoidea,Syrphidae,Syrphinae,Episyrphus,balteatus,12.29572580645161,7.508467741935483,2.1483064516129025
ID1_0343,ID,ID1,Site1,Maize,IDxMaize,2023-09-01 19:12:32.053,2023-09-01 19:12:34.965,00:00:02.912000,hoverfly,Insecta,Diptera,Brachycera,Muscomorpha,Syrphoidea,Syrphidae,Syrphinae,Episyrphus,balteatus,12.29572580645161,7.508467741935483,2.1483064516129025
ID1_0347,ID,ID1,Site1,Maize,IDxMaize,2023-09-01 19:35:13.290,2023-09-01 19:35:21.902,00:00:08.612000,fly,Insecta,Diptera,Brachycera,#N/C,#N/C,#N/C,#N/C,#N/C,#N/C,8.4004979253112,5.45134854771784,1.7163070539419094
ID1_0348,ID,ID1,Site1,Maize,IDxMaize,2023-09-01 19:39:42.623,2023-09-01 19:40:59.780,00:01:17.157000,hoverfly,Insecta,Diptera,Brachycera,Muscomorpha,Syrphoidea,Syrphidae,Syrphinae,Episyrphus,balteatus,12.29572580645161,7.508467741935483,2.1483064516129025
ID1_0354,ID,ID1,Site1,Maize,IDxMaize,2023-09-02 09:05:37.351,2023-09-02 09:06:06.412,00:00:29.061000,hoverfly,Insecta,Diptera,Brachycera,Muscomorpha,Syrphoidea,Syrphidae,Syrphinae,Episyrphus,balteatus,12.29572580645161,7.508467741935483,2.1483064516129025
ID1_0356,ID,ID1,Site1,Maize,IDxMaize,2023-09-02 09:06:22.322,2023-09-02 09:06:26.747,00:00:04.425000,hoverfly,Insecta,Diptera,Brachycera,Muscomorpha,Syrphoidea,Syrphidae,Syrphinae,Episyrphus,balteatus,12.29572580645161,7.508467741935483,2.1483064516129025
ID1_0357,ID,ID1,Site1,Maize,IDxMaize,2023-09-02 09:06:31.116,2023-09-02 09:06:44.156,00:00:13.040000,hoverfly,Insecta,Diptera,Brachycera,Muscomorpha,Syrphoidea,Syrphidae,Syrphinae,Episyrphus,balteatus,12.29572580645161,7.508467741935483,2.1483064516129025
ID1_0358,ID,ID1,Site1,Maize,IDxMaize,2023-09-02 09:16:40.411,2023-09-02 09:19:04.900,00:02:24.489000,hoverfly,Insecta,Diptera,Brachycera,Muscomorpha,Syrphoidea,Syrphidae,Syrphinae,Episyrphus,balteatus,12.29572580645161,7.508467741935483,2.1483064516129025
ID1_0359,ID,ID1,Site1,Maize,IDxMaize,2023-09-02 09:25:59.531,2023-09-02 09:26:03.940,00:00:04.409000,hoverfly,Insecta,Diptera,Brachycera,Muscomorpha,Syrphoidea,Syrphidae,Syrphinae,Episyrphus,balteatus,12.29572580645161,7.508467741935483,2.1483064516129025
ID1_0360,ID,ID1,Site1,Maize,IDxMaize,2023-09-02 09:26:06.803,2023-09-02 09:26:44.651,00:00:37.848000,hoverfly,Insecta,Diptera,Brachycera,Muscomorpha,Syrphoidea,Syrphidae,Syrphinae,Episyrphus,balteatus,12.29572580645161,7.508467741935483,2.1483064516129025
ID1_0361,ID,ID1,Site1,Maize,IDxMaize,2023-09-02 09:37:44.202,2023-09-02 09:37:54.311,00:00:10.109000,fly,Insecta,Diptera,Brachycera,#N/C,#N/C,#N/C,#N/C,#N/C,#N/C,8.4004979253112,5.45134854771784,1.7163070539419094
ID1_0364,ID,ID1,Site1,Maize,IDxMaize,2023-09-02 12:17:38.183,2023-09-02 12:18:09.740,00:00:31.557000,fly,Insecta,Diptera,Brachycera,#N/C,#N/C,#N/C,#N/C,#N/C,#N/C,8.4004979253112,5.45134854771784,1.7163070539419094
ID1_0366,ID,ID1,Site1,Maize,IDxMaize,2023-09-02 12:21:21.239,2023-09-02 12:21:25.652,00:00:04.413000,flesh_fly,Insecta,Diptera,Brachycera,Muscomorpha,Oestroidea,Sarcophagidae,#N/C,#N/C,#N/C,8.696344827586204,5.522551724137931,1.7546666666666675
ID1_0367,ID,ID1,Site1,Maize,IDxMaize,2023-09-02 12:22:44.216,2023-09-02 12:22:48.529,00:00:04.313000,fly,Insecta,Diptera,Brachycera,#N/C,#N/C,#N/C,#N/C,#N/C,#N/C,8.4004979253112,5.45134854771784,1.7163070539419094
ID1_0370,ID,ID1,Site1,Maize,IDxMaize,2023-09-02 12:27:45.473,2023-09-02 12:27:49.868,00:00:04.395000,fly,Insecta,Diptera,Brachycera,#N/C,#N/C,#N/C,#N/C,#N/C,#N/C,8.4004979253112,5.45134854771784,1.7163070539419094
ID1_0372,ID,ID1,Site1,Maize,IDxMaize,2023-09-02 13:02:07.383,2023-09-02 13:02:11.732,00:00:04.349000,flesh_fly,Insecta,Diptera,Brachycera,Muscomorpha,Oestroidea,Sarcophagidae,#N/C,#N/C,#N/C,8.696344827586204,5.522551724137931,1.7546666666666675
ID1_0373,ID,ID1,Site1,Maize,IDxMaize,2023-09-02 13:02:13.183,2023-09-02 13:02:33.395,00:00:20.212000,flesh_fly,Insecta,Diptera,Brachycera,Muscomorpha,Oestroidea,Sarcophagidae,#N/C,#N/C,#N/C,8.696344827586204,5.522551724137931,1.7546666666666675
ID1_0374,ID,ID1,Site1,Maize,IDxMaize,2023-09-02 13:02:36.191,2023-09-02 13:02:41.946,00:00:05.755000,flesh_fly,Insecta,Diptera,Brachycera,Muscomorpha,Oestroidea,Sarcophagidae,#N/C,#N/C,#N/C,8.696344827586204,5.522551724137931,1.7546666666666675
ID1_0375,ID,ID1,Site1,Maize,IDxMaize,2023-09-02 13:04:27.285,2023-09-02 13:04:38.769,00:00:11.484000,fly,Insecta,Diptera,Brachycera,#N/C,#N/C,#N/C,#N/C,#N/C,#N/C,8.4004979253112,5.45134854771784,1.7163070539419094
ID1_0376,ID,ID1,Site1,Maize,IDxMaize,2023-09-02 13:24:47.553,2023-09-02 13:25:06.421,00:00:18.868000,fly,Insecta,Diptera,Brachycera,#N/C,#N/C,#N/C,#N/C,#N/C,#N/C,8.4004979253112,5.45134854771784,1.7163070539419094
ID1_0379,ID,ID1,Site1,Maize,IDxMaize,2023-09-02 14:02:53.569,2023-09-02 14:03:16.609,00:00:23.040000,fly,Insecta,Diptera,Brachycera,#N/C,#N/C,#N/C,#N/C,#N/C,#N/C,8.4004979253112,5.45134854771784,1.7163070539419094
ID1_0380,ID,ID1,Site1,Maize,IDxMaize,2023-09-02 14:03:26.722,2023-09-02 14:03:36.806,00:00:10.084000,fly,Insecta,Diptera,Brachycera,#N/C,#N/C,#N/C,#N/C,#N/C,#N/C,8.4004979253112,5.45134854771784,1.7163070539419094
ID1_0381,ID,ID1,Site1,Maize,IDxMaize,2023-09-02 14:15:29.492,2023-09-02 14:15:32.356,00:00:02.864000,fly,Insecta,Diptera,Brachycera,#N/C,#N/C,#N/C,#N/C,#N/C,#N/C,8.4004979253112,5.45134854771784,1.7163070539419094
ID1_0383,ID,ID1,Site1,Maize,IDxMaize,2023-09-02 17:21:32.999,2023-09-02 17:22:05.099,00:00:32.100000,flesh_fly,Insecta,Diptera,Brachycera,Muscomorpha,Oestroidea,Sarcophagidae,#N/C,#N/C,#N/C,8.696344827586204,5.522551724137931,1.7546666666666675
ID1_0386,ID,ID1,Site1,Maize,IDxMaize,2023-09-02 17:26:36.068,2023-09-02 17:26:43.217,00:00:07.149000,fly,Insecta,Diptera,Brachycera,#N/C,#N/C,#N/C,#N/C,#N/C,#N/C,8.4004979253112,5.45134854771784,1.7163070539419094
ID1_0394,ID,ID1,Site1,Maize,IDxMaize,2023-09-03 12:07:03.959,2023-09-03 12:07:16.817,00:00:12.858000,fly,Insecta,Diptera,Brachycera,#N/C,#N/C,#N/C,#N/C,#N/C,#N/C,8.4004979253112,5.45134854771784,1.7163070539419094
ID1_0395,ID,ID1,Site1,Maize,IDxMaize,2023-09-03 12:07:33.541,2023-09-03 12:07:42.072,00:00:08.531000,fly,Insecta,Diptera,Brachycera,#N/C,#N/C,#N/C,#N/C,#N/C,#N/C,8.4004979253112,5.45134854771784,1.7163070539419094
ID1_0398,ID,ID1,Site1,Maize,IDxMaize,2023-09-03 12:11:54.016,2023-09-03 12:12:01.276,00:00:07.260000,fly,Insecta,Diptera,Brachycera,#N/C,#N/C,#N/C,#N/C,#N/C,#N/C,8.4004979253112,5.45134854771784,1.7163070539419094
ID1_0399,ID,ID1,Site1,Maize,IDxMaize,2023-09-03 12:13:21.088,2023-09-03 12:13:31.271,00:00:10.183000,fly,Insecta,Diptera,Brachycera,#N/C,#N/C,#N/C,#N/C,#N/C,#N/C,8.4004979253112,5.45134854771784,1.7163070539419094
ID1_0400,ID,ID1,Site1,Maize,IDxMaize,2023-09-03 12:13:55.666,2023-09-03 12:14:14.777,00:00:19.111000,flesh_fly,Insecta,Diptera,Brachycera,Muscomorpha,Oestroidea,Sarcophagidae,#N/C,#N/C,#N/C,8.696344827586204,5.522551724137931,1.7546666666666675
ID1_0401,ID,ID1,Site1,Maize,IDxMaize,2023-09-03 12:14:17.630,2023-09-03 12:14:58.416,00:00:40.786000,flesh_fly,Insecta,Diptera,Brachycera,Muscomorpha,Oestroidea,Sarcophagidae,#N/C,#N/C,#N/C,8.696344827586204,5.522551724137931,1.7546666666666675
ID1_0402,ID,ID1,Site1,Maize,IDxMaize,2023-09-03 12:19:02.173,2023-09-03 12:19:09.519,00:00:07.346000,flesh_fly,Insecta,Diptera,Brachycera,Muscomorpha,Oestroidea,Sarcophagidae,#N/C,#N/C,#N/C,8.696344827586204,5.522551724137931,1.7546666666666675
ID1_0403,ID,ID1,Site1,Maize,IDxMaize,2023-09-03 12:19:18.146,2023-09-03 12:21:30.230,00:02:12.084000,flesh_fly,Insecta,Diptera,Brachycera,Muscomorpha,Oestroidea,Sarcophagidae,#N/C,#N/C,#N/C,8.696344827586204,5.522551724137931,1.7546666666666675
ID1_0404,ID,ID1,Site1,Maize,IDxMaize,2023-09-03 12:20:04.546,2023-09-03 12:20:08.933,00:00:04.387000,fly,Insecta,Diptera,Brachycera,#N/C,#N/C,#N/C,#N/C,#N/C,#N/C,8.4004979253112,5.45134854771784,1.7163070539419094
ID1_0405,ID,ID1,Site1,Maize,IDxMaize,2023-09-03 12:21:31.693,2023-09-03 12:21:39.035,00:00:07.342000,flesh_fly,Insecta,Diptera,Brachycera,Muscomorpha,Oestroidea,Sarcophagidae,#N/C,#N/C,#N/C,8.696344827586204,5.522551724137931,1.7546666666666675
ID1_0406,ID,ID1,Site1,Maize,IDxMaize,2023-09-03 12:22:03.343,2023-09-03 12:22:55.501,00:00:52.158000,flesh_fly,Insecta,Diptera,Brachycera,Muscomorpha,Oestroidea,Sarcophagidae,#N/C,#N/C,#N/C,8.696344827586204,5.522551724137931,1.7546666666666675
ID1_0407,ID,ID1,Site1,Maize,IDxMaize,2023-09-03 12:22:56.958,2023-09-03 12:23:17.327,00:00:20.369000,flesh_fly,Insecta,Diptera,Brachycera,Muscomorpha,Oestroidea,Sarcophagidae,#N/C,#N/C,#N/C,8.696344827586204,5.522551724137931,1.7546666666666675
ID1_0408,ID,ID1,Site1,Maize,IDxMaize,2023-09-03 12:24:04.309,2023-09-03 12:24:49.200,00:00:44.891000,flesh_fly,Insecta,Diptera,Brachycera,Muscomorpha,Oestroidea,Sarcophagidae,#N/C,#N/C,#N/C,8.696344827586204,5.522551724137931,1.7546666666666675
ID1_0409,ID,ID1,Site1,Maize,IDxMaize,2023-09-03 12:25:34.811,2023-09-03 12:25:49.245,00:00:14.434000,flesh_fly,Insecta,Diptera,Brachycera,Muscomorpha,Oestroidea,Sarcophagidae,#N/C,#N/C,#N/C,8.696344827586204,5.522551724137931,1.7546666666666675
ID1_0410,ID,ID1,Site1,Maize,IDxMaize,2023-09-03 12:25:52.126,2023-09-03 12:26:25.393,00:00:33.267000,flesh_fly,Insecta,Diptera,Brachycera,Muscomorpha,Oestroidea,Sarcophagidae,#N/C,#N/C,#N/C,8.696344827586204,5.522551724137931,1.7546666666666675
ID1_0411,ID,ID1,Site1,Maize,IDxMaize,2023-09-03 12:28:07.893,2023-09-03 12:28:13.750,00:00:05.857000,flesh_fly,Insecta,Diptera,Brachycera,Muscomorpha,Oestroidea,Sarcophagidae,#N/C,#N/C,#N/C,8.696344827586204,5.522551724137931,1.7546666666666675
ID1_0412,ID,ID1,Site1,Maize,IDxMaize,2023-09-03 12:28:42.143,2023-09-03 12:28:47.952,00:00:05.809000,flesh_fly,Insecta,Diptera,Brachycera,Muscomorpha,Oestroidea,Sarcophagidae,#N/C,#N/C,#N/C,8.696344827586204,5.522551724137931,1.7546666666666675
ID1_0413,ID,ID1,Site1,Maize,IDxMaize,2023-09-03 12:29:20.748,2023-09-03 12:29:28.038,00:00:07.290000,flesh_fly,Insecta,Diptera,Brachycera,Muscomorpha,Oestroidea,Sarcophagidae,#N/C,#N/C,#N/C,8.696344827586204,5.522551724137931,1.7546666666666675
ID1_0414,ID,ID1,Site1,Maize,IDxMaize,2023-09-03 12:29:29.504,2023-09-03 12:29:32.387,00:00:02.883000,flesh_fly,Insecta,Diptera,Brachycera,Muscomorpha,Oestroidea,Sarcophagidae,#N/C,#N/C,#N/C,8.696344827586204,5.522551724137931,1.7546666666666675
ID1_0415,ID,ID1,Site1,Maize,IDxMaize,2023-09-03 12:29:33.829,2023-09-03 12:29:46.853,00:00:13.024000,flesh_fly,Insecta,Diptera,Brachycera,Muscomorpha,Oestroidea,Sarcophagidae,#N/C,#N/C,#N/C,8.696344827586204,5.522551724137931,1.7546666666666675
ID1_0416,ID,ID1,Site1,Maize,IDxMaize,2023-09-03 12:29:49.691,2023-09-03 12:30:08.652,00:00:18.961000,flesh_fly,Insecta,Diptera,Brachycera,Muscomorpha,Oestroidea,Sarcophagidae,#N/C,#N/C,#N/C,8.696344827586204,5.522551724137931,1.7546666666666675
ID1_0417,ID,ID1,Site1,Maize,IDxMaize,2023-09-03 12:30:11.541,2023-09-03 12:30:43.467,00:00:31.926000,flesh_fly,Insecta,Diptera,Brachycera,Muscomorpha,Oestroidea,Sarcophagidae,#N/C,#N/C,#N/C,8.696344827586204,5.522551724137931,1.7546666666666675
ID1_0418,ID,ID1,Site1,Maize,IDxMaize,2023-09-03 12:30:44.913,2023-09-03 12:31:18.608,00:00:33.695000,flesh_fly,Insecta,Diptera,Brachycera,Muscomorpha,Oestroidea,Sarcophagidae,#N/C,#N/C,#N/C,8.696344827586204,5.522551724137931,1.7546666666666675
ID1_0419,ID,ID1,Site1,Maize,IDxMaize,2023-09-03 12:30:56.562,2023-09-03 12:31:18.623,00:00:22.061000,fly,Insecta,Diptera,Brachycera,#N/C,#N/C,#N/C,#N/C,#N/C,#N/C,8.4004979253112,5.45134854771784,1.7163070539419094
ID1_0420,ID,ID1,Site1,Maize,IDxMaize,2023-09-03 12:31:31.639,2023-09-03 12:32:07.840,00:00:36.201000,flesh_fly,Insecta,Diptera,Brachycera,Muscomorpha,Oestroidea,Sarcophagidae,#N/C,#N/C,#N/C,8.696344827586204,5.522551724137931,1.7546666666666675
ID1_0421,ID,ID1,Site1,Maize,IDxMaize,2023-09-03 12:32:54.955,2023-09-03 12:32:57.853,00:00:02.898000,fly,Insecta,Diptera,Brachycera,#N/C,#N/C,#N/C,#N/C,#N/C,#N/C,8.4004979253112,5.45134854771784,1.7163070539419094
ID1_0422,ID,ID1,Site1,Maize,IDxMaize,2023-09-03 12:33:58.124,2023-09-03 12:34:02.597,00:00:04.473000,flesh_fly,Insecta,Diptera,Brachycera,Muscomorpha,Oestroidea,Sarcophagidae,#N/C,#N/C,#N/C,8.696344827586204,5.522551724137931,1.7546666666666675
ID1_0423,ID,ID1,Site1,Maize,IDxMaize,2023-09-03 12:34:06.900,2023-09-03 12:34:28.582,00:00:21.682000,flesh_fly,Insecta,Diptera,Brachycera,Muscomorpha,Oestroidea,Sarcophagidae,#N/C,#N/C,#N/C,8.696344827586204,5.522551724137931,1.7546666666666675
ID1_0424,ID,ID1,Site1,Maize,IDxMaize,2023-09-03 12:34:47.217,2023-09-03 12:35:59.959,00:01:12.742000,flesh_fly,Insecta,Diptera,Brachycera,Muscomorpha,Oestroidea,Sarcophagidae,#N/C,#N/C,#N/C,8.696344827586204,5.522551724137931,1.7546666666666675
ID1_0425,ID,ID1,Site1,Maize,IDxMaize,2023-09-03 12:36:02.849,2023-09-03 12:36:05.840,00:00:02.991000,flesh_fly,Insecta,Diptera,Brachycera,Muscomorpha,Oestroidea,Sarcophagidae,#N/C,#N/C,#N/C,8.696344827586204,5.522551724137931,1.7546666666666675
ID1_0426,ID,ID1,Site1,Maize,IDxMaize,2023-09-03 12:36:08.702,2023-09-03 12:36:11.603,00:00:02.901000,fly,Insecta,Diptera,Brachycera,#N/C,#N/C,#N/C,#N/C,#N/C,#N/C,8.4004979253112,5.45134854771784,1.7163070539419094
ID1_0427,ID,ID1,Site1,Maize,IDxMaize,2023-09-03 12:36:13.089,2023-09-03 12:36:55.159,00:00:42.070000,flesh_fly,Insecta,Diptera,Brachycera,Muscomorpha,Oestroidea,Sarcophagidae,#N/C,#N/C,#N/C,8.696344827586204,5.522551724137931,1.7546666666666675
ID1_0428,ID,ID1,Site1,Maize,IDxMaize,2023-09-03 12:37:19.558,2023-09-03 12:37:25.393,00:00:05.835000,flesh_fly,Insecta,Diptera,Brachycera,Muscomorpha,Oestroidea,Sarcophagidae,#N/C,#N/C,#N/C,8.696344827586204,5.522551724137931,1.7546666666666675
ID1_0429,ID,ID1,Site1,Maize,IDxMaize,2023-09-03 12:37:26.822,2023-09-03 12:37:41.347,00:00:14.525000,flesh_fly,Insecta,Diptera,Brachycera,Muscomorpha,Oestroidea,Sarcophagidae,#N/C,#N/C,#N/C,8.696344827586204,5.522551724137931,1.7546666666666675
ID1_0430,ID,ID1,Site1,Maize,IDxMaize,2023-09-03 12:37:44.211,2023-09-03 12:37:48.548,00:00:04.337000,flesh_fly,Insecta,Diptera,Brachycera,Muscomorpha,Oestroidea,Sarcophagidae,#N/C,#N/C,#N/C,8.696344827586204,5.522551724137931,1.7546666666666675
ID1_0431,ID,ID1,Site1,Maize,IDxMaize,2023-09-03 12:37:50.011,2023-09-03 12:38:07.552,00:00:17.541000,flesh_fly,Insecta,Diptera,Brachycera,Muscomorpha,Oestroidea,Sarcophagidae,#N/C,#N/C,#N/C,8.696344827586204,5.522551724137931,1.7546666666666675
ID1_0432,ID,ID1,Site1,Maize,IDxMaize,2023-09-03 12:38:59.133,2023-09-03 12:39:02.013,00:00:02.880000,fly,Insecta,Diptera,Brachycera,#N/C,#N/C,#N/C,#N/C,#N/C,#N/C,8.4004979253112,5.45134854771784,1.7163070539419094
ID1_0433,ID,ID1,Site1,Maize,IDxMaize,2023-09-03 12:40:27.631,2023-09-03 12:41:03.808,00:00:36.177000,fly,Insecta,Diptera,Brachycera,#N/C,#N/C,#N/C,#N/C,#N/C,#N/C,8.4004979253112,5.45134854771784,1.7163070539419094
ID1_0435,ID,ID1,Site1,Maize,IDxMaize,2023-09-03 13:04:17.924,2023-09-03 13:06:26.893,00:02:08.969000,fly,Insecta,Diptera,Brachycera,#N/C,#N/C,#N/C,#N/C,#N/C,#N/C,8.4004979253112,5.45134854771784,1.7163070539419094
ID1_0436,ID,ID1,Site1,Maize,IDxMaize,2023-09-03 13:08:41.419,2023-09-03 13:09:22.444,00:00:41.025000,fly,Insecta,Diptera,Brachycera,#N/C,#N/C,#N/C,#N/C,#N/C,#N/C,8.4004979253112,5.45134854771784,1.7163070539419094
ID1_0437,ID,ID1,Site1,Maize,IDxMaize,2023-09-03 13:13:06.497,2023-09-03 13:13:21.007,00:00:14.510000,flesh_fly,Insecta,Diptera,Brachycera,Muscomorpha,Oestroidea,Sarcophagidae,#N/C,#N/C,#N/C,8.696344827586204,5.522551724137931,1.7546666666666675
ID1_0438,ID,ID1,Site1,Maize,IDxMaize,2023-09-03 13:13:41.111,2023-09-03 13:14:36.219,00:00:55.108000,flesh_fly,Insecta,Diptera,Brachycera,Muscomorpha,Oestroidea,Sarcophagidae,#N/C,#N/C,#N/C,8.696344827586204,5.522551724137931,1.7546666666666675
ID1_0440,ID,ID1,Site1,Maize,IDxMaize,2023-09-03 13:15:46.163,2023-09-03 13:16:02.091,00:00:15.928000,flesh_fly,Insecta,Diptera,Brachycera,Muscomorpha,Oestroidea,Sarcophagidae,#N/C,#N/C,#N/C,8.696344827586204,5.522551724137931,1.7546666666666675
ID1_0441,ID,ID1,Site1,Maize,IDxMaize,2023-09-03 13:23:49.142,2023-09-03 13:24:26.749,00:00:37.607000,fly,Insecta,Diptera,Brachycera,#N/C,#N/C,#N/C,#N/C,#N/C,#N/C,8.4004979253112,5.45134854771784,1.7163070539419094
ID1_0442,ID,ID1,Site1,Maize,IDxMaize,2023-09-03 13:25:23.803,2023-09-03 13:26:26.268,00:01:02.465000,bee,Insecta,Hymenoptera,Apocrita,Aculeata,Apoidea,#N/C,#N/C,#N/C,#N/C,64.4823076923077,8.925897435897436,3.27948717948718
ID1_0444,ID,ID1,Site1,Maize,IDxMaize,2023-09-03 14:05:34.852,2023-09-03 14:05:39.252,00:00:04.400000,flesh_fly,Insecta,Diptera,Brachycera,Muscomorpha,Oestroidea,Sarcophagidae,#N/C,#N/C,#N/C,8.696344827586204,5.522551724137931,1.7546666666666675
ID1_0445,ID,ID1,Site1,Maize,IDxMaize,2023-09-03 14:05:40.696,2023-09-03 14:06:12.631,00:00:31.935000,flesh_fly,Insecta,Diptera,Brachycera,Muscomorpha,Oestroidea,Sarcophagidae,#N/C,#N/C,#N/C,8.696344827586204,5.522551724137931,1.7546666666666675
ID1_0446,ID,ID1,Site1,Maize,IDxMaize,2023-09-03 14:13:47.672,2023-09-03 14:14:41.240,00:00:53.568000,flesh_fly,Insecta,Diptera,Brachycera,Muscomorpha,Oestroidea,Sarcophagidae,#N/C,#N/C,#N/C,8.696344827586204,5.522551724137931,1.7546666666666675
ID1_0447,ID,ID1,Site1,Maize,IDxMaize,2023-09-03 14:14:44.116,2023-09-03 14:14:47.095,00:00:02.979000,flesh_fly,Insecta,Diptera,Brachycera,Muscomorpha,Oestroidea,Sarcophagidae,#N/C,#N/C,#N/C,8.696344827586204,5.522551724137931,1.7546666666666675
ID1_0448,ID,ID1,Site1,Maize,IDxMaize,2023-09-03 14:14:49.960,2023-09-03 14:14:54.333,00:00:04.373000,flesh_fly,Insecta,Diptera,Brachycera,Muscomorpha,Oestroidea,Sarcophagidae,#N/C,#N/C,#N/C,8.696344827586204,5.522551724137931,1.7546666666666675
ID1_0449,ID,ID1,Site1,Maize,IDxMaize,2023-09-03 14:17:13.140,2023-09-03 14:17:19.000,00:00:05.860000,flesh_fly,Insecta,Diptera,Brachycera,Muscomorpha,Oestroidea,Sarcophagidae,#N/C,#N/C,#N/C,8.696344827586204,5.522551724137931,1.7546666666666675
ID1_0450,ID,ID1,Site1,Maize,IDxMaize,2023-09-03 14:18:20.492,2023-09-03 14:18:59.756,00:00:39.264000,flesh_fly,Insecta,Diptera,Brachycera,Muscomorpha,Oestroidea,Sarcophagidae,#N/C,#N/C,#N/C,8.696344827586204,5.522551724137931,1.7546666666666675
ID1_0451,ID,ID1,Site1,Maize,IDxMaize,2023-09-03 14:19:34.021,2023-09-03 14:20:03.008,00:00:28.987000,flesh_fly,Insecta,Diptera,Brachycera,Muscomorpha,Oestroidea,Sarcophagidae,#N/C,#N/C,#N/C,8.696344827586204,5.522551724137931,1.7546666666666675
ID1_0452,ID,ID1,Site1,Maize,IDxMaize,2023-09-03 14:24:26.748,2023-09-03 14:24:32.601,00:00:05.853000,fly,Insecta,Diptera,Brachycera,#N/C,#N/C,#N/C,#N/C,#N/C,#N/C,8.4004979253112,5.45134854771784,1.7163070539419094
ID1_0453,ID,ID1,Site1,Maize,IDxMaize,2023-09-03 14:27:01.027,2023-09-03 14:27:15.509,00:00:14.482000,flesh_fly,Insecta,Diptera,Brachycera,Muscomorpha,Oestroidea,Sarcophagidae,#N/C,#N/C,#N/C,8.696344827586204,5.522551724137931,1.7546666666666675
ID1_0454,ID,ID1,Site1,Maize,IDxMaize,2023-09-03 14:29:08.369,2023-09-03 14:29:43.002,00:00:34.633000,flesh_fly,Insecta,Diptera,Brachycera,Muscomorpha,Oestroidea,Sarcophagidae,#N/C,#N/C,#N/C,8.696344827586204,5.522551724137931,1.7546666666666675
ID1_0455,ID,ID1,Site1,Maize,IDxMaize,2023-09-03 14:31:15.719,2023-09-03 14:31:37.587,00:00:21.868000,other,Insecta,#N/C,#N/C,#N/C,#N/C,#N/C,#N/C,#N/C,#N/C,24.284088427947573,6.536784934497831,2.114448689956332
ID1_0456,ID,ID1,Site1,Maize,IDxMaize,2023-09-03 14:38:42.992,2023-09-03 14:38:48.828,00:00:05.836000,fly,Insecta,Diptera,Brachycera,#N/C,#N/C,#N/C,#N/C,#N/C,#N/C,8.4004979253112,5.45134854771784,1.7163070539419094
ID1_0458,ID,ID1,Site1,Maize,IDxMaize,2023-09-03 17:11:37.530,2023-09-03 17:11:40.409,00:00:02.879000,fly,Insecta,Diptera,Brachycera,#N/C,#N/C,#N/C,#N/C,#N/C,#N/C,8.4004979253112,5.45134854771784,1.7163070539419094
ID1_0459,ID,ID1,Site1,Maize,IDxMaize,2023-09-03 17:13:13.281,2023-09-03 17:13:39.201,00:00:25.920000,fly,Insecta,Diptera,Brachycera,#N/C,#N/C,#N/C,#N/C,#N/C,#N/C,8.4004979253112,5.45134854771784,1.7163070539419094
ID1_0460,ID,ID1,Site1,Maize,IDxMaize,2023-09-03 17:13:53.471,2023-09-03 17:14:19.161,00:00:25.690000,fly,Insecta,Diptera,Brachycera,#N/C,#N/C,#N/C,#N/C,#N/C,#N/C,8.4004979253112,5.45134854771784,1.7163070539419094
ID1_0461,ID,ID1,Site1,Maize,IDxMaize,2023-09-03 17:16:20.511,2023-09-03 17:16:32.173,00:00:11.662000,fly,Insecta,Diptera,Brachycera,#N/C,#N/C,#N/C,#N/C,#N/C,#N/C,8.4004979253112,5.45134854771784,1.7163070539419094
ID1_0462,ID,ID1,Site1,Maize,IDxMaize,2023-09-03 17:20:06.101,2023-09-03 17:20:11.895,00:00:05.794000,fly,Insecta,Diptera,Brachycera,#N/C,#N/C,#N/C,#N/C,#N/C,#N/C,8.4004979253112,5.45134854771784,1.7163070539419094
ID1_0464,ID,ID1,Site1,Maize,IDxMaize,2023-09-03 17:24:36.901,2023-09-03 17:24:48.521,00:00:11.620000,flesh_fly,Insecta,Diptera,Brachycera,Muscomorpha,Oestroidea,Sarcophagidae,#N/C,#N/C,#N/C,8.696344827586204,5.522551724137931,1.7546666666666675
ID1_0469,ID,ID1,Site1,Maize,IDxMaize,2023-09-03 18:21:39.265,2023-09-03 18:21:53.702,00:00:14.437000,hoverfly,Insecta,Diptera,Brachycera,Muscomorpha,Syrphoidea,Syrphidae,Syrphinae,Episyrphus,balteatus,12.29572580645161,7.508467741935483,2.1483064516129025
ID1_0471,ID,ID1,Site1,Maize,IDxMaize,2023-09-03 18:29:26.002,2023-09-03 18:29:43.464,00:00:17.462000,bug,Insecta,Hemiptera,Heteroptera,#N/C,#N/C,#N/C,#N/C,#N/C,#N/C,13.876018306636158,6.149816933638447,2.2683752860411897
ID1_0481,ID,ID1,Site1,Maize,IDxMaize,2023-09-04 09:26:58.947,2023-09-04 09:27:09.000,00:00:10.053000,flesh_fly,Insecta,Diptera,Brachycera,Muscomorpha,Oestroidea,Sarcophagidae,#N/C,#N/C,#N/C,8.696344827586204,5.522551724137931,1.7546666666666675
ID1_0484,ID,ID1,Site1,Maize,IDxMaize,2023-09-04 09:32:42.121,2023-09-04 09:32:50.792,00:00:08.671000,hoverfly,Insecta,Diptera,Brachycera,Muscomorpha,Syrphoidea,Syrphidae,Syrphinae,Episyrphus,balteatus,12.29572580645161,7.508467741935483,2.1483064516129025
ID1_0485,ID,ID1,Site1,Maize,IDxMaize,2023-09-04 09:33:07.916,2023-09-04 09:33:10.752,00:00:02.836000,hoverfly,Insecta,Diptera,Brachycera,Muscomorpha,Syrphoidea,Syrphidae,Syrphinae,Episyrphus,balteatus,12.29572580645161,7.508467741935483,2.1483064516129025
ID1_0490,ID,ID1,Site1,Maize,IDxMaize,2023-09-04 12:05:26.560,2023-09-04 12:05:30.919,00:00:04.359000,ladybug,Insecta,Coleoptera,Polyphaga,Cucujiformia,Coccinelloidea,Coccinellidae,#N/C,#N/C,#N/C,8.395714285714286,4.155,2.3153571428571422
ID1_0491,ID,ID1,Site1,Maize,IDxMaize,2023-09-04 12:08:34.722,2023-09-04 12:08:40.495,00:00:05.773000,fly,Insecta,Diptera,Brachycera,#N/C,#N/C,#N/C,#N/C,#N/C,#N/C,8.4004979253112,5.45134854771784,1.7163070539419094
ID1_0492,ID,ID1,Site1,Maize,IDxMaize,2023-09-04 12:15:14.138,2023-09-04 12:15:51.958,00:00:37.820000,flesh_fly,Insecta,Diptera,Brachycera,Muscomorpha,Oestroidea,Sarcophagidae,#N/C,#N/C,#N/C,8.696344827586204,5.522551724137931,1.7546666666666675
ID1_0493,ID,ID1,Site1,Maize,IDxMaize,2023-09-04 12:17:39.197,2023-09-04 12:17:42.073,00:00:02.876000,flesh_fly,Insecta,Diptera,Brachycera,Muscomorpha,Oestroidea,Sarcophagidae,#N/C,#N/C,#N/C,8.696344827586204,5.522551724137931,1.7546666666666675
ID1_0494,ID,ID1,Site1,Maize,IDxMaize,2023-09-04 12:19:20.383,2023-09-04 12:19:37.745,00:00:17.362000,flesh_fly,Insecta,Diptera,Brachycera,Muscomorpha,Oestroidea,Sarcophagidae,#N/C,#N/C,#N/C,8.696344827586204,5.522551724137931,1.7546666666666675
ID1_0496,ID,ID1,Site1,Maize,IDxMaize,2023-09-04 12:23:17.760,2023-09-04 12:23:29.478,00:00:11.718000,flesh_fly,Insecta,Diptera,Brachycera,Muscomorpha,Oestroidea,Sarcophagidae,#N/C,#N/C,#N/C,8.696344827586204,5.522551724137931,1.7546666666666675
ID1_0497,ID,ID1,Site1,Maize,IDxMaize,2023-09-04 12:41:08.261,2023-09-04 12:41:15.557,00:00:07.296000,flesh_fly,Insecta,Diptera,Brachycera,Muscomorpha,Oestroidea,Sarcophagidae,#N/C,#N/C,#N/C,8.696344827586204,5.522551724137931,1.7546666666666675
ID1_0499,ID,ID1,Site1,Maize,IDxMaize,2023-09-04 13:13:03.109,2023-09-04 13:14:27.842,00:01:24.733000,flesh_fly,Insecta,Diptera,Brachycera,Muscomorpha,Oestroidea,Sarcophagidae,#N/C,#N/C,#N/C,8.696344827586204,5.522551724137931,1.7546666666666675
ID1_0500,ID,ID1,Site1,Maize,IDxMaize,2023-09-04 13:14:30.677,2023-09-04 13:15:19.852,00:00:49.175000,flesh_fly,Insecta,Diptera,Brachycera,Muscomorpha,Oestroidea,Sarcophagidae,#N/C,#N/C,#N/C,8.696344827586204,5.522551724137931,1.7546666666666675
ID1_0503,ID,ID1,Site1,Maize,IDxMaize,2023-09-04 13:18:59.323,2023-09-04 13:19:08.026,00:00:08.703000,flesh_fly,Insecta,Diptera,Brachycera,Muscomorpha,Oestroidea,Sarcophagidae,#N/C,#N/C,#N/C,8.696344827586204,5.522551724137931,1.7546666666666675
ID1_0504,ID,ID1,Site1,Maize,IDxMaize,2023-09-04 13:20:59.797,2023-09-04 13:21:02.776,00:00:02.979000,flesh_fly,Insecta,Diptera,Brachycera,Muscomorpha,Oestroidea,Sarcophagidae,#N/C,#N/C,#N/C,8.696344827586204,5.522551724137931,1.7546666666666675
ID1_0505,ID,ID1,Site1,Maize,IDxMaize,2023-09-04 13:22:39.906,2023-09-04 13:23:10.526,00:00:30.620000,flesh_fly,Insecta,Diptera,Brachycera,Muscomorpha,Oestroidea,Sarcophagidae,#N/C,#N/C,#N/C,8.696344827586204,5.522551724137931,1.7546666666666675
ID1_0507,ID,ID1,Site1,Maize,IDxMaize,2023-09-04 14:11:32.350,2023-09-04 14:11:39.608,00:00:07.258000,other,Insecta,#N/C,#N/C,#N/C,#N/C,#N/C,#N/C,#N/C,#N/C,24.284088427947573,6.536784934497831,2.114448689956332
ID1_0514,ID,ID1,Site1,Maize,IDxMaize,2023-09-04 18:11:37.589,2023-09-04 18:12:03.710,00:00:26.121000,fly,Insecta,Diptera,Brachycera,#N/C,#N/C,#N/C,#N/C,#N/C,#N/C,8.4004979253112,5.45134854771784,1.7163070539419094
ID1_0516,ID,ID1,Site1,Maize,IDxMaize,2023-09-04 18:12:59.667,2023-09-04 18:13:14.010,00:00:14.343000,fly,Insecta,Diptera,Brachycera,#N/C,#N/C,#N/C,#N/C,#N/C,#N/C,8.4004979253112,5.45134854771784,1.7163070539419094
ID1_0517,ID,ID1,Site1,Maize,IDxMaize,2023-09-04 18:14:09.755,2023-09-04 18:14:15.533,00:00:05.778000,fly,Insecta,Diptera,Brachycera,#N/C,#N/C,#N/C,#N/C,#N/C,#N/C,8.4004979253112,5.45134854771784,1.7163070539419094
ID1_0519,ID,ID1,Site1,Maize,IDxMaize,2023-09-04 18:15:04.282,2023-09-04 18:15:11.543,00:00:07.261000,fly,Insecta,Diptera,Brachycera,#N/C,#N/C,#N/C,#N/C,#N/C,#N/C,8.4004979253112,5.45134854771784,1.7163070539419094
ID1_0526,ID,ID1,Site1,Maize,IDxMaize,2023-09-05 08:37:54.593,2023-09-05 08:38:09.106,00:00:14.513000,fly,Insecta,Diptera,Brachycera,#N/C,#N/C,#N/C,#N/C,#N/C,#N/C,8.4004979253112,5.45134854771784,1.7163070539419094
ID1_0527,ID,ID1,Site1,Maize,IDxMaize,2023-09-05 08:38:16.265,2023-09-05 08:39:15.756,00:00:59.491000,fly,Insecta,Diptera,Brachycera,#N/C,#N/C,#N/C,#N/C,#N/C,#N/C,8.4004979253112,5.45134854771784,1.7163070539419094
ID1_0535,ID,ID1,Site1,Maize,IDxMaize,2023-09-05 09:18:06.386,2023-09-05 09:18:12.246,00:00:05.860000,fly,Insecta,Diptera,Brachycera,#N/C,#N/C,#N/C,#N/C,#N/C,#N/C,8.4004979253112,5.45134854771784,1.7163070539419094
ID1_0540,ID,ID1,Site1,Maize,IDxMaize,2023-09-05 09:28:20.897,2023-09-05 09:28:29.472,00:00:08.575000,flesh_fly,Insecta,Diptera,Brachycera,Muscomorpha,Oestroidea,Sarcophagidae,#N/C,#N/C,#N/C,8.696344827586204,5.522551724137931,1.7546666666666675
ID1_0543,ID,ID1,Site1,Maize,IDxMaize,2023-09-05 09:35:27.779,2023-09-05 09:35:36.352,00:00:08.573000,other,Insecta,#N/C,#N/C,#N/C,#N/C,#N/C,#N/C,#N/C,#N/C,24.284088427947573,6.536784934497831,2.114448689956332
ID1_0546,ID,ID1,Site1,Maize,IDxMaize,2023-09-05 12:02:21.451,2023-09-05 12:02:28.705,00:00:07.254000,flesh_fly,Insecta,Diptera,Brachycera,Muscomorpha,Oestroidea,Sarcophagidae,#N/C,#N/C,#N/C,8.696344827586204,5.522551724137931,1.7546666666666675
ID1_0551,ID,ID1,Site1,Maize,IDxMaize,2023-09-05 12:08:28.791,2023-09-05 12:08:38.890,00:00:10.099000,fly,Insecta,Diptera,Brachycera,#N/C,#N/C,#N/C,#N/C,#N/C,#N/C,8.4004979253112,5.45134854771784,1.7163070539419094
ID1_0554,ID,ID1,Site1,Maize,IDxMaize,2023-09-05 12:12:39.101,2023-09-05 12:13:08.071,00:00:28.970000,fly,Insecta,Diptera,Brachycera,#N/C,#N/C,#N/C,#N/C,#N/C,#N/C,8.4004979253112,5.45134854771784,1.7163070539419094
ID1_0555,ID,ID1,Site1,Maize,IDxMaize,2023-09-05 12:13:19.446,2023-09-05 12:14:05.980,00:00:46.534000,flesh_fly,Insecta,Diptera,Brachycera,Muscomorpha,Oestroidea,Sarcophagidae,#N/C,#N/C,#N/C,8.696344827586204,5.522551724137931,1.7546666666666675
ID1_0556,ID,ID1,Site1,Maize,IDxMaize,2023-09-05 12:14:07.422,2023-09-05 12:17:14.979,00:03:07.557000,flesh_fly,Insecta,Diptera,Brachycera,Muscomorpha,Oestroidea,Sarcophagidae,#N/C,#N/C,#N/C,8.696344827586204,5.522551724137931,1.7546666666666675
ID1_0558,ID,ID1,Site1,Maize,IDxMaize,2023-09-05 12:21:37.083,2023-09-05 12:22:07.471,00:00:30.388000,fly,Insecta,Diptera,Brachycera,#N/C,#N/C,#N/C,#N/C,#N/C,#N/C,8.4004979253112,5.45134854771784,1.7163070539419094
ID1_0560,ID,ID1,Site1,Maize,IDxMaize,2023-09-05 12:23:58.593,2023-09-05 12:24:39.315,00:00:40.722000,flesh_fly,Insecta,Diptera,Brachycera,Muscomorpha,Oestroidea,Sarcophagidae,#N/C,#N/C,#N/C,8.696344827586204,5.522551724137931,1.7546666666666675
ID1_0561,ID,ID1,Site1,Maize,IDxMaize,2023-09-05 12:24:42.191,2023-09-05 12:24:53.751,00:00:11.560000,flesh_fly,Insecta,Diptera,Brachycera,Muscomorpha,Oestroidea,Sarcophagidae,#N/C,#N/C,#N/C,8.696344827586204,5.522551724137931,1.7546666666666675
ID1_0562,ID,ID1,Site1,Maize,IDxMaize,2023-09-05 12:26:57.667,2023-09-05 12:27:13.664,00:00:15.997000,other,Insecta,#N/C,#N/C,#N/C,#N/C,#N/C,#N/C,#N/C,#N/C,24.284088427947573,6.536784934497831,2.114448689956332
ID1_0563,ID,ID1,Site1,Maize,IDxMaize,2023-09-05 12:41:37.055,2023-09-05 12:41:45.861,00:00:08.806000,flesh_fly,Insecta,Diptera,Brachycera,Muscomorpha,Oestroidea,Sarcophagidae,#N/C,#N/C,#N/C,8.696344827586204,5.522551724137931,1.7546666666666675
ID1_0565,ID,ID1,Site1,Maize,IDxMaize,2023-09-05 13:15:17.763,2023-09-05 13:16:41.825,00:01:24.062000,flesh_fly,Insecta,Diptera,Brachycera,Muscomorpha,Oestroidea,Sarcophagidae,#N/C,#N/C,#N/C,8.696344827586204,5.522551724137931,1.7546666666666675
ID1_0566,ID,ID1,Site1,Maize,IDxMaize,2023-09-05 13:17:23.265,2023-09-05 13:17:29.086,00:00:05.821000,flesh_fly,Insecta,Diptera,Brachycera,Muscomorpha,Oestroidea,Sarcophagidae,#N/C,#N/C,#N/C,8.696344827586204,5.522551724137931,1.7546666666666675
ID1_0570,ID,ID1,Site1,Maize,IDxMaize,2023-09-05 17:01:54.914,2023-09-05 17:03:51.769,00:01:56.855000,fly,Insecta,Diptera,Brachycera,#N/C,#N/C,#N/C,#N/C,#N/C,#N/C,8.4004979253112,5.45134854771784,1.7163070539419094
ID1_0571,ID,ID1,Site1,Maize,IDxMaize,2023-09-05 17:04:47.416,2023-09-05 17:05:00.483,00:00:13.067000,fly,Insecta,Diptera,Brachycera,#N/C,#N/C,#N/C,#N/C,#N/C,#N/C,8.4004979253112,5.45134854771784,1.7163070539419094
ID1_0572,ID,ID1,Site1,Maize,IDxMaize,2023-09-05 17:24:45.676,2023-09-05 17:24:52.889,00:00:07.213000,fly,Insecta,Diptera,Brachycera,#N/C,#N/C,#N/C,#N/C,#N/C,#N/C,8.4004979253112,5.45134854771784,1.7163070539419094
ID1_0574,ID,ID1,Site1,Maize,IDxMaize,2023-09-05 18:09:12.294,2023-09-05 18:09:15.201,00:00:02.907000,fly,Insecta,Diptera,Brachycera,#N/C,#N/C,#N/C,#N/C,#N/C,#N/C,8.4004979253112,5.45134854771784,1.7163070539419094
ID1_0576,ID,ID1,Site1,Maize,IDxMaize,2023-09-05 19:38:10.814,2023-09-05 19:38:25.284,00:00:14.470000,fly,Insecta,Diptera,Brachycera,#N/C,#N/C,#N/C,#N/C,#N/C,#N/C,8.4004979253112,5.45134854771784,1.7163070539419094
ID1_0577,ID,ID1,Site1,Maize,IDxMaize,2023-09-05 19:38:33.897,2023-09-05 19:39:17.354,00:00:43.457000,fly,Insecta,Diptera,Brachycera,#N/C,#N/C,#N/C,#N/C,#N/C,#N/C,8.4004979253112,5.45134854771784,1.7163070539419094
ID1_0578,ID,ID1,Site1,Maize,IDxMaize,2023-09-05 19:39:53.094,2023-09-05 19:41:47.642,00:01:54.548000,fly,Insecta,Diptera,Brachycera,#N/C,#N/C,#N/C,#N/C,#N/C,#N/C,8.4004979253112,5.45134854771784,1.7163070539419094
ID1_0591,ID,ID1,Site1,Maize,IDxMaize,2023-09-06 12:35:15.450,2023-09-06 12:35:31.241,00:00:15.791000,fly,Insecta,Diptera,Brachycera,#N/C,#N/C,#N/C,#N/C,#N/C,#N/C,8.4004979253112,5.45134854771784,1.7163070539419094
ID1_0592,ID,ID1,Site1,Maize,IDxMaize,2023-09-06 12:35:35.503,2023-09-06 12:35:48.487,00:00:12.984000,fly,Insecta,Diptera,Brachycera,#N/C,#N/C,#N/C,#N/C,#N/C,#N/C,8.4004979253112,5.45134854771784,1.7163070539419094
ID1_0595,ID,ID1,Site1,Maize,IDxMaize,2023-09-06 13:11:47.590,2023-09-06 13:12:09.344,00:00:21.754000,flesh_fly,Insecta,Diptera,Brachycera,Muscomorpha,Oestroidea,Sarcophagidae,#N/C,#N/C,#N/C,8.696344827586204,5.522551724137931,1.7546666666666675
ID1_0596,ID,ID1,Site1,Maize,IDxMaize,2023-09-06 13:12:00.712,2023-09-06 13:12:03.622,00:00:02.910000,fly,Insecta,Diptera,Brachycera,#N/C,#N/C,#N/C,#N/C,#N/C,#N/C,8.4004979253112,5.45134854771784,1.7163070539419094
ID1_0598,ID,ID1,Site1,Maize,IDxMaize,2023-09-06 13:14:17.994,2023-09-06 13:14:32.393,00:00:14.399000,flesh_fly,Insecta,Diptera,Brachycera,Muscomorpha,Oestroidea,Sarcophagidae,#N/C,#N/C,#N/C,8.696344827586204,5.522551724137931,1.7546666666666675
ID1_0600,ID,ID1,Site1,Maize,IDxMaize,2023-09-06 14:18:08.682,2023-09-06 14:18:25.975,00:00:17.293000,fly,Insecta,Diptera,Brachycera,#N/C,#N/C,#N/C,#N/C,#N/C,#N/C,8.4004979253112,5.45134854771784,1.7163070539419094
ID1_0623,ID,ID1,Site1,Maize,IDxMaize,2023-09-07 09:41:14.904,2023-09-07 09:41:17.763,00:00:02.859000,flesh_fly,Insecta,Diptera,Brachycera,Muscomorpha,Oestroidea,Sarcophagidae,#N/C,#N/C,#N/C,8.696344827586204,5.522551724137931,1.7546666666666675
ID1_0625,ID,ID1,Site1,Maize,IDxMaize,2023-09-07 12:09:06.250,2023-09-07 12:09:22.089,00:00:15.839000,fly,Insecta,Diptera,Brachycera,#N/C,#N/C,#N/C,#N/C,#N/C,#N/C,8.4004979253112,5.45134854771784,1.7163070539419094
ID1_0626,ID,ID1,Site1,Maize,IDxMaize,2023-09-07 12:10:21.824,2023-09-07 12:10:29.060,00:00:07.236000,flesh_fly,Insecta,Diptera,Brachycera,Muscomorpha,Oestroidea,Sarcophagidae,#N/C,#N/C,#N/C,8.696344827586204,5.522551724137931,1.7546666666666675
ID1_0629,ID,ID1,Site1,Maize,IDxMaize,2023-09-07 12:39:52.523,2023-09-07 12:40:20.153,00:00:27.630000,flesh_fly,Insecta,Diptera,Brachycera,Muscomorpha,Oestroidea,Sarcophagidae,#N/C,#N/C,#N/C,8.696344827586204,5.522551724137931,1.7546666666666675
ID1_0631,ID,ID1,Site1,Maize,IDxMaize,2023-09-07 13:34:23.816,2023-09-07 13:34:33.933,00:00:10.117000,flesh_fly,Insecta,Diptera,Brachycera,Muscomorpha,Oestroidea,Sarcophagidae,#N/C,#N/C,#N/C,8.696344827586204,5.522551724137931,1.7546666666666675
ID1_0636,ID,ID1,Site1,Maize,IDxMaize,2023-09-07 17:37:05.891,2023-09-07 17:37:08.786,00:00:02.895000,fly,Insecta,Diptera,Brachycera,#N/C,#N/C,#N/C,#N/C,#N/C,#N/C,8.4004979253112,5.45134854771784,1.7163070539419094
ID1_0640,ID,ID1,Site1,Maize,IDxMaize,2023-09-07 19:36:41.483,2023-09-07 19:36:44.386,00:00:02.903000,fly,Insecta,Diptera,Brachycera,#N/C,#N/C,#N/C,#N/C,#N/C,#N/C,8.4004979253112,5.45134854771784,1.7163070539419094
ID1_0653,ID,ID1,Site1,Maize,IDxMaize,2023-09-08 13:34:11.145,2023-09-08 13:34:28.483,00:00:17.338000,fly,Insecta,Diptera,Brachycera,#N/C,#N/C,#N/C,#N/C,#N/C,#N/C,8.4004979253112,5.45134854771784,1.7163070539419094
ID1_0655,ID,ID1,Site1,Maize,IDxMaize,2023-09-08 14:12:17.364,2023-09-08 14:12:33.016,00:00:15.652000,flesh_fly,Insecta,Diptera,Brachycera,Muscomorpha,Oestroidea,Sarcophagidae,#N/C,#N/C,#N/C,8.696344827586204,5.522551724137931,1.7546666666666675
ID1_0679,ID,ID1,Site1,Maize,IDxMaize,2023-09-09 07:11:06.400,2023-09-09 07:11:16.505,00:00:10.105000,fly,Insecta,Diptera,Brachycera,#N/C,#N/C,#N/C,#N/C,#N/C,#N/C,8.4004979253112,5.45134854771784,1.7163070539419094
ID1_0683,ID,ID1,Site1,Maize,IDxMaize,2023-09-09 09:26:26.012,2023-09-09 09:27:13.803,00:00:47.791000,fly,Insecta,Diptera,Brachycera,#N/C,#N/C,#N/C,#N/C,#N/C,#N/C,8.4004979253112,5.45134854771784,1.7163070539419094
ID1_0711,ID,ID1,Site1,Maize,IDxMaize,2023-09-09 18:33:15.909,2023-09-09 18:33:25.977,00:00:10.068000,fly,Insecta,Diptera,Brachycera,#N/C,#N/C,#N/C,#N/C,#N/C,#N/C,8.4004979253112,5.45134854771784,1.7163070539419094
ID1_0713,ID,ID1,Site1,Maize,IDxMaize,2023-09-09 19:24:48.093,2023-09-09 19:24:51.011,00:00:02.918000,fly,Insecta,Diptera,Brachycera,#N/C,#N/C,#N/C,#N/C,#N/C,#N/C,8.4004979253112,5.45134854771784,1.7163070539419094
ID1_0714,ID,ID1,Site1,Maize,IDxMaize,2023-09-09 19:40:19.603,2023-09-09 19:40:39.756,00:00:20.153000,fly,Insecta,Diptera,Brachycera,#N/C,#N/C,#N/C,#N/C,#N/C,#N/C,8.4004979253112,5.45134854771784,1.7163070539419094
ID1_0715,ID,ID1,Site1,Maize,IDxMaize,2023-09-09 19:40:52.604,2023-09-09 19:41:22.944,00:00:30.340000,fly,Insecta,Diptera,Brachycera,#N/C,#N/C,#N/C,#N/C,#N/C,#N/C,8.4004979253112,5.45134854771784,1.7163070539419094
ID1_0721,ID,ID1,Site1,Maize,IDxMaize,2023-09-10 12:38:23.657,2023-09-10 12:38:35.333,00:00:11.676000,flesh_fly,Insecta,Diptera,Brachycera,Muscomorpha,Oestroidea,Sarcophagidae,#N/C,#N/C,#N/C,8.696344827586204,5.522551724137931,1.7546666666666675
ID1_0733,ID,ID1,Site1,Maize,IDxMaize,2023-09-10 17:03:32.321,2023-09-10 17:03:39.601,00:00:07.280000,fly,Insecta,Diptera,Brachycera,#N/C,#N/C,#N/C,#N/C,#N/C,#N/C,8.4004979253112,5.45134854771784,1.7163070539419094
ID1_0734,ID,ID1,Site1,Maize,IDxMaize,2023-09-10 17:23:17.904,2023-09-10 17:23:49.707,00:00:31.803000,hoverfly,Insecta,Diptera,Brachycera,Muscomorpha,Syrphoidea,Syrphidae,Syrphinae,#N/C,#N/C,12.29572580645161,7.508467741935483,2.1483064516129025
ID1_0735,ID,ID1,Site1,Maize,IDxMaize,2023-09-10 17:26:02.899,2023-09-10 17:26:05.776,00:00:02.877000,fly,Insecta,Diptera,Brachycera,#N/C,#N/C,#N/C,#N/C,#N/C,#N/C,8.4004979253112,5.45134854771784,1.7163070539419094
ID1_0736,ID,ID1,Site1,Maize,IDxMaize,2023-09-10 17:36:37.302,2023-09-10 17:36:51.903,00:00:14.601000,fly,Insecta,Diptera,Brachycera,#N/C,#N/C,#N/C,#N/C,#N/C,#N/C,8.4004979253112,5.45134854771784,1.7163070539419094
ID1_0738,ID,ID1,Site1,Maize,IDxMaize,2023-09-10 18:08:09.307,2023-09-10 18:08:25.213,00:00:15.906000,fly,Insecta,Diptera,Brachycera,#N/C,#N/C,#N/C,#N/C,#N/C,#N/C,8.4004979253112,5.45134854771784,1.7163070539419094
ID1_0740,ID,ID1,Site1,Maize,IDxMaize,2023-09-10 19:04:50.383,2023-09-10 19:05:47.836,00:00:57.453000,fly,Insecta,Diptera,Brachycera,#N/C,#N/C,#N/C,#N/C,#N/C,#N/C,8.4004979253112,5.45134854771784,1.7163070539419094
ID1_0745,ID,ID1,Site1,Maize,IDxMaize,2023-09-10 19:32:41.752,2023-09-10 19:32:54.730,00:00:12.978000,fly,Insecta,Diptera,Brachycera,#N/C,#N/C,#N/C,#N/C,#N/C,#N/C,8.4004979253112,5.45134854771784,1.7163070539419094
ID1_0746,ID,ID1,Site1,Maize,IDxMaize,2023-09-10 19:41:10.599,2023-09-10 19:41:20.776,00:00:10.177000,fly,Insecta,Diptera,Brachycera,#N/C,#N/C,#N/C,#N/C,#N/C,#N/C,8.4004979253112,5.45134854771784,1.7163070539419094
ID1_0747,ID,ID1,Site1,Maize,IDxMaize,2023-09-10 19:42:12.005,2023-09-10 19:42:14.883,00:00:02.878000,fly,Insecta,Diptera,Brachycera,#N/C,#N/C,#N/C,#N/C,#N/C,#N/C,8.4004979253112,5.45134854771784,1.7163070539419094
ID1_0758,ID,ID1,Site1,Maize,IDxMaize,2023-09-11 09:34:11.900,2023-09-11 09:34:42.355,00:00:30.455000,fly,Insecta,Diptera,Brachycera,#N/C,#N/C,#N/C,#N/C,#N/C,#N/C,8.4004979253112,5.45134854771784,1.7163070539419094
ID1_0759,ID,ID1,Site1,Maize,IDxMaize,2023-09-11 09:35:19.512,2023-09-11 09:35:34.004,00:00:14.492000,fly,Insecta,Diptera,Brachycera,#N/C,#N/C,#N/C,#N/C,#N/C,#N/C,8.4004979253112,5.45134854771784,1.7163070539419094
ID1_0788,ID,ID1,Site1,Maize,IDxMaize,2023-09-11 17:37:14.881,2023-09-11 17:37:24.977,00:00:10.096000,fly,Insecta,Diptera,Brachycera,#N/C,#N/C,#N/C,#N/C,#N/C,#N/C,8.4004979253112,5.45134854771784,1.7163070539419094
ID1_0799,ID,ID1,Site1,Maize,IDxMaize,2023-09-12 13:37:33.922,2023-09-12 13:37:48.342,00:00:14.420000,fly,Insecta,Diptera,Brachycera,#N/C,#N/C,#N/C,#N/C,#N/C,#N/C,8.4004979253112,5.45134854771784,1.7163070539419094
ID1_0817,ID,ID1,Site1,Maize,IDxMaize,2023-09-12 18:12:50.147,2023-09-12 18:13:01.555,00:00:11.408000,fly,Insecta,Diptera,Brachycera,#N/C,#N/C,#N/C,#N/C,#N/C,#N/C,8.4004979253112,5.45134854771784,1.7163070539419094
ID1_0818,ID,ID1,Site1,Maize,IDxMaize,2023-09-12 18:31:55.167,2023-09-12 18:32:12.205,00:00:17.038000,fly,Insecta,Diptera,Brachycera,#N/C,#N/C,#N/C,#N/C,#N/C,#N/C,8.4004979253112,5.45134854771784,1.7163070539419094
ID1_0819,ID,ID1,Site1,Maize,IDxMaize,2023-09-12 18:33:43.590,2023-09-12 18:35:09.214,00:01:25.624000,fly,Insecta,Diptera,Brachycera,#N/C,#N/C,#N/C,#N/C,#N/C,#N/C,8.4004979253112,5.45134854771784,1.7163070539419094
ID1_0821,ID,ID1,Site1,Maize,IDxMaize,2023-09-12 19:31:19.372,2023-09-12 19:32:25.936,00:01:06.564000,fly,Insecta,Diptera,Brachycera,#N/C,#N/C,#N/C,#N/C,#N/C,#N/C,8.4004979253112,5.45134854771784,1.7163070539419094
ID1_0822,ID,ID1,Site1,Maize,IDxMaize,2023-09-12 19:32:38.723,2023-09-12 19:32:50.045,00:00:11.322000,fly,Insecta,Diptera,Brachycera,#N/C,#N/C,#N/C,#N/C,#N/C,#N/C,8.4004979253112,5.45134854771784,1.7163070539419094
ID1_0823,ID,ID1,Site1,Maize,IDxMaize,2023-09-12 19:33:08.267,2023-09-12 19:33:13.955,00:00:05.688000,fly,Insecta,Diptera,Brachycera,#N/C,#N/C,#N/C,#N/C,#N/C,#N/C,8.4004979253112,5.45134854771784,1.7163070539419094
ID1_0824,ID,ID1,Site1,Maize,IDxMaize,2023-09-12 19:34:35.391,2023-09-12 19:35:09.541,00:00:34.150000,fly,Insecta,Diptera,Brachycera,#N/C,#N/C,#N/C,#N/C,#N/C,#N/C,8.4004979253112,5.45134854771784,1.7163070539419094
ID1_0825,ID,ID1,Site1,Maize,IDxMaize,2023-09-12 19:35:26.476,2023-09-12 19:35:47.725,00:00:21.249000,fly,Insecta,Diptera,Brachycera,#N/C,#N/C,#N/C,#N/C,#N/C,#N/C,8.4004979253112,5.45134854771784,1.7163070539419094
ID1_0826,ID,ID1,Site1,Maize,IDxMaize,2023-09-12 19:36:29.920,2023-09-12 19:36:38.385,00:00:08.465000,fly,Insecta,Diptera,Brachycera,#N/C,#N/C,#N/C,#N/C,#N/C,#N/C,8.4004979253112,5.45134854771784,1.7163070539419094
ID1_0828,ID,ID1,Site1,Maize,IDxMaize,2023-09-13 09:08:50.995,2023-09-13 09:16:00.566,00:07:09.571000,hoverfly,Insecta,Diptera,Brachycera,Muscomorpha,Syrphoidea,Syrphidae,Syrphinae,Episyrphus,balteatus,12.29572580645161,7.508467741935483,2.1483064516129025
ID1_0830,ID,ID1,Site1,Maize,IDxMaize,2023-09-13 09:19:35.537,2023-09-13 09:21:59.567,00:02:24.030000,hoverfly,Insecta,Diptera,Brachycera,Muscomorpha,Syrphoidea,Syrphidae,Syrphinae,Episyrphus,balteatus,12.29572580645161,7.508467741935483,2.1483064516129025
ID1_0832,ID,ID1,Site1,Maize,IDxMaize,2023-09-13 09:25:19.595,2023-09-13 09:25:22.486,00:00:02.891000,flesh_fly,Insecta,Diptera,Brachycera,Muscomorpha,Oestroidea,Sarcophagidae,#N/C,#N/C,#N/C,8.696344827586204,5.522551724137931,1.7546666666666675
ID1_0833,ID,ID1,Site1,Maize,IDxMaize,2023-09-13 09:25:30.924,2023-09-13 09:26:06.595,00:00:35.671000,flesh_fly,Insecta,Diptera,Brachycera,Muscomorpha,Oestroidea,Sarcophagidae,#N/C,#N/C,#N/C,8.696344827586204,5.522551724137931,1.7546666666666675
ID1_0834,ID,ID1,Site1,Maize,IDxMaize,2023-09-13 12:03:16.399,2023-09-13 12:03:51.954,00:00:35.555000,fly,Insecta,Diptera,Brachycera,#N/C,#N/C,#N/C,#N/C,#N/C,#N/C,8.4004979253112,5.45134854771784,1.7163070539419094
ID1_0837,ID,ID1,Site1,Maize,IDxMaize,2023-09-13 12:17:12.883,2023-09-13 12:17:21.419,00:00:08.536000,fly,Insecta,Diptera,Brachycera,#N/C,#N/C,#N/C,#N/C,#N/C,#N/C,8.4004979253112,5.45134854771784,1.7163070539419094
ID1_0838,ID,ID1,Site1,Maize,IDxMaize,2023-09-13 12:19:19.154,2023-09-13 12:21:27.584,00:02:08.430000,fly,Insecta,Diptera,Brachycera,#N/C,#N/C,#N/C,#N/C,#N/C,#N/C,8.4004979253112,5.45134854771784,1.7163070539419094
ID1_0839,ID,ID1,Site1,Maize,IDxMaize,2023-09-13 12:21:37.421,2023-09-13 12:24:04.491,00:02:27.070000,fly,Insecta,Diptera,Brachycera,#N/C,#N/C,#N/C,#N/C,#N/C,#N/C,8.4004979253112,5.45134854771784,1.7163070539419094
ID1_0840,ID,ID1,Site1,Maize,IDxMaize,2023-09-13 12:24:07.325,2023-09-13 12:25:38.694,00:01:31.369000,fly,Insecta,Diptera,Brachycera,#N/C,#N/C,#N/C,#N/C,#N/C,#N/C,8.4004979253112,5.45134854771784,1.7163070539419094
ID1_0841,ID,ID1,Site1,Maize,IDxMaize,2023-09-13 12:25:43.011,2023-09-13 12:29:44.130,00:04:01.119000,fly,Insecta,Diptera,Brachycera,#N/C,#N/C,#N/C,#N/C,#N/C,#N/C,8.4004979253112,5.45134854771784,1.7163070539419094
ID1_0842,ID,ID1,Site1,Maize,IDxMaize,2023-09-13 12:29:13.863,2023-09-13 12:30:10.082,00:00:56.219000,flesh_fly,Insecta,Diptera,Brachycera,Muscomorpha,Oestroidea,Sarcophagidae,#N/C,#N/C,#N/C,8.696344827586204,5.522551724137931,1.7546666666666675
ID1_0843,ID,ID1,Site1,Maize,IDxMaize,2023-09-13 12:30:01.362,2023-09-13 12:30:10.108,00:00:08.746000,fly,Insecta,Diptera,Brachycera,#N/C,#N/C,#N/C,#N/C,#N/C,#N/C,8.4004979253112,5.45134854771784,1.7163070539419094
ID1_0844,ID,ID1,Site1,Maize,IDxMaize,2023-09-13 12:30:11.516,2023-09-13 12:32:37.730,00:02:26.214000,flesh_fly,Insecta,Diptera,Brachycera,Muscomorpha,Oestroidea,Sarcophagidae,#N/C,#N/C,#N/C,8.696344827586204,5.522551724137931,1.7546666666666675
ID1_0845,ID,ID1,Site1,Maize,IDxMaize,2023-09-13 12:30:17.388,2023-09-13 12:30:57.985,00:00:40.597000,fly,Insecta,Diptera,Brachycera,#N/C,#N/C,#N/C,#N/C,#N/C,#N/C,8.4004979253112,5.45134854771784,1.7163070539419094
ID1_0846,ID,ID1,Site1,Maize,IDxMaize,2023-09-13 12:31:12.230,2023-09-13 12:32:37.750,00:01:25.520000,fly,Insecta,Diptera,Brachycera,#N/C,#N/C,#N/C,#N/C,#N/C,#N/C,8.4004979253112,5.45134854771784,1.7163070539419094
ID1_0847,ID,ID1,Site1,Maize,IDxMaize,2023-09-13 12:32:39.162,2023-09-13 12:33:47.593,00:01:08.431000,flesh_fly,Insecta,Diptera,Brachycera,Muscomorpha,Oestroidea,Sarcophagidae,#N/C,#N/C,#N/C,8.696344827586204,5.522551724137931,1.7546666666666675
ID1_0848,ID,ID1,Site1,Maize,IDxMaize,2023-09-13 12:34:46.534,2023-09-13 12:34:55.085,00:00:08.551000,fly,Insecta,Diptera,Brachycera,#N/C,#N/C,#N/C,#N/C,#N/C,#N/C,8.4004979253112,5.45134854771784,1.7163070539419094
ID1_0849,ID,ID1,Site1,Maize,IDxMaize,2023-09-13 12:34:57.886,2023-09-13 12:35:23.586,00:00:25.700000,fly,Insecta,Diptera,Brachycera,#N/C,#N/C,#N/C,#N/C,#N/C,#N/C,8.4004979253112,5.45134854771784,1.7163070539419094
ID1_0850,ID,ID1,Site1,Maize,IDxMaize,2023-09-13 12:35:26.425,2023-09-13 12:36:09.305,00:00:42.880000,fly,Insecta,Diptera,Brachycera,#N/C,#N/C,#N/C,#N/C,#N/C,#N/C,8.4004979253112,5.45134854771784,1.7163070539419094
ID1_0851,ID,ID1,Site1,Maize,IDxMaize,2023-09-13 13:03:15.794,2023-09-13 13:04:23.253,00:01:07.459000,flesh_fly,Insecta,Diptera,Brachycera,Muscomorpha,Oestroidea,Sarcophagidae,#N/C,#N/C,#N/C,8.696344827586204,5.522551724137931,1.7546666666666675
ID1_0852,ID,ID1,Site1,Maize,IDxMaize,2023-09-13 13:04:26.080,2023-09-13 13:04:43.285,00:00:17.205000,flesh_fly,Insecta,Diptera,Brachycera,Muscomorpha,Oestroidea,Sarcophagidae,#N/C,#N/C,#N/C,8.696344827586204,5.522551724137931,1.7546666666666675
ID1_0853,ID,ID1,Site1,Maize,IDxMaize,2023-09-13 13:04:46.098,2023-09-13 13:04:56.151,00:00:10.053000,flesh_fly,Insecta,Diptera,Brachycera,Muscomorpha,Oestroidea,Sarcophagidae,#N/C,#N/C,#N/C,8.696344827586204,5.522551724137931,1.7546666666666675
ID1_0854,ID,ID1,Site1,Maize,IDxMaize,2023-09-13 13:05:00.384,2023-09-13 13:06:53.523,00:01:53.139000,flesh_fly,Insecta,Diptera,Brachycera,Muscomorpha,Oestroidea,Sarcophagidae,#N/C,#N/C,#N/C,8.696344827586204,5.522551724137931,1.7546666666666675
ID1_0855,ID,ID1,Site1,Maize,IDxMaize,2023-09-13 13:07:17.632,2023-09-13 13:11:15.343,00:03:57.711000,flesh_fly,Insecta,Diptera,Brachycera,Muscomorpha,Oestroidea,Sarcophagidae,#N/C,#N/C,#N/C,8.696344827586204,5.522551724137931,1.7546666666666675
ID1_0856,ID,ID1,Site1,Maize,IDxMaize,2023-09-13 13:11:16.834,2023-09-13 13:13:13.971,00:01:57.137000,flesh_fly,Insecta,Diptera,Brachycera,Muscomorpha,Oestroidea,Sarcophagidae,#N/C,#N/C,#N/C,8.696344827586204,5.522551724137931,1.7546666666666675
ID1_0857,ID,ID1,Site1,Maize,IDxMaize,2023-09-13 13:13:16.793,2023-09-13 13:16:50.530,00:03:33.737000,flesh_fly,Insecta,Diptera,Brachycera,Muscomorpha,Oestroidea,Sarcophagidae,#N/C,#N/C,#N/C,8.696344827586204,5.522551724137931,1.7546666666666675
ID1_0858,ID,ID1,Site1,Maize,IDxMaize,2023-09-13 13:16:53.324,2023-09-13 13:17:34.966,00:00:41.642000,flesh_fly,Insecta,Diptera,Brachycera,Muscomorpha,Oestroidea,Sarcophagidae,#N/C,#N/C,#N/C,8.696344827586204,5.522551724137931,1.7546666666666675
ID1_0859,ID,ID1,Site1,Maize,IDxMaize,2023-09-13 13:17:44.754,2023-09-13 13:18:19.050,00:00:34.296000,flesh_fly,Insecta,Diptera,Brachycera,Muscomorpha,Oestroidea,Sarcophagidae,#N/C,#N/C,#N/C,8.696344827586204,5.522551724137931,1.7546666666666675
ID1_0860,ID,ID1,Site1,Maize,IDxMaize,2023-09-13 13:18:17.621,2023-09-13 13:18:50.724,00:00:33.103000,flesh_fly,Insecta,Diptera,Brachycera,Muscomorpha,Oestroidea,Sarcophagidae,#N/C,#N/C,#N/C,8.696344827586204,5.522551724137931,1.7546666666666675
ID1_0861,ID,ID1,Site1,Maize,IDxMaize,2023-09-13 13:18:52.165,2023-09-13 13:19:18.062,00:00:25.897000,flesh_fly,Insecta,Diptera,Brachycera,Muscomorpha,Oestroidea,Sarcophagidae,#N/C,#N/C,#N/C,8.696344827586204,5.522551724137931,1.7546666666666675
ID1_0862,ID,ID1,Site1,Maize,IDxMaize,2023-09-13 13:19:20.923,2023-09-13 13:20:09.827,00:00:48.904000,flesh_fly,Insecta,Diptera,Brachycera,Muscomorpha,Oestroidea,Sarcophagidae,#N/C,#N/C,#N/C,8.696344827586204,5.522551724137931,1.7546666666666675
ID1_0863,ID,ID1,Site1,Maize,IDxMaize,2023-09-13 13:21:33.292,2023-09-13 13:22:26.223,00:00:52.931000,flesh_fly,Insecta,Diptera,Brachycera,Muscomorpha,Oestroidea,Sarcophagidae,#N/C,#N/C,#N/C,8.696344827586204,5.522551724137931,1.7546666666666675
ID1_0865,ID,ID1,Site1,Maize,IDxMaize,2023-09-13 14:06:54.444,2023-09-13 14:07:01.684,00:00:07.240000,flesh_fly,Insecta,Diptera,Brachycera,Muscomorpha,Oestroidea,Sarcophagidae,#N/C,#N/C,#N/C,8.696344827586204,5.522551724137931,1.7546666666666675
ID1_0866,ID,ID1,Site1,Maize,IDxMaize,2023-09-13 14:12:02.853,2023-09-13 14:12:54.243,00:00:51.390000,fly,Insecta,Diptera,Brachycera,#N/C,#N/C,#N/C,#N/C,#N/C,#N/C,8.4004979253112,5.45134854771784,1.7163070539419094
ID1_0867,ID,ID1,Site1,Maize,IDxMaize,2023-09-13 14:13:22.405,2023-09-13 14:13:25.243,00:00:02.838000,fly,Insecta,Diptera,Brachycera,#N/C,#N/C,#N/C,#N/C,#N/C,#N/C,8.4004979253112,5.45134854771784,1.7163070539419094
ID1_0868,ID,ID1,Site1,Maize,IDxMaize,2023-09-13 14:14:56.832,2023-09-13 14:15:06.776,00:00:09.944000,fly,Insecta,Diptera,Brachycera,#N/C,#N/C,#N/C,#N/C,#N/C,#N/C,8.4004979253112,5.45134854771784,1.7163070539419094
ID1_0869,ID,ID1,Site1,Maize,IDxMaize,2023-09-13 14:15:13.875,2023-09-13 14:15:30.981,00:00:17.106000,fly,Insecta,Diptera,Brachycera,#N/C,#N/C,#N/C,#N/C,#N/C,#N/C,8.4004979253112,5.45134854771784,1.7163070539419094
ID1_0870,ID,ID1,Site1,Maize,IDxMaize,2023-09-13 17:12:47.986,2023-09-13 17:13:03.593,00:00:15.607000,fly,Insecta,Diptera,Brachycera,#N/C,#N/C,#N/C,#N/C,#N/C,#N/C,8.4004979253112,5.45134854771784,1.7163070539419094
ID1_0871,ID,ID1,Site1,Maize,IDxMaize,2023-09-13 17:28:16.368,2023-09-13 17:28:35.085,00:00:18.717000,fly,Insecta,Diptera,Brachycera,#N/C,#N/C,#N/C,#N/C,#N/C,#N/C,8.4004979253112,5.45134854771784,1.7163070539419094
ID1_0872,ID,ID1,Site1,Maize,IDxMaize,2023-09-13 18:06:32.710,2023-09-13 18:06:44.204,00:00:11.494000,fly,Insecta,Diptera,Brachycera,#N/C,#N/C,#N/C,#N/C,#N/C,#N/C,8.4004979253112,5.45134854771784,1.7163070539419094
ID1_0873,ID,ID1,Site1,Maize,IDxMaize,2023-09-13 18:20:00.207,2023-09-13 18:20:08.842,00:00:08.635000,fly,Insecta,Diptera,Brachycera,#N/C,#N/C,#N/C,#N/C,#N/C,#N/C,8.4004979253112,5.45134854771784,1.7163070539419094
ID2_0001,ID,ID2,Site2,Maize,IDxMaize,2023-08-23 07:01:59.395,2023-08-23 07:02:23.813,00:00:24.418000,fly,Insecta,Diptera,Brachycera,#N/C,#N/C,#N/C,#N/C,#N/C,#N/C,8.4004979253112,5.45134854771784,1.7163070539419094
ID2_0002,ID,ID2,Site2,Maize,IDxMaize,2023-08-23 07:02:00.811,2023-08-23 07:02:13.802,00:00:12.991000,fly,Insecta,Diptera,Brachycera,#N/C,#N/C,#N/C,#N/C,#N/C,#N/C,8.4004979253112,5.45134854771784,1.7163070539419094
ID2_0003,ID,ID2,Site2,Maize,IDxMaize,2023-08-23 07:02:30.823,2023-08-23 07:02:39.390,00:00:08.567000,fly,Insecta,Diptera,Brachycera,#N/C,#N/C,#N/C,#N/C,#N/C,#N/C,8.4004979253112,5.45134854771784,1.7163070539419094
ID2_0004,ID,ID2,Site2,Maize,IDxMaize,2023-08-23 07:02:49.286,2023-08-23 07:08:04.566,00:05:15.280000,fly,Insecta,Diptera,Brachycera,#N/C,#N/C,#N/C,#N/C,#N/C,#N/C,8.4004979253112,5.45134854771784,1.7163070539419094
ID2_0006,ID,ID2,Site2,Maize,IDxMaize,2023-08-23 08:03:08.445,2023-08-23 08:03:11.267,00:00:02.822000,fly,Insecta,Diptera,Brachycera,#N/C,#N/C,#N/C,#N/C,#N/C,#N/C,8.4004979253112,5.45134854771784,1.7163070539419094
ID2_0007,ID,ID2,Site2,Maize,IDxMaize,2023-08-23 08:11:03.903,2023-08-23 08:11:06.733,00:00:02.830000,hoverfly,Insecta,Diptera,Brachycera,Muscomorpha,Syrphoidea,Syrphidae,Syrphinae,#N/C,#N/C,12.29572580645161,7.508467741935483,2.1483064516129025
ID2_0008,ID,ID2,Site2,Maize,IDxMaize,2023-08-23 09:00:28.931,2023-08-23 09:00:46.200,00:00:17.269000,fly,Insecta,Diptera,Brachycera,#N/C,#N/C,#N/C,#N/C,#N/C,#N/C,8.4004979253112,5.45134854771784,1.7163070539419094
ID2_0009,ID,ID2,Site2,Maize,IDxMaize,2023-08-23 09:14:14.472,2023-08-23 09:14:18.845,00:00:04.373000,hoverfly,Insecta,Diptera,Brachycera,Muscomorpha,Syrphoidea,Syrphidae,Syrphinae,Episyrphus,balteatus,12.29572580645161,7.508467741935483,2.1483064516129025
ID2_0010,ID,ID2,Site2,Maize,IDxMaize,2023-08-23 09:16:08.243,2023-08-23 09:16:13.892,00:00:05.649000,hoverfly,Insecta,Diptera,Brachycera,Muscomorpha,Syrphoidea,Syrphidae,Syrphinae,Episyrphus,balteatus,12.29572580645161,7.508467741935483,2.1483064516129025
ID2_0011,ID,ID2,Site2,Maize,IDxMaize,2023-08-23 09:16:15.327,2023-08-23 09:16:21.041,00:00:05.714000,hoverfly,Insecta,Diptera,Brachycera,Muscomorpha,Syrphoidea,Syrphidae,Syrphinae,Episyrphus,balteatus,12.29572580645161,7.508467741935483,2.1483064516129025
ID2_0012,ID,ID2,Site2,Maize,IDxMaize,2023-08-23 09:16:22.446,2023-08-23 09:16:32.484,00:00:10.038000,hoverfly,Insecta,Diptera,Brachycera,Muscomorpha,Syrphoidea,Syrphidae,Syrphinae,Episyrphus,balteatus,12.29572580645161,7.508467741935483,2.1483064516129025
ID2_0013,ID,ID2,Site2,Maize,IDxMaize,2023-08-23 09:22:33.191,2023-08-23 09:22:43.246,00:00:10.055000,fly,Insecta,Diptera,Brachycera,#N/C,#N/C,#N/C,#N/C,#N/C,#N/C,8.4004979253112,5.45134854771784,1.7163070539419094
ID2_0014,ID,ID2,Site2,Maize,IDxMaize,2023-08-23 09:23:08.582,2023-08-23 09:23:32.805,00:00:24.223000,fly,Insecta,Diptera,Brachycera,#N/C,#N/C,#N/C,#N/C,#N/C,#N/C,8.4004979253112,5.45134854771784,1.7163070539419094
ID2_0015,ID,ID2,Site2,Maize,IDxMaize,2023-08-23 09:26:15.778,2023-08-23 09:26:20.093,00:00:04.315000,fly,Insecta,Diptera,Brachycera,#N/C,#N/C,#N/C,#N/C,#N/C,#N/C,8.4004979253112,5.45134854771784,1.7163070539419094
ID2_0016,ID,ID2,Site2,Maize,IDxMaize,2023-08-23 09:28:50.614,2023-08-23 09:34:54.934,00:06:04.320000,fly,Insecta,Diptera,Brachycera,#N/C,#N/C,#N/C,#N/C,#N/C,#N/C,8.4004979253112,5.45134854771784,1.7163070539419094
ID2_0017,ID,ID2,Site2,Maize,IDxMaize,2023-08-23 09:29:24.956,2023-08-23 09:29:29.243,00:00:04.287000,fly,Insecta,Diptera,Brachycera,#N/C,#N/C,#N/C,#N/C,#N/C,#N/C,8.4004979253112,5.45134854771784,1.7163070539419094
ID2_0018,ID,ID2,Site2,Maize,IDxMaize,2023-08-23 09:29:32.116,2023-08-23 09:29:36.486,00:00:04.370000,fly,Insecta,Diptera,Brachycera,#N/C,#N/C,#N/C,#N/C,#N/C,#N/C,8.4004979253112,5.45134854771784,1.7163070539419094
ID2_0020,ID,ID2,Site2,Maize,IDxMaize,2023-08-23 09:30:29.560,2023-08-23 09:30:41.162,00:00:11.602000,fly,Insecta,Diptera,Brachycera,#N/C,#N/C,#N/C,#N/C,#N/C,#N/C,8.4004979253112,5.45134854771784,1.7163070539419094
ID2_0021,ID,ID2,Site2,Maize,IDxMaize,2023-08-23 09:30:42.586,2023-08-23 09:30:48.376,00:00:05.790000,fly,Insecta,Diptera,Brachycera,#N/C,#N/C,#N/C,#N/C,#N/C,#N/C,8.4004979253112,5.45134854771784,1.7163070539419094
ID2_0022,ID,ID2,Site2,Maize,IDxMaize,2023-08-23 09:36:06.884,2023-08-23 09:36:18.295,00:00:11.411000,fly,Insecta,Diptera,Brachycera,#N/C,#N/C,#N/C,#N/C,#N/C,#N/C,8.4004979253112,5.45134854771784,1.7163070539419094
ID2_0023,ID,ID2,Site2,Maize,IDxMaize,2023-08-23 09:37:01.946,2023-08-23 09:37:20.495,00:00:18.549000,fly,Insecta,Diptera,Brachycera,#N/C,#N/C,#N/C,#N/C,#N/C,#N/C,8.4004979253112,5.45134854771784,1.7163070539419094
ID2_0024,ID,ID2,Site2,Maize,IDxMaize,2023-08-23 09:37:21.914,2023-08-23 09:40:25.088,00:03:03.174000,fly,Insecta,Diptera,Brachycera,#N/C,#N/C,#N/C,#N/C,#N/C,#N/C,8.4004979253112,5.45134854771784,1.7163070539419094
ID2_0025,ID,ID2,Site2,Maize,IDxMaize,2023-08-23 09:38:37.736,2023-08-23 09:38:45.014,00:00:07.278000,fly,Insecta,Diptera,Brachycera,#N/C,#N/C,#N/C,#N/C,#N/C,#N/C,8.4004979253112,5.45134854771784,1.7163070539419094
ID2_0029,ID,ID2,Site2,Maize,IDxMaize,2023-08-23 12:16:41.603,2023-08-23 12:16:51.570,00:00:09.967000,fly,Insecta,Diptera,Brachycera,#N/C,#N/C,#N/C,#N/C,#N/C,#N/C,8.4004979253112,5.45134854771784,1.7163070539419094
ID2_0030,ID,ID2,Site2,Maize,IDxMaize,2023-08-23 12:32:59.561,2023-08-23 12:33:15.272,00:00:15.711000,hoverfly,Insecta,Diptera,Brachycera,Muscomorpha,Syrphoidea,Syrphidae,Syrphinae,Sphaerophoria,#N/C,12.29572580645161,7.508467741935483,2.1483064516129025
ID2_0031,ID,ID2,Site2,Maize,IDxMaize,2023-08-23 13:11:35.374,2023-08-23 13:11:55.324,00:00:19.950000,bee,Insecta,Hymenoptera,Apocrita,Aculeata,Apoidea,#N/C,#N/C,#N/C,#N/C,64.4823076923077,8.925897435897436,3.27948717948718
ID2_0038,ID,ID2,Site2,Maize,IDxMaize,2023-08-23 17:27:47.740,2023-08-23 17:28:45.100,00:00:57.360000,flesh_fly,Insecta,Diptera,Brachycera,Muscomorpha,Oestroidea,Sarcophagidae,#N/C,#N/C,#N/C,8.696344827586204,5.522551724137931,1.7546666666666675
ID2_0039,ID,ID2,Site2,Maize,IDxMaize,2023-08-23 17:32:58.853,2023-08-23 17:33:18.904,00:00:20.051000,hoverfly,Insecta,Diptera,Brachycera,Muscomorpha,Syrphoidea,Syrphidae,Syrphinae,Sphaerophoria,#N/C,12.29572580645161,7.508467741935483,2.1483064516129025
ID2_0040,ID,ID2,Site2,Maize,IDxMaize,2023-08-23 17:33:24.591,2023-08-23 17:33:34.587,00:00:09.996000,hoverfly,Insecta,Diptera,Brachycera,Muscomorpha,Syrphoidea,Syrphidae,Syrphinae,Sphaerophoria,#N/C,12.29572580645161,7.508467741935483,2.1483064516129025
ID2_0043,ID,ID2,Site2,Maize,IDxMaize,2023-08-24 07:09:07.096,2023-08-24 07:09:37.077,00:00:29.981000,fly,Insecta,Diptera,Brachycera,#N/C,#N/C,#N/C,#N/C,#N/C,#N/C,8.4004979253112,5.45134854771784,1.7163070539419094
ID2_0044,ID,ID2,Site2,Maize,IDxMaize,2023-08-24 07:11:39.435,2023-08-24 07:11:49.440,00:00:10.005000,fly,Insecta,Diptera,Brachycera,#N/C,#N/C,#N/C,#N/C,#N/C,#N/C,8.4004979253112,5.45134854771784,1.7163070539419094
ID2_0046,ID,ID2,Site2,Maize,IDxMaize,2023-08-24 08:10:41.063,2023-08-24 08:10:56.735,00:00:15.672000,fly,Insecta,Diptera,Brachycera,#N/C,#N/C,#N/C,#N/C,#N/C,#N/C,8.4004979253112,5.45134854771784,1.7163070539419094
ID2_0047,ID,ID2,Site2,Maize,IDxMaize,2023-08-24 08:10:58.146,2023-08-24 08:11:13.895,00:00:15.749000,fly,Insecta,Diptera,Brachycera,#N/C,#N/C,#N/C,#N/C,#N/C,#N/C,8.4004979253112,5.45134854771784,1.7163070539419094
ID2_0048,ID,ID2,Site2,Maize,IDxMaize,2023-08-24 08:34:16.115,2023-08-24 08:34:31.814,00:00:15.699000,fly,Insecta,Diptera,Brachycera,#N/C,#N/C,#N/C,#N/C,#N/C,#N/C,8.4004979253112,5.45134854771784,1.7163070539419094
ID2_0049,ID,ID2,Site2,Maize,IDxMaize,2023-08-24 09:06:18.023,2023-08-24 09:06:28.046,00:00:10.023000,flesh_fly,Insecta,Diptera,Brachycera,Muscomorpha,Oestroidea,Sarcophagidae,#N/C,#N/C,#N/C,8.696344827586204,5.522551724137931,1.7546666666666675
ID2_0050,ID,ID2,Site2,Maize,IDxMaize,2023-08-24 09:13:03.086,2023-08-24 09:13:44.464,00:00:41.378000,fly,Insecta,Diptera,Brachycera,#N/C,#N/C,#N/C,#N/C,#N/C,#N/C,8.4004979253112,5.45134854771784,1.7163070539419094
ID2_0052,ID,ID2,Site2,Maize,IDxMaize,2023-08-24 09:30:34.491,2023-08-24 09:30:41.663,00:00:07.172000,flesh_fly,Insecta,Diptera,Brachycera,Muscomorpha,Oestroidea,Sarcophagidae,#N/C,#N/C,#N/C,8.696344827586204,5.522551724137931,1.7546666666666675
ID2_0055,ID,ID2,Site2,Maize,IDxMaize,2023-08-24 14:24:50.145,2023-08-24 14:24:55.854,00:00:05.709000,wasp,Insecta,Hymenoptera,Apocrita,Aculeata,Vespoidea,Vespidae,#N/C,#N/C,#N/C,71.46,13.613333333333335,4.026666666666666
ID2_0056,ID,ID2,Site2,Maize,IDxMaize,2023-08-24 17:38:25.181,2023-08-24 17:38:35.185,00:00:10.004000,flesh_fly,Insecta,Diptera,Brachycera,Muscomorpha,Oestroidea,Sarcophagidae,#N/C,#N/C,#N/C,8.696344827586204,5.522551724137931,1.7546666666666675
ID2_0058,ID,ID2,Site2,Maize,IDxMaize,2023-08-24 18:10:27.994,2023-08-24 18:10:36.455,00:00:08.461000,fly,Insecta,Diptera,Brachycera,#N/C,#N/C,#N/C,#N/C,#N/C,#N/C,8.4004979253112,5.45134854771784,1.7163070539419094
ID2_0059,ID,ID2,Site2,Maize,IDxMaize,2023-08-24 18:19:32.756,2023-08-24 18:20:56.836,00:01:24.080000,fly,Insecta,Diptera,Brachycera,#N/C,#N/C,#N/C,#N/C,#N/C,#N/C,8.4004979253112,5.45134854771784,1.7163070539419094
ID2_0060,ID,ID2,Site2,Maize,IDxMaize,2023-08-24 18:27:56.355,2023-08-24 18:28:03.558,00:00:07.203000,fly,Insecta,Diptera,Brachycera,#N/C,#N/C,#N/C,#N/C,#N/C,#N/C,8.4004979253112,5.45134854771784,1.7163070539419094
ID2_0062,ID,ID2,Site2,Maize,IDxMaize,2023-08-24 18:30:38.109,2023-08-24 18:32:41.831,00:02:03.722000,fly,Insecta,Diptera,Brachycera,#N/C,#N/C,#N/C,#N/C,#N/C,#N/C,8.4004979253112,5.45134854771784,1.7163070539419094
ID2_0063,ID,ID2,Site2,Maize,IDxMaize,2023-08-24 18:31:26.743,2023-08-24 18:33:48.133,00:02:21.390000,fly,Insecta,Diptera,Brachycera,#N/C,#N/C,#N/C,#N/C,#N/C,#N/C,8.4004979253112,5.45134854771784,1.7163070539419094
ID2_0064,ID,ID2,Site2,Maize,IDxMaize,2023-08-24 18:33:04.675,2023-08-24 18:33:38.136,00:00:33.461000,fly,Insecta,Diptera,Brachycera,#N/C,#N/C,#N/C,#N/C,#N/C,#N/C,8.4004979253112,5.45134854771784,1.7163070539419094
ID2_0067,ID,ID2,Site2,Maize,IDxMaize,2023-08-24 18:34:21.966,2023-08-24 18:34:50.676,00:00:28.710000,fly,Insecta,Diptera,Brachycera,#N/C,#N/C,#N/C,#N/C,#N/C,#N/C,8.4004979253112,5.45134854771784,1.7163070539419094
ID2_0071,ID,ID2,Site2,Maize,IDxMaize,2023-08-24 19:29:17.545,2023-08-24 19:29:24.694,00:00:07.149000,fly,Insecta,Diptera,Brachycera,#N/C,#N/C,#N/C,#N/C,#N/C,#N/C,8.4004979253112,5.45134854771784,1.7163070539419094
ID2_0072,ID,ID2,Site2,Maize,IDxMaize,2023-08-24 19:39:27.365,2023-08-24 19:39:37.285,00:00:09.920000,fly,Insecta,Diptera,Brachycera,#N/C,#N/C,#N/C,#N/C,#N/C,#N/C,8.4004979253112,5.45134854771784,1.7163070539419094
ID2_0073,ID,ID2,Site2,Maize,IDxMaize,2023-08-25 07:23:44.764,2023-08-25 07:25:47.989,00:02:03.225000,fly,Insecta,Diptera,Brachycera,#N/C,#N/C,#N/C,#N/C,#N/C,#N/C,8.4004979253112,5.45134854771784,1.7163070539419094
ID2_0074,ID,ID2,Site2,Maize,IDxMaize,2023-08-25 07:36:33.024,2023-08-25 07:36:47.215,00:00:14.191000,fly,Insecta,Diptera,Brachycera,#N/C,#N/C,#N/C,#N/C,#N/C,#N/C,8.4004979253112,5.45134854771784,1.7163070539419094
ID2_0078,ID,ID2,Site2,Maize,IDxMaize,2023-08-25 09:03:33.002,2023-08-25 09:21:47.257,00:18:14.255000,fly,Insecta,Diptera,Brachycera,#N/C,#N/C,#N/C,#N/C,#N/C,#N/C,8.4004979253112,5.45134854771784,1.7163070539419094
ID2_0080,ID,ID2,Site2,Maize,IDxMaize,2023-08-25 09:04:21.345,2023-08-25 09:04:32.967,00:00:11.622000,fly,Insecta,Diptera,Brachycera,#N/C,#N/C,#N/C,#N/C,#N/C,#N/C,8.4004979253112,5.45134854771784,1.7163070539419094
ID2_0081,ID,ID2,Site2,Maize,IDxMaize,2023-08-25 09:08:05.617,2023-08-25 09:08:17.254,00:00:11.637000,fly,Insecta,Diptera,Brachycera,#N/C,#N/C,#N/C,#N/C,#N/C,#N/C,8.4004979253112,5.45134854771784,1.7163070539419094
ID2_0082,ID,ID2,Site2,Maize,IDxMaize,2023-08-25 09:19:23.651,2023-08-25 09:19:35.307,00:00:11.656000,fly,Insecta,Diptera,Brachycera,#N/C,#N/C,#N/C,#N/C,#N/C,#N/C,8.4004979253112,5.45134854771784,1.7163070539419094
ID2_0083,ID,ID2,Site2,Maize,IDxMaize,2023-08-25 09:19:39.650,2023-08-25 09:19:48.276,00:00:08.626000,fly,Insecta,Diptera,Brachycera,#N/C,#N/C,#N/C,#N/C,#N/C,#N/C,8.4004979253112,5.45134854771784,1.7163070539419094
ID2_0084,ID,ID2,Site2,Maize,IDxMaize,2023-08-25 09:20:14.128,2023-08-25 09:20:28.497,00:00:14.369000,fly,Insecta,Diptera,Brachycera,#N/C,#N/C,#N/C,#N/C,#N/C,#N/C,8.4004979253112,5.45134854771784,1.7163070539419094
ID2_0085,ID,ID2,Site2,Maize,IDxMaize,2023-08-25 09:20:44.115,2023-08-25 09:20:48.466,00:00:04.351000,fly,Insecta,Diptera,Brachycera,#N/C,#N/C,#N/C,#N/C,#N/C,#N/C,8.4004979253112,5.45134854771784,1.7163070539419094
ID2_0086,ID,ID2,Site2,Maize,IDxMaize,2023-08-25 09:21:02.731,2023-08-25 09:21:22.931,00:00:20.200000,fly,Insecta,Diptera,Brachycera,#N/C,#N/C,#N/C,#N/C,#N/C,#N/C,8.4004979253112,5.45134854771784,1.7163070539419094
ID2_0087,ID,ID2,Site2,Maize,IDxMaize,2023-08-25 09:22:58.977,2023-08-25 09:23:08.948,00:00:09.971000,fly,Insecta,Diptera,Brachycera,#N/C,#N/C,#N/C,#N/C,#N/C,#N/C,8.4004979253112,5.45134854771784,1.7163070539419094
ID2_0088,ID,ID2,Site2,Maize,IDxMaize,2023-08-25 09:29:07.116,2023-08-25 09:30:46.985,00:01:39.869000,hoverfly,Insecta,Diptera,Brachycera,Muscomorpha,Syrphoidea,Syrphidae,Syrphinae,Episyrphus,balteatus,12.29572580645161,7.508467741935483,2.1483064516129025
ID2_0090,ID,ID2,Site2,Maize,IDxMaize,2023-08-25 09:31:02.642,2023-08-25 09:31:25.663,00:00:23.021000,hoverfly,Insecta,Diptera,Brachycera,Muscomorpha,Syrphoidea,Syrphidae,Syrphinae,Episyrphus,balteatus,12.29572580645161,7.508467741935483,2.1483064516129025
ID2_0091,ID,ID2,Site2,Maize,IDxMaize,2023-08-25 09:31:19.949,2023-08-25 09:31:42.830,00:00:22.881000,fly,Insecta,Diptera,Brachycera,#N/C,#N/C,#N/C,#N/C,#N/C,#N/C,8.4004979253112,5.45134854771784,1.7163070539419094
ID2_0093,ID,ID2,Site2,Maize,IDxMaize,2023-08-25 12:03:45.319,2023-08-25 12:03:48.183,00:00:02.864000,fly,Insecta,Diptera,Brachycera,#N/C,#N/C,#N/C,#N/C,#N/C,#N/C,8.4004979253112,5.45134854771784,1.7163070539419094
ID2_0094,ID,ID2,Site2,Maize,IDxMaize,2023-08-25 12:04:21.956,2023-08-25 12:05:04.762,00:00:42.806000,fly,Insecta,Diptera,Brachycera,#N/C,#N/C,#N/C,#N/C,#N/C,#N/C,8.4004979253112,5.45134854771784,1.7163070539419094
ID2_0095,ID,ID2,Site2,Maize,IDxMaize,2023-08-25 12:11:10.115,2023-08-25 12:11:59.815,00:00:49.700000,fly,Insecta,Diptera,Brachycera,#N/C,#N/C,#N/C,#N/C,#N/C,#N/C,8.4004979253112,5.45134854771784,1.7163070539419094
ID2_0096,ID,ID2,Site2,Maize,IDxMaize,2023-08-25 12:12:06.956,2023-08-25 12:12:16.987,00:00:10.031000,fly,Insecta,Diptera,Brachycera,#N/C,#N/C,#N/C,#N/C,#N/C,#N/C,8.4004979253112,5.45134854771784,1.7163070539419094
ID2_0097,ID,ID2,Site2,Maize,IDxMaize,2023-08-25 12:34:46.142,2023-08-25 12:36:42.212,00:01:56.070000,flesh_fly,Insecta,Diptera,Brachycera,Muscomorpha,Oestroidea,Sarcophagidae,#N/C,#N/C,#N/C,8.696344827586204,5.522551724137931,1.7546666666666675
ID2_0098,ID,ID2,Site2,Maize,IDxMaize,2023-08-25 13:00:30.114,2023-08-25 13:01:55.975,00:01:25.861000,flesh_fly,Insecta,Diptera,Brachycera,Muscomorpha,Oestroidea,Sarcophagidae,#N/C,#N/C,#N/C,8.696344827586204,5.522551724137931,1.7546666666666675
ID2_0099,ID,ID2,Site2,Maize,IDxMaize,2023-08-25 13:01:09.993,2023-08-25 13:01:18.728,00:00:08.735000,fly,Insecta,Diptera,Brachycera,#N/C,#N/C,#N/C,#N/C,#N/C,#N/C,8.4004979253112,5.45134854771784,1.7163070539419094
ID2_0100,ID,ID2,Site2,Maize,IDxMaize,2023-08-25 13:02:00.195,2023-08-25 13:02:03.034,00:00:02.839000,flesh_fly,Insecta,Diptera,Brachycera,Muscomorpha,Oestroidea,Sarcophagidae,#N/C,#N/C,#N/C,8.696344827586204,5.522551724137931,1.7546666666666675
ID2_0101,ID,ID2,Site2,Maize,IDxMaize,2023-08-25 13:03:00.571,2023-08-25 13:08:51.295,00:05:50.724000,flesh_fly,Insecta,Diptera,Brachycera,Muscomorpha,Oestroidea,Sarcophagidae,#N/C,#N/C,#N/C,8.696344827586204,5.522551724137931,1.7546666666666675
ID2_0102,ID,ID2,Site2,Maize,IDxMaize,2023-08-25 13:04:30.741,2023-08-25 13:05:05.612,00:00:34.871000,flesh_fly,Insecta,Diptera,Brachycera,Muscomorpha,Oestroidea,Sarcophagidae,#N/C,#N/C,#N/C,8.696344827586204,5.522551724137931,1.7546666666666675
ID2_0103,ID,ID2,Site2,Maize,IDxMaize,2023-08-25 13:05:08.490,2023-08-25 13:07:08.187,00:01:59.697000,flesh_fly,Insecta,Diptera,Brachycera,Muscomorpha,Oestroidea,Sarcophagidae,#N/C,#N/C,#N/C,8.696344827586204,5.522551724137931,1.7546666666666675
ID2_0104,ID,ID2,Site2,Maize,IDxMaize,2023-08-25 13:08:52.722,2023-08-25 13:09:17.043,00:00:24.321000,flesh_fly,Insecta,Diptera,Brachycera,Muscomorpha,Oestroidea,Sarcophagidae,#N/C,#N/C,#N/C,8.696344827586204,5.522551724137931,1.7546666666666675
ID2_0105,ID,ID2,Site2,Maize,IDxMaize,2023-08-25 13:09:19.841,2023-08-25 13:09:24.145,00:00:04.304000,flesh_fly,Insecta,Diptera,Brachycera,Muscomorpha,Oestroidea,Sarcophagidae,#N/C,#N/C,#N/C,8.696344827586204,5.522551724137931,1.7546666666666675
ID2_0106,ID,ID2,Site2,Maize,IDxMaize,2023-08-25 13:09:25.574,2023-08-25 13:09:29.914,00:00:04.340000,flesh_fly,Insecta,Diptera,Brachycera,Muscomorpha,Oestroidea,Sarcophagidae,#N/C,#N/C,#N/C,8.696344827586204,5.522551724137931,1.7546666666666675
ID2_0107,ID,ID2,Site2,Maize,IDxMaize,2023-08-25 13:09:32.758,2023-08-25 13:09:55.656,00:00:22.898000,flesh_fly,Insecta,Diptera,Brachycera,Muscomorpha,Oestroidea,Sarcophagidae,#N/C,#N/C,#N/C,8.696344827586204,5.522551724137931,1.7546666666666675
ID2_0108,ID,ID2,Site2,Maize,IDxMaize,2023-08-25 13:09:57.190,2023-08-25 13:10:41.641,00:00:44.451000,flesh_fly,Insecta,Diptera,Brachycera,Muscomorpha,Oestroidea,Sarcophagidae,#N/C,#N/C,#N/C,8.696344827586204,5.522551724137931,1.7546666666666675
ID2_0109,ID,ID2,Site2,Maize,IDxMaize,2023-08-25 13:10:44.475,2023-08-25 13:10:54.503,00:00:10.028000,flesh_fly,Insecta,Diptera,Brachycera,Muscomorpha,Oestroidea,Sarcophagidae,#N/C,#N/C,#N/C,8.696344827586204,5.522551724137931,1.7546666666666675
ID2_0111,ID,ID2,Site2,Maize,IDxMaize,2023-08-25 13:11:56.360,2023-08-25 13:12:07.842,00:00:11.482000,flesh_fly,Insecta,Diptera,Brachycera,Muscomorpha,Oestroidea,Sarcophagidae,#N/C,#N/C,#N/C,8.696344827586204,5.522551724137931,1.7546666666666675
ID2_0112,ID,ID2,Site2,Maize,IDxMaize,2023-08-25 13:12:21.941,2023-08-25 13:13:04.936,00:00:42.995000,flesh_fly,Insecta,Diptera,Brachycera,Muscomorpha,Oestroidea,Sarcophagidae,#N/C,#N/C,#N/C,8.696344827586204,5.522551724137931,1.7546666666666675
ID2_0113,ID,ID2,Site2,Maize,IDxMaize,2023-08-25 13:13:06.414,2023-08-25 13:14:26.432,00:01:20.018000,flesh_fly,Insecta,Diptera,Brachycera,Muscomorpha,Oestroidea,Sarcophagidae,#N/C,#N/C,#N/C,8.696344827586204,5.522551724137931,1.7546666666666675
ID2_0114,ID,ID2,Site2,Maize,IDxMaize,2023-08-25 13:14:29.258,2023-08-25 13:16:20.815,00:01:51.557000,flesh_fly,Insecta,Diptera,Brachycera,Muscomorpha,Oestroidea,Sarcophagidae,#N/C,#N/C,#N/C,8.696344827586204,5.522551724137931,1.7546666666666675
ID2_0115,ID,ID2,Site2,Maize,IDxMaize,2023-08-25 13:16:23.606,2023-08-25 13:16:26.442,00:00:02.836000,flesh_fly,Insecta,Diptera,Brachycera,Muscomorpha,Oestroidea,Sarcophagidae,#N/C,#N/C,#N/C,8.696344827586204,5.522551724137931,1.7546666666666675
ID2_0116,ID,ID2,Site2,Maize,IDxMaize,2023-08-25 13:16:27.867,2023-08-25 13:17:32.182,00:01:04.315000,flesh_fly,Insecta,Diptera,Brachycera,Muscomorpha,Oestroidea,Sarcophagidae,#N/C,#N/C,#N/C,8.696344827586204,5.522551724137931,1.7546666666666675
ID2_0117,ID,ID2,Site2,Maize,IDxMaize,2023-08-25 13:17:34.970,2023-08-25 13:18:27.722,00:00:52.752000,flesh_fly,Insecta,Diptera,Brachycera,Muscomorpha,Oestroidea,Sarcophagidae,#N/C,#N/C,#N/C,8.696344827586204,5.522551724137931,1.7546666666666675
ID2_0118,ID,ID2,Site2,Maize,IDxMaize,2023-08-25 13:18:29.166,2023-08-25 13:18:49.260,00:00:20.094000,flesh_fly,Insecta,Diptera,Brachycera,Muscomorpha,Oestroidea,Sarcophagidae,#N/C,#N/C,#N/C,8.696344827586204,5.522551724137931,1.7546666666666675
ID2_0119,ID,ID2,Site2,Maize,IDxMaize,2023-08-25 13:18:50.702,2023-08-25 13:18:59.233,00:00:08.531000,flesh_fly,Insecta,Diptera,Brachycera,Muscomorpha,Oestroidea,Sarcophagidae,#N/C,#N/C,#N/C,8.696344827586204,5.522551724137931,1.7546666666666675
ID2_0120,ID,ID2,Site2,Maize,IDxMaize,2023-08-25 13:19:03.486,2023-08-25 13:19:17.805,00:00:14.319000,flesh_fly,Insecta,Diptera,Brachycera,Muscomorpha,Oestroidea,Sarcophagidae,#N/C,#N/C,#N/C,8.696344827586204,5.522551724137931,1.7546666666666675
ID2_0121,ID,ID2,Site2,Maize,IDxMaize,2023-08-25 13:22:09.057,2023-08-25 13:22:29.121,00:00:20.064000,flesh_fly,Insecta,Diptera,Brachycera,Muscomorpha,Oestroidea,Sarcophagidae,#N/C,#N/C,#N/C,8.696344827586204,5.522551724137931,1.7546666666666675
ID2_0123,ID,ID2,Site2,Maize,IDxMaize,2023-08-25 13:24:45.521,2023-08-25 13:32:58.344,00:08:12.823000,fly,Insecta,Diptera,Brachycera,#N/C,#N/C,#N/C,#N/C,#N/C,#N/C,8.4004979253112,5.45134854771784,1.7163070539419094
ID2_0124,ID,ID2,Site2,Maize,IDxMaize,2023-08-25 13:29:48.126,2023-08-25 13:30:38.925,00:00:50.799000,flesh_fly,Insecta,Diptera,Brachycera,Muscomorpha,Oestroidea,Sarcophagidae,#N/C,#N/C,#N/C,8.696344827586204,5.522551724137931,1.7546666666666675
ID2_0125,ID,ID2,Site2,Maize,IDxMaize,2023-08-25 13:34:07.382,2023-08-25 13:34:19.062,00:00:11.680000,fly,Insecta,Diptera,Brachycera,#N/C,#N/C,#N/C,#N/C,#N/C,#N/C,8.4004979253112,5.45134854771784,1.7163070539419094
ID2_0126,ID,ID2,Site2,Maize,IDxMaize,2023-08-25 13:34:10.273,2023-08-25 13:39:09.374,00:04:59.101000,fly,Insecta,Diptera,Brachycera,#N/C,#N/C,#N/C,#N/C,#N/C,#N/C,8.4004979253112,5.45134854771784,1.7163070539419094
ID2_0127,ID,ID2,Site2,Maize,IDxMaize,2023-08-25 13:34:10.291,2023-08-25 13:34:14.687,00:00:04.396000,fly,Insecta,Diptera,Brachycera,#N/C,#N/C,#N/C,#N/C,#N/C,#N/C,8.4004979253112,5.45134854771784,1.7163070539419094
ID2_0128,ID,ID2,Site2,Maize,IDxMaize,2023-08-25 13:34:16.154,2023-08-25 13:40:25.736,00:06:09.582000,fly,Insecta,Diptera,Brachycera,#N/C,#N/C,#N/C,#N/C,#N/C,#N/C,8.4004979253112,5.45134854771784,1.7163070539419094
ID2_0129,ID,ID2,Site2,Maize,IDxMaize,2023-08-25 13:35:17.219,2023-08-25 13:39:18.345,00:04:01.126000,fly,Insecta,Diptera,Brachycera,#N/C,#N/C,#N/C,#N/C,#N/C,#N/C,8.4004979253112,5.45134854771784,1.7163070539419094
ID2_0130,ID,ID2,Site2,Maize,IDxMaize,2023-08-25 13:36:52.697,2023-08-25 13:37:12.103,00:00:19.406000,wasp,Insecta,Hymenoptera,Apocrita,Aculeata,Vespoidea,Vespidae,#N/C,#N/C,#N/C,71.46,13.613333333333335,4.026666666666666
ID2_0131,ID,ID2,Site2,Maize,IDxMaize,2023-08-25 13:37:13.613,2023-08-25 13:40:25.772,00:03:12.159000,fly,Insecta,Diptera,Brachycera,#N/C,#N/C,#N/C,#N/C,#N/C,#N/C,8.4004979253112,5.45134854771784,1.7163070539419094
ID2_0133,ID,ID2,Site2,Maize,IDxMaize,2023-08-25 13:39:28.484,2023-08-25 13:40:18.437,00:00:49.953000,fly,Insecta,Diptera,Brachycera,#N/C,#N/C,#N/C,#N/C,#N/C,#N/C,8.4004979253112,5.45134854771784,1.7163070539419094
ID2_0135,ID,ID2,Site2,Maize,IDxMaize,2023-08-25 14:00:33.081,2023-08-25 14:00:51.677,00:00:18.596000,fly,Insecta,Diptera,Brachycera,#N/C,#N/C,#N/C,#N/C,#N/C,#N/C,8.4004979253112,5.45134854771784,1.7163070539419094
ID2_0136,ID,ID2,Site2,Maize,IDxMaize,2023-08-25 14:00:45.935,2023-08-25 14:00:54.571,00:00:08.636000,fly,Insecta,Diptera,Brachycera,#N/C,#N/C,#N/C,#N/C,#N/C,#N/C,8.4004979253112,5.45134854771784,1.7163070539419094
ID2_0137,ID,ID2,Site2,Maize,IDxMaize,2023-08-25 14:00:57.382,2023-08-25 14:01:05.937,00:00:08.555000,fly,Insecta,Diptera,Brachycera,#N/C,#N/C,#N/C,#N/C,#N/C,#N/C,8.4004979253112,5.45134854771784,1.7163070539419094
ID2_0138,ID,ID2,Site2,Maize,IDxMaize,2023-08-25 14:01:10.174,2023-08-25 14:01:38.772,00:00:28.598000,fly,Insecta,Diptera,Brachycera,#N/C,#N/C,#N/C,#N/C,#N/C,#N/C,8.4004979253112,5.45134854771784,1.7163070539419094
ID2_0139,ID,ID2,Site2,Maize,IDxMaize,2023-08-25 14:01:45.814,2023-08-25 14:01:58.572,00:00:12.758000,fly,Insecta,Diptera,Brachycera,#N/C,#N/C,#N/C,#N/C,#N/C,#N/C,8.4004979253112,5.45134854771784,1.7163070539419094
ID2_0142,ID,ID2,Site2,Maize,IDxMaize,2023-08-25 14:07:39.857,2023-08-25 14:08:12.626,00:00:32.769000,fly,Insecta,Diptera,Brachycera,#N/C,#N/C,#N/C,#N/C,#N/C,#N/C,8.4004979253112,5.45134854771784,1.7163070539419094
ID2_0143,ID,ID2,Site2,Maize,IDxMaize,2023-08-25 14:08:18.271,2023-08-25 14:08:56.750,00:00:38.479000,fly,Insecta,Diptera,Brachycera,#N/C,#N/C,#N/C,#N/C,#N/C,#N/C,8.4004979253112,5.45134854771784,1.7163070539419094
ID2_0144,ID,ID2,Site2,Maize,IDxMaize,2023-08-25 14:09:13.726,2023-08-25 14:09:42.326,00:00:28.600000,fly,Insecta,Diptera,Brachycera,#N/C,#N/C,#N/C,#N/C,#N/C,#N/C,8.4004979253112,5.45134854771784,1.7163070539419094
ID2_0145,ID,ID2,Site2,Maize,IDxMaize,2023-08-25 14:09:43.735,2023-08-25 14:10:01.079,00:00:17.344000,fly,Insecta,Diptera,Brachycera,#N/C,#N/C,#N/C,#N/C,#N/C,#N/C,8.4004979253112,5.45134854771784,1.7163070539419094
ID2_0147,ID,ID2,Site2,Maize,IDxMaize,2023-08-25 14:10:11.135,2023-08-25 14:10:25.416,00:00:14.281000,fly,Insecta,Diptera,Brachycera,#N/C,#N/C,#N/C,#N/C,#N/C,#N/C,8.4004979253112,5.45134854771784,1.7163070539419094
ID2_0148,ID,ID2,Site2,Maize,IDxMaize,2023-08-25 14:10:28.237,2023-08-25 14:11:03.919,00:00:35.682000,fly,Insecta,Diptera,Brachycera,#N/C,#N/C,#N/C,#N/C,#N/C,#N/C,8.4004979253112,5.45134854771784,1.7163070539419094
ID2_0149,ID,ID2,Site2,Maize,IDxMaize,2023-08-25 14:15:21.129,2023-08-25 14:15:28.302,00:00:07.173000,hoverfly,Insecta,Diptera,Brachycera,Muscomorpha,Syrphoidea,Syrphidae,Syrphinae,Episyrphus,balteatus,12.29572580645161,7.508467741935483,2.1483064516129025
ID2_0152,ID,ID2,Site2,Maize,IDxMaize,2023-08-25 14:21:44.141,2023-08-25 14:22:33.123,00:00:48.982000,fly,Insecta,Diptera,Brachycera,#N/C,#N/C,#N/C,#N/C,#N/C,#N/C,8.4004979253112,5.45134854771784,1.7163070539419094
ID2_0153,ID,ID2,Site2,Maize,IDxMaize,2023-08-25 14:22:08.470,2023-08-25 14:22:30.194,00:00:21.724000,fly,Insecta,Diptera,Brachycera,#N/C,#N/C,#N/C,#N/C,#N/C,#N/C,8.4004979253112,5.45134854771784,1.7163070539419094
ID2_0155,ID,ID2,Site2,Maize,IDxMaize,2023-08-25 14:40:21.559,2023-08-25 14:40:27.196,00:00:05.637000,flesh_fly,Insecta,Diptera,Brachycera,Muscomorpha,Oestroidea,Sarcophagidae,#N/C,#N/C,#N/C,8.696344827586204,5.522551724137931,1.7546666666666675
ID2_0156,ID,ID2,Site2,Maize,IDxMaize,2023-08-25 17:09:04.631,2023-08-25 17:11:54.804,00:02:50.173000,fly,Insecta,Diptera,Brachycera,#N/C,#N/C,#N/C,#N/C,#N/C,#N/C,8.4004979253112,5.45134854771784,1.7163070539419094
ID2_0157,ID,ID2,Site2,Maize,IDxMaize,2023-08-25 17:15:23.134,2023-08-25 17:15:40.221,00:00:17.087000,fly,Insecta,Diptera,Brachycera,#N/C,#N/C,#N/C,#N/C,#N/C,#N/C,8.4004979253112,5.45134854771784,1.7163070539419094
ID2_0158,ID,ID2,Site2,Maize,IDxMaize,2023-08-25 17:15:54.260,2023-08-25 17:16:04.284,00:00:10.024000,fly,Insecta,Diptera,Brachycera,#N/C,#N/C,#N/C,#N/C,#N/C,#N/C,8.4004979253112,5.45134854771784,1.7163070539419094
ID2_0160,ID,ID2,Site2,Maize,IDxMaize,2023-08-25 17:27:51.742,2023-08-25 17:28:15.994,00:00:24.252000,fly,Insecta,Diptera,Brachycera,#N/C,#N/C,#N/C,#N/C,#N/C,#N/C,8.4004979253112,5.45134854771784,1.7163070539419094
ID2_0161,ID,ID2,Site2,Maize,IDxMaize,2023-08-25 17:29:01.087,2023-08-25 17:29:21.152,00:00:20.065000,fly,Insecta,Diptera,Brachycera,#N/C,#N/C,#N/C,#N/C,#N/C,#N/C,8.4004979253112,5.45134854771784,1.7163070539419094
ID2_0162,ID,ID2,Site2,Maize,IDxMaize,2023-08-25 17:31:50.602,2023-08-25 17:32:42.035,00:00:51.433000,fly,Insecta,Diptera,Brachycera,#N/C,#N/C,#N/C,#N/C,#N/C,#N/C,8.4004979253112,5.45134854771784,1.7163070539419094
ID2_0163,ID,ID2,Site2,Maize,IDxMaize,2023-08-25 18:03:45.116,2023-08-25 18:04:09.623,00:00:24.507000,wasp,Insecta,Hymenoptera,Apocrita,Aculeata,Vespoidea,Vespidae,#N/C,#N/C,#N/C,71.46,13.613333333333335,4.026666666666666
ID2_0164,ID,ID2,Site2,Maize,IDxMaize,2023-08-25 18:04:16.666,2023-08-25 18:04:30.995,00:00:14.329000,wasp,Insecta,Hymenoptera,Apocrita,Aculeata,Vespoidea,Vespidae,#N/C,#N/C,#N/C,71.46,13.613333333333335,4.026666666666666
ID2_0166,ID,ID2,Site2,Maize,IDxMaize,2023-08-25 18:13:08.432,2023-08-25 18:13:22.780,00:00:14.348000,fly,Insecta,Diptera,Brachycera,#N/C,#N/C,#N/C,#N/C,#N/C,#N/C,8.4004979253112,5.45134854771784,1.7163070539419094
ID2_0167,ID,ID2,Site2,Maize,IDxMaize,2023-08-25 18:13:33.980,2023-08-25 18:13:59.710,00:00:25.730000,fly,Insecta,Diptera,Brachycera,#N/C,#N/C,#N/C,#N/C,#N/C,#N/C,8.4004979253112,5.45134854771784,1.7163070539419094
ID2_0168,ID,ID2,Site2,Maize,IDxMaize,2023-08-25 18:16:16.107,2023-08-25 18:16:40.491,00:00:24.384000,wasp,Insecta,Hymenoptera,Apocrita,Aculeata,Vespoidea,Vespidae,#N/C,#N/C,#N/C,71.46,13.613333333333335,4.026666666666666
ID2_0170,ID,ID2,Site2,Maize,IDxMaize,2023-08-25 18:22:42.027,2023-08-25 18:22:52.061,00:00:10.034000,fly,Insecta,Diptera,Brachycera,#N/C,#N/C,#N/C,#N/C,#N/C,#N/C,8.4004979253112,5.45134854771784,1.7163070539419094
ID2_0171,ID,ID2,Site2,Maize,IDxMaize,2023-08-25 18:22:54.876,2023-08-25 18:34:49.764,00:11:54.888000,fly,Insecta,Diptera,Brachycera,#N/C,#N/C,#N/C,#N/C,#N/C,#N/C,8.4004979253112,5.45134854771784,1.7163070539419094
ID2_0173,ID,ID2,Site2,Maize,IDxMaize,2023-08-25 19:03:33.680,2023-08-25 19:03:47.988,00:00:14.308000,fly,Insecta,Diptera,Brachycera,#N/C,#N/C,#N/C,#N/C,#N/C,#N/C,8.4004979253112,5.45134854771784,1.7163070539419094
ID2_0174,ID,ID2,Site2,Maize,IDxMaize,2023-08-25 19:10:34.762,2023-08-25 19:10:50.457,00:00:15.695000,fly,Insecta,Diptera,Brachycera,#N/C,#N/C,#N/C,#N/C,#N/C,#N/C,8.4004979253112,5.45134854771784,1.7163070539419094
ID2_0177,ID,ID2,Site2,Maize,IDxMaize,2023-08-25 19:27:22.222,2023-08-25 19:27:37.913,00:00:15.691000,fly,Insecta,Diptera,Brachycera,#N/C,#N/C,#N/C,#N/C,#N/C,#N/C,8.4004979253112,5.45134854771784,1.7163070539419094
ID2_0181,ID,ID2,Site2,Maize,IDxMaize,2023-08-25 19:39:05.877,2023-08-25 19:39:18.687,00:00:12.810000,fly,Insecta,Diptera,Brachycera,#N/C,#N/C,#N/C,#N/C,#N/C,#N/C,8.4004979253112,5.45134854771784,1.7163070539419094
ID2_0182,ID,ID2,Site2,Maize,IDxMaize,2023-08-26 07:02:55.282,2023-08-26 07:03:22.455,00:00:27.173000,fly,Insecta,Diptera,Brachycera,#N/C,#N/C,#N/C,#N/C,#N/C,#N/C,8.4004979253112,5.45134854771784,1.7163070539419094
ID2_0183,ID,ID2,Site2,Maize,IDxMaize,2023-08-26 07:03:59.118,2023-08-26 07:05:26.223,00:01:27.105000,fly,Insecta,Diptera,Brachycera,#N/C,#N/C,#N/C,#N/C,#N/C,#N/C,8.4004979253112,5.45134854771784,1.7163070539419094
ID2_0184,ID,ID2,Site2,Maize,IDxMaize,2023-08-26 07:10:55.960,2023-08-26 07:11:48.775,00:00:52.815000,fly,Insecta,Diptera,Brachycera,#N/C,#N/C,#N/C,#N/C,#N/C,#N/C,8.4004979253112,5.45134854771784,1.7163070539419094
ID2_0185,ID,ID2,Site2,Maize,IDxMaize,2023-08-26 07:12:01.425,2023-08-26 07:14:25.947,00:02:24.522000,fly,Insecta,Diptera,Brachycera,#N/C,#N/C,#N/C,#N/C,#N/C,#N/C,8.4004979253112,5.45134854771784,1.7163070539419094
ID2_0186,ID,ID2,Site2,Maize,IDxMaize,2023-08-26 07:12:49.950,2023-08-26 07:13:04.396,00:00:14.446000,fly,Insecta,Diptera,Brachycera,#N/C,#N/C,#N/C,#N/C,#N/C,#N/C,8.4004979253112,5.45134854771784,1.7163070539419094
ID2_0187,ID,ID2,Site2,Maize,IDxMaize,2023-08-26 07:14:04.452,2023-08-26 07:14:11.626,00:00:07.174000,fly,Insecta,Diptera,Brachycera,#N/C,#N/C,#N/C,#N/C,#N/C,#N/C,8.4004979253112,5.45134854771784,1.7163070539419094
ID2_0188,ID,ID2,Site2,Maize,IDxMaize,2023-08-26 07:15:30.714,2023-08-26 07:16:00.494,00:00:29.780000,fly,Insecta,Diptera,Brachycera,#N/C,#N/C,#N/C,#N/C,#N/C,#N/C,8.4004979253112,5.45134854771784,1.7163070539419094
ID2_0189,ID,ID2,Site2,Maize,IDxMaize,2023-08-26 07:17:02.510,2023-08-26 07:17:11.103,00:00:08.593000,fly,Insecta,Diptera,Brachycera,#N/C,#N/C,#N/C,#N/C,#N/C,#N/C,8.4004979253112,5.45134854771784,1.7163070539419094
ID2_0190,ID,ID2,Site2,Maize,IDxMaize,2023-08-26 07:20:50.963,2023-08-26 07:21:15.261,00:00:24.298000,fly,Insecta,Diptera,Brachycera,#N/C,#N/C,#N/C,#N/C,#N/C,#N/C,8.4004979253112,5.45134854771784,1.7163070539419094
ID2_0191,ID,ID2,Site2,Maize,IDxMaize,2023-08-26 07:25:03.390,2023-08-26 07:25:39.045,00:00:35.655000,fly,Insecta,Diptera,Brachycera,#N/C,#N/C,#N/C,#N/C,#N/C,#N/C,8.4004979253112,5.45134854771784,1.7163070539419094
ID2_0192,ID,ID2,Site2,Maize,IDxMaize,2023-08-26 07:25:55.955,2023-08-26 07:26:20.165,00:00:24.210000,fly,Insecta,Diptera,Brachycera,#N/C,#N/C,#N/C,#N/C,#N/C,#N/C,8.4004979253112,5.45134854771784,1.7163070539419094
ID2_0193,ID,ID2,Site2,Maize,IDxMaize,2023-08-26 07:28:34.183,2023-08-26 07:30:25.166,00:01:50.983000,fly,Insecta,Diptera,Brachycera,#N/C,#N/C,#N/C,#N/C,#N/C,#N/C,8.4004979253112,5.45134854771784,1.7163070539419094
ID2_0194,ID,ID2,Site2,Maize,IDxMaize,2023-08-26 07:28:41.355,2023-08-26 07:29:44.883,00:01:03.528000,fly,Insecta,Diptera,Brachycera,#N/C,#N/C,#N/C,#N/C,#N/C,#N/C,8.4004979253112,5.45134854771784,1.7163070539419094
ID2_0195,ID,ID2,Site2,Maize,IDxMaize,2023-08-26 07:29:57.793,2023-08-26 07:30:25.177,00:00:27.384000,fly,Insecta,Diptera,Brachycera,#N/C,#N/C,#N/C,#N/C,#N/C,#N/C,8.4004979253112,5.45134854771784,1.7163070539419094
ID2_0196,ID,ID2,Site2,Maize,IDxMaize,2023-08-26 07:36:15.901,2023-08-26 07:36:36.030,00:00:20.129000,fly,Insecta,Diptera,Brachycera,#N/C,#N/C,#N/C,#N/C,#N/C,#N/C,8.4004979253112,5.45134854771784,1.7163070539419094
ID2_0197,ID,ID2,Site2,Maize,IDxMaize,2023-08-26 07:36:30.223,2023-08-26 07:37:10.366,00:00:40.143000,fly,Insecta,Diptera,Brachycera,#N/C,#N/C,#N/C,#N/C,#N/C,#N/C,8.4004979253112,5.45134854771784,1.7163070539419094
ID2_0198,ID,ID2,Site2,Maize,IDxMaize,2023-08-26 07:37:28.753,2023-08-26 07:37:41.687,00:00:12.934000,fly,Insecta,Diptera,Brachycera,#N/C,#N/C,#N/C,#N/C,#N/C,#N/C,8.4004979253112,5.45134854771784,1.7163070539419094
ID2_0199,ID,ID2,Site2,Maize,IDxMaize,2023-08-26 07:39:59.866,2023-08-26 07:40:27.065,00:00:27.199000,fly,Insecta,Diptera,Brachycera,#N/C,#N/C,#N/C,#N/C,#N/C,#N/C,8.4004979253112,5.45134854771784,1.7163070539419094
ID2_0200,ID,ID2,Site2,Maize,IDxMaize,2023-08-26 08:05:40.658,2023-08-26 08:05:46.298,00:00:05.640000,fly,Insecta,Diptera,Brachycera,#N/C,#N/C,#N/C,#N/C,#N/C,#N/C,8.4004979253112,5.45134854771784,1.7163070539419094
ID2_0201,ID,ID2,Site2,Maize,IDxMaize,2023-08-26 08:09:13.084,2023-08-26 08:09:43.234,00:00:30.150000,fly,Insecta,Diptera,Brachycera,#N/C,#N/C,#N/C,#N/C,#N/C,#N/C,8.4004979253112,5.45134854771784,1.7163070539419094
ID2_0203,ID,ID2,Site2,Maize,IDxMaize,2023-08-26 08:11:30.208,2023-08-26 08:11:41.654,00:00:11.446000,fly,Insecta,Diptera,Brachycera,#N/C,#N/C,#N/C,#N/C,#N/C,#N/C,8.4004979253112,5.45134854771784,1.7163070539419094
ID2_0204,ID,ID2,Site2,Maize,IDxMaize,2023-08-26 08:24:02.453,2023-08-26 08:24:22.513,00:00:20.060000,fly,Insecta,Diptera,Brachycera,#N/C,#N/C,#N/C,#N/C,#N/C,#N/C,8.4004979253112,5.45134854771784,1.7163070539419094
ID2_0205,ID,ID2,Site2,Maize,IDxMaize,2023-08-26 08:24:52.288,2023-08-26 08:25:02.243,00:00:09.955000,fly,Insecta,Diptera,Brachycera,#N/C,#N/C,#N/C,#N/C,#N/C,#N/C,8.4004979253112,5.45134854771784,1.7163070539419094
ID2_0206,ID,ID2,Site2,Maize,IDxMaize,2023-08-26 08:30:00.114,2023-08-26 08:30:17.294,00:00:17.180000,fly,Insecta,Diptera,Brachycera,#N/C,#N/C,#N/C,#N/C,#N/C,#N/C,8.4004979253112,5.45134854771784,1.7163070539419094
ID2_0207,ID,ID2,Site2,Maize,IDxMaize,2023-08-26 08:36:01.952,2023-08-26 08:36:16.274,00:00:14.322000,fly,Insecta,Diptera,Brachycera,#N/C,#N/C,#N/C,#N/C,#N/C,#N/C,8.4004979253112,5.45134854771784,1.7163070539419094
ID2_0208,ID,ID2,Site2,Maize,IDxMaize,2023-08-26 08:36:17.695,2023-08-26 08:36:33.414,00:00:15.719000,fly,Insecta,Diptera,Brachycera,#N/C,#N/C,#N/C,#N/C,#N/C,#N/C,8.4004979253112,5.45134854771784,1.7163070539419094
ID2_0209,ID,ID2,Site2,Maize,IDxMaize,2023-08-26 08:37:04.364,2023-08-26 08:37:32.829,00:00:28.465000,fly,Insecta,Diptera,Brachycera,#N/C,#N/C,#N/C,#N/C,#N/C,#N/C,8.4004979253112,5.45134854771784,1.7163070539419094
ID2_0210,ID,ID2,Site2,Maize,IDxMaize,2023-08-26 08:37:37.118,2023-08-26 08:37:48.494,00:00:11.376000,fly,Insecta,Diptera,Brachycera,#N/C,#N/C,#N/C,#N/C,#N/C,#N/C,8.4004979253112,5.45134854771784,1.7163070539419094
ID2_0211,ID,ID2,Site2,Maize,IDxMaize,2023-08-26 08:38:05.365,2023-08-26 08:38:08.232,00:00:02.867000,fly,Insecta,Diptera,Brachycera,#N/C,#N/C,#N/C,#N/C,#N/C,#N/C,8.4004979253112,5.45134854771784,1.7163070539419094
ID2_0213,ID,ID2,Site2,Maize,IDxMaize,2023-08-26 08:38:23.727,2023-08-26 08:38:33.794,00:00:10.067000,fly,Insecta,Diptera,Brachycera,#N/C,#N/C,#N/C,#N/C,#N/C,#N/C,8.4004979253112,5.45134854771784,1.7163070539419094
ID2_0214,ID,ID2,Site2,Maize,IDxMaize,2023-08-26 08:38:46.500,2023-08-26 08:39:32.202,00:00:45.702000,fly,Insecta,Diptera,Brachycera,#N/C,#N/C,#N/C,#N/C,#N/C,#N/C,8.4004979253112,5.45134854771784,1.7163070539419094
ID2_0215,ID,ID2,Site2,Maize,IDxMaize,2023-08-26 08:39:33.583,2023-08-26 08:40:02.212,00:00:28.629000,fly,Insecta,Diptera,Brachycera,#N/C,#N/C,#N/C,#N/C,#N/C,#N/C,8.4004979253112,5.45134854771784,1.7163070539419094
ID2_0216,ID,ID2,Site2,Maize,IDxMaize,2023-08-26 09:01:43.831,2023-08-26 09:01:50.837,00:00:07.006000,fly,Insecta,Diptera,Brachycera,#N/C,#N/C,#N/C,#N/C,#N/C,#N/C,8.4004979253112,5.45134854771784,1.7163070539419094
ID2_0217,ID,ID2,Site2,Maize,IDxMaize,2023-08-26 09:02:24.575,2023-08-26 09:02:41.607,00:00:17.032000,fly,Insecta,Diptera,Brachycera,#N/C,#N/C,#N/C,#N/C,#N/C,#N/C,8.4004979253112,5.45134854771784,1.7163070539419094
ID2_0218,ID,ID2,Site2,Maize,IDxMaize,2023-08-26 09:03:49.216,2023-08-26 09:19:42.641,00:15:53.425000,fly,Insecta,Diptera,Brachycera,#N/C,#N/C,#N/C,#N/C,#N/C,#N/C,8.4004979253112,5.45134854771784,1.7163070539419094
ID2_0219,ID,ID2,Site2,Maize,IDxMaize,2023-08-26 09:13:39.162,2023-08-26 09:13:44.987,00:00:05.825000,fly,Insecta,Diptera,Brachycera,#N/C,#N/C,#N/C,#N/C,#N/C,#N/C,8.4004979253112,5.45134854771784,1.7163070539419094
ID2_0221,ID,ID2,Site2,Maize,IDxMaize,2023-08-26 09:19:03.530,2023-08-26 09:19:07.815,00:00:04.285000,flesh_fly,Insecta,Diptera,Brachycera,Muscomorpha,Oestroidea,Sarcophagidae,#N/C,#N/C,#N/C,8.696344827586204,5.522551724137931,1.7546666666666675
ID2_0222,ID,ID2,Site2,Maize,IDxMaize,2023-08-26 09:19:09.271,2023-08-26 09:19:39.744,00:00:30.473000,flesh_fly,Insecta,Diptera,Brachycera,Muscomorpha,Oestroidea,Sarcophagidae,#N/C,#N/C,#N/C,8.696344827586204,5.522551724137931,1.7546666666666675
ID2_0223,ID,ID2,Site2,Maize,IDxMaize,2023-08-26 09:20:03.755,2023-08-26 09:20:12.284,00:00:08.529000,fly,Insecta,Diptera,Brachycera,#N/C,#N/C,#N/C,#N/C,#N/C,#N/C,8.4004979253112,5.45134854771784,1.7163070539419094
ID2_0224,ID,ID2,Site2,Maize,IDxMaize,2023-08-26 09:22:14.691,2023-08-26 09:22:55.824,00:00:41.133000,fly,Insecta,Diptera,Brachycera,#N/C,#N/C,#N/C,#N/C,#N/C,#N/C,8.4004979253112,5.45134854771784,1.7163070539419094
ID2_0225,ID,ID2,Site2,Maize,IDxMaize,2023-08-26 09:29:09.043,2023-08-26 09:29:26.062,00:00:17.019000,fly,Insecta,Diptera,Brachycera,#N/C,#N/C,#N/C,#N/C,#N/C,#N/C,8.4004979253112,5.45134854771784,1.7163070539419094
ID2_0226,ID,ID2,Site2,Maize,IDxMaize,2023-08-26 09:29:28.863,2023-08-26 09:29:37.366,00:00:08.503000,fly,Insecta,Diptera,Brachycera,#N/C,#N/C,#N/C,#N/C,#N/C,#N/C,8.4004979253112,5.45134854771784,1.7163070539419094
ID2_0227,ID,ID2,Site2,Maize,IDxMaize,2023-08-26 09:29:58.516,2023-08-26 09:33:17.391,00:03:18.875000,fly,Insecta,Diptera,Brachycera,#N/C,#N/C,#N/C,#N/C,#N/C,#N/C,8.4004979253112,5.45134854771784,1.7163070539419094
ID2_0228,ID,ID2,Site2,Maize,IDxMaize,2023-08-26 09:29:59.982,2023-08-26 09:30:12.924,00:00:12.942000,fly,Insecta,Diptera,Brachycera,#N/C,#N/C,#N/C,#N/C,#N/C,#N/C,8.4004979253112,5.45134854771784,1.7163070539419094
ID2_0229,ID,ID2,Site2,Maize,IDxMaize,2023-08-26 09:31:40.134,2023-08-26 09:33:18.845,00:01:38.711000,flesh_fly,Insecta,Diptera,Brachycera,Muscomorpha,Oestroidea,Sarcophagidae,#N/C,#N/C,#N/C,8.696344827586204,5.522551724137931,1.7546666666666675
ID2_0234,ID,ID2,Site2,Maize,IDxMaize,2023-08-26 12:04:32.953,2023-08-26 12:06:07.526,00:01:34.573000,hoverfly,Insecta,Diptera,Brachycera,Muscomorpha,Syrphoidea,Syrphidae,Eristalinae,Eristalis,#N/C,12.29572580645161,7.508467741935483,2.1483064516129025
ID2_0235,ID,ID2,Site2,Maize,IDxMaize,2023-08-26 12:06:11.785,2023-08-26 12:06:57.195,00:00:45.410000,fly,Insecta,Diptera,Brachycera,#N/C,#N/C,#N/C,#N/C,#N/C,#N/C,8.4004979253112,5.45134854771784,1.7163070539419094
ID2_0236,ID,ID2,Site2,Maize,IDxMaize,2023-08-26 12:06:59.984,2023-08-26 12:07:02.831,00:00:02.847000,fly,Insecta,Diptera,Brachycera,#N/C,#N/C,#N/C,#N/C,#N/C,#N/C,8.4004979253112,5.45134854771784,1.7163070539419094
ID2_0237,ID,ID2,Site2,Maize,IDxMaize,2023-08-26 12:07:05.673,2023-08-26 12:07:33.004,00:00:27.331000,flesh_fly,Insecta,Diptera,Brachycera,Muscomorpha,Oestroidea,Sarcophagidae,#N/C,#N/C,#N/C,8.696344827586204,5.522551724137931,1.7546666666666675
ID2_0238,ID,ID2,Site2,Maize,IDxMaize,2023-08-26 12:07:25.710,2023-08-26 12:07:50.381,00:00:24.671000,fly,Insecta,Diptera,Brachycera,#N/C,#N/C,#N/C,#N/C,#N/C,#N/C,8.4004979253112,5.45134854771784,1.7163070539419094
ID2_0239,ID,ID2,Site2,Maize,IDxMaize,2023-08-26 12:07:35.905,2023-08-26 12:07:50.401,00:00:14.496000,fly,Insecta,Diptera,Brachycera,#N/C,#N/C,#N/C,#N/C,#N/C,#N/C,8.4004979253112,5.45134854771784,1.7163070539419094
ID2_0240,ID,ID2,Site2,Maize,IDxMaize,2023-08-26 12:08:00.219,2023-08-26 12:08:54.136,00:00:53.917000,fly,Insecta,Diptera,Brachycera,#N/C,#N/C,#N/C,#N/C,#N/C,#N/C,8.4004979253112,5.45134854771784,1.7163070539419094
ID2_0241,ID,ID2,Site2,Maize,IDxMaize,2023-08-26 12:08:55.586,2023-08-26 12:09:08.510,00:00:12.924000,fly,Insecta,Diptera,Brachycera,#N/C,#N/C,#N/C,#N/C,#N/C,#N/C,8.4004979253112,5.45134854771784,1.7163070539419094
ID2_0243,ID,ID2,Site2,Maize,IDxMaize,2023-08-26 12:09:09.975,2023-08-26 12:09:17.155,00:00:07.180000,fly,Insecta,Diptera,Brachycera,#N/C,#N/C,#N/C,#N/C,#N/C,#N/C,8.4004979253112,5.45134854771784,1.7163070539419094
ID2_0244,ID,ID2,Site2,Maize,IDxMaize,2023-08-26 12:09:11.427,2023-08-26 12:09:18.606,00:00:07.179000,fly,Insecta,Diptera,Brachycera,#N/C,#N/C,#N/C,#N/C,#N/C,#N/C,8.4004979253112,5.45134854771784,1.7163070539419094
ID2_0245,ID,ID2,Site2,Maize,IDxMaize,2023-08-26 12:09:21.445,2023-08-26 12:09:38.645,00:00:17.200000,fly,Insecta,Diptera,Brachycera,#N/C,#N/C,#N/C,#N/C,#N/C,#N/C,8.4004979253112,5.45134854771784,1.7163070539419094
ID2_0246,ID,ID2,Site2,Maize,IDxMaize,2023-08-26 12:10:02.473,2023-08-26 12:10:09.625,00:00:07.152000,fly,Insecta,Diptera,Brachycera,#N/C,#N/C,#N/C,#N/C,#N/C,#N/C,8.4004979253112,5.45134854771784,1.7163070539419094
ID2_0247,ID,ID2,Site2,Maize,IDxMaize,2023-08-26 12:10:11.039,2023-08-26 12:10:13.865,00:00:02.826000,fly,Insecta,Diptera,Brachycera,#N/C,#N/C,#N/C,#N/C,#N/C,#N/C,8.4004979253112,5.45134854771784,1.7163070539419094
ID2_0250,ID,ID2,Site2,Maize,IDxMaize,2023-08-26 12:36:08.037,2023-08-26 12:37:42.306,00:01:34.269000,fly,Insecta,Diptera,Brachycera,#N/C,#N/C,#N/C,#N/C,#N/C,#N/C,8.4004979253112,5.45134854771784,1.7163070539419094
ID2_0253,ID,ID2,Site2,Maize,IDxMaize,2023-08-26 13:00:33.716,2023-08-26 13:09:33.481,00:08:59.765000,fly,Insecta,Diptera,Brachycera,#N/C,#N/C,#N/C,#N/C,#N/C,#N/C,8.4004979253112,5.45134854771784,1.7163070539419094
ID2_0254,ID,ID2,Site2,Maize,IDxMaize,2023-08-26 13:12:30.383,2023-08-26 13:13:14.611,00:00:44.228000,flesh_fly,Insecta,Diptera,Brachycera,Muscomorpha,Oestroidea,Sarcophagidae,#N/C,#N/C,#N/C,8.696344827586204,5.522551724137931,1.7546666666666675
ID2_0255,ID,ID2,Site2,Maize,IDxMaize,2023-08-26 13:17:16.337,2023-08-26 13:17:23.515,00:00:07.178000,fly,Insecta,Diptera,Brachycera,#N/C,#N/C,#N/C,#N/C,#N/C,#N/C,8.4004979253112,5.45134854771784,1.7163070539419094
ID2_0257,ID,ID2,Site2,Maize,IDxMaize,2023-08-26 13:22:07.884,2023-08-26 13:22:12.188,00:00:04.304000,hoverfly,Insecta,Diptera,Brachycera,Muscomorpha,Syrphoidea,Syrphidae,Syrphinae,Episyrphus,balteatus,12.29572580645161,7.508467741935483,2.1483064516129025
ID2_0258,ID,ID2,Site2,Maize,IDxMaize,2023-08-26 13:22:13.611,2023-08-26 13:22:16.521,00:00:02.910000,hoverfly,Insecta,Diptera,Brachycera,Muscomorpha,Syrphoidea,Syrphidae,Syrphinae,Episyrphus,balteatus,12.29572580645161,7.508467741935483,2.1483064516129025
ID2_0259,ID,ID2,Site2,Maize,IDxMaize,2023-08-26 13:24:20.331,2023-08-26 13:24:28.938,00:00:08.607000,fly,Insecta,Diptera,Brachycera,#N/C,#N/C,#N/C,#N/C,#N/C,#N/C,8.4004979253112,5.45134854771784,1.7163070539419094
ID2_0260,ID,ID2,Site2,Maize,IDxMaize,2023-08-26 13:26:17.066,2023-08-26 13:26:34.205,00:00:17.139000,flesh_fly,Insecta,Diptera,Brachycera,Muscomorpha,Oestroidea,Sarcophagidae,#N/C,#N/C,#N/C,8.696344827586204,5.522551724137931,1.7546666666666675
ID2_0261,ID,ID2,Site2,Maize,IDxMaize,2023-08-26 13:26:35.651,2023-08-26 13:27:30.077,00:00:54.426000,flesh_fly,Insecta,Diptera,Brachycera,Muscomorpha,Oestroidea,Sarcophagidae,#N/C,#N/C,#N/C,8.696344827586204,5.522551724137931,1.7546666666666675
ID2_0264,ID,ID2,Site2,Maize,IDxMaize,2023-08-26 13:34:56.641,2023-08-26 13:35:36.733,00:00:40.092000,fly,Insecta,Diptera,Brachycera,#N/C,#N/C,#N/C,#N/C,#N/C,#N/C,8.4004979253112,5.45134854771784,1.7163070539419094
ID2_0265,ID,ID2,Site2,Maize,IDxMaize,2023-08-26 14:01:18.716,2023-08-26 14:01:27.315,00:00:08.599000,fly,Insecta,Diptera,Brachycera,#N/C,#N/C,#N/C,#N/C,#N/C,#N/C,8.4004979253112,5.45134854771784,1.7163070539419094
ID2_0266,ID,ID2,Site2,Maize,IDxMaize,2023-08-26 14:01:40.012,2023-08-26 14:03:20.354,00:01:40.342000,fly,Insecta,Diptera,Brachycera,#N/C,#N/C,#N/C,#N/C,#N/C,#N/C,8.4004979253112,5.45134854771784,1.7163070539419094
ID2_0267,ID,ID2,Site2,Maize,IDxMaize,2023-08-26 14:04:57.395,2023-08-26 14:09:31.164,00:04:33.769000,fly,Insecta,Diptera,Brachycera,#N/C,#N/C,#N/C,#N/C,#N/C,#N/C,8.4004979253112,5.45134854771784,1.7163070539419094
ID2_0269,ID,ID2,Site2,Maize,IDxMaize,2023-08-26 14:09:32.586,2023-08-26 14:11:36.045,00:02:03.459000,fly,Insecta,Diptera,Brachycera,#N/C,#N/C,#N/C,#N/C,#N/C,#N/C,8.4004979253112,5.45134854771784,1.7163070539419094
ID2_0270,ID,ID2,Site2,Maize,IDxMaize,2023-08-26 14:09:46.930,2023-08-26 14:09:57.058,00:00:10.128000,fly,Insecta,Diptera,Brachycera,#N/C,#N/C,#N/C,#N/C,#N/C,#N/C,8.4004979253112,5.45134854771784,1.7163070539419094
ID2_0271,ID,ID2,Site2,Maize,IDxMaize,2023-08-26 14:09:59.954,2023-08-26 14:10:14.436,00:00:14.482000,fly,Insecta,Diptera,Brachycera,#N/C,#N/C,#N/C,#N/C,#N/C,#N/C,8.4004979253112,5.45134854771784,1.7163070539419094
ID2_0272,ID,ID2,Site2,Maize,IDxMaize,2023-08-26 14:10:18.732,2023-08-26 14:11:31.739,00:01:13.007000,fly,Insecta,Diptera,Brachycera,#N/C,#N/C,#N/C,#N/C,#N/C,#N/C,8.4004979253112,5.45134854771784,1.7163070539419094
ID2_0273,ID,ID2,Site2,Maize,IDxMaize,2023-08-26 14:10:25.943,2023-08-26 14:11:10.075,00:00:44.132000,fly,Insecta,Diptera,Brachycera,#N/C,#N/C,#N/C,#N/C,#N/C,#N/C,8.4004979253112,5.45134854771784,1.7163070539419094
ID2_0274,ID,ID2,Site2,Maize,IDxMaize,2023-08-26 14:11:38.890,2023-08-26 14:16:47.894,00:05:09.004000,fly,Insecta,Diptera,Brachycera,#N/C,#N/C,#N/C,#N/C,#N/C,#N/C,8.4004979253112,5.45134854771784,1.7163070539419094
ID2_0275,ID,ID2,Site2,Maize,IDxMaize,2023-08-26 14:16:50.759,2023-08-26 14:17:35.114,00:00:44.355000,fly,Insecta,Diptera,Brachycera,#N/C,#N/C,#N/C,#N/C,#N/C,#N/C,8.4004979253112,5.45134854771784,1.7163070539419094
ID2_0276,ID,ID2,Site2,Maize,IDxMaize,2023-08-26 14:17:36.555,2023-08-26 14:24:08.564,00:06:32.009000,fly,Insecta,Diptera,Brachycera,#N/C,#N/C,#N/C,#N/C,#N/C,#N/C,8.4004979253112,5.45134854771784,1.7163070539419094
ID2_0277,ID,ID2,Site2,Maize,IDxMaize,2023-08-26 14:17:48.025,2023-08-26 14:19:29.384,00:01:41.359000,fly,Insecta,Diptera,Brachycera,#N/C,#N/C,#N/C,#N/C,#N/C,#N/C,8.4004979253112,5.45134854771784,1.7163070539419094
ID2_0278,ID,ID2,Site2,Maize,IDxMaize,2023-08-26 14:18:53.294,2023-08-26 14:19:04.996,00:00:11.702000,fly,Insecta,Diptera,Brachycera,#N/C,#N/C,#N/C,#N/C,#N/C,#N/C,8.4004979253112,5.45134854771784,1.7163070539419094
ID2_0279,ID,ID2,Site2,Maize,IDxMaize,2023-08-26 14:19:47.972,2023-08-26 14:20:02.372,00:00:14.400000,fly,Insecta,Diptera,Brachycera,#N/C,#N/C,#N/C,#N/C,#N/C,#N/C,8.4004979253112,5.45134854771784,1.7163070539419094
ID2_0280,ID,ID2,Site2,Maize,IDxMaize,2023-08-26 14:24:25.436,2023-08-26 14:24:56.772,00:00:31.336000,fly,Insecta,Diptera,Brachycera,#N/C,#N/C,#N/C,#N/C,#N/C,#N/C,8.4004979253112,5.45134854771784,1.7163070539419094
ID2_0281,ID,ID2,Site2,Maize,IDxMaize,2023-08-26 14:25:20.812,2023-08-26 14:26:38.384,00:01:17.572000,fly,Insecta,Diptera,Brachycera,#N/C,#N/C,#N/C,#N/C,#N/C,#N/C,8.4004979253112,5.45134854771784,1.7163070539419094
ID2_0282,ID,ID2,Site2,Maize,IDxMaize,2023-08-26 14:28:02.856,2023-08-26 14:31:22.133,00:03:19.277000,fly,Insecta,Diptera,Brachycera,#N/C,#N/C,#N/C,#N/C,#N/C,#N/C,8.4004979253112,5.45134854771784,1.7163070539419094
ID2_0283,ID,ID2,Site2,Maize,IDxMaize,2023-08-26 14:28:18.544,2023-08-26 14:29:45.491,00:01:26.947000,fly,Insecta,Diptera,Brachycera,#N/C,#N/C,#N/C,#N/C,#N/C,#N/C,8.4004979253112,5.45134854771784,1.7163070539419094
ID2_0284,ID,ID2,Site2,Maize,IDxMaize,2023-08-26 14:37:16.205,2023-08-26 14:38:13.532,00:00:57.327000,flesh_fly,Insecta,Diptera,Brachycera,Muscomorpha,Oestroidea,Sarcophagidae,#N/C,#N/C,#N/C,8.696344827586204,5.522551724137931,1.7546666666666675
ID2_0285,ID,ID2,Site2,Maize,IDxMaize,2023-08-26 17:08:27.823,2023-08-26 17:08:49.171,00:00:21.348000,fly,Insecta,Diptera,Brachycera,#N/C,#N/C,#N/C,#N/C,#N/C,#N/C,8.4004979253112,5.45134854771784,1.7163070539419094
ID2_0286,ID,ID2,Site2,Maize,IDxMaize,2023-08-26 17:10:14.812,2023-08-26 17:10:33.346,00:00:18.534000,fly,Insecta,Diptera,Brachycera,#N/C,#N/C,#N/C,#N/C,#N/C,#N/C,8.4004979253112,5.45134854771784,1.7163070539419094
ID2_0287,ID,ID2,Site2,Maize,IDxMaize,2023-08-26 17:10:34.820,2023-08-26 17:10:53.317,00:00:18.497000,fly,Insecta,Diptera,Brachycera,#N/C,#N/C,#N/C,#N/C,#N/C,#N/C,8.4004979253112,5.45134854771784,1.7163070539419094
ID2_0288,ID,ID2,Site2,Maize,IDxMaize,2023-08-26 19:39:16.042,2023-08-26 19:39:28.847,00:00:12.805000,fly,Insecta,Diptera,Brachycera,#N/C,#N/C,#N/C,#N/C,#N/C,#N/C,8.4004979253112,5.45134854771784,1.7163070539419094
ID2_0289,ID,ID2,Site2,Maize,IDxMaize,2023-08-27 07:00:57.135,2023-08-27 07:01:51.062,00:00:53.927000,fly,Insecta,Diptera,Brachycera,#N/C,#N/C,#N/C,#N/C,#N/C,#N/C,8.4004979253112,5.45134854771784,1.7163070539419094
ID2_0290,ID,ID2,Site2,Maize,IDxMaize,2023-08-27 07:29:21.244,2023-08-27 07:29:25.523,00:00:04.279000,fly,Insecta,Diptera,Brachycera,#N/C,#N/C,#N/C,#N/C,#N/C,#N/C,8.4004979253112,5.45134854771784,1.7163070539419094
ID2_0291,ID,ID2,Site2,Maize,IDxMaize,2023-08-27 07:31:15.359,2023-08-27 07:31:35.462,00:00:20.103000,fly,Insecta,Diptera,Brachycera,#N/C,#N/C,#N/C,#N/C,#N/C,#N/C,8.4004979253112,5.45134854771784,1.7163070539419094
ID2_0292,ID,ID2,Site2,Maize,IDxMaize,2023-08-27 08:17:05.550,2023-08-27 08:18:59.390,00:01:53.840000,fly,Insecta,Diptera,Brachycera,#N/C,#N/C,#N/C,#N/C,#N/C,#N/C,8.4004979253112,5.45134854771784,1.7163070539419094
ID2_0293,ID,ID2,Site2,Maize,IDxMaize,2023-08-27 08:19:51.364,2023-08-27 08:20:16.965,00:00:25.601000,fly,Insecta,Diptera,Brachycera,#N/C,#N/C,#N/C,#N/C,#N/C,#N/C,8.4004979253112,5.45134854771784,1.7163070539419094
ID2_0294,ID,ID2,Site2,Maize,IDxMaize,2023-08-27 09:00:38.666,2023-08-27 09:01:07.191,00:00:28.525000,fly,Insecta,Diptera,Brachycera,#N/C,#N/C,#N/C,#N/C,#N/C,#N/C,8.4004979253112,5.45134854771784,1.7163070539419094
ID2_0295,ID,ID2,Site2,Maize,IDxMaize,2023-08-27 09:01:35.251,2023-08-27 09:01:42.375,00:00:07.124000,fly,Insecta,Diptera,Brachycera,#N/C,#N/C,#N/C,#N/C,#N/C,#N/C,8.4004979253112,5.45134854771784,1.7163070539419094
ID2_0296,ID,ID2,Site2,Maize,IDxMaize,2023-08-27 09:09:47.430,2023-08-27 09:09:58.755,00:00:11.325000,fly,Insecta,Diptera,Brachycera,#N/C,#N/C,#N/C,#N/C,#N/C,#N/C,8.4004979253112,5.45134854771784,1.7163070539419094
ID2_0297,ID,ID2,Site2,Maize,IDxMaize,2023-08-27 09:26:20.420,2023-08-27 09:26:29.122,00:00:08.702000,fly,Insecta,Diptera,Brachycera,#N/C,#N/C,#N/C,#N/C,#N/C,#N/C,8.4004979253112,5.45134854771784,1.7163070539419094
ID2_0298,ID,ID2,Site2,Maize,IDxMaize,2023-08-27 09:26:23.334,2023-08-27 09:26:36.356,00:00:13.022000,fly,Insecta,Diptera,Brachycera,#N/C,#N/C,#N/C,#N/C,#N/C,#N/C,8.4004979253112,5.45134854771784,1.7163070539419094
ID2_0299,ID,ID2,Site2,Maize,IDxMaize,2023-08-27 09:26:32.099,2023-08-27 09:26:37.812,00:00:05.713000,fly,Insecta,Diptera,Brachycera,#N/C,#N/C,#N/C,#N/C,#N/C,#N/C,8.4004979253112,5.45134854771784,1.7163070539419094
ID2_0300,ID,ID2,Site2,Maize,IDxMaize,2023-08-27 09:26:37.829,2023-08-27 09:27:02.062,00:00:24.233000,fly,Insecta,Diptera,Brachycera,#N/C,#N/C,#N/C,#N/C,#N/C,#N/C,8.4004979253112,5.45134854771784,1.7163070539419094
ID2_0301,ID,ID2,Site2,Maize,IDxMaize,2023-08-27 12:10:25.619,2023-08-27 12:11:15.624,00:00:50.005000,hoverfly,Insecta,Diptera,Brachycera,Muscomorpha,Syrphoidea,Syrphidae,Syrphinae,Episyrphus,balteatus,12.29572580645161,7.508467741935483,2.1483064516129025
ID2_0303,ID,ID2,Site2,Maize,IDxMaize,2023-08-27 12:19:16.200,2023-08-27 12:19:37.455,00:00:21.255000,other,Insecta,#N/C,#N/C,#N/C,#N/C,#N/C,#N/C,#N/C,#N/C,24.284088427947573,6.536784934497831,2.114448689956332
ID2_0304,ID,ID2,Site2,Maize,IDxMaize,2023-08-27 13:00:56.034,2023-08-27 13:01:47.204,00:00:51.170000,fly,Insecta,Diptera,Brachycera,#N/C,#N/C,#N/C,#N/C,#N/C,#N/C,8.4004979253112,5.45134854771784,1.7163070539419094
ID2_0305,ID,ID2,Site2,Maize,IDxMaize,2023-08-27 13:08:04.184,2023-08-27 13:08:08.416,00:00:04.232000,fly,Insecta,Diptera,Brachycera,#N/C,#N/C,#N/C,#N/C,#N/C,#N/C,8.4004979253112,5.45134854771784,1.7163070539419094
ID2_0306,ID,ID2,Site2,Maize,IDxMaize,2023-08-27 13:11:50.632,2023-08-27 13:12:07.784,00:00:17.152000,hoverfly,Insecta,Diptera,Brachycera,Muscomorpha,Syrphoidea,Syrphidae,Syrphinae,Sphaerophoria,#N/C,12.29572580645161,7.508467741935483,2.1483064516129025
ID2_0307,ID,ID2,Site2,Maize,IDxMaize,2023-08-27 14:01:07.236,2023-08-27 14:01:11.484,00:00:04.248000,fly,Insecta,Diptera,Brachycera,#N/C,#N/C,#N/C,#N/C,#N/C,#N/C,8.4004979253112,5.45134854771784,1.7163070539419094
ID2_0308,ID,ID2,Site2,Maize,IDxMaize,2023-08-27 14:01:14.320,2023-08-27 14:01:27.125,00:00:12.805000,fly,Insecta,Diptera,Brachycera,#N/C,#N/C,#N/C,#N/C,#N/C,#N/C,8.4004979253112,5.45134854771784,1.7163070539419094
ID2_0309,ID,ID2,Site2,Maize,IDxMaize,2023-08-27 14:01:28.540,2023-08-27 14:01:42.725,00:00:14.185000,fly,Insecta,Diptera,Brachycera,#N/C,#N/C,#N/C,#N/C,#N/C,#N/C,8.4004979253112,5.45134854771784,1.7163070539419094
ID2_0311,ID,ID2,Site2,Maize,IDxMaize,2023-08-28 09:01:35.438,2023-08-28 09:02:11.749,00:00:36.311000,fly,Insecta,Diptera,Brachycera,#N/C,#N/C,#N/C,#N/C,#N/C,#N/C,8.4004979253112,5.45134854771784,1.7163070539419094
ID2_0319,ID,ID2,Site2,Maize,IDxMaize,2023-08-28 14:08:54.983,2023-08-28 14:09:41.811,00:00:46.828000,fly,Insecta,Diptera,Brachycera,#N/C,#N/C,#N/C,#N/C,#N/C,#N/C,8.4004979253112,5.45134854771784,1.7163070539419094
ID2_0320,ID,ID2,Site2,Maize,IDxMaize,2023-08-28 14:10:03.788,2023-08-28 14:10:48.016,00:00:44.228000,fly,Insecta,Diptera,Brachycera,#N/C,#N/C,#N/C,#N/C,#N/C,#N/C,8.4004979253112,5.45134854771784,1.7163070539419094
ID2_0321,ID,ID2,Site2,Maize,IDxMaize,2023-08-28 14:11:28.684,2023-08-28 14:13:38.346,00:02:09.662000,fly,Insecta,Diptera,Brachycera,#N/C,#N/C,#N/C,#N/C,#N/C,#N/C,8.4004979253112,5.45134854771784,1.7163070539419094
ID2_0322,ID,ID2,Site2,Maize,IDxMaize,2023-08-28 14:13:19.259,2023-08-28 14:13:31.062,00:00:11.803000,fly,Insecta,Diptera,Brachycera,#N/C,#N/C,#N/C,#N/C,#N/C,#N/C,8.4004979253112,5.45134854771784,1.7163070539419094
ID2_0325,ID,ID2,Site2,Maize,IDxMaize,2023-08-30 09:01:24.527,2023-08-30 09:02:05.667,00:00:41.140000,fly,Insecta,Diptera,Brachycera,#N/C,#N/C,#N/C,#N/C,#N/C,#N/C,8.4004979253112,5.45134854771784,1.7163070539419094
ID2_0326,ID,ID2,Site2,Maize,IDxMaize,2023-08-30 09:05:32.835,2023-08-30 09:05:35.691,00:00:02.856000,fly,Insecta,Diptera,Brachycera,#N/C,#N/C,#N/C,#N/C,#N/C,#N/C,8.4004979253112,5.45134854771784,1.7163070539419094
ID2_0327,ID,ID2,Site2,Maize,IDxMaize,2023-08-30 09:08:22.331,2023-08-30 09:08:30.786,00:00:08.455000,fly,Insecta,Diptera,Brachycera,#N/C,#N/C,#N/C,#N/C,#N/C,#N/C,8.4004979253112,5.45134854771784,1.7163070539419094
ID2_0328,ID,ID2,Site2,Maize,IDxMaize,2023-08-30 09:08:35.045,2023-08-30 09:09:30.905,00:00:55.860000,fly,Insecta,Diptera,Brachycera,#N/C,#N/C,#N/C,#N/C,#N/C,#N/C,8.4004979253112,5.45134854771784,1.7163070539419094
ID2_0329,ID,ID2,Site2,Maize,IDxMaize,2023-08-30 09:08:43.636,2023-08-30 09:09:29.457,00:00:45.821000,fly,Insecta,Diptera,Brachycera,#N/C,#N/C,#N/C,#N/C,#N/C,#N/C,8.4004979253112,5.45134854771784,1.7163070539419094
ID2_0330,ID,ID2,Site2,Maize,IDxMaize,2023-08-30 09:19:41.679,2023-08-30 09:20:37.084,00:00:55.405000,fly,Insecta,Diptera,Brachycera,#N/C,#N/C,#N/C,#N/C,#N/C,#N/C,8.4004979253112,5.45134854771784,1.7163070539419094
ID2_0331,ID,ID2,Site2,Maize,IDxMaize,2023-08-30 09:25:36.231,2023-08-30 09:25:47.614,00:00:11.383000,fly,Insecta,Diptera,Brachycera,#N/C,#N/C,#N/C,#N/C,#N/C,#N/C,8.4004979253112,5.45134854771784,1.7163070539419094
ID2_0332,ID,ID2,Site2,Maize,IDxMaize,2023-08-30 09:29:23.539,2023-08-30 09:31:28.905,00:02:05.366000,fly,Insecta,Diptera,Brachycera,#N/C,#N/C,#N/C,#N/C,#N/C,#N/C,8.4004979253112,5.45134854771784,1.7163070539419094
ID2_0333,ID,ID2,Site2,Maize,IDxMaize,2023-08-30 09:31:31.755,2023-08-30 09:31:50.122,00:00:18.367000,fly,Insecta,Diptera,Brachycera,#N/C,#N/C,#N/C,#N/C,#N/C,#N/C,8.4004979253112,5.45134854771784,1.7163070539419094
ID2_0334,ID,ID2,Site2,Maize,IDxMaize,2023-08-30 09:33:18.559,2023-08-30 09:33:58.364,00:00:39.805000,fly,Insecta,Diptera,Brachycera,#N/C,#N/C,#N/C,#N/C,#N/C,#N/C,8.4004979253112,5.45134854771784,1.7163070539419094
ID2_0335,ID,ID2,Site2,Maize,IDxMaize,2023-08-30 09:34:05.434,2023-08-30 09:34:34.026,00:00:28.592000,fly,Insecta,Diptera,Brachycera,#N/C,#N/C,#N/C,#N/C,#N/C,#N/C,8.4004979253112,5.45134854771784,1.7163070539419094
ID2_0336,ID,ID2,Site2,Maize,IDxMaize,2023-08-30 09:36:01.055,2023-08-30 09:38:56.253,00:02:55.198000,fly,Insecta,Diptera,Brachycera,#N/C,#N/C,#N/C,#N/C,#N/C,#N/C,8.4004979253112,5.45134854771784,1.7163070539419094
ID2_0337,ID,ID2,Site2,Maize,IDxMaize,2023-08-30 09:38:33.492,2023-08-30 09:38:36.344,00:00:02.852000,fly,Insecta,Diptera,Brachycera,#N/C,#N/C,#N/C,#N/C,#N/C,#N/C,8.4004979253112,5.45134854771784,1.7163070539419094
ID2_0338,ID,ID2,Site2,Maize,IDxMaize,2023-08-30 09:39:03.372,2023-08-30 09:39:09.044,00:00:05.672000,fly,Insecta,Diptera,Brachycera,#N/C,#N/C,#N/C,#N/C,#N/C,#N/C,8.4004979253112,5.45134854771784,1.7163070539419094
ID2_0339,ID,ID2,Site2,Maize,IDxMaize,2023-08-30 09:39:06.232,2023-08-30 09:40:38.992,00:01:32.760000,fly,Insecta,Diptera,Brachycera,#N/C,#N/C,#N/C,#N/C,#N/C,#N/C,8.4004979253112,5.45134854771784,1.7163070539419094
ID2_0340,ID,ID2,Site2,Maize,IDxMaize,2023-08-30 09:39:07.662,2023-08-30 09:39:16.326,00:00:08.664000,fly,Insecta,Diptera,Brachycera,#N/C,#N/C,#N/C,#N/C,#N/C,#N/C,8.4004979253112,5.45134854771784,1.7163070539419094
ID2_0341,ID,ID2,Site2,Maize,IDxMaize,2023-08-30 09:39:39.196,2023-08-30 09:39:44.947,00:00:05.751000,fly,Insecta,Diptera,Brachycera,#N/C,#N/C,#N/C,#N/C,#N/C,#N/C,8.4004979253112,5.45134854771784,1.7163070539419094
ID2_0342,ID,ID2,Site2,Maize,IDxMaize,2023-08-30 09:39:52.017,2023-08-30 09:39:57.844,00:00:05.827000,fly,Insecta,Diptera,Brachycera,#N/C,#N/C,#N/C,#N/C,#N/C,#N/C,8.4004979253112,5.45134854771784,1.7163070539419094
ID2_0343,ID,ID2,Site2,Maize,IDxMaize,2023-08-30 12:00:38.922,2023-08-30 12:03:30.863,00:02:51.941000,fly,Insecta,Diptera,Brachycera,#N/C,#N/C,#N/C,#N/C,#N/C,#N/C,8.4004979253112,5.45134854771784,1.7163070539419094
ID2_0344,ID,ID2,Site2,Maize,IDxMaize,2023-08-30 12:02:27.251,2023-08-30 12:04:01.038,00:01:33.787000,fly,Insecta,Diptera,Brachycera,#N/C,#N/C,#N/C,#N/C,#N/C,#N/C,8.4004979253112,5.45134854771784,1.7163070539419094
ID2_0345,ID,ID2,Site2,Maize,IDxMaize,2023-08-30 12:03:36.572,2023-08-30 12:04:13.926,00:00:37.354000,fly,Insecta,Diptera,Brachycera,#N/C,#N/C,#N/C,#N/C,#N/C,#N/C,8.4004979253112,5.45134854771784,1.7163070539419094
ID2_0346,ID,ID2,Site2,Maize,IDxMaize,2023-08-30 12:04:49.092,2023-08-30 12:04:53.410,00:00:04.318000,fly,Insecta,Diptera,Brachycera,#N/C,#N/C,#N/C,#N/C,#N/C,#N/C,8.4004979253112,5.45134854771784,1.7163070539419094
ID2_0347,ID,ID2,Site2,Maize,IDxMaize,2023-08-30 12:05:03.377,2023-08-30 12:06:16.116,00:01:12.739000,fly,Insecta,Diptera,Brachycera,#N/C,#N/C,#N/C,#N/C,#N/C,#N/C,8.4004979253112,5.45134854771784,1.7163070539419094
ID2_0348,ID,ID2,Site2,Maize,IDxMaize,2023-08-30 12:05:44.427,2023-08-30 12:06:56.467,00:01:12.040000,fly,Insecta,Diptera,Brachycera,#N/C,#N/C,#N/C,#N/C,#N/C,#N/C,8.4004979253112,5.45134854771784,1.7163070539419094
ID2_0349,ID,ID2,Site2,Maize,IDxMaize,2023-08-30 12:06:21.926,2023-08-30 12:06:27.787,00:00:05.861000,fly,Insecta,Diptera,Brachycera,#N/C,#N/C,#N/C,#N/C,#N/C,#N/C,8.4004979253112,5.45134854771784,1.7163070539419094
ID2_0350,ID,ID2,Site2,Maize,IDxMaize,2023-08-30 12:10:15.967,2023-08-30 12:12:30.602,00:02:14.635000,fly,Insecta,Diptera,Brachycera,#N/C,#N/C,#N/C,#N/C,#N/C,#N/C,8.4004979253112,5.45134854771784,1.7163070539419094
ID2_0351,ID,ID2,Site2,Maize,IDxMaize,2023-08-30 12:11:21.727,2023-08-30 12:11:37.663,00:00:15.936000,fly,Insecta,Diptera,Brachycera,#N/C,#N/C,#N/C,#N/C,#N/C,#N/C,8.4004979253112,5.45134854771784,1.7163070539419094
ID2_0352,ID,ID2,Site2,Maize,IDxMaize,2023-08-30 12:12:32.101,2023-08-30 12:17:38.072,00:05:05.971000,hoverfly,Insecta,Diptera,Brachycera,Muscomorpha,Syrphoidea,Syrphidae,Syrphinae,Episyrphus,balteatus,12.29572580645161,7.508467741935483,2.1483064516129025
ID2_0353,ID,ID2,Site2,Maize,IDxMaize,2023-08-30 12:16:51.698,2023-08-30 12:17:02.077,00:00:10.379000,hoverfly,Insecta,Diptera,Brachycera,Muscomorpha,Syrphoidea,Syrphidae,Syrphinae,Episyrphus,balteatus,12.29572580645161,7.508467741935483,2.1483064516129025
ID2_0354,ID,ID2,Site2,Maize,IDxMaize,2023-08-30 12:17:12.183,2023-08-30 12:17:25.224,00:00:13.041000,hoverfly,Insecta,Diptera,Brachycera,Muscomorpha,Syrphoidea,Syrphidae,Syrphinae,Episyrphus,balteatus,12.29572580645161,7.508467741935483,2.1483064516129025
ID2_0355,ID,ID2,Site2,Maize,IDxMaize,2023-08-30 12:17:40.860,2023-08-30 12:17:43.697,00:00:02.837000,hoverfly,Insecta,Diptera,Brachycera,Muscomorpha,Syrphoidea,Syrphidae,Syrphinae,Episyrphus,balteatus,12.29572580645161,7.508467741935483,2.1483064516129025
ID2_0356,ID,ID2,Site2,Maize,IDxMaize,2023-08-30 12:17:47.975,2023-08-30 12:17:50.795,00:00:02.820000,hoverfly,Insecta,Diptera,Brachycera,Muscomorpha,Syrphoidea,Syrphidae,Syrphinae,Episyrphus,balteatus,12.29572580645161,7.508467741935483,2.1483064516129025
ID2_0357,ID,ID2,Site2,Maize,IDxMaize,2023-08-30 12:17:57.910,2023-08-30 12:19:19.372,00:01:21.462000,hoverfly,Insecta,Diptera,Brachycera,Muscomorpha,Syrphoidea,Syrphidae,Syrphinae,Episyrphus,balteatus,12.29572580645161,7.508467741935483,2.1483064516129025
ID2_0358,ID,ID2,Site2,Maize,IDxMaize,2023-08-30 12:19:20.776,2023-08-30 12:24:13.307,00:04:52.531000,hoverfly,Insecta,Diptera,Brachycera,Muscomorpha,Syrphoidea,Syrphidae,Syrphinae,Episyrphus,balteatus,12.29572580645161,7.508467741935483,2.1483064516129025
ID2_0359,ID,ID2,Site2,Maize,IDxMaize,2023-08-30 12:21:05.270,2023-08-30 12:21:45.694,00:00:40.424000,hoverfly,Insecta,Diptera,Brachycera,Muscomorpha,Syrphoidea,Syrphidae,Syrphinae,Episyrphus,balteatus,12.29572580645161,7.508467741935483,2.1483064516129025
ID2_0360,ID,ID2,Site2,Maize,IDxMaize,2023-08-30 12:23:24.380,2023-08-30 12:23:28.745,00:00:04.365000,hoverfly,Insecta,Diptera,Brachycera,Muscomorpha,Syrphoidea,Syrphidae,Syrphinae,Episyrphus,balteatus,12.29572580645161,7.508467741935483,2.1483064516129025
ID2_0362,ID,ID2,Site2,Maize,IDxMaize,2023-08-30 12:24:03.198,2023-08-30 12:24:23.417,00:00:20.219000,fly,Insecta,Diptera,Brachycera,#N/C,#N/C,#N/C,#N/C,#N/C,#N/C,8.4004979253112,5.45134854771784,1.7163070539419094
ID2_0363,ID,ID2,Site2,Maize,IDxMaize,2023-08-30 12:24:40.255,2023-08-30 12:24:44.535,00:00:04.280000,hoverfly,Insecta,Diptera,Brachycera,Muscomorpha,Syrphoidea,Syrphidae,Syrphinae,Episyrphus,balteatus,12.29572580645161,7.508467741935483,2.1483064516129025
ID2_0364,ID,ID2,Site2,Maize,IDxMaize,2023-08-30 12:25:04.212,2023-08-30 12:25:18.529,00:00:14.317000,hoverfly,Insecta,Diptera,Brachycera,Muscomorpha,Syrphoidea,Syrphidae,Syrphinae,Episyrphus,balteatus,12.29572580645161,7.508467741935483,2.1483064516129025
ID2_0365,ID,ID2,Site2,Maize,IDxMaize,2023-08-30 12:25:21.312,2023-08-30 12:25:34.186,00:00:12.874000,fly,Insecta,Diptera,Brachycera,#N/C,#N/C,#N/C,#N/C,#N/C,#N/C,8.4004979253112,5.45134854771784,1.7163070539419094
ID2_0366,ID,ID2,Site2,Maize,IDxMaize,2023-08-30 12:26:24.769,2023-08-30 12:26:27.602,00:00:02.833000,fly,Insecta,Diptera,Brachycera,#N/C,#N/C,#N/C,#N/C,#N/C,#N/C,8.4004979253112,5.45134854771784,1.7163070539419094
ID2_0367,ID,ID2,Site2,Maize,IDxMaize,2023-08-30 12:26:33.259,2023-08-30 12:28:42.706,00:02:09.447000,fly,Insecta,Diptera,Brachycera,#N/C,#N/C,#N/C,#N/C,#N/C,#N/C,8.4004979253112,5.45134854771784,1.7163070539419094
ID2_0368,ID,ID2,Site2,Maize,IDxMaize,2023-08-30 12:28:48.324,2023-08-30 12:29:08.359,00:00:20.035000,fly,Insecta,Diptera,Brachycera,#N/C,#N/C,#N/C,#N/C,#N/C,#N/C,8.4004979253112,5.45134854771784,1.7163070539419094
ID2_0369,ID,ID2,Site2,Maize,IDxMaize,2023-08-30 12:29:09.792,2023-08-30 12:29:50.957,00:00:41.165000,fly,Insecta,Diptera,Brachycera,#N/C,#N/C,#N/C,#N/C,#N/C,#N/C,8.4004979253112,5.45134854771784,1.7163070539419094
ID2_0370,ID,ID2,Site2,Maize,IDxMaize,2023-08-30 12:29:36.756,2023-08-30 12:29:39.595,00:00:02.839000,fly,Insecta,Diptera,Brachycera,#N/C,#N/C,#N/C,#N/C,#N/C,#N/C,8.4004979253112,5.45134854771784,1.7163070539419094
ID2_0371,ID,ID2,Site2,Maize,IDxMaize,2023-08-30 12:29:59.400,2023-08-30 12:30:02.267,00:00:02.867000,fly,Insecta,Diptera,Brachycera,#N/C,#N/C,#N/C,#N/C,#N/C,#N/C,8.4004979253112,5.45134854771784,1.7163070539419094
ID2_0372,ID,ID2,Site2,Maize,IDxMaize,2023-08-30 12:30:03.696,2023-08-30 12:30:07.995,00:00:04.299000,fly,Insecta,Diptera,Brachycera,#N/C,#N/C,#N/C,#N/C,#N/C,#N/C,8.4004979253112,5.45134854771784,1.7163070539419094
ID2_0373,ID,ID2,Site2,Maize,IDxMaize,2023-08-30 13:01:09.423,2023-08-30 13:01:22.405,00:00:12.982000,fly,Insecta,Diptera,Brachycera,#N/C,#N/C,#N/C,#N/C,#N/C,#N/C,8.4004979253112,5.45134854771784,1.7163070539419094
ID2_0374,ID,ID2,Site2,Maize,IDxMaize,2023-08-30 13:01:15.192,2023-08-30 13:01:19.546,00:00:04.354000,fly,Insecta,Diptera,Brachycera,#N/C,#N/C,#N/C,#N/C,#N/C,#N/C,8.4004979253112,5.45134854771784,1.7163070539419094
ID2_0375,ID,ID2,Site2,Maize,IDxMaize,2023-08-30 13:02:49.749,2023-08-30 13:03:12.556,00:00:22.807000,fly,Insecta,Diptera,Brachycera,#N/C,#N/C,#N/C,#N/C,#N/C,#N/C,8.4004979253112,5.45134854771784,1.7163070539419094
ID2_0376,ID,ID2,Site2,Maize,IDxMaize,2023-08-30 13:07:34.275,2023-08-30 13:07:38.522,00:00:04.247000,fly,Insecta,Diptera,Brachycera,#N/C,#N/C,#N/C,#N/C,#N/C,#N/C,8.4004979253112,5.45134854771784,1.7163070539419094
ID2_0377,ID,ID2,Site2,Maize,IDxMaize,2023-08-30 13:08:22.368,2023-08-30 13:08:25.258,00:00:02.890000,fly,Insecta,Diptera,Brachycera,#N/C,#N/C,#N/C,#N/C,#N/C,#N/C,8.4004979253112,5.45134854771784,1.7163070539419094
ID2_0378,ID,ID2,Site2,Maize,IDxMaize,2023-08-30 13:09:03.321,2023-08-30 13:09:34.794,00:00:31.473000,fly,Insecta,Diptera,Brachycera,#N/C,#N/C,#N/C,#N/C,#N/C,#N/C,8.4004979253112,5.45134854771784,1.7163070539419094
ID2_0379,ID,ID2,Site2,Maize,IDxMaize,2023-08-30 13:10:52.130,2023-08-30 13:14:12.053,00:03:19.923000,hoverfly,Insecta,Diptera,Brachycera,Muscomorpha,Syrphoidea,Syrphidae,Syrphinae,Episyrphus,balteatus,12.29572580645161,7.508467741935483,2.1483064516129025
ID2_0380,ID,ID2,Site2,Maize,IDxMaize,2023-08-30 13:16:57.969,2023-08-30 13:18:26.703,00:01:28.734000,fly,Insecta,Diptera,Brachycera,#N/C,#N/C,#N/C,#N/C,#N/C,#N/C,8.4004979253112,5.45134854771784,1.7163070539419094
ID2_0382,ID,ID2,Site2,Maize,IDxMaize,2023-08-30 13:20:12.612,2023-08-30 13:20:16.882,00:00:04.270000,flesh_fly,Insecta,Diptera,Brachycera,Muscomorpha,Oestroidea,Sarcophagidae,#N/C,#N/C,#N/C,8.696344827586204,5.522551724137931,1.7546666666666675
ID2_0383,ID,ID2,Site2,Maize,IDxMaize,2023-08-30 13:22:00.986,2023-08-30 13:22:10.946,00:00:09.960000,flesh_fly,Insecta,Diptera,Brachycera,Muscomorpha,Oestroidea,Sarcophagidae,#N/C,#N/C,#N/C,8.696344827586204,5.522551724137931,1.7546666666666675
ID2_0384,ID,ID2,Site2,Maize,IDxMaize,2023-08-30 13:23:00.235,2023-08-30 13:23:24.247,00:00:24.012000,flesh_fly,Insecta,Diptera,Brachycera,Muscomorpha,Oestroidea,Sarcophagidae,#N/C,#N/C,#N/C,8.696344827586204,5.522551724137931,1.7546666666666675
ID2_0385,ID,ID2,Site2,Maize,IDxMaize,2023-08-30 13:23:01.715,2023-08-30 13:23:31.577,00:00:29.862000,fly,Insecta,Diptera,Brachycera,#N/C,#N/C,#N/C,#N/C,#N/C,#N/C,8.4004979253112,5.45134854771784,1.7163070539419094
ID2_0386,ID,ID2,Site2,Maize,IDxMaize,2023-08-30 13:23:01.739,2023-08-30 13:23:34.553,00:00:32.814000,fly,Insecta,Diptera,Brachycera,#N/C,#N/C,#N/C,#N/C,#N/C,#N/C,8.4004979253112,5.45134854771784,1.7163070539419094
ID2_0387,ID,ID2,Site2,Maize,IDxMaize,2023-08-30 13:23:01.770,2023-08-30 13:23:16.921,00:00:15.151000,flesh_fly,Insecta,Diptera,Brachycera,Muscomorpha,Oestroidea,Sarcophagidae,#N/C,#N/C,#N/C,8.696344827586204,5.522551724137931,1.7546666666666675
ID2_0388,ID,ID2,Site2,Maize,IDxMaize,2023-08-30 13:23:09.273,2023-08-30 13:23:15.347,00:00:06.074000,fly,Insecta,Diptera,Brachycera,#N/C,#N/C,#N/C,#N/C,#N/C,#N/C,8.4004979253112,5.45134854771784,1.7163070539419094
ID2_0389,ID,ID2,Site2,Maize,IDxMaize,2023-08-30 13:23:25.760,2023-08-30 13:23:37.425,00:00:11.665000,flesh_fly,Insecta,Diptera,Brachycera,Muscomorpha,Oestroidea,Sarcophagidae,#N/C,#N/C,#N/C,8.696344827586204,5.522551724137931,1.7546666666666675
ID2_0390,ID,ID2,Site2,Maize,IDxMaize,2023-08-30 13:25:06.091,2023-08-30 13:25:10.335,00:00:04.244000,flesh_fly,Insecta,Diptera,Brachycera,Muscomorpha,Oestroidea,Sarcophagidae,#N/C,#N/C,#N/C,8.696344827586204,5.522551724137931,1.7546666666666675
ID2_0391,ID,ID2,Site2,Maize,IDxMaize,2023-08-30 13:25:10.355,2023-08-30 13:25:36.619,00:00:26.264000,flesh_fly,Insecta,Diptera,Brachycera,Muscomorpha,Oestroidea,Sarcophagidae,#N/C,#N/C,#N/C,8.696344827586204,5.522551724137931,1.7546666666666675
ID2_0392,ID,ID2,Site2,Maize,IDxMaize,2023-08-30 13:25:24.827,2023-08-30 13:25:46.951,00:00:22.124000,flesh_fly,Insecta,Diptera,Brachycera,Muscomorpha,Oestroidea,Sarcophagidae,#N/C,#N/C,#N/C,8.696344827586204,5.522551724137931,1.7546666666666675
ID2_0393,ID,ID2,Site2,Maize,IDxMaize,2023-08-30 13:25:33.744,2023-08-30 13:25:38.085,00:00:04.341000,flesh_fly,Insecta,Diptera,Brachycera,Muscomorpha,Oestroidea,Sarcophagidae,#N/C,#N/C,#N/C,8.696344827586204,5.522551724137931,1.7546666666666675
ID2_0394,ID,ID2,Site2,Maize,IDxMaize,2023-08-30 13:25:38.117,2023-08-30 13:26:13.581,00:00:35.464000,fly,Insecta,Diptera,Brachycera,#N/C,#N/C,#N/C,#N/C,#N/C,#N/C,8.4004979253112,5.45134854771784,1.7163070539419094
ID2_0395,ID,ID2,Site2,Maize,IDxMaize,2023-08-30 13:25:38.125,2023-08-30 13:26:15.103,00:00:36.978000,fly,Insecta,Diptera,Brachycera,#N/C,#N/C,#N/C,#N/C,#N/C,#N/C,8.4004979253112,5.45134854771784,1.7163070539419094
ID2_0396,ID,ID2,Site2,Maize,IDxMaize,2023-08-30 13:25:38.147,2023-08-30 13:26:22.471,00:00:44.324000,fly,Insecta,Diptera,Brachycera,#N/C,#N/C,#N/C,#N/C,#N/C,#N/C,8.4004979253112,5.45134854771784,1.7163070539419094
ID2_0397,ID,ID2,Site2,Maize,IDxMaize,2023-08-30 13:25:54.241,2023-08-30 13:26:52.755,00:00:58.514000,fly,Insecta,Diptera,Brachycera,#N/C,#N/C,#N/C,#N/C,#N/C,#N/C,8.4004979253112,5.45134854771784,1.7163070539419094
ID2_0398,ID,ID2,Site2,Maize,IDxMaize,2023-08-30 13:26:10.677,2023-08-30 13:26:18.075,00:00:07.398000,flesh_fly,Insecta,Diptera,Brachycera,Muscomorpha,Oestroidea,Sarcophagidae,#N/C,#N/C,#N/C,8.696344827586204,5.522551724137931,1.7546666666666675
ID2_0399,ID,ID2,Site2,Maize,IDxMaize,2023-08-30 13:26:16.636,2023-08-30 13:26:22.506,00:00:05.870000,fly,Insecta,Diptera,Brachycera,#N/C,#N/C,#N/C,#N/C,#N/C,#N/C,8.4004979253112,5.45134854771784,1.7163070539419094
ID2_0400,ID,ID2,Site2,Maize,IDxMaize,2023-08-30 13:26:23.982,2023-08-30 13:26:29.763,00:00:05.781000,fly,Insecta,Diptera,Brachycera,#N/C,#N/C,#N/C,#N/C,#N/C,#N/C,8.4004979253112,5.45134854771784,1.7163070539419094
ID2_0401,ID,ID2,Site2,Maize,IDxMaize,2023-08-30 13:26:35.526,2023-08-30 13:26:38.447,00:00:02.921000,fly,Insecta,Diptera,Brachycera,#N/C,#N/C,#N/C,#N/C,#N/C,#N/C,8.4004979253112,5.45134854771784,1.7163070539419094
ID2_0402,ID,ID2,Site2,Maize,IDxMaize,2023-08-30 13:26:57.007,2023-08-30 13:27:30.488,00:00:33.481000,fly,Insecta,Diptera,Brachycera,#N/C,#N/C,#N/C,#N/C,#N/C,#N/C,8.4004979253112,5.45134854771784,1.7163070539419094
ID2_0403,ID,ID2,Site2,Maize,IDxMaize,2023-08-30 13:27:00.017,2023-08-30 13:27:30.518,00:00:30.501000,flesh_fly,Insecta,Diptera,Brachycera,Muscomorpha,Oestroidea,Sarcophagidae,#N/C,#N/C,#N/C,8.696344827586204,5.522551724137931,1.7546666666666675
ID2_0404,ID,ID2,Site2,Maize,IDxMaize,2023-08-30 13:27:43.496,2023-08-30 13:27:50.776,00:00:07.280000,fly,Insecta,Diptera,Brachycera,#N/C,#N/C,#N/C,#N/C,#N/C,#N/C,8.4004979253112,5.45134854771784,1.7163070539419094
ID2_0405,ID,ID2,Site2,Maize,IDxMaize,2023-08-30 13:27:31.902,2023-08-30 13:27:46.466,00:00:14.564000,fly,Insecta,Diptera,Brachycera,#N/C,#N/C,#N/C,#N/C,#N/C,#N/C,8.4004979253112,5.45134854771784,1.7163070539419094
ID2_0407,ID,ID2,Site2,Maize,IDxMaize,2023-08-30 13:27:52.346,2023-08-30 13:27:59.633,00:00:07.287000,fly,Insecta,Diptera,Brachycera,#N/C,#N/C,#N/C,#N/C,#N/C,#N/C,8.4004979253112,5.45134854771784,1.7163070539419094
ID2_0408,ID,ID2,Site2,Maize,IDxMaize,2023-08-30 13:27:53.797,2023-08-30 13:30:36.545,00:02:42.748000,fly,Insecta,Diptera,Brachycera,#N/C,#N/C,#N/C,#N/C,#N/C,#N/C,8.4004979253112,5.45134854771784,1.7163070539419094
ID2_0409,ID,ID2,Site2,Maize,IDxMaize,2023-08-30 13:28:01.124,2023-08-30 13:28:23.192,00:00:22.068000,flesh_fly,Insecta,Diptera,Brachycera,Muscomorpha,Oestroidea,Sarcophagidae,#N/C,#N/C,#N/C,8.696344827586204,5.522551724137931,1.7546666666666675
ID2_0410,ID,ID2,Site2,Maize,IDxMaize,2023-08-30 13:28:01.137,2023-08-30 13:28:04.075,00:00:02.938000,fly,Insecta,Diptera,Brachycera,#N/C,#N/C,#N/C,#N/C,#N/C,#N/C,8.4004979253112,5.45134854771784,1.7163070539419094
ID2_0411,ID,ID2,Site2,Maize,IDxMaize,2023-08-30 13:28:07.038,2023-08-30 13:28:11.502,00:00:04.464000,flesh_fly,Insecta,Diptera,Brachycera,Muscomorpha,Oestroidea,Sarcophagidae,#N/C,#N/C,#N/C,8.696344827586204,5.522551724137931,1.7546666666666675
ID2_0412,ID,ID2,Site2,Maize,IDxMaize,2023-08-30 13:28:26.089,2023-08-30 13:28:39.186,00:00:13.097000,fly,Insecta,Diptera,Brachycera,#N/C,#N/C,#N/C,#N/C,#N/C,#N/C,8.4004979253112,5.45134854771784,1.7163070539419094
ID2_0413,ID,ID2,Site2,Maize,IDxMaize,2023-08-30 13:28:43.558,2023-08-30 13:28:49.282,00:00:05.724000,fly,Insecta,Diptera,Brachycera,#N/C,#N/C,#N/C,#N/C,#N/C,#N/C,8.4004979253112,5.45134854771784,1.7163070539419094
ID2_0414,ID,ID2,Site2,Maize,IDxMaize,2023-08-30 13:29:32.151,2023-08-30 13:30:16.234,00:00:44.083000,fly,Insecta,Diptera,Brachycera,#N/C,#N/C,#N/C,#N/C,#N/C,#N/C,8.4004979253112,5.45134854771784,1.7163070539419094
ID2_0415,ID,ID2,Site2,Maize,IDxMaize,2023-08-30 13:29:32.157,2023-08-30 13:30:19.147,00:00:46.990000,fly,Insecta,Diptera,Brachycera,#N/C,#N/C,#N/C,#N/C,#N/C,#N/C,8.4004979253112,5.45134854771784,1.7163070539419094
ID2_0416,ID,ID2,Site2,Maize,IDxMaize,2023-08-30 13:30:05.966,2023-08-30 13:30:11.891,00:00:05.925000,fly,Insecta,Diptera,Brachycera,#N/C,#N/C,#N/C,#N/C,#N/C,#N/C,8.4004979253112,5.45134854771784,1.7163070539419094
ID2_0417,ID,ID2,Site2,Maize,IDxMaize,2023-08-30 13:30:26.380,2023-08-30 13:30:29.325,00:00:02.945000,fly,Insecta,Diptera,Brachycera,#N/C,#N/C,#N/C,#N/C,#N/C,#N/C,8.4004979253112,5.45134854771784,1.7163070539419094
ID2_0418,ID,ID2,Site2,Maize,IDxMaize,2023-08-30 13:30:26.411,2023-08-30 13:30:32.235,00:00:05.824000,fly,Insecta,Diptera,Brachycera,#N/C,#N/C,#N/C,#N/C,#N/C,#N/C,8.4004979253112,5.45134854771784,1.7163070539419094
ID2_0419,ID,ID2,Site2,Maize,IDxMaize,2023-08-30 13:30:39.451,2023-08-30 13:30:54.146,00:00:14.695000,fly,Insecta,Diptera,Brachycera,#N/C,#N/C,#N/C,#N/C,#N/C,#N/C,8.4004979253112,5.45134854771784,1.7163070539419094
ID2_0420,ID,ID2,Site2,Maize,IDxMaize,2023-08-30 13:30:39.471,2023-08-30 13:31:17.554,00:00:38.083000,fly,Insecta,Diptera,Brachycera,#N/C,#N/C,#N/C,#N/C,#N/C,#N/C,8.4004979253112,5.45134854771784,1.7163070539419094
ID2_0421,ID,ID2,Site2,Maize,IDxMaize,2023-08-30 13:30:40.935,2023-08-30 13:31:17.572,00:00:36.637000,fly,Insecta,Diptera,Brachycera,#N/C,#N/C,#N/C,#N/C,#N/C,#N/C,8.4004979253112,5.45134854771784,1.7163070539419094
ID2_0422,ID,ID2,Site2,Maize,IDxMaize,2023-08-30 13:30:59.989,2023-08-30 13:31:16.131,00:00:16.142000,fly,Insecta,Diptera,Brachycera,#N/C,#N/C,#N/C,#N/C,#N/C,#N/C,8.4004979253112,5.45134854771784,1.7163070539419094
ID2_0423,ID,ID2,Site2,Maize,IDxMaize,2023-08-30 13:31:20.416,2023-08-30 13:31:24.728,00:00:04.312000,fly,Insecta,Diptera,Brachycera,#N/C,#N/C,#N/C,#N/C,#N/C,#N/C,8.4004979253112,5.45134854771784,1.7163070539419094
ID2_0424,ID,ID2,Site2,Maize,IDxMaize,2023-08-30 13:31:26.147,2023-08-30 13:31:50.911,00:00:24.764000,fly,Insecta,Diptera,Brachycera,#N/C,#N/C,#N/C,#N/C,#N/C,#N/C,8.4004979253112,5.45134854771784,1.7163070539419094
ID2_0425,ID,ID2,Site2,Maize,IDxMaize,2023-08-30 13:31:28.979,2023-08-30 13:31:50.948,00:00:21.969000,fly,Insecta,Diptera,Brachycera,#N/C,#N/C,#N/C,#N/C,#N/C,#N/C,8.4004979253112,5.45134854771784,1.7163070539419094
ID2_0426,ID,ID2,Site2,Maize,IDxMaize,2023-08-30 13:31:31.862,2023-08-30 13:31:52.425,00:00:20.563000,fly,Insecta,Diptera,Brachycera,#N/C,#N/C,#N/C,#N/C,#N/C,#N/C,8.4004979253112,5.45134854771784,1.7163070539419094
ID2_0427,ID,ID2,Site2,Maize,IDxMaize,2023-08-30 13:31:46.540,2023-08-30 13:32:16.729,00:00:30.189000,fly,Insecta,Diptera,Brachycera,#N/C,#N/C,#N/C,#N/C,#N/C,#N/C,8.4004979253112,5.45134854771784,1.7163070539419094
ID2_0428,ID,ID2,Site2,Maize,IDxMaize,2023-08-30 13:33:46.882,2023-08-30 13:36:21.512,00:02:34.630000,fly,Insecta,Diptera,Brachycera,#N/C,#N/C,#N/C,#N/C,#N/C,#N/C,8.4004979253112,5.45134854771784,1.7163070539419094
ID2_0429,ID,ID2,Site2,Maize,IDxMaize,2023-08-30 13:33:52.626,2023-08-30 13:33:58.418,00:00:05.792000,fly,Insecta,Diptera,Brachycera,#N/C,#N/C,#N/C,#N/C,#N/C,#N/C,8.4004979253112,5.45134854771784,1.7163070539419094
ID2_0430,ID,ID2,Site2,Maize,IDxMaize,2023-08-30 13:36:22.931,2023-08-30 13:37:30.134,00:01:07.203000,fly,Insecta,Diptera,Brachycera,#N/C,#N/C,#N/C,#N/C,#N/C,#N/C,8.4004979253112,5.45134854771784,1.7163070539419094
ID2_0431,ID,ID2,Site2,Maize,IDxMaize,2023-08-30 13:37:15.822,2023-08-30 13:37:20.161,00:00:04.339000,fly,Insecta,Diptera,Brachycera,#N/C,#N/C,#N/C,#N/C,#N/C,#N/C,8.4004979253112,5.45134854771784,1.7163070539419094
ID2_0432,ID,ID2,Site2,Maize,IDxMaize,2023-08-30 13:39:51.997,2023-08-30 13:39:59.055,00:00:07.058000,fly,Insecta,Diptera,Brachycera,#N/C,#N/C,#N/C,#N/C,#N/C,#N/C,8.4004979253112,5.45134854771784,1.7163070539419094
ID2_0433,ID,ID2,Site2,Maize,IDxMaize,2023-08-30 14:01:04.871,2023-08-30 14:01:17.723,00:00:12.852000,flesh_fly,Insecta,Diptera,Brachycera,Muscomorpha,Oestroidea,Sarcophagidae,#N/C,#N/C,#N/C,8.696344827586204,5.522551724137931,1.7546666666666675
ID2_0434,ID,ID2,Site2,Maize,IDxMaize,2023-08-30 14:01:17.735,2023-08-30 14:01:40.672,00:00:22.937000,fly,Insecta,Diptera,Brachycera,#N/C,#N/C,#N/C,#N/C,#N/C,#N/C,8.4004979253112,5.45134854771784,1.7163070539419094
ID2_0435,ID,ID2,Site2,Maize,IDxMaize,2023-08-30 14:01:27.705,2023-08-30 14:01:49.294,00:00:21.589000,flesh_fly,Insecta,Diptera,Brachycera,Muscomorpha,Oestroidea,Sarcophagidae,#N/C,#N/C,#N/C,8.696344827586204,5.522551724137931,1.7546666666666675
ID2_0436,ID,ID2,Site2,Maize,IDxMaize,2023-08-30 14:01:42.129,2023-08-30 14:01:49.314,00:00:07.185000,fly,Insecta,Diptera,Brachycera,#N/C,#N/C,#N/C,#N/C,#N/C,#N/C,8.4004979253112,5.45134854771784,1.7163070539419094
ID2_0437,ID,ID2,Site2,Maize,IDxMaize,2023-08-30 14:01:52.171,2023-08-30 14:02:19.778,00:00:27.607000,fly,Insecta,Diptera,Brachycera,#N/C,#N/C,#N/C,#N/C,#N/C,#N/C,8.4004979253112,5.45134854771784,1.7163070539419094
ID2_0438,ID,ID2,Site2,Maize,IDxMaize,2023-08-30 14:01:53.613,2023-08-30 14:02:08.184,00:00:14.571000,fly,Insecta,Diptera,Brachycera,#N/C,#N/C,#N/C,#N/C,#N/C,#N/C,8.4004979253112,5.45134854771784,1.7163070539419094
ID2_0439,ID,ID2,Site2,Maize,IDxMaize,2023-08-30 14:02:22.606,2023-08-30 14:03:02.021,00:00:39.415000,fly,Insecta,Diptera,Brachycera,#N/C,#N/C,#N/C,#N/C,#N/C,#N/C,8.4004979253112,5.45134854771784,1.7163070539419094
ID2_0440,ID,ID2,Site2,Maize,IDxMaize,2023-08-30 14:02:22.643,2023-08-30 14:02:34.359,00:00:11.716000,fly,Insecta,Diptera,Brachycera,#N/C,#N/C,#N/C,#N/C,#N/C,#N/C,8.4004979253112,5.45134854771784,1.7163070539419094
ID2_0441,ID,ID2,Site2,Maize,IDxMaize,2023-08-30 14:02:29.958,2023-08-30 14:03:02.053,00:00:32.095000,flesh_fly,Insecta,Diptera,Brachycera,Muscomorpha,Oestroidea,Sarcophagidae,#N/C,#N/C,#N/C,8.696344827586204,5.522551724137931,1.7546666666666675
ID2_0442,ID,ID2,Site2,Maize,IDxMaize,2023-08-30 14:02:35.805,2023-08-30 14:02:43.070,00:00:07.265000,fly,Insecta,Diptera,Brachycera,#N/C,#N/C,#N/C,#N/C,#N/C,#N/C,8.4004979253112,5.45134854771784,1.7163070539419094
ID2_0444,ID,ID2,Site2,Maize,IDxMaize,2023-08-30 14:03:17.736,2023-08-30 14:03:23.503,00:00:05.767000,fly,Insecta,Diptera,Brachycera,#N/C,#N/C,#N/C,#N/C,#N/C,#N/C,8.4004979253112,5.45134854771784,1.7163070539419094
ID2_0445,ID,ID2,Site2,Maize,IDxMaize,2023-08-30 14:03:26.363,2023-08-30 14:06:01.411,00:02:35.048000,flesh_fly,Insecta,Diptera,Brachycera,Muscomorpha,Oestroidea,Sarcophagidae,#N/C,#N/C,#N/C,8.696344827586204,5.522551724137931,1.7546666666666675
ID2_0446,ID,ID2,Site2,Maize,IDxMaize,2023-08-30 14:03:44.865,2023-08-30 14:03:49.231,00:00:04.366000,fly,Insecta,Diptera,Brachycera,#N/C,#N/C,#N/C,#N/C,#N/C,#N/C,8.4004979253112,5.45134854771784,1.7163070539419094
ID2_0447,ID,ID2,Site2,Maize,IDxMaize,2023-08-30 14:03:50.662,2023-08-30 14:03:53.583,00:00:02.921000,fly,Insecta,Diptera,Brachycera,#N/C,#N/C,#N/C,#N/C,#N/C,#N/C,8.4004979253112,5.45134854771784,1.7163070539419094
ID2_0448,ID,ID2,Site2,Maize,IDxMaize,2023-08-30 14:03:55.025,2023-08-30 14:04:39.294,00:00:44.269000,fly,Insecta,Diptera,Brachycera,#N/C,#N/C,#N/C,#N/C,#N/C,#N/C,8.4004979253112,5.45134854771784,1.7163070539419094
ID2_0449,ID,ID2,Site2,Maize,IDxMaize,2023-08-30 14:03:55.051,2023-08-30 14:04:29.017,00:00:33.966000,fly,Insecta,Diptera,Brachycera,#N/C,#N/C,#N/C,#N/C,#N/C,#N/C,8.4004979253112,5.45134854771784,1.7163070539419094
ID2_0450,ID,ID2,Site2,Maize,IDxMaize,2023-08-30 14:04:33.431,2023-08-30 14:04:39.314,00:00:05.883000,fly,Insecta,Diptera,Brachycera,#N/C,#N/C,#N/C,#N/C,#N/C,#N/C,8.4004979253112,5.45134854771784,1.7163070539419094
ID2_0451,ID,ID2,Site2,Maize,IDxMaize,2023-08-30 14:04:43.635,2023-08-30 14:05:14.044,00:00:30.409000,fly,Insecta,Diptera,Brachycera,#N/C,#N/C,#N/C,#N/C,#N/C,#N/C,8.4004979253112,5.45134854771784,1.7163070539419094
ID2_0452,ID,ID2,Site2,Maize,IDxMaize,2023-08-30 14:05:15.510,2023-08-30 14:05:24.224,00:00:08.714000,fly,Insecta,Diptera,Brachycera,#N/C,#N/C,#N/C,#N/C,#N/C,#N/C,8.4004979253112,5.45134854771784,1.7163070539419094
ID2_0453,ID,ID2,Site2,Maize,IDxMaize,2023-08-30 14:06:04.282,2023-08-30 14:06:17.073,00:00:12.791000,fly,Insecta,Diptera,Brachycera,#N/C,#N/C,#N/C,#N/C,#N/C,#N/C,8.4004979253112,5.45134854771784,1.7163070539419094
ID2_0454,ID,ID2,Site2,Maize,IDxMaize,2023-08-30 14:06:19.881,2023-08-30 14:06:38.516,00:00:18.635000,flesh_fly,Insecta,Diptera,Brachycera,Muscomorpha,Oestroidea,Sarcophagidae,#N/C,#N/C,#N/C,8.696344827586204,5.522551724137931,1.7546666666666675
ID2_0455,ID,ID2,Site2,Maize,IDxMaize,2023-08-30 14:06:41.332,2023-08-30 14:06:57.313,00:00:15.981000,flesh_fly,Insecta,Diptera,Brachycera,Muscomorpha,Oestroidea,Sarcophagidae,#N/C,#N/C,#N/C,8.696344827586204,5.522551724137931,1.7546666666666675
ID2_0456,ID,ID2,Site2,Maize,IDxMaize,2023-08-30 14:06:41.346,2023-08-30 14:06:57.332,00:00:15.986000,flesh_fly,Insecta,Diptera,Brachycera,Muscomorpha,Oestroidea,Sarcophagidae,#N/C,#N/C,#N/C,8.696344827586204,5.522551724137931,1.7546666666666675
ID2_0457,ID,ID2,Site2,Maize,IDxMaize,2023-08-30 14:07:00.281,2023-08-30 14:07:29.403,00:00:29.122000,fly,Insecta,Diptera,Brachycera,#N/C,#N/C,#N/C,#N/C,#N/C,#N/C,8.4004979253112,5.45134854771784,1.7163070539419094
ID2_0458,ID,ID2,Site2,Maize,IDxMaize,2023-08-30 14:07:03.126,2023-08-30 14:07:27.963,00:00:24.837000,flesh_fly,Insecta,Diptera,Brachycera,Muscomorpha,Oestroidea,Sarcophagidae,#N/C,#N/C,#N/C,8.696344827586204,5.522551724137931,1.7546666666666675
ID2_0459,ID,ID2,Site2,Maize,IDxMaize,2023-08-30 14:07:32.237,2023-08-30 14:07:36.574,00:00:04.337000,flesh_fly,Insecta,Diptera,Brachycera,Muscomorpha,Oestroidea,Sarcophagidae,#N/C,#N/C,#N/C,8.696344827586204,5.522551724137931,1.7546666666666675
ID2_0460,ID,ID2,Site2,Maize,IDxMaize,2023-08-30 14:07:39.467,2023-08-30 14:08:36.828,00:00:57.361000,flesh_fly,Insecta,Diptera,Brachycera,Muscomorpha,Oestroidea,Sarcophagidae,#N/C,#N/C,#N/C,8.696344827586204,5.522551724137931,1.7546666666666675
ID2_0461,ID,ID2,Site2,Maize,IDxMaize,2023-08-30 14:08:19.658,2023-08-30 14:11:27.413,00:03:07.755000,fly,Insecta,Diptera,Brachycera,#N/C,#N/C,#N/C,#N/C,#N/C,#N/C,8.4004979253112,5.45134854771784,1.7163070539419094
ID2_0462,ID,ID2,Site2,Maize,IDxMaize,2023-08-30 14:09:02.692,2023-08-30 14:09:30.241,00:00:27.549000,fly,Insecta,Diptera,Brachycera,#N/C,#N/C,#N/C,#N/C,#N/C,#N/C,8.4004979253112,5.45134854771784,1.7163070539419094
ID2_0463,ID,ID2,Site2,Maize,IDxMaize,2023-08-30 14:09:33.064,2023-08-30 14:11:03.724,00:01:30.660000,fly,Insecta,Diptera,Brachycera,#N/C,#N/C,#N/C,#N/C,#N/C,#N/C,8.4004979253112,5.45134854771784,1.7163070539419094
ID2_0464,ID,ID2,Site2,Maize,IDxMaize,2023-08-30 14:10:00.530,2023-08-30 14:10:06.395,00:00:05.865000,fly,Insecta,Diptera,Brachycera,#N/C,#N/C,#N/C,#N/C,#N/C,#N/C,8.4004979253112,5.45134854771784,1.7163070539419094
ID2_0465,ID,ID2,Site2,Maize,IDxMaize,2023-08-30 14:10:10.760,2023-08-30 14:18:19.843,00:08:09.083000,fly,Insecta,Diptera,Brachycera,#N/C,#N/C,#N/C,#N/C,#N/C,#N/C,8.4004979253112,5.45134854771784,1.7163070539419094
ID2_0466,ID,ID2,Site2,Maize,IDxMaize,2023-08-30 14:11:03.779,2023-08-30 14:11:09.755,00:00:05.976000,fly,Insecta,Diptera,Brachycera,#N/C,#N/C,#N/C,#N/C,#N/C,#N/C,8.4004979253112,5.45134854771784,1.7163070539419094
ID2_0467,ID,ID2,Site2,Maize,IDxMaize,2023-08-30 14:11:05.250,2023-08-30 14:12:01.139,00:00:55.889000,fly,Insecta,Diptera,Brachycera,#N/C,#N/C,#N/C,#N/C,#N/C,#N/C,8.4004979253112,5.45134854771784,1.7163070539419094
ID2_0468,ID,ID2,Site2,Maize,IDxMaize,2023-08-30 14:11:41.863,2023-08-30 14:11:53.687,00:00:11.824000,fly,Insecta,Diptera,Brachycera,#N/C,#N/C,#N/C,#N/C,#N/C,#N/C,8.4004979253112,5.45134854771784,1.7163070539419094
ID2_0469,ID,ID2,Site2,Maize,IDxMaize,2023-08-30 14:11:55.185,2023-08-30 14:12:41.896,00:00:46.711000,fly,Insecta,Diptera,Brachycera,#N/C,#N/C,#N/C,#N/C,#N/C,#N/C,8.4004979253112,5.45134854771784,1.7163070539419094
ID2_0470,ID,ID2,Site2,Maize,IDxMaize,2023-08-30 14:12:06.957,2023-08-30 14:12:09.857,00:00:02.900000,fly,Insecta,Diptera,Brachycera,#N/C,#N/C,#N/C,#N/C,#N/C,#N/C,8.4004979253112,5.45134854771784,1.7163070539419094
ID2_0471,ID,ID2,Site2,Maize,IDxMaize,2023-08-30 14:12:41.904,2023-08-30 14:13:13.910,00:00:32.006000,fly,Insecta,Diptera,Brachycera,#N/C,#N/C,#N/C,#N/C,#N/C,#N/C,8.4004979253112,5.45134854771784,1.7163070539419094
ID2_0472,ID,ID2,Site2,Maize,IDxMaize,2023-08-30 14:12:41.952,2023-08-30 14:13:38.046,00:00:56.094000,fly,Insecta,Diptera,Brachycera,#N/C,#N/C,#N/C,#N/C,#N/C,#N/C,8.4004979253112,5.45134854771784,1.7163070539419094
ID2_0473,ID,ID2,Site2,Maize,IDxMaize,2023-08-30 14:12:43.422,2023-08-30 14:13:54.334,00:01:10.912000,fly,Insecta,Diptera,Brachycera,#N/C,#N/C,#N/C,#N/C,#N/C,#N/C,8.4004979253112,5.45134854771784,1.7163070539419094
ID2_0474,ID,ID2,Site2,Maize,IDxMaize,2023-08-30 14:12:43.435,2023-08-30 14:13:09.389,00:00:25.954000,fly,Insecta,Diptera,Brachycera,#N/C,#N/C,#N/C,#N/C,#N/C,#N/C,8.4004979253112,5.45134854771784,1.7163070539419094
ID2_0475,ID,ID2,Site2,Maize,IDxMaize,2023-08-30 14:12:57.181,2023-08-30 14:13:09.397,00:00:12.216000,fly,Insecta,Diptera,Brachycera,#N/C,#N/C,#N/C,#N/C,#N/C,#N/C,8.4004979253112,5.45134854771784,1.7163070539419094
ID2_0476,ID,ID2,Site2,Maize,IDxMaize,2023-08-30 14:13:10.951,2023-08-30 14:13:20.005,00:00:09.054000,fly,Insecta,Diptera,Brachycera,#N/C,#N/C,#N/C,#N/C,#N/C,#N/C,8.4004979253112,5.45134854771784,1.7163070539419094
ID2_0477,ID,ID2,Site2,Maize,IDxMaize,2023-08-30 14:13:24.472,2023-08-30 14:14:37.185,00:01:12.713000,fly,Insecta,Diptera,Brachycera,#N/C,#N/C,#N/C,#N/C,#N/C,#N/C,8.4004979253112,5.45134854771784,1.7163070539419094
ID2_0478,ID,ID2,Site2,Maize,IDxMaize,2023-08-30 14:13:27.556,2023-08-30 14:13:42.640,00:00:15.084000,fly,Insecta,Diptera,Brachycera,#N/C,#N/C,#N/C,#N/C,#N/C,#N/C,8.4004979253112,5.45134854771784,1.7163070539419094
ID2_0479,ID,ID2,Site2,Maize,IDxMaize,2023-08-30 14:13:49.948,2023-08-30 14:14:29.873,00:00:39.925000,flesh_fly,Insecta,Diptera,Brachycera,Muscomorpha,Oestroidea,Sarcophagidae,#N/C,#N/C,#N/C,8.696344827586204,5.522551724137931,1.7546666666666675
ID2_0480,ID,ID2,Site2,Maize,IDxMaize,2023-08-30 14:14:09.113,2023-08-30 14:14:26.985,00:00:17.872000,fly,Insecta,Diptera,Brachycera,#N/C,#N/C,#N/C,#N/C,#N/C,#N/C,8.4004979253112,5.45134854771784,1.7163070539419094
ID2_0481,ID,ID2,Site2,Maize,IDxMaize,2023-08-30 14:14:42.936,2023-08-30 14:14:50.137,00:00:07.201000,fly,Insecta,Diptera,Brachycera,#N/C,#N/C,#N/C,#N/C,#N/C,#N/C,8.4004979253112,5.45134854771784,1.7163070539419094
ID2_0482,ID,ID2,Site2,Maize,IDxMaize,2023-08-30 14:14:51.586,2023-08-30 14:16:31.206,00:01:39.620000,fly,Insecta,Diptera,Brachycera,#N/C,#N/C,#N/C,#N/C,#N/C,#N/C,8.4004979253112,5.45134854771784,1.7163070539419094
ID2_0483,ID,ID2,Site2,Maize,IDxMaize,2023-08-30 14:15:06.227,2023-08-30 14:15:24.362,00:00:18.135000,fly,Insecta,Diptera,Brachycera,#N/C,#N/C,#N/C,#N/C,#N/C,#N/C,8.4004979253112,5.45134854771784,1.7163070539419094
ID2_0484,ID,ID2,Site2,Maize,IDxMaize,2023-08-30 14:15:09.282,2023-08-30 14:15:46.474,00:00:37.192000,fly,Insecta,Diptera,Brachycera,#N/C,#N/C,#N/C,#N/C,#N/C,#N/C,8.4004979253112,5.45134854771784,1.7163070539419094
ID2_0485,ID,ID2,Site2,Maize,IDxMaize,2023-08-30 14:15:42.007,2023-08-30 14:16:42.923,00:01:00.916000,fly,Insecta,Diptera,Brachycera,#N/C,#N/C,#N/C,#N/C,#N/C,#N/C,8.4004979253112,5.45134854771784,1.7163070539419094
ID2_0486,ID,ID2,Site2,Maize,IDxMaize,2023-08-30 14:15:50.915,2023-08-30 14:16:07.410,00:00:16.495000,flesh_fly,Insecta,Diptera,Brachycera,Muscomorpha,Oestroidea,Sarcophagidae,#N/C,#N/C,#N/C,8.696344827586204,5.522551724137931,1.7546666666666675
ID2_0487,ID,ID2,Site2,Maize,IDxMaize,2023-08-30 14:16:10.419,2023-08-30 14:16:14.973,00:00:04.554000,flesh_fly,Insecta,Diptera,Brachycera,Muscomorpha,Oestroidea,Sarcophagidae,#N/C,#N/C,#N/C,8.696344827586204,5.522551724137931,1.7546666666666675
ID2_0488,ID,ID2,Site2,Maize,IDxMaize,2023-08-30 14:16:17.894,2023-08-30 14:16:23.863,00:00:05.969000,flesh_fly,Insecta,Diptera,Brachycera,Muscomorpha,Oestroidea,Sarcophagidae,#N/C,#N/C,#N/C,8.696344827586204,5.522551724137931,1.7546666666666675
ID2_0489,ID,ID2,Site2,Maize,IDxMaize,2023-08-30 14:16:32.665,2023-08-30 14:16:37.114,00:00:04.449000,fly,Insecta,Diptera,Brachycera,#N/C,#N/C,#N/C,#N/C,#N/C,#N/C,8.4004979253112,5.45134854771784,1.7163070539419094
ID2_0490,ID,ID2,Site2,Maize,IDxMaize,2023-08-30 14:18:21.261,2023-08-30 14:18:39.954,00:00:18.693000,fly,Insecta,Diptera,Brachycera,#N/C,#N/C,#N/C,#N/C,#N/C,#N/C,8.4004979253112,5.45134854771784,1.7163070539419094
ID2_0491,ID,ID2,Site2,Maize,IDxMaize,2023-08-30 14:18:24.177,2023-08-30 14:18:28.522,00:00:04.345000,flesh_fly,Insecta,Diptera,Brachycera,Muscomorpha,Oestroidea,Sarcophagidae,#N/C,#N/C,#N/C,8.696344827586204,5.522551724137931,1.7546666666666675
ID2_0492,ID,ID2,Site2,Maize,IDxMaize,2023-08-30 14:18:39.984,2023-08-30 14:19:27.036,00:00:47.052000,fly,Insecta,Diptera,Brachycera,#N/C,#N/C,#N/C,#N/C,#N/C,#N/C,8.4004979253112,5.45134854771784,1.7163070539419094
ID2_0493,ID,ID2,Site2,Maize,IDxMaize,2023-08-30 14:20:43.262,2023-08-30 14:26:04.983,00:05:21.721000,fly,Insecta,Diptera,Brachycera,#N/C,#N/C,#N/C,#N/C,#N/C,#N/C,8.4004979253112,5.45134854771784,1.7163070539419094
ID2_0494,ID,ID2,Site2,Maize,IDxMaize,2023-08-30 14:21:09.062,2023-08-30 14:21:30.765,00:00:21.703000,fly,Insecta,Diptera,Brachycera,#N/C,#N/C,#N/C,#N/C,#N/C,#N/C,8.4004979253112,5.45134854771784,1.7163070539419094
ID2_0495,ID,ID2,Site2,Maize,IDxMaize,2023-08-30 14:21:45.070,2023-08-30 14:22:16.945,00:00:31.875000,fly,Insecta,Diptera,Brachycera,#N/C,#N/C,#N/C,#N/C,#N/C,#N/C,8.4004979253112,5.45134854771784,1.7163070539419094
ID2_0496,ID,ID2,Site2,Maize,IDxMaize,2023-08-30 14:23:08.555,2023-08-30 14:23:14.394,00:00:05.839000,fly,Insecta,Diptera,Brachycera,#N/C,#N/C,#N/C,#N/C,#N/C,#N/C,8.4004979253112,5.45134854771784,1.7163070539419094
ID2_0497,ID,ID2,Site2,Maize,IDxMaize,2023-08-30 14:23:10.037,2023-08-30 14:26:00.513,00:02:50.476000,fly,Insecta,Diptera,Brachycera,#N/C,#N/C,#N/C,#N/C,#N/C,#N/C,8.4004979253112,5.45134854771784,1.7163070539419094
ID2_0498,ID,ID2,Site2,Maize,IDxMaize,2023-08-30 14:23:27.448,2023-08-30 14:23:36.204,00:00:08.756000,fly,Insecta,Diptera,Brachycera,#N/C,#N/C,#N/C,#N/C,#N/C,#N/C,8.4004979253112,5.45134854771784,1.7163070539419094
ID2_0499,ID,ID2,Site2,Maize,IDxMaize,2023-08-30 14:25:14.852,2023-08-30 14:25:17.787,00:00:02.935000,fly,Insecta,Diptera,Brachycera,#N/C,#N/C,#N/C,#N/C,#N/C,#N/C,8.4004979253112,5.45134854771784,1.7163070539419094
ID2_0500,ID,ID2,Site2,Maize,IDxMaize,2023-08-30 14:25:22.187,2023-08-30 14:25:45.757,00:00:23.570000,fly,Insecta,Diptera,Brachycera,#N/C,#N/C,#N/C,#N/C,#N/C,#N/C,8.4004979253112,5.45134854771784,1.7163070539419094
ID2_0501,ID,ID2,Site2,Maize,IDxMaize,2023-08-30 14:25:22.206,2023-08-30 14:25:29.621,00:00:07.415000,fly,Insecta,Diptera,Brachycera,#N/C,#N/C,#N/C,#N/C,#N/C,#N/C,8.4004979253112,5.45134854771784,1.7163070539419094
ID2_0502,ID,ID2,Site2,Maize,IDxMaize,2023-08-30 14:25:50.163,2023-08-30 14:26:00.544,00:00:10.381000,fly,Insecta,Diptera,Brachycera,#N/C,#N/C,#N/C,#N/C,#N/C,#N/C,8.4004979253112,5.45134854771784,1.7163070539419094
ID2_0503,ID,ID2,Site2,Maize,IDxMaize,2023-08-30 14:25:57.544,2023-08-30 14:26:03.522,00:00:05.978000,fly,Insecta,Diptera,Brachycera,#N/C,#N/C,#N/C,#N/C,#N/C,#N/C,8.4004979253112,5.45134854771784,1.7163070539419094
ID2_0504,ID,ID2,Site2,Maize,IDxMaize,2023-08-30 14:25:57.556,2023-08-30 14:27:14.886,00:01:17.330000,fly,Insecta,Diptera,Brachycera,#N/C,#N/C,#N/C,#N/C,#N/C,#N/C,8.4004979253112,5.45134854771784,1.7163070539419094
ID2_0505,ID,ID2,Site2,Maize,IDxMaize,2023-08-30 14:26:05.022,2023-08-30 14:26:12.260,00:00:07.238000,fly,Insecta,Diptera,Brachycera,#N/C,#N/C,#N/C,#N/C,#N/C,#N/C,8.4004979253112,5.45134854771784,1.7163070539419094
ID2_0506,ID,ID2,Site2,Maize,IDxMaize,2023-08-30 14:26:25.151,2023-08-30 14:26:33.876,00:00:08.725000,fly,Insecta,Diptera,Brachycera,#N/C,#N/C,#N/C,#N/C,#N/C,#N/C,8.4004979253112,5.45134854771784,1.7163070539419094
ID2_0507,ID,ID2,Site2,Maize,IDxMaize,2023-08-30 14:26:39.616,2023-08-30 14:26:52.682,00:00:13.066000,fly,Insecta,Diptera,Brachycera,#N/C,#N/C,#N/C,#N/C,#N/C,#N/C,8.4004979253112,5.45134854771784,1.7163070539419094
ID2_0508,ID,ID2,Site2,Maize,IDxMaize,2023-08-30 14:26:49.712,2023-08-30 14:26:55.597,00:00:05.885000,fly,Insecta,Diptera,Brachycera,#N/C,#N/C,#N/C,#N/C,#N/C,#N/C,8.4004979253112,5.45134854771784,1.7163070539419094
ID2_0509,ID,ID2,Site2,Maize,IDxMaize,2023-08-30 14:26:51.232,2023-08-30 14:27:10.520,00:00:19.288000,fly,Insecta,Diptera,Brachycera,#N/C,#N/C,#N/C,#N/C,#N/C,#N/C,8.4004979253112,5.45134854771784,1.7163070539419094
ID2_0510,ID,ID2,Site2,Maize,IDxMaize,2023-08-30 14:27:00.013,2023-08-30 14:27:13.434,00:00:13.421000,fly,Insecta,Diptera,Brachycera,#N/C,#N/C,#N/C,#N/C,#N/C,#N/C,8.4004979253112,5.45134854771784,1.7163070539419094
ID2_0511,ID,ID2,Site2,Maize,IDxMaize,2023-08-30 14:27:01.535,2023-08-30 14:27:06.026,00:00:04.491000,fly,Insecta,Diptera,Brachycera,#N/C,#N/C,#N/C,#N/C,#N/C,#N/C,8.4004979253112,5.45134854771784,1.7163070539419094
ID2_0512,ID,ID2,Site2,Maize,IDxMaize,2023-08-30 14:27:03.056,2023-08-30 14:27:17.731,00:00:14.675000,fly,Insecta,Diptera,Brachycera,#N/C,#N/C,#N/C,#N/C,#N/C,#N/C,8.4004979253112,5.45134854771784,1.7163070539419094
ID2_0513,ID,ID2,Site2,Maize,IDxMaize,2023-08-30 14:27:09.059,2023-08-30 14:27:12.027,00:00:02.968000,fly,Insecta,Diptera,Brachycera,#N/C,#N/C,#N/C,#N/C,#N/C,#N/C,8.4004979253112,5.45134854771784,1.7163070539419094
ID2_0514,ID,ID2,Site2,Maize,IDxMaize,2023-08-30 14:27:20.586,2023-08-30 14:28:06.506,00:00:45.920000,fly,Insecta,Diptera,Brachycera,#N/C,#N/C,#N/C,#N/C,#N/C,#N/C,8.4004979253112,5.45134854771784,1.7163070539419094
ID2_0515,ID,ID2,Site2,Maize,IDxMaize,2023-08-30 14:27:32.115,2023-08-30 14:27:37.906,00:00:05.791000,fly,Insecta,Diptera,Brachycera,#N/C,#N/C,#N/C,#N/C,#N/C,#N/C,8.4004979253112,5.45134854771784,1.7163070539419094
ID2_0516,ID,ID2,Site2,Maize,IDxMaize,2023-08-30 14:28:17.715,2023-08-30 14:28:26.261,00:00:08.546000,fly,Insecta,Diptera,Brachycera,#N/C,#N/C,#N/C,#N/C,#N/C,#N/C,8.4004979253112,5.45134854771784,1.7163070539419094
ID2_0517,ID,ID2,Site2,Maize,IDxMaize,2023-08-30 14:28:27.642,2023-08-30 14:28:51.680,00:00:24.038000,fly,Insecta,Diptera,Brachycera,#N/C,#N/C,#N/C,#N/C,#N/C,#N/C,8.4004979253112,5.45134854771784,1.7163070539419094
ID2_0518,ID,ID2,Site2,Maize,IDxMaize,2023-08-30 14:28:54.562,2023-08-30 14:30:07.921,00:01:13.359000,fly,Insecta,Diptera,Brachycera,#N/C,#N/C,#N/C,#N/C,#N/C,#N/C,8.4004979253112,5.45134854771784,1.7163070539419094
ID2_0519,ID,ID2,Site2,Maize,IDxMaize,2023-08-30 14:28:54.582,2023-08-30 14:29:10.505,00:00:15.923000,fly,Insecta,Diptera,Brachycera,#N/C,#N/C,#N/C,#N/C,#N/C,#N/C,8.4004979253112,5.45134854771784,1.7163070539419094
ID2_0520,ID,ID2,Site2,Maize,IDxMaize,2023-08-30 14:29:16.247,2023-08-30 14:29:20.579,00:00:04.332000,fly,Insecta,Diptera,Brachycera,#N/C,#N/C,#N/C,#N/C,#N/C,#N/C,8.4004979253112,5.45134854771784,1.7163070539419094
ID2_0521,ID,ID2,Site2,Maize,IDxMaize,2023-08-30 14:29:22.017,2023-08-30 14:29:35.072,00:00:13.055000,fly,Insecta,Diptera,Brachycera,#N/C,#N/C,#N/C,#N/C,#N/C,#N/C,8.4004979253112,5.45134854771784,1.7163070539419094
ID2_0522,ID,ID2,Site2,Maize,IDxMaize,2023-08-30 14:29:23.498,2023-08-30 14:29:30.773,00:00:07.275000,fly,Insecta,Diptera,Brachycera,#N/C,#N/C,#N/C,#N/C,#N/C,#N/C,8.4004979253112,5.45134854771784,1.7163070539419094
ID2_0523,ID,ID2,Site2,Maize,IDxMaize,2023-08-30 14:29:35.118,2023-08-30 14:29:38.004,00:00:02.886000,fly,Insecta,Diptera,Brachycera,#N/C,#N/C,#N/C,#N/C,#N/C,#N/C,8.4004979253112,5.45134854771784,1.7163070539419094
ID2_0524,ID,ID2,Site2,Maize,IDxMaize,2023-08-30 14:30:09.346,2023-08-30 14:30:22.173,00:00:12.827000,flesh_fly,Insecta,Diptera,Brachycera,Muscomorpha,Oestroidea,Sarcophagidae,#N/C,#N/C,#N/C,8.696344827586204,5.522551724137931,1.7546666666666675
ID2_0525,ID,ID2,Site2,Maize,IDxMaize,2023-08-30 14:30:44.643,2023-08-30 14:33:00.353,00:02:15.710000,flesh_fly,Insecta,Diptera,Brachycera,Muscomorpha,Oestroidea,Sarcophagidae,#N/C,#N/C,#N/C,8.696344827586204,5.522551724137931,1.7546666666666675
ID2_0526,ID,ID2,Site2,Maize,IDxMaize,2023-08-30 14:30:50.397,2023-08-30 14:30:57.826,00:00:07.429000,flesh_fly,Insecta,Diptera,Brachycera,Muscomorpha,Oestroidea,Sarcophagidae,#N/C,#N/C,#N/C,8.696344827586204,5.522551724137931,1.7546666666666675
ID2_0527,ID,ID2,Site2,Maize,IDxMaize,2023-08-30 14:30:50.419,2023-08-30 14:31:05.081,00:00:14.662000,flesh_fly,Insecta,Diptera,Brachycera,Muscomorpha,Oestroidea,Sarcophagidae,#N/C,#N/C,#N/C,8.696344827586204,5.522551724137931,1.7546666666666675
ID2_0528,ID,ID2,Site2,Maize,IDxMaize,2023-08-30 14:31:28.063,2023-08-30 14:31:36.849,00:00:08.786000,flesh_fly,Insecta,Diptera,Brachycera,Muscomorpha,Oestroidea,Sarcophagidae,#N/C,#N/C,#N/C,8.696344827586204,5.522551724137931,1.7546666666666675
ID2_0529,ID,ID2,Site2,Maize,IDxMaize,2023-08-30 14:31:55.581,2023-08-30 14:33:00.374,00:01:04.793000,flesh_fly,Insecta,Diptera,Brachycera,Muscomorpha,Oestroidea,Sarcophagidae,#N/C,#N/C,#N/C,8.696344827586204,5.522551724137931,1.7546666666666675
ID2_0530,ID,ID2,Site2,Maize,IDxMaize,2023-08-30 14:33:01.791,2023-08-30 14:34:08.576,00:01:06.785000,fly,Insecta,Diptera,Brachycera,#N/C,#N/C,#N/C,#N/C,#N/C,#N/C,8.4004979253112,5.45134854771784,1.7163070539419094
ID2_0531,ID,ID2,Site2,Maize,IDxMaize,2023-08-30 14:33:04.766,2023-08-30 14:33:54.120,00:00:49.354000,flesh_fly,Insecta,Diptera,Brachycera,Muscomorpha,Oestroidea,Sarcophagidae,#N/C,#N/C,#N/C,8.696344827586204,5.522551724137931,1.7546666666666675
ID2_0532,ID,ID2,Site2,Maize,IDxMaize,2023-08-30 14:33:58.453,2023-08-30 14:34:08.622,00:00:10.169000,fly,Insecta,Diptera,Brachycera,#N/C,#N/C,#N/C,#N/C,#N/C,#N/C,8.4004979253112,5.45134854771784,1.7163070539419094
ID2_0533,ID,ID2,Site2,Maize,IDxMaize,2023-08-30 14:34:12.877,2023-08-30 14:34:36.995,00:00:24.118000,fly,Insecta,Diptera,Brachycera,#N/C,#N/C,#N/C,#N/C,#N/C,#N/C,8.4004979253112,5.45134854771784,1.7163070539419094
ID2_0534,ID,ID2,Site2,Maize,IDxMaize,2023-08-30 14:37:39.736,2023-08-30 14:37:42.573,00:00:02.837000,fly,Insecta,Diptera,Brachycera,#N/C,#N/C,#N/C,#N/C,#N/C,#N/C,8.4004979253112,5.45134854771784,1.7163070539419094
ID2_0535,ID,ID2,Site2,Maize,IDxMaize,2023-08-30 14:37:49.605,2023-08-30 14:39:08.255,00:01:18.650000,fly,Insecta,Diptera,Brachycera,#N/C,#N/C,#N/C,#N/C,#N/C,#N/C,8.4004979253112,5.45134854771784,1.7163070539419094
ID2_0537,ID,ID2,Site2,Maize,IDxMaize,2023-08-30 14:40:18.556,2023-08-30 14:40:31.461,00:00:12.905000,fly,Insecta,Diptera,Brachycera,#N/C,#N/C,#N/C,#N/C,#N/C,#N/C,8.4004979253112,5.45134854771784,1.7163070539419094
ID2_0538,ID,ID2,Site2,Maize,IDxMaize,2023-08-30 17:00:37.365,2023-08-30 17:01:08.855,00:00:31.490000,fly,Insecta,Diptera,Brachycera,#N/C,#N/C,#N/C,#N/C,#N/C,#N/C,8.4004979253112,5.45134854771784,1.7163070539419094
ID2_0539,ID,ID2,Site2,Maize,IDxMaize,2023-08-30 17:00:38.805,2023-08-30 17:00:46.044,00:00:07.239000,fly,Insecta,Diptera,Brachycera,#N/C,#N/C,#N/C,#N/C,#N/C,#N/C,8.4004979253112,5.45134854771784,1.7163070539419094
ID2_0540,ID,ID2,Site2,Maize,IDxMaize,2023-08-30 17:01:17.253,2023-08-30 17:02:38.122,00:01:20.869000,fly,Insecta,Diptera,Brachycera,#N/C,#N/C,#N/C,#N/C,#N/C,#N/C,8.4004979253112,5.45134854771784,1.7163070539419094
ID2_0541,ID,ID2,Site2,Maize,IDxMaize,2023-08-30 17:02:33.785,2023-08-30 17:03:42.577,00:01:08.792000,fly,Insecta,Diptera,Brachycera,#N/C,#N/C,#N/C,#N/C,#N/C,#N/C,8.4004979253112,5.45134854771784,1.7163070539419094
ID2_0542,ID,ID2,Site2,Maize,IDxMaize,2023-08-30 17:03:18.149,2023-08-30 17:04:06.950,00:00:48.801000,fly,Insecta,Diptera,Brachycera,#N/C,#N/C,#N/C,#N/C,#N/C,#N/C,8.4004979253112,5.45134854771784,1.7163070539419094
ID2_0543,ID,ID2,Site2,Maize,IDxMaize,2023-08-30 17:03:32.464,2023-08-30 17:03:42.610,00:00:10.146000,hoverfly,Insecta,Diptera,Brachycera,Muscomorpha,Syrphoidea,Syrphidae,Syrphinae,Episyrphus,balteatus,12.29572580645161,7.508467741935483,2.1483064516129025
ID2_0544,ID,ID2,Site2,Maize,IDxMaize,2023-08-30 17:03:44.055,2023-08-30 17:03:59.834,00:00:15.779000,fly,Insecta,Diptera,Brachycera,#N/C,#N/C,#N/C,#N/C,#N/C,#N/C,8.4004979253112,5.45134854771784,1.7163070539419094
ID2_0546,ID,ID2,Site2,Maize,IDxMaize,2023-08-30 17:05:57.496,2023-08-30 17:07:29.257,00:01:31.761000,fly,Insecta,Diptera,Brachycera,#N/C,#N/C,#N/C,#N/C,#N/C,#N/C,8.4004979253112,5.45134854771784,1.7163070539419094
ID2_0547,ID,ID2,Site2,Maize,IDxMaize,2023-08-30 17:07:33.501,2023-08-30 17:08:23.242,00:00:49.741000,fly,Insecta,Diptera,Brachycera,#N/C,#N/C,#N/C,#N/C,#N/C,#N/C,8.4004979253112,5.45134854771784,1.7163070539419094
ID2_0555,ID,ID2,Site2,Maize,IDxMaize,2023-08-30 17:23:44.591,2023-08-30 17:25:04.544,00:01:19.953000,fly,Insecta,Diptera,Brachycera,#N/C,#N/C,#N/C,#N/C,#N/C,#N/C,8.4004979253112,5.45134854771784,1.7163070539419094
ID2_0556,ID,ID2,Site2,Maize,IDxMaize,2023-08-30 17:24:55.947,2023-08-30 17:25:08.855,00:00:12.908000,fly,Insecta,Diptera,Brachycera,#N/C,#N/C,#N/C,#N/C,#N/C,#N/C,8.4004979253112,5.45134854771784,1.7163070539419094
ID2_0557,ID,ID2,Site2,Maize,IDxMaize,2023-08-30 17:25:32.834,2023-08-30 17:25:35.626,00:00:02.792000,fly,Insecta,Diptera,Brachycera,#N/C,#N/C,#N/C,#N/C,#N/C,#N/C,8.4004979253112,5.45134854771784,1.7163070539419094
ID2_0558,ID,ID2,Site2,Maize,IDxMaize,2023-08-30 17:25:46.927,2023-08-30 17:26:24.003,00:00:37.076000,fly,Insecta,Diptera,Brachycera,#N/C,#N/C,#N/C,#N/C,#N/C,#N/C,8.4004979253112,5.45134854771784,1.7163070539419094
ID2_0559,ID,ID2,Site2,Maize,IDxMaize,2023-08-30 18:00:38.095,2023-08-30 18:00:55.185,00:00:17.090000,fly,Insecta,Diptera,Brachycera,#N/C,#N/C,#N/C,#N/C,#N/C,#N/C,8.4004979253112,5.45134854771784,1.7163070539419094
ID2_0560,ID,ID2,Site2,Maize,IDxMaize,2023-08-30 18:00:58.019,2023-08-30 18:01:33.987,00:00:35.968000,fly,Insecta,Diptera,Brachycera,#N/C,#N/C,#N/C,#N/C,#N/C,#N/C,8.4004979253112,5.45134854771784,1.7163070539419094
ID2_0561,ID,ID2,Site2,Maize,IDxMaize,2023-08-30 18:01:13.799,2023-08-30 18:01:19.638,00:00:05.839000,fly,Insecta,Diptera,Brachycera,#N/C,#N/C,#N/C,#N/C,#N/C,#N/C,8.4004979253112,5.45134854771784,1.7163070539419094
ID2_0562,ID,ID2,Site2,Maize,IDxMaize,2023-08-30 18:01:48.046,2023-08-30 18:04:07.933,00:02:19.887000,fly,Insecta,Diptera,Brachycera,#N/C,#N/C,#N/C,#N/C,#N/C,#N/C,8.4004979253112,5.45134854771784,1.7163070539419094
ID2_0563,ID,ID2,Site2,Maize,IDxMaize,2023-08-30 18:02:56.355,2023-08-30 18:03:05.055,00:00:08.700000,fly,Insecta,Diptera,Brachycera,#N/C,#N/C,#N/C,#N/C,#N/C,#N/C,8.4004979253112,5.45134854771784,1.7163070539419094
ID2_0564,ID,ID2,Site2,Maize,IDxMaize,2023-08-30 18:03:41.963,2023-08-30 18:04:07.969,00:00:26.006000,hoverfly,Insecta,Diptera,Brachycera,Muscomorpha,Syrphoidea,Syrphidae,Syrphinae,Episyrphus,balteatus,12.29572580645161,7.508467741935483,2.1483064516129025
ID2_0565,ID,ID2,Site2,Maize,IDxMaize,2023-08-30 18:04:09.405,2023-08-30 18:07:38.596,00:03:29.191000,hoverfly,Insecta,Diptera,Brachycera,Muscomorpha,Syrphoidea,Syrphidae,Syrphinae,Episyrphus,balteatus,12.29572580645161,7.508467741935483,2.1483064516129025
ID2_0566,ID,ID2,Site2,Maize,IDxMaize,2023-08-30 18:04:09.429,2023-08-30 18:04:13.803,00:00:04.374000,hoverfly,Insecta,Diptera,Brachycera,Muscomorpha,Syrphoidea,Syrphidae,Syrphinae,Episyrphus,balteatus,12.29572580645161,7.508467741935483,2.1483064516129025
ID2_0567,ID,ID2,Site2,Maize,IDxMaize,2023-08-30 18:07:41.471,2023-08-30 18:08:13.383,00:00:31.912000,fly,Insecta,Diptera,Brachycera,#N/C,#N/C,#N/C,#N/C,#N/C,#N/C,8.4004979253112,5.45134854771784,1.7163070539419094
ID2_0568,ID,ID2,Site2,Maize,IDxMaize,2023-08-30 18:07:42.894,2023-08-30 18:08:13.406,00:00:30.512000,hoverfly,Insecta,Diptera,Brachycera,Muscomorpha,Syrphoidea,Syrphidae,Syrphinae,Episyrphus,balteatus,12.29572580645161,7.508467741935483,2.1483064516129025
ID2_0569,ID,ID2,Site2,Maize,IDxMaize,2023-08-30 18:08:14.855,2023-08-30 18:12:03.495,00:03:48.640000,hoverfly,Insecta,Diptera,Brachycera,Muscomorpha,Syrphoidea,Syrphidae,Syrphinae,Episyrphus,balteatus,12.29572580645161,7.508467741935483,2.1483064516129025
ID2_0570,ID,ID2,Site2,Maize,IDxMaize,2023-08-30 18:09:04.896,2023-08-30 18:15:52.366,00:06:47.470000,fly,Insecta,Diptera,Brachycera,#N/C,#N/C,#N/C,#N/C,#N/C,#N/C,8.4004979253112,5.45134854771784,1.7163070539419094
ID2_0571,ID,ID2,Site2,Maize,IDxMaize,2023-08-30 18:09:12.188,2023-08-30 18:09:32.788,00:00:20.600000,hoverfly,Insecta,Diptera,Brachycera,Muscomorpha,Syrphoidea,Syrphidae,Syrphinae,Episyrphus,balteatus,12.29572580645161,7.508467741935483,2.1483064516129025
ID2_0572,ID,ID2,Site2,Maize,IDxMaize,2023-08-30 18:12:07.832,2023-08-30 18:17:55.695,00:05:47.863000,fly,Insecta,Diptera,Brachycera,#N/C,#N/C,#N/C,#N/C,#N/C,#N/C,8.4004979253112,5.45134854771784,1.7163070539419094
ID2_0573,ID,ID2,Site2,Maize,IDxMaize,2023-08-30 18:16:16.680,2023-08-30 18:16:25.413,00:00:08.733000,fly,Insecta,Diptera,Brachycera,#N/C,#N/C,#N/C,#N/C,#N/C,#N/C,8.4004979253112,5.45134854771784,1.7163070539419094
ID2_0574,ID,ID2,Site2,Maize,IDxMaize,2023-08-30 18:16:42.537,2023-08-30 18:16:59.917,00:00:17.380000,fly,Insecta,Diptera,Brachycera,#N/C,#N/C,#N/C,#N/C,#N/C,#N/C,8.4004979253112,5.45134854771784,1.7163070539419094
ID2_0575,ID,ID2,Site2,Maize,IDxMaize,2023-08-30 18:18:26.653,2023-08-30 18:18:52.246,00:00:25.593000,hoverfly,Insecta,Diptera,Brachycera,Muscomorpha,Syrphoidea,Syrphidae,Syrphinae,Episyrphus,balteatus,12.29572580645161,7.508467741935483,2.1483064516129025
ID2_0576,ID,ID2,Site2,Maize,IDxMaize,2023-08-30 18:18:53.680,2023-08-30 18:24:16.749,00:05:23.069000,hoverfly,Insecta,Diptera,Brachycera,Muscomorpha,Syrphoidea,Syrphidae,Syrphinae,Episyrphus,balteatus,12.29572580645161,7.508467741935483,2.1483064516129025
ID2_0577,ID,ID2,Site2,Maize,IDxMaize,2023-08-30 18:24:16.756,2023-08-30 18:24:44.176,00:00:27.420000,hoverfly,Insecta,Diptera,Brachycera,Muscomorpha,Syrphoidea,Syrphidae,Syrphinae,Episyrphus,balteatus,12.29572580645161,7.508467741935483,2.1483064516129025
ID2_0580,ID,ID2,Site2,Maize,IDxMaize,2023-08-30 19:04:48.337,2023-08-30 19:05:09.919,00:00:21.582000,fly,Insecta,Diptera,Brachycera,#N/C,#N/C,#N/C,#N/C,#N/C,#N/C,8.4004979253112,5.45134854771784,1.7163070539419094
ID2_0581,ID,ID2,Site2,Maize,IDxMaize,2023-08-30 19:05:05.581,2023-08-30 19:05:17.060,00:00:11.479000,fly,Insecta,Diptera,Brachycera,#N/C,#N/C,#N/C,#N/C,#N/C,#N/C,8.4004979253112,5.45134854771784,1.7163070539419094
ID2_0582,ID,ID2,Site2,Maize,IDxMaize,2023-08-30 19:05:26.847,2023-08-30 19:05:49.596,00:00:22.749000,fly,Insecta,Diptera,Brachycera,#N/C,#N/C,#N/C,#N/C,#N/C,#N/C,8.4004979253112,5.45134854771784,1.7163070539419094
ID2_0583,ID,ID2,Site2,Maize,IDxMaize,2023-08-30 19:05:51.020,2023-08-30 19:05:53.836,00:00:02.816000,fly,Insecta,Diptera,Brachycera,#N/C,#N/C,#N/C,#N/C,#N/C,#N/C,8.4004979253112,5.45134854771784,1.7163070539419094
ID2_0584,ID,ID2,Site2,Maize,IDxMaize,2023-08-30 19:05:55.233,2023-08-30 19:06:12.436,00:00:17.203000,fly,Insecta,Diptera,Brachycera,#N/C,#N/C,#N/C,#N/C,#N/C,#N/C,8.4004979253112,5.45134854771784,1.7163070539419094
ID2_0586,ID,ID2,Site2,Maize,IDxMaize,2023-08-30 19:06:15.303,2023-08-30 19:06:21.061,00:00:05.758000,fly,Insecta,Diptera,Brachycera,#N/C,#N/C,#N/C,#N/C,#N/C,#N/C,8.4004979253112,5.45134854771784,1.7163070539419094
ID2_0587,ID,ID2,Site2,Maize,IDxMaize,2023-08-30 19:06:13.873,2023-08-30 19:06:48.144,00:00:34.271000,fly,Insecta,Diptera,Brachycera,#N/C,#N/C,#N/C,#N/C,#N/C,#N/C,8.4004979253112,5.45134854771784,1.7163070539419094
ID2_0588,ID,ID2,Site2,Maize,IDxMaize,2023-08-30 19:06:31.063,2023-08-30 19:06:39.664,00:00:08.601000,fly,Insecta,Diptera,Brachycera,#N/C,#N/C,#N/C,#N/C,#N/C,#N/C,8.4004979253112,5.45134854771784,1.7163070539419094
ID2_0589,ID,ID2,Site2,Maize,IDxMaize,2023-08-30 19:06:56.593,2023-08-30 19:07:00.837,00:00:04.244000,fly,Insecta,Diptera,Brachycera,#N/C,#N/C,#N/C,#N/C,#N/C,#N/C,8.4004979253112,5.45134854771784,1.7163070539419094
ID2_0590,ID,ID2,Site2,Maize,IDxMaize,2023-08-30 19:07:05.112,2023-08-30 19:07:30.705,00:00:25.593000,fly,Insecta,Diptera,Brachycera,#N/C,#N/C,#N/C,#N/C,#N/C,#N/C,8.4004979253112,5.45134854771784,1.7163070539419094
ID2_0591,ID,ID2,Site2,Maize,IDxMaize,2023-08-30 19:13:09.203,2023-08-30 19:13:23.323,00:00:14.120000,fly,Insecta,Diptera,Brachycera,#N/C,#N/C,#N/C,#N/C,#N/C,#N/C,8.4004979253112,5.45134854771784,1.7163070539419094
ID2_0592,ID,ID2,Site2,Maize,IDxMaize,2023-08-30 19:13:24.737,2023-08-30 19:13:40.374,00:00:15.637000,fly,Insecta,Diptera,Brachycera,#N/C,#N/C,#N/C,#N/C,#N/C,#N/C,8.4004979253112,5.45134854771784,1.7163070539419094
ID2_0593,ID,ID2,Site2,Maize,IDxMaize,2023-08-30 19:13:55.842,2023-08-30 19:14:32.778,00:00:36.936000,fly,Insecta,Diptera,Brachycera,#N/C,#N/C,#N/C,#N/C,#N/C,#N/C,8.4004979253112,5.45134854771784,1.7163070539419094
ID2_0594,ID,ID2,Site2,Maize,IDxMaize,2023-08-30 19:20:14.778,2023-08-30 19:20:24.726,00:00:09.948000,fly,Insecta,Diptera,Brachycera,#N/C,#N/C,#N/C,#N/C,#N/C,#N/C,8.4004979253112,5.45134854771784,1.7163070539419094
ID2_0599,ID,ID2,Site2,Maize,IDxMaize,2023-08-31 12:00:43.874,2023-08-31 12:01:15.474,00:00:31.600000,hoverfly,Insecta,Diptera,Brachycera,Muscomorpha,Syrphoidea,Syrphidae,Syrphinae,Episyrphus,balteatus,12.29572580645161,7.508467741935483,2.1483064516129025
ID2_0600,ID,ID2,Site2,Maize,IDxMaize,2023-08-31 12:01:06.694,2023-08-31 12:01:46.722,00:00:40.028000,fly,Insecta,Diptera,Brachycera,#N/C,#N/C,#N/C,#N/C,#N/C,#N/C,8.4004979253112,5.45134854771784,1.7163070539419094
ID2_0603,ID,ID2,Site2,Maize,IDxMaize,2023-08-31 12:02:37.583,2023-08-31 12:03:32.975,00:00:55.392000,fly,Insecta,Diptera,Brachycera,#N/C,#N/C,#N/C,#N/C,#N/C,#N/C,8.4004979253112,5.45134854771784,1.7163070539419094
ID2_0604,ID,ID2,Site2,Maize,IDxMaize,2023-08-31 12:03:56.893,2023-08-31 12:04:31.131,00:00:34.238000,fly,Insecta,Diptera,Brachycera,#N/C,#N/C,#N/C,#N/C,#N/C,#N/C,8.4004979253112,5.45134854771784,1.7163070539419094
ID2_0605,ID,ID2,Site2,Maize,IDxMaize,2023-08-31 12:04:35.374,2023-08-31 12:04:56.781,00:00:21.407000,fly,Insecta,Diptera,Brachycera,#N/C,#N/C,#N/C,#N/C,#N/C,#N/C,8.4004979253112,5.45134854771784,1.7163070539419094
ID2_0606,ID,ID2,Site2,Maize,IDxMaize,2023-08-31 12:06:13.820,2023-08-31 12:06:58.080,00:00:44.260000,fly,Insecta,Diptera,Brachycera,#N/C,#N/C,#N/C,#N/C,#N/C,#N/C,8.4004979253112,5.45134854771784,1.7163070539419094
ID2_0607,ID,ID2,Site2,Maize,IDxMaize,2023-08-31 12:11:15.355,2023-08-31 12:11:19.617,00:00:04.262000,fly,Insecta,Diptera,Brachycera,#N/C,#N/C,#N/C,#N/C,#N/C,#N/C,8.4004979253112,5.45134854771784,1.7163070539419094
ID2_0608,ID,ID2,Site2,Maize,IDxMaize,2023-08-31 12:11:33.729,2023-08-31 12:12:05.053,00:00:31.324000,fly,Insecta,Diptera,Brachycera,#N/C,#N/C,#N/C,#N/C,#N/C,#N/C,8.4004979253112,5.45134854771784,1.7163070539419094
ID2_0609,ID,ID2,Site2,Maize,IDxMaize,2023-08-31 12:12:00.790,2023-08-31 12:12:19.589,00:00:18.799000,fly,Insecta,Diptera,Brachycera,#N/C,#N/C,#N/C,#N/C,#N/C,#N/C,8.4004979253112,5.45134854771784,1.7163070539419094
ID2_0610,ID,ID2,Site2,Maize,IDxMaize,2023-08-31 12:12:09.412,2023-08-31 12:12:22.411,00:00:12.999000,fly,Insecta,Diptera,Brachycera,#N/C,#N/C,#N/C,#N/C,#N/C,#N/C,8.4004979253112,5.45134854771784,1.7163070539419094
ID2_0611,ID,ID2,Site2,Maize,IDxMaize,2023-08-31 12:12:25.276,2023-08-31 12:13:36.775,00:01:11.499000,fly,Insecta,Diptera,Brachycera,#N/C,#N/C,#N/C,#N/C,#N/C,#N/C,8.4004979253112,5.45134854771784,1.7163070539419094
ID2_0612,ID,ID2,Site2,Maize,IDxMaize,2023-08-31 12:13:42.395,2023-08-31 12:13:50.963,00:00:08.568000,fly,Insecta,Diptera,Brachycera,#N/C,#N/C,#N/C,#N/C,#N/C,#N/C,8.4004979253112,5.45134854771784,1.7163070539419094
ID2_0613,ID,ID2,Site2,Maize,IDxMaize,2023-08-31 12:13:52.411,2023-08-31 12:13:59.659,00:00:07.248000,fly,Insecta,Diptera,Brachycera,#N/C,#N/C,#N/C,#N/C,#N/C,#N/C,8.4004979253112,5.45134854771784,1.7163070539419094
ID2_0614,ID,ID2,Site2,Maize,IDxMaize,2023-08-31 12:13:53.876,2023-08-31 12:17:10.040,00:03:16.164000,fly,Insecta,Diptera,Brachycera,#N/C,#N/C,#N/C,#N/C,#N/C,#N/C,8.4004979253112,5.45134854771784,1.7163070539419094
ID2_0615,ID,ID2,Site2,Maize,IDxMaize,2023-08-31 12:14:58.121,2023-08-31 12:17:07.155,00:02:09.034000,fly,Insecta,Diptera,Brachycera,#N/C,#N/C,#N/C,#N/C,#N/C,#N/C,8.4004979253112,5.45134854771784,1.7163070539419094
ID2_0616,ID,ID2,Site2,Maize,IDxMaize,2023-08-31 12:17:12.932,2023-08-31 12:17:28.810,00:00:15.878000,fly,Insecta,Diptera,Brachycera,#N/C,#N/C,#N/C,#N/C,#N/C,#N/C,8.4004979253112,5.45134854771784,1.7163070539419094
ID2_0617,ID,ID2,Site2,Maize,IDxMaize,2023-08-31 12:17:14.421,2023-08-31 12:17:28.833,00:00:14.412000,fly,Insecta,Diptera,Brachycera,#N/C,#N/C,#N/C,#N/C,#N/C,#N/C,8.4004979253112,5.45134854771784,1.7163070539419094
ID2_0618,ID,ID2,Site2,Maize,IDxMaize,2023-08-31 12:17:33.043,2023-08-31 12:19:11.122,00:01:38.079000,fly,Insecta,Diptera,Brachycera,#N/C,#N/C,#N/C,#N/C,#N/C,#N/C,8.4004979253112,5.45134854771784,1.7163070539419094
ID2_0619,ID,ID2,Site2,Maize,IDxMaize,2023-08-31 12:19:13.961,2023-08-31 12:19:26.756,00:00:12.795000,fly,Insecta,Diptera,Brachycera,#N/C,#N/C,#N/C,#N/C,#N/C,#N/C,8.4004979253112,5.45134854771784,1.7163070539419094
ID2_0620,ID,ID2,Site2,Maize,IDxMaize,2023-08-31 12:19:29.645,2023-08-31 12:21:20.414,00:01:50.769000,fly,Insecta,Diptera,Brachycera,#N/C,#N/C,#N/C,#N/C,#N/C,#N/C,8.4004979253112,5.45134854771784,1.7163070539419094
ID2_0621,ID,ID2,Site2,Maize,IDxMaize,2023-08-31 12:21:23.271,2023-08-31 12:21:30.418,00:00:07.147000,fly,Insecta,Diptera,Brachycera,#N/C,#N/C,#N/C,#N/C,#N/C,#N/C,8.4004979253112,5.45134854771784,1.7163070539419094
ID2_0622,ID,ID2,Site2,Maize,IDxMaize,2023-08-31 12:21:33.202,2023-08-31 12:23:34.743,00:02:01.541000,fly,Insecta,Diptera,Brachycera,#N/C,#N/C,#N/C,#N/C,#N/C,#N/C,8.4004979253112,5.45134854771784,1.7163070539419094
ID2_0623,ID,ID2,Site2,Maize,IDxMaize,2023-08-31 12:21:36.117,2023-08-31 12:21:57.737,00:00:21.620000,fly,Insecta,Diptera,Brachycera,#N/C,#N/C,#N/C,#N/C,#N/C,#N/C,8.4004979253112,5.45134854771784,1.7163070539419094
ID2_0624,ID,ID2,Site2,Maize,IDxMaize,2023-08-31 12:22:09.115,2023-08-31 12:22:16.267,00:00:07.152000,fly,Insecta,Diptera,Brachycera,#N/C,#N/C,#N/C,#N/C,#N/C,#N/C,8.4004979253112,5.45134854771784,1.7163070539419094
ID2_0625,ID,ID2,Site2,Maize,IDxMaize,2023-08-31 12:23:44.634,2023-08-31 12:23:50.299,00:00:05.665000,fly,Insecta,Diptera,Brachycera,#N/C,#N/C,#N/C,#N/C,#N/C,#N/C,8.4004979253112,5.45134854771784,1.7163070539419094
ID2_0626,ID,ID2,Site2,Maize,IDxMaize,2023-08-31 12:23:51.733,2023-08-31 12:25:48.616,00:01:56.883000,fly,Insecta,Diptera,Brachycera,#N/C,#N/C,#N/C,#N/C,#N/C,#N/C,8.4004979253112,5.45134854771784,1.7163070539419094
ID2_0627,ID,ID2,Site2,Maize,IDxMaize,2023-08-31 12:25:50.033,2023-08-31 12:25:52.893,00:00:02.860000,fly,Insecta,Diptera,Brachycera,#N/C,#N/C,#N/C,#N/C,#N/C,#N/C,8.4004979253112,5.45134854771784,1.7163070539419094
ID2_0628,ID,ID2,Site2,Maize,IDxMaize,2023-08-31 12:25:54.341,2023-08-31 12:27:07.086,00:01:12.745000,fly,Insecta,Diptera,Brachycera,#N/C,#N/C,#N/C,#N/C,#N/C,#N/C,8.4004979253112,5.45134854771784,1.7163070539419094
ID2_0629,ID,ID2,Site2,Maize,IDxMaize,2023-08-31 12:27:08.512,2023-08-31 12:27:31.565,00:00:23.053000,fly,Insecta,Diptera,Brachycera,#N/C,#N/C,#N/C,#N/C,#N/C,#N/C,8.4004979253112,5.45134854771784,1.7163070539419094
ID2_0630,ID,ID2,Site2,Maize,IDxMaize,2023-08-31 12:27:08.532,2023-08-31 12:28:13.101,00:01:04.569000,fly,Insecta,Diptera,Brachycera,#N/C,#N/C,#N/C,#N/C,#N/C,#N/C,8.4004979253112,5.45134854771784,1.7163070539419094
ID2_0631,ID,ID2,Site2,Maize,IDxMaize,2023-08-31 12:28:15.929,2023-08-31 12:29:32.870,00:01:16.941000,fly,Insecta,Diptera,Brachycera,#N/C,#N/C,#N/C,#N/C,#N/C,#N/C,8.4004979253112,5.45134854771784,1.7163070539419094
ID2_0632,ID,ID2,Site2,Maize,IDxMaize,2023-08-31 12:28:15.957,2023-08-31 12:29:32.885,00:01:16.928000,fly,Insecta,Diptera,Brachycera,#N/C,#N/C,#N/C,#N/C,#N/C,#N/C,8.4004979253112,5.45134854771784,1.7163070539419094
ID2_0633,ID,ID2,Site2,Maize,IDxMaize,2023-08-31 12:29:34.293,2023-08-31 12:29:37.135,00:00:02.842000,fly,Insecta,Diptera,Brachycera,#N/C,#N/C,#N/C,#N/C,#N/C,#N/C,8.4004979253112,5.45134854771784,1.7163070539419094
ID2_0634,ID,ID2,Site2,Maize,IDxMaize,2023-08-31 12:29:42.779,2023-08-31 12:30:20.544,00:00:37.765000,fly,Insecta,Diptera,Brachycera,#N/C,#N/C,#N/C,#N/C,#N/C,#N/C,8.4004979253112,5.45134854771784,1.7163070539419094
ID2_0635,ID,ID2,Site2,Maize,IDxMaize,2023-08-31 12:29:42.785,2023-08-31 12:30:20.563,00:00:37.778000,fly,Insecta,Diptera,Brachycera,#N/C,#N/C,#N/C,#N/C,#N/C,#N/C,8.4004979253112,5.45134854771784,1.7163070539419094
ID2_0636,ID,ID2,Site2,Maize,IDxMaize,2023-08-31 13:01:19.855,2023-08-31 13:01:38.334,00:00:18.479000,fly,Insecta,Diptera,Brachycera,#N/C,#N/C,#N/C,#N/C,#N/C,#N/C,8.4004979253112,5.45134854771784,1.7163070539419094
ID2_0637,ID,ID2,Site2,Maize,IDxMaize,2023-08-31 13:01:41.155,2023-08-31 13:02:12.536,00:00:31.381000,fly,Insecta,Diptera,Brachycera,#N/C,#N/C,#N/C,#N/C,#N/C,#N/C,8.4004979253112,5.45134854771784,1.7163070539419094
ID2_0638,ID,ID2,Site2,Maize,IDxMaize,2023-08-31 13:03:53.960,2023-08-31 13:03:59.616,00:00:05.656000,fly,Insecta,Diptera,Brachycera,#N/C,#N/C,#N/C,#N/C,#N/C,#N/C,8.4004979253112,5.45134854771784,1.7163070539419094
ID2_0639,ID,ID2,Site2,Maize,IDxMaize,2023-08-31 13:04:02.474,2023-08-31 13:04:22.672,00:00:20.198000,fly,Insecta,Diptera,Brachycera,#N/C,#N/C,#N/C,#N/C,#N/C,#N/C,8.4004979253112,5.45134854771784,1.7163070539419094
ID2_0640,ID,ID2,Site2,Maize,IDxMaize,2023-08-31 13:04:32.486,2023-08-31 13:04:41.033,00:00:08.547000,fly,Insecta,Diptera,Brachycera,#N/C,#N/C,#N/C,#N/C,#N/C,#N/C,8.4004979253112,5.45134854771784,1.7163070539419094
ID2_0641,ID,ID2,Site2,Maize,IDxMaize,2023-08-31 13:04:53.636,2023-08-31 13:05:09.356,00:00:15.720000,fly,Insecta,Diptera,Brachycera,#N/C,#N/C,#N/C,#N/C,#N/C,#N/C,8.4004979253112,5.45134854771784,1.7163070539419094
ID2_0642,ID,ID2,Site2,Maize,IDxMaize,2023-08-31 13:05:26.166,2023-08-31 13:05:54.464,00:00:28.298000,fly,Insecta,Diptera,Brachycera,#N/C,#N/C,#N/C,#N/C,#N/C,#N/C,8.4004979253112,5.45134854771784,1.7163070539419094
ID2_0643,ID,ID2,Site2,Maize,IDxMaize,2023-08-31 13:09:06.549,2023-08-31 13:09:43.901,00:00:37.352000,fly,Insecta,Diptera,Brachycera,#N/C,#N/C,#N/C,#N/C,#N/C,#N/C,8.4004979253112,5.45134854771784,1.7163070539419094
ID2_0644,ID,ID2,Site2,Maize,IDxMaize,2023-08-31 13:09:29.254,2023-08-31 13:09:48.235,00:00:18.981000,fly,Insecta,Diptera,Brachycera,#N/C,#N/C,#N/C,#N/C,#N/C,#N/C,8.4004979253112,5.45134854771784,1.7163070539419094
ID2_0645,ID,ID2,Site2,Maize,IDxMaize,2023-08-31 13:09:38.053,2023-08-31 13:09:43.938,00:00:05.885000,fly,Insecta,Diptera,Brachycera,#N/C,#N/C,#N/C,#N/C,#N/C,#N/C,8.4004979253112,5.45134854771784,1.7163070539419094
ID2_0646,ID,ID2,Site2,Maize,IDxMaize,2023-08-31 13:09:46.821,2023-08-31 13:09:55.404,00:00:08.583000,fly,Insecta,Diptera,Brachycera,#N/C,#N/C,#N/C,#N/C,#N/C,#N/C,8.4004979253112,5.45134854771784,1.7163070539419094
ID2_0647,ID,ID2,Site2,Maize,IDxMaize,2023-08-31 13:09:49.678,2023-08-31 13:10:16.623,00:00:26.945000,fly,Insecta,Diptera,Brachycera,#N/C,#N/C,#N/C,#N/C,#N/C,#N/C,8.4004979253112,5.45134854771784,1.7163070539419094
ID2_0648,ID,ID2,Site2,Maize,IDxMaize,2023-08-31 13:10:20.884,2023-08-31 13:10:29.446,00:00:08.562000,fly,Insecta,Diptera,Brachycera,#N/C,#N/C,#N/C,#N/C,#N/C,#N/C,8.4004979253112,5.45134854771784,1.7163070539419094
ID2_0649,ID,ID2,Site2,Maize,IDxMaize,2023-08-31 13:10:32.310,2023-08-31 13:10:42.210,00:00:09.900000,fly,Insecta,Diptera,Brachycera,#N/C,#N/C,#N/C,#N/C,#N/C,#N/C,8.4004979253112,5.45134854771784,1.7163070539419094
ID2_0650,ID,ID2,Site2,Maize,IDxMaize,2023-08-31 13:10:45.027,2023-08-31 13:11:03.460,00:00:18.433000,fly,Insecta,Diptera,Brachycera,#N/C,#N/C,#N/C,#N/C,#N/C,#N/C,8.4004979253112,5.45134854771784,1.7163070539419094
ID2_0651,ID,ID2,Site2,Maize,IDxMaize,2023-08-31 13:11:09.089,2023-08-31 13:11:38.801,00:00:29.712000,fly,Insecta,Diptera,Brachycera,#N/C,#N/C,#N/C,#N/C,#N/C,#N/C,8.4004979253112,5.45134854771784,1.7163070539419094
ID2_0652,ID,ID2,Site2,Maize,IDxMaize,2023-08-31 13:11:47.239,2023-08-31 13:12:08.617,00:00:21.378000,fly,Insecta,Diptera,Brachycera,#N/C,#N/C,#N/C,#N/C,#N/C,#N/C,8.4004979253112,5.45134854771784,1.7163070539419094
ID2_0653,ID,ID2,Site2,Maize,IDxMaize,2023-08-31 13:12:17.073,2023-08-31 13:14:55.311,00:02:38.238000,fly,Insecta,Diptera,Brachycera,#N/C,#N/C,#N/C,#N/C,#N/C,#N/C,8.4004979253112,5.45134854771784,1.7163070539419094
ID2_0654,ID,ID2,Site2,Maize,IDxMaize,2023-08-31 13:16:33.815,2023-08-31 13:17:15.197,00:00:41.382000,fly,Insecta,Diptera,Brachycera,#N/C,#N/C,#N/C,#N/C,#N/C,#N/C,8.4004979253112,5.45134854771784,1.7163070539419094
ID2_0655,ID,ID2,Site2,Maize,IDxMaize,2023-08-31 13:17:19.416,2023-08-31 13:22:20.505,00:05:01.089000,fly,Insecta,Diptera,Brachycera,#N/C,#N/C,#N/C,#N/C,#N/C,#N/C,8.4004979253112,5.45134854771784,1.7163070539419094
ID2_0656,ID,ID2,Site2,Maize,IDxMaize,2023-08-31 13:17:23.704,2023-08-31 13:17:44.023,00:00:20.319000,fly,Insecta,Diptera,Brachycera,#N/C,#N/C,#N/C,#N/C,#N/C,#N/C,8.4004979253112,5.45134854771784,1.7163070539419094
ID2_0657,ID,ID2,Site2,Maize,IDxMaize,2023-08-31 13:18:54.075,2023-08-31 13:18:59.902,00:00:05.827000,fly,Insecta,Diptera,Brachycera,#N/C,#N/C,#N/C,#N/C,#N/C,#N/C,8.4004979253112,5.45134854771784,1.7163070539419094
ID2_0658,ID,ID2,Site2,Maize,IDxMaize,2023-08-31 13:19:05.617,2023-08-31 13:19:17.220,00:00:11.603000,fly,Insecta,Diptera,Brachycera,#N/C,#N/C,#N/C,#N/C,#N/C,#N/C,8.4004979253112,5.45134854771784,1.7163070539419094
ID2_0659,ID,ID2,Site2,Maize,IDxMaize,2023-08-31 13:20:20.221,2023-08-31 13:20:36.173,00:00:15.952000,fly,Insecta,Diptera,Brachycera,#N/C,#N/C,#N/C,#N/C,#N/C,#N/C,8.4004979253112,5.45134854771784,1.7163070539419094
ID2_0660,ID,ID2,Site2,Maize,IDxMaize,2023-08-31 13:20:57.722,2023-08-31 13:21:03.575,00:00:05.853000,fly,Insecta,Diptera,Brachycera,#N/C,#N/C,#N/C,#N/C,#N/C,#N/C,8.4004979253112,5.45134854771784,1.7163070539419094
ID2_0661,ID,ID2,Site2,Maize,IDxMaize,2023-08-31 13:21:10.706,2023-08-31 13:21:41.294,00:00:30.588000,fly,Insecta,Diptera,Brachycera,#N/C,#N/C,#N/C,#N/C,#N/C,#N/C,8.4004979253112,5.45134854771784,1.7163070539419094
ID2_0662,ID,ID2,Site2,Maize,IDxMaize,2023-08-31 13:21:42.712,2023-08-31 13:22:01.660,00:00:18.948000,fly,Insecta,Diptera,Brachycera,#N/C,#N/C,#N/C,#N/C,#N/C,#N/C,8.4004979253112,5.45134854771784,1.7163070539419094
ID2_0663,ID,ID2,Site2,Maize,IDxMaize,2023-08-31 13:22:04.499,2023-08-31 13:22:34.872,00:00:30.373000,flesh_fly,Insecta,Diptera,Brachycera,Muscomorpha,Oestroidea,Sarcophagidae,#N/C,#N/C,#N/C,8.696344827586204,5.522551724137931,1.7546666666666675
ID2_0664,ID,ID2,Site2,Maize,IDxMaize,2023-08-31 13:22:24.915,2023-08-31 13:22:27.813,00:00:02.898000,flesh_fly,Insecta,Diptera,Brachycera,Muscomorpha,Oestroidea,Sarcophagidae,#N/C,#N/C,#N/C,8.696344827586204,5.522551724137931,1.7546666666666675
ID2_0665,ID,ID2,Site2,Maize,IDxMaize,2023-08-31 13:22:37.747,2023-08-31 13:23:43.479,00:01:05.732000,flesh_fly,Insecta,Diptera,Brachycera,Muscomorpha,Oestroidea,Sarcophagidae,#N/C,#N/C,#N/C,8.696344827586204,5.522551724137931,1.7546666666666675
ID2_0666,ID,ID2,Site2,Maize,IDxMaize,2023-08-31 13:23:46.322,2023-08-31 13:24:50.054,00:01:03.732000,fly,Insecta,Diptera,Brachycera,#N/C,#N/C,#N/C,#N/C,#N/C,#N/C,8.4004979253112,5.45134854771784,1.7163070539419094
ID2_0667,ID,ID2,Site2,Maize,IDxMaize,2023-08-31 13:23:46.350,2023-08-31 13:25:34.782,00:01:48.432000,flesh_fly,Insecta,Diptera,Brachycera,Muscomorpha,Oestroidea,Sarcophagidae,#N/C,#N/C,#N/C,8.696344827586204,5.522551724137931,1.7546666666666675
ID2_0668,ID,ID2,Site2,Maize,IDxMaize,2023-08-31 13:24:51.506,2023-08-31 13:30:03.529,00:05:12.023000,flesh_fly,Insecta,Diptera,Brachycera,Muscomorpha,Oestroidea,Sarcophagidae,#N/C,#N/C,#N/C,8.696344827586204,5.522551724137931,1.7546666666666675
ID2_0669,ID,ID2,Site2,Maize,IDxMaize,2023-08-31 13:26:03.310,2023-08-31 13:27:23.027,00:01:19.717000,flesh_fly,Insecta,Diptera,Brachycera,Muscomorpha,Oestroidea,Sarcophagidae,#N/C,#N/C,#N/C,8.696344827586204,5.522551724137931,1.7546666666666675
ID2_0670,ID,ID2,Site2,Maize,IDxMaize,2023-08-31 13:28:31.369,2023-08-31 13:29:00.401,00:00:29.032000,flesh_fly,Insecta,Diptera,Brachycera,Muscomorpha,Oestroidea,Sarcophagidae,#N/C,#N/C,#N/C,8.696344827586204,5.522551724137931,1.7546666666666675
ID2_0671,ID,ID2,Site2,Maize,IDxMaize,2023-08-31 13:29:03.312,2023-08-31 13:29:11.999,00:00:08.687000,flesh_fly,Insecta,Diptera,Brachycera,Muscomorpha,Oestroidea,Sarcophagidae,#N/C,#N/C,#N/C,8.696344827586204,5.522551724137931,1.7546666666666675
ID2_0672,ID,ID2,Site2,Maize,IDxMaize,2023-08-31 13:30:10.740,2023-08-31 13:37:17.533,00:07:06.793000,fly,Insecta,Diptera,Brachycera,#N/C,#N/C,#N/C,#N/C,#N/C,#N/C,8.4004979253112,5.45134854771784,1.7163070539419094
ID2_0673,ID,ID2,Site2,Maize,IDxMaize,2023-08-31 13:33:09.295,2023-08-31 13:33:31.118,00:00:21.823000,fly,Insecta,Diptera,Brachycera,#N/C,#N/C,#N/C,#N/C,#N/C,#N/C,8.4004979253112,5.45134854771784,1.7163070539419094
ID2_0674,ID,ID2,Site2,Maize,IDxMaize,2023-08-31 13:33:32.610,2023-08-31 13:33:45.683,00:00:13.073000,fly,Insecta,Diptera,Brachycera,#N/C,#N/C,#N/C,#N/C,#N/C,#N/C,8.4004979253112,5.45134854771784,1.7163070539419094
ID2_0675,ID,ID2,Site2,Maize,IDxMaize,2023-08-31 13:33:39.884,2023-08-31 13:33:45.710,00:00:05.826000,flesh_fly,Insecta,Diptera,Brachycera,Muscomorpha,Oestroidea,Sarcophagidae,#N/C,#N/C,#N/C,8.696344827586204,5.522551724137931,1.7546666666666675
ID2_0676,ID,ID2,Site2,Maize,IDxMaize,2023-08-31 13:34:45.683,2023-08-31 13:34:52.953,00:00:07.270000,fly,Insecta,Diptera,Brachycera,#N/C,#N/C,#N/C,#N/C,#N/C,#N/C,8.4004979253112,5.45134854771784,1.7163070539419094
ID2_0677,ID,ID2,Site2,Maize,IDxMaize,2023-08-31 13:35:50.522,2023-08-31 13:36:06.670,00:00:16.148000,fly,Insecta,Diptera,Brachycera,#N/C,#N/C,#N/C,#N/C,#N/C,#N/C,8.4004979253112,5.45134854771784,1.7163070539419094
ID2_0678,ID,ID2,Site2,Maize,IDxMaize,2023-08-31 13:35:50.547,2023-08-31 13:36:16.801,00:00:26.254000,flesh_fly,Insecta,Diptera,Brachycera,Muscomorpha,Oestroidea,Sarcophagidae,#N/C,#N/C,#N/C,8.696344827586204,5.522551724137931,1.7546666666666675
ID2_0679,ID,ID2,Site2,Maize,IDxMaize,2023-08-31 13:36:18.265,2023-08-31 13:36:38.544,00:00:20.279000,flesh_fly,Insecta,Diptera,Brachycera,Muscomorpha,Oestroidea,Sarcophagidae,#N/C,#N/C,#N/C,8.696344827586204,5.522551724137931,1.7546666666666675
ID2_0680,ID,ID2,Site2,Maize,IDxMaize,2023-08-31 13:36:39.999,2023-08-31 13:37:59.484,00:01:19.485000,flesh_fly,Insecta,Diptera,Brachycera,Muscomorpha,Oestroidea,Sarcophagidae,#N/C,#N/C,#N/C,8.696344827586204,5.522551724137931,1.7546666666666675
ID2_0681,ID,ID2,Site2,Maize,IDxMaize,2023-08-31 13:37:04.585,2023-08-31 13:37:08.913,00:00:04.328000,fly,Insecta,Diptera,Brachycera,#N/C,#N/C,#N/C,#N/C,#N/C,#N/C,8.4004979253112,5.45134854771784,1.7163070539419094
ID2_0682,ID,ID2,Site2,Maize,IDxMaize,2023-08-31 13:37:20.450,2023-08-31 13:38:09.551,00:00:49.101000,fly,Insecta,Diptera,Brachycera,#N/C,#N/C,#N/C,#N/C,#N/C,#N/C,8.4004979253112,5.45134854771784,1.7163070539419094
ID2_0683,ID,ID2,Site2,Maize,IDxMaize,2023-08-31 13:38:03.824,2023-08-31 13:40:07.656,00:02:03.832000,fly,Insecta,Diptera,Brachycera,#N/C,#N/C,#N/C,#N/C,#N/C,#N/C,8.4004979253112,5.45134854771784,1.7163070539419094
ID2_0684,ID,ID2,Site2,Maize,IDxMaize,2023-08-31 13:38:12.474,2023-08-31 13:38:19.792,00:00:07.318000,fly,Insecta,Diptera,Brachycera,#N/C,#N/C,#N/C,#N/C,#N/C,#N/C,8.4004979253112,5.45134854771784,1.7163070539419094
ID2_0685,ID,ID2,Site2,Maize,IDxMaize,2023-08-31 13:38:22.691,2023-08-31 13:38:25.524,00:00:02.833000,fly,Insecta,Diptera,Brachycera,#N/C,#N/C,#N/C,#N/C,#N/C,#N/C,8.4004979253112,5.45134854771784,1.7163070539419094
ID2_0686,ID,ID2,Site2,Maize,IDxMaize,2023-08-31 13:38:29.790,2023-08-31 13:38:48.597,00:00:18.807000,fly,Insecta,Diptera,Brachycera,#N/C,#N/C,#N/C,#N/C,#N/C,#N/C,8.4004979253112,5.45134854771784,1.7163070539419094
ID2_0687,ID,ID2,Site2,Maize,IDxMaize,2023-08-31 13:38:50.054,2023-08-31 13:38:54.352,00:00:04.298000,fly,Insecta,Diptera,Brachycera,#N/C,#N/C,#N/C,#N/C,#N/C,#N/C,8.4004979253112,5.45134854771784,1.7163070539419094
ID2_0688,ID,ID2,Site2,Maize,IDxMaize,2023-08-31 13:38:55.872,2023-08-31 13:39:53.135,00:00:57.263000,fly,Insecta,Diptera,Brachycera,#N/C,#N/C,#N/C,#N/C,#N/C,#N/C,8.4004979253112,5.45134854771784,1.7163070539419094
ID2_0689,ID,ID2,Site2,Maize,IDxMaize,2023-08-31 13:38:57.341,2023-08-31 13:39:57.529,00:01:00.188000,fly,Insecta,Diptera,Brachycera,#N/C,#N/C,#N/C,#N/C,#N/C,#N/C,8.4004979253112,5.45134854771784,1.7163070539419094
ID2_0690,ID,ID2,Site2,Maize,IDxMaize,2023-08-31 13:38:57.358,2023-08-31 13:39:14.927,00:00:17.569000,fly,Insecta,Diptera,Brachycera,#N/C,#N/C,#N/C,#N/C,#N/C,#N/C,8.4004979253112,5.45134854771784,1.7163070539419094
ID2_0691,ID,ID2,Site2,Maize,IDxMaize,2023-08-31 13:39:16.422,2023-08-31 13:39:39.980,00:00:23.558000,fly,Insecta,Diptera,Brachycera,#N/C,#N/C,#N/C,#N/C,#N/C,#N/C,8.4004979253112,5.45134854771784,1.7163070539419094
ID2_0692,ID,ID2,Site2,Maize,IDxMaize,2023-08-31 13:39:42.865,2023-08-31 13:40:04.775,00:00:21.910000,fly,Insecta,Diptera,Brachycera,#N/C,#N/C,#N/C,#N/C,#N/C,#N/C,8.4004979253112,5.45134854771784,1.7163070539419094
ID2_0693,ID,ID2,Site2,Maize,IDxMaize,2023-08-31 13:40:04.794,2023-08-31 13:40:13.574,00:00:08.780000,fly,Insecta,Diptera,Brachycera,#N/C,#N/C,#N/C,#N/C,#N/C,#N/C,8.4004979253112,5.45134854771784,1.7163070539419094
ID2_0694,ID,ID2,Site2,Maize,IDxMaize,2023-08-31 13:40:07.714,2023-08-31 13:40:38.333,00:00:30.619000,fly,Insecta,Diptera,Brachycera,#N/C,#N/C,#N/C,#N/C,#N/C,#N/C,8.4004979253112,5.45134854771784,1.7163070539419094
ID2_0695,ID,ID2,Site2,Maize,IDxMaize,2023-08-31 13:40:07.722,2023-08-31 13:40:10.699,00:00:02.977000,fly,Insecta,Diptera,Brachycera,#N/C,#N/C,#N/C,#N/C,#N/C,#N/C,8.4004979253112,5.45134854771784,1.7163070539419094
ID2_0696,ID,ID2,Site2,Maize,IDxMaize,2023-08-31 13:40:13.615,2023-08-31 13:40:28.173,00:00:14.558000,fly,Insecta,Diptera,Brachycera,#N/C,#N/C,#N/C,#N/C,#N/C,#N/C,8.4004979253112,5.45134854771784,1.7163070539419094
ID2_0697,ID,ID2,Site2,Maize,IDxMaize,2023-08-31 13:40:29.665,2023-08-31 13:40:32.606,00:00:02.941000,fly,Insecta,Diptera,Brachycera,#N/C,#N/C,#N/C,#N/C,#N/C,#N/C,8.4004979253112,5.45134854771784,1.7163070539419094
ID2_0698,ID,ID2,Site2,Maize,IDxMaize,2023-08-31 14:00:41.336,2023-08-31 14:05:34.090,00:04:52.754000,flesh_fly,Insecta,Diptera,Brachycera,Muscomorpha,Oestroidea,Sarcophagidae,#N/C,#N/C,#N/C,8.696344827586204,5.522551724137931,1.7546666666666675
ID2_0699,ID,ID2,Site2,Maize,IDxMaize,2023-08-31 14:01:08.359,2023-08-31 14:01:28.717,00:00:20.358000,hoverfly,Insecta,Diptera,Brachycera,Muscomorpha,Syrphoidea,Syrphidae,Syrphinae,Episyrphus,balteatus,12.29572580645161,7.508467741935483,2.1483064516129025
ID2_0700,ID,ID2,Site2,Maize,IDxMaize,2023-08-31 14:01:18.503,2023-08-31 14:01:24.365,00:00:05.862000,flesh_fly,Insecta,Diptera,Brachycera,Muscomorpha,Oestroidea,Sarcophagidae,#N/C,#N/C,#N/C,8.696344827586204,5.522551724137931,1.7546666666666675
ID2_0701,ID,ID2,Site2,Maize,IDxMaize,2023-08-31 14:01:38.799,2023-08-31 14:01:50.463,00:00:11.664000,flesh_fly,Insecta,Diptera,Brachycera,Muscomorpha,Oestroidea,Sarcophagidae,#N/C,#N/C,#N/C,8.696344827586204,5.522551724137931,1.7546666666666675
ID2_0702,ID,ID2,Site2,Maize,IDxMaize,2023-08-31 14:02:00.430,2023-08-31 14:02:13.503,00:00:13.073000,flesh_fly,Insecta,Diptera,Brachycera,Muscomorpha,Oestroidea,Sarcophagidae,#N/C,#N/C,#N/C,8.696344827586204,5.522551724137931,1.7546666666666675
ID2_0703,ID,ID2,Site2,Maize,IDxMaize,2023-08-31 14:03:14.833,2023-08-31 14:03:39.408,00:00:24.575000,flesh_fly,Insecta,Diptera,Brachycera,Muscomorpha,Oestroidea,Sarcophagidae,#N/C,#N/C,#N/C,8.696344827586204,5.522551724137931,1.7546666666666675
ID2_0704,ID,ID2,Site2,Maize,IDxMaize,2023-08-31 14:04:56.654,2023-08-31 14:05:19.863,00:00:23.209000,flesh_fly,Insecta,Diptera,Brachycera,Muscomorpha,Oestroidea,Sarcophagidae,#N/C,#N/C,#N/C,8.696344827586204,5.522551724137931,1.7546666666666675
ID2_0705,ID,ID2,Site2,Maize,IDxMaize,2023-08-31 14:06:31.454,2023-08-31 14:06:59.986,00:00:28.532000,fly,Insecta,Diptera,Brachycera,#N/C,#N/C,#N/C,#N/C,#N/C,#N/C,8.4004979253112,5.45134854771784,1.7163070539419094
ID2_0706,ID,ID2,Site2,Maize,IDxMaize,2023-08-31 14:07:06.994,2023-08-31 14:07:44.133,00:00:37.139000,fly,Insecta,Diptera,Brachycera,#N/C,#N/C,#N/C,#N/C,#N/C,#N/C,8.4004979253112,5.45134854771784,1.7163070539419094
ID2_0707,ID,ID2,Site2,Maize,IDxMaize,2023-08-31 14:07:35.471,2023-08-31 14:09:05.472,00:01:30.001000,fly,Insecta,Diptera,Brachycera,#N/C,#N/C,#N/C,#N/C,#N/C,#N/C,8.4004979253112,5.45134854771784,1.7163070539419094
ID2_0708,ID,ID2,Site2,Maize,IDxMaize,2023-08-31 14:07:48.419,2023-08-31 14:07:58.640,00:00:10.221000,fly,Insecta,Diptera,Brachycera,#N/C,#N/C,#N/C,#N/C,#N/C,#N/C,8.4004979253112,5.45134854771784,1.7163070539419094
ID2_0709,ID,ID2,Site2,Maize,IDxMaize,2023-08-31 14:08:01.512,2023-08-31 14:08:07.229,00:00:05.717000,fly,Insecta,Diptera,Brachycera,#N/C,#N/C,#N/C,#N/C,#N/C,#N/C,8.4004979253112,5.45134854771784,1.7163070539419094
ID2_0710,ID,ID2,Site2,Maize,IDxMaize,2023-08-31 14:08:12.925,2023-08-31 14:09:06.920,00:00:53.995000,fly,Insecta,Diptera,Brachycera,#N/C,#N/C,#N/C,#N/C,#N/C,#N/C,8.4004979253112,5.45134854771784,1.7163070539419094
ID2_0711,ID,ID2,Site2,Maize,IDxMaize,2023-08-31 14:09:09.723,2023-08-31 14:09:32.893,00:00:23.170000,fly,Insecta,Diptera,Brachycera,#N/C,#N/C,#N/C,#N/C,#N/C,#N/C,8.4004979253112,5.45134854771784,1.7163070539419094
ID2_0712,ID,ID2,Site2,Maize,IDxMaize,2023-08-31 14:09:11.190,2023-08-31 14:13:43.401,00:04:32.211000,flesh_fly,Insecta,Diptera,Brachycera,Muscomorpha,Oestroidea,Sarcophagidae,#N/C,#N/C,#N/C,8.696344827586204,5.522551724137931,1.7546666666666675
ID2_0713,ID,ID2,Site2,Maize,IDxMaize,2023-08-31 14:09:35.794,2023-08-31 14:12:59.971,00:03:24.177000,fly,Insecta,Diptera,Brachycera,#N/C,#N/C,#N/C,#N/C,#N/C,#N/C,8.4004979253112,5.45134854771784,1.7163070539419094
ID2_0714,ID,ID2,Site2,Maize,IDxMaize,2023-08-31 14:13:07.187,2023-08-31 14:14:57.355,00:01:50.168000,fly,Insecta,Diptera,Brachycera,#N/C,#N/C,#N/C,#N/C,#N/C,#N/C,8.4004979253112,5.45134854771784,1.7163070539419094
ID2_0715,ID,ID2,Site2,Maize,IDxMaize,2023-08-31 14:13:47.702,2023-08-31 14:14:12.383,00:00:24.681000,fly,Insecta,Diptera,Brachycera,#N/C,#N/C,#N/C,#N/C,#N/C,#N/C,8.4004979253112,5.45134854771784,1.7163070539419094
ID2_0716,ID,ID2,Site2,Maize,IDxMaize,2023-08-31 14:14:25.256,2023-08-31 14:23:23.713,00:08:58.457000,fly,Insecta,Diptera,Brachycera,#N/C,#N/C,#N/C,#N/C,#N/C,#N/C,8.4004979253112,5.45134854771784,1.7163070539419094
ID2_0717,ID,ID2,Site2,Maize,IDxMaize,2023-08-31 14:15:00.235,2023-08-31 14:15:06.129,00:00:05.894000,fly,Insecta,Diptera,Brachycera,#N/C,#N/C,#N/C,#N/C,#N/C,#N/C,8.4004979253112,5.45134854771784,1.7163070539419094
ID2_0718,ID,ID2,Site2,Maize,IDxMaize,2023-08-31 14:15:11.895,2023-08-31 14:15:23.593,00:00:11.698000,fly,Insecta,Diptera,Brachycera,#N/C,#N/C,#N/C,#N/C,#N/C,#N/C,8.4004979253112,5.45134854771784,1.7163070539419094
ID2_0719,ID,ID2,Site2,Maize,IDxMaize,2023-08-31 14:15:56.455,2023-08-31 14:16:05.061,00:00:08.606000,fly,Insecta,Diptera,Brachycera,#N/C,#N/C,#N/C,#N/C,#N/C,#N/C,8.4004979253112,5.45134854771784,1.7163070539419094
ID2_0720,ID,ID2,Site2,Maize,IDxMaize,2023-08-31 14:16:29.342,2023-08-31 14:16:35.116,00:00:05.774000,fly,Insecta,Diptera,Brachycera,#N/C,#N/C,#N/C,#N/C,#N/C,#N/C,8.4004979253112,5.45134854771784,1.7163070539419094
ID2_0721,ID,ID2,Site2,Maize,IDxMaize,2023-08-31 14:16:48.010,2023-08-31 14:16:53.689,00:00:05.679000,fly,Insecta,Diptera,Brachycera,#N/C,#N/C,#N/C,#N/C,#N/C,#N/C,8.4004979253112,5.45134854771784,1.7163070539419094
ID2_0722,ID,ID2,Site2,Maize,IDxMaize,2023-08-31 14:16:57.974,2023-08-31 14:18:11.721,00:01:13.747000,fly,Insecta,Diptera,Brachycera,#N/C,#N/C,#N/C,#N/C,#N/C,#N/C,8.4004979253112,5.45134854771784,1.7163070539419094
ID2_0723,ID,ID2,Site2,Maize,IDxMaize,2023-08-31 14:18:20.363,2023-08-31 14:20:51.992,00:02:31.629000,fly,Insecta,Diptera,Brachycera,#N/C,#N/C,#N/C,#N/C,#N/C,#N/C,8.4004979253112,5.45134854771784,1.7163070539419094
ID2_0724,ID,ID2,Site2,Maize,IDxMaize,2023-08-31 14:18:44.832,2023-08-31 14:22:20.025,00:03:35.193000,fly,Insecta,Diptera,Brachycera,#N/C,#N/C,#N/C,#N/C,#N/C,#N/C,8.4004979253112,5.45134854771784,1.7163070539419094
ID2_0725,ID,ID2,Site2,Maize,IDxMaize,2023-08-31 14:20:52.004,2023-08-31 14:20:56.415,00:00:04.411000,fly,Insecta,Diptera,Brachycera,#N/C,#N/C,#N/C,#N/C,#N/C,#N/C,8.4004979253112,5.45134854771784,1.7163070539419094
ID2_0726,ID,ID2,Site2,Maize,IDxMaize,2023-08-31 14:20:53.505,2023-08-31 14:21:02.292,00:00:08.787000,fly,Insecta,Diptera,Brachycera,#N/C,#N/C,#N/C,#N/C,#N/C,#N/C,8.4004979253112,5.45134854771784,1.7163070539419094
ID2_0727,ID,ID2,Site2,Maize,IDxMaize,2023-08-31 14:21:12.393,2023-08-31 14:22:53.418,00:01:41.025000,fly,Insecta,Diptera,Brachycera,#N/C,#N/C,#N/C,#N/C,#N/C,#N/C,8.4004979253112,5.45134854771784,1.7163070539419094
ID2_0728,ID,ID2,Site2,Maize,IDxMaize,2023-08-31 14:21:12.413,2023-08-31 14:21:25.889,00:00:13.476000,fly,Insecta,Diptera,Brachycera,#N/C,#N/C,#N/C,#N/C,#N/C,#N/C,8.4004979253112,5.45134854771784,1.7163070539419094
ID2_0729,ID,ID2,Site2,Maize,IDxMaize,2023-08-31 14:21:15.462,2023-08-31 14:21:22.880,00:00:07.418000,fly,Insecta,Diptera,Brachycera,#N/C,#N/C,#N/C,#N/C,#N/C,#N/C,8.4004979253112,5.45134854771784,1.7163070539419094
ID2_0730,ID,ID2,Site2,Maize,IDxMaize,2023-08-31 14:21:24.412,2023-08-31 14:21:31.855,00:00:07.443000,fly,Insecta,Diptera,Brachycera,#N/C,#N/C,#N/C,#N/C,#N/C,#N/C,8.4004979253112,5.45134854771784,1.7163070539419094
ID2_0731,ID,ID2,Site2,Maize,IDxMaize,2023-08-31 14:21:34.861,2023-08-31 14:21:37.798,00:00:02.937000,fly,Insecta,Diptera,Brachycera,#N/C,#N/C,#N/C,#N/C,#N/C,#N/C,8.4004979253112,5.45134854771784,1.7163070539419094
ID2_0732,ID,ID2,Site2,Maize,IDxMaize,2023-08-31 14:21:39.282,2023-08-31 14:21:48.187,00:00:08.905000,fly,Insecta,Diptera,Brachycera,#N/C,#N/C,#N/C,#N/C,#N/C,#N/C,8.4004979253112,5.45134854771784,1.7163070539419094
ID2_0733,ID,ID2,Site2,Maize,IDxMaize,2023-08-31 14:21:49.664,2023-08-31 14:21:55.633,00:00:05.969000,fly,Insecta,Diptera,Brachycera,#N/C,#N/C,#N/C,#N/C,#N/C,#N/C,8.4004979253112,5.45134854771784,1.7163070539419094
ID2_0734,ID,ID2,Site2,Maize,IDxMaize,2023-08-31 14:21:55.656,2023-08-31 14:22:04.793,00:00:09.137000,fly,Insecta,Diptera,Brachycera,#N/C,#N/C,#N/C,#N/C,#N/C,#N/C,8.4004979253112,5.45134854771784,1.7163070539419094
ID2_0735,ID,ID2,Site2,Maize,IDxMaize,2023-08-31 14:21:58.666,2023-08-31 14:22:36.956,00:00:38.290000,fly,Insecta,Diptera,Brachycera,#N/C,#N/C,#N/C,#N/C,#N/C,#N/C,8.4004979253112,5.45134854771784,1.7163070539419094
ID2_0736,ID,ID2,Site2,Maize,IDxMaize,2023-08-31 14:21:58.673,2023-08-31 14:22:36.963,00:00:38.290000,fly,Insecta,Diptera,Brachycera,#N/C,#N/C,#N/C,#N/C,#N/C,#N/C,8.4004979253112,5.45134854771784,1.7163070539419094
ID2_0737,ID,ID2,Site2,Maize,IDxMaize,2023-08-31 14:21:58.711,2023-08-31 14:22:36.990,00:00:38.279000,flesh_fly,Insecta,Diptera,Brachycera,Muscomorpha,Oestroidea,Sarcophagidae,#N/C,#N/C,#N/C,8.696344827586204,5.522551724137931,1.7546666666666675
ID2_0738,ID,ID2,Site2,Maize,IDxMaize,2023-08-31 14:22:09.420,2023-08-31 14:22:37.017,00:00:27.597000,fly,Insecta,Diptera,Brachycera,#N/C,#N/C,#N/C,#N/C,#N/C,#N/C,8.4004979253112,5.45134854771784,1.7163070539419094
ID2_0739,ID,ID2,Site2,Maize,IDxMaize,2023-08-31 14:22:38.520,2023-08-31 14:22:41.475,00:00:02.955000,fly,Insecta,Diptera,Brachycera,#N/C,#N/C,#N/C,#N/C,#N/C,#N/C,8.4004979253112,5.45134854771784,1.7163070539419094
ID2_0740,ID,ID2,Site2,Maize,IDxMaize,2023-08-31 14:22:42.945,2023-08-31 14:22:50.444,00:00:07.499000,fly,Insecta,Diptera,Brachycera,#N/C,#N/C,#N/C,#N/C,#N/C,#N/C,8.4004979253112,5.45134854771784,1.7163070539419094
ID2_0741,ID,ID2,Site2,Maize,IDxMaize,2023-08-31 14:22:44.471,2023-08-31 14:22:47.475,00:00:03.004000,fly,Insecta,Diptera,Brachycera,#N/C,#N/C,#N/C,#N/C,#N/C,#N/C,8.4004979253112,5.45134854771784,1.7163070539419094
ID2_0742,ID,ID2,Site2,Maize,IDxMaize,2023-08-31 14:22:54.877,2023-08-31 14:23:05.025,00:00:10.148000,fly,Insecta,Diptera,Brachycera,#N/C,#N/C,#N/C,#N/C,#N/C,#N/C,8.4004979253112,5.45134854771784,1.7163070539419094
ID2_0743,ID,ID2,Site2,Maize,IDxMaize,2023-08-31 14:23:07.936,2023-08-31 14:23:18.044,00:00:10.108000,fly,Insecta,Diptera,Brachycera,#N/C,#N/C,#N/C,#N/C,#N/C,#N/C,8.4004979253112,5.45134854771784,1.7163070539419094
ID2_0744,ID,ID2,Site2,Maize,IDxMaize,2023-08-31 14:23:26.561,2023-08-31 14:25:48.668,00:02:22.107000,fly,Insecta,Diptera,Brachycera,#N/C,#N/C,#N/C,#N/C,#N/C,#N/C,8.4004979253112,5.45134854771784,1.7163070539419094
ID2_0745,ID,ID2,Site2,Maize,IDxMaize,2023-08-31 14:24:10.662,2023-08-31 14:24:41.013,00:00:30.351000,fly,Insecta,Diptera,Brachycera,#N/C,#N/C,#N/C,#N/C,#N/C,#N/C,8.4004979253112,5.45134854771784,1.7163070539419094
ID2_0746,ID,ID2,Site2,Maize,IDxMaize,2023-08-31 14:25:25.054,2023-08-31 14:26:22.232,00:00:57.178000,fly,Insecta,Diptera,Brachycera,#N/C,#N/C,#N/C,#N/C,#N/C,#N/C,8.4004979253112,5.45134854771784,1.7163070539419094
ID2_0747,ID,ID2,Site2,Maize,IDxMaize,2023-08-31 14:25:33.980,2023-08-31 14:26:12.120,00:00:38.140000,fly,Insecta,Diptera,Brachycera,#N/C,#N/C,#N/C,#N/C,#N/C,#N/C,8.4004979253112,5.45134854771784,1.7163070539419094
ID2_0748,ID,ID2,Site2,Maize,IDxMaize,2023-08-31 14:26:00.362,2023-08-31 14:27:14.018,00:01:13.656000,fly,Insecta,Diptera,Brachycera,#N/C,#N/C,#N/C,#N/C,#N/C,#N/C,8.4004979253112,5.45134854771784,1.7163070539419094
ID2_0749,ID,ID2,Site2,Maize,IDxMaize,2023-08-31 14:26:46.585,2023-08-31 14:26:53.843,00:00:07.258000,fly,Insecta,Diptera,Brachycera,#N/C,#N/C,#N/C,#N/C,#N/C,#N/C,8.4004979253112,5.45134854771784,1.7163070539419094
ID2_0750,ID,ID2,Site2,Maize,IDxMaize,2023-08-31 14:27:02.401,2023-08-31 14:28:05.315,00:01:02.914000,fly,Insecta,Diptera,Brachycera,#N/C,#N/C,#N/C,#N/C,#N/C,#N/C,8.4004979253112,5.45134854771784,1.7163070539419094
ID2_0751,ID,ID2,Site2,Maize,IDxMaize,2023-08-31 14:27:06.731,2023-08-31 14:30:03.487,00:02:56.756000,fly,Insecta,Diptera,Brachycera,#N/C,#N/C,#N/C,#N/C,#N/C,#N/C,8.4004979253112,5.45134854771784,1.7163070539419094
ID2_0752,ID,ID2,Site2,Maize,IDxMaize,2023-08-31 14:27:38.634,2023-08-31 14:28:05.362,00:00:26.728000,fly,Insecta,Diptera,Brachycera,#N/C,#N/C,#N/C,#N/C,#N/C,#N/C,8.4004979253112,5.45134854771784,1.7163070539419094
ID2_0753,ID,ID2,Site2,Maize,IDxMaize,2023-08-31 14:27:56.376,2023-08-31 14:28:42.021,00:00:45.645000,fly,Insecta,Diptera,Brachycera,#N/C,#N/C,#N/C,#N/C,#N/C,#N/C,8.4004979253112,5.45134854771784,1.7163070539419094
ID2_0754,ID,ID2,Site2,Maize,IDxMaize,2023-08-31 14:28:08.260,2023-08-31 14:28:43.517,00:00:35.257000,fly,Insecta,Diptera,Brachycera,#N/C,#N/C,#N/C,#N/C,#N/C,#N/C,8.4004979253112,5.45134854771784,1.7163070539419094
ID2_0755,ID,ID2,Site2,Maize,IDxMaize,2023-08-31 14:28:44.967,2023-08-31 14:29:54.810,00:01:09.843000,fly,Insecta,Diptera,Brachycera,#N/C,#N/C,#N/C,#N/C,#N/C,#N/C,8.4004979253112,5.45134854771784,1.7163070539419094
ID2_0756,ID,ID2,Site2,Maize,IDxMaize,2023-08-31 14:29:29.900,2023-08-31 14:29:54.831,00:00:24.931000,fly,Insecta,Diptera,Brachycera,#N/C,#N/C,#N/C,#N/C,#N/C,#N/C,8.4004979253112,5.45134854771784,1.7163070539419094
ID2_0757,ID,ID2,Site2,Maize,IDxMaize,2023-08-31 14:29:57.676,2023-08-31 14:30:00.604,00:00:02.928000,fly,Insecta,Diptera,Brachycera,#N/C,#N/C,#N/C,#N/C,#N/C,#N/C,8.4004979253112,5.45134854771784,1.7163070539419094
ID2_0758,ID,ID2,Site2,Maize,IDxMaize,2023-08-31 14:29:59.136,2023-08-31 14:30:03.494,00:00:04.358000,fly,Insecta,Diptera,Brachycera,#N/C,#N/C,#N/C,#N/C,#N/C,#N/C,8.4004979253112,5.45134854771784,1.7163070539419094
ID2_0759,ID,ID2,Site2,Maize,IDxMaize,2023-08-31 14:30:04.951,2023-08-31 14:30:22.463,00:00:17.512000,fly,Insecta,Diptera,Brachycera,#N/C,#N/C,#N/C,#N/C,#N/C,#N/C,8.4004979253112,5.45134854771784,1.7163070539419094
ID2_0760,ID,ID2,Site2,Maize,IDxMaize,2023-08-31 14:30:04.972,2023-08-31 14:30:23.883,00:00:18.911000,fly,Insecta,Diptera,Brachycera,#N/C,#N/C,#N/C,#N/C,#N/C,#N/C,8.4004979253112,5.45134854771784,1.7163070539419094
ID2_0761,ID,ID2,Site2,Maize,IDxMaize,2023-08-31 14:30:06.451,2023-08-31 14:30:25.349,00:00:18.898000,fly,Insecta,Diptera,Brachycera,#N/C,#N/C,#N/C,#N/C,#N/C,#N/C,8.4004979253112,5.45134854771784,1.7163070539419094
ID2_0762,ID,ID2,Site2,Maize,IDxMaize,2023-08-31 14:31:14.784,2023-08-31 14:31:38.995,00:00:24.211000,fly,Insecta,Diptera,Brachycera,#N/C,#N/C,#N/C,#N/C,#N/C,#N/C,8.4004979253112,5.45134854771784,1.7163070539419094
ID2_0763,ID,ID2,Site2,Maize,IDxMaize,2023-08-31 14:32:45.239,2023-08-31 14:33:42.192,00:00:56.953000,fly,Insecta,Diptera,Brachycera,#N/C,#N/C,#N/C,#N/C,#N/C,#N/C,8.4004979253112,5.45134854771784,1.7163070539419094
ID2_0764,ID,ID2,Site2,Maize,IDxMaize,2023-08-31 14:33:47.912,2023-08-31 14:34:28.088,00:00:40.176000,fly,Insecta,Diptera,Brachycera,#N/C,#N/C,#N/C,#N/C,#N/C,#N/C,8.4004979253112,5.45134854771784,1.7163070539419094
ID2_0765,ID,ID2,Site2,Maize,IDxMaize,2023-08-31 14:33:56.461,2023-08-31 14:34:28.094,00:00:31.633000,fly,Insecta,Diptera,Brachycera,#N/C,#N/C,#N/C,#N/C,#N/C,#N/C,8.4004979253112,5.45134854771784,1.7163070539419094
ID2_0766,ID,ID2,Site2,Maize,IDxMaize,2023-08-31 14:34:35.155,2023-08-31 14:34:38.056,00:00:02.901000,fly,Insecta,Diptera,Brachycera,#N/C,#N/C,#N/C,#N/C,#N/C,#N/C,8.4004979253112,5.45134854771784,1.7163070539419094
ID2_0767,ID,ID2,Site2,Maize,IDxMaize,2023-08-31 14:34:40.884,2023-08-31 14:34:43.717,00:00:02.833000,fly,Insecta,Diptera,Brachycera,#N/C,#N/C,#N/C,#N/C,#N/C,#N/C,8.4004979253112,5.45134854771784,1.7163070539419094
ID2_0768,ID,ID2,Site2,Maize,IDxMaize,2023-08-31 14:34:46.534,2023-08-31 14:34:50.791,00:00:04.257000,fly,Insecta,Diptera,Brachycera,#N/C,#N/C,#N/C,#N/C,#N/C,#N/C,8.4004979253112,5.45134854771784,1.7163070539419094
ID2_0769,ID,ID2,Site2,Maize,IDxMaize,2023-08-31 14:35:17.451,2023-08-31 14:35:28.831,00:00:11.380000,fly,Insecta,Diptera,Brachycera,#N/C,#N/C,#N/C,#N/C,#N/C,#N/C,8.4004979253112,5.45134854771784,1.7163070539419094
ID2_0770,ID,ID2,Site2,Maize,IDxMaize,2023-08-31 14:35:30.251,2023-08-31 14:35:43.047,00:00:12.796000,fly,Insecta,Diptera,Brachycera,#N/C,#N/C,#N/C,#N/C,#N/C,#N/C,8.4004979253112,5.45134854771784,1.7163070539419094
ID2_0771,ID,ID2,Site2,Maize,IDxMaize,2023-08-31 14:36:12.734,2023-08-31 14:36:44.375,00:00:31.641000,fly,Insecta,Diptera,Brachycera,#N/C,#N/C,#N/C,#N/C,#N/C,#N/C,8.4004979253112,5.45134854771784,1.7163070539419094
ID2_0772,ID,ID2,Site2,Maize,IDxMaize,2023-08-31 14:37:15.413,2023-08-31 14:37:32.532,00:00:17.119000,fly,Insecta,Diptera,Brachycera,#N/C,#N/C,#N/C,#N/C,#N/C,#N/C,8.4004979253112,5.45134854771784,1.7163070539419094
ID2_0773,ID,ID2,Site2,Maize,IDxMaize,2023-08-31 14:37:32.549,2023-08-31 14:38:01.020,00:00:28.471000,fly,Insecta,Diptera,Brachycera,#N/C,#N/C,#N/C,#N/C,#N/C,#N/C,8.4004979253112,5.45134854771784,1.7163070539419094
ID2_0774,ID,ID2,Site2,Maize,IDxMaize,2023-08-31 14:38:13.655,2023-08-31 14:38:16.513,00:00:02.858000,fly,Insecta,Diptera,Brachycera,#N/C,#N/C,#N/C,#N/C,#N/C,#N/C,8.4004979253112,5.45134854771784,1.7163070539419094
ID2_0775,ID,ID2,Site2,Maize,IDxMaize,2023-08-31 14:38:26.353,2023-08-31 14:38:37.734,00:00:11.381000,fly,Insecta,Diptera,Brachycera,#N/C,#N/C,#N/C,#N/C,#N/C,#N/C,8.4004979253112,5.45134854771784,1.7163070539419094
ID2_0776,ID,ID2,Site2,Maize,IDxMaize,2023-08-31 14:39:03.046,2023-08-31 14:39:14.505,00:00:11.459000,fly,Insecta,Diptera,Brachycera,#N/C,#N/C,#N/C,#N/C,#N/C,#N/C,8.4004979253112,5.45134854771784,1.7163070539419094
ID2_0777,ID,ID2,Site2,Maize,IDxMaize,2023-08-31 14:39:18.762,2023-08-31 14:39:54.303,00:00:35.541000,fly,Insecta,Diptera,Brachycera,#N/C,#N/C,#N/C,#N/C,#N/C,#N/C,8.4004979253112,5.45134854771784,1.7163070539419094
ID2_0778,ID,ID2,Site2,Maize,IDxMaize,2023-08-31 14:39:57.155,2023-08-31 14:40:04.309,00:00:07.154000,hoverfly,Insecta,Diptera,Brachycera,Muscomorpha,Syrphoidea,Syrphidae,Syrphinae,Episyrphus,balteatus,12.29572580645161,7.508467741935483,2.1483064516129025
ID2_0779,ID,ID2,Site2,Maize,IDxMaize,2023-08-31 14:40:19.829,2023-08-31 14:40:22.681,00:00:02.852000,hoverfly,Insecta,Diptera,Brachycera,Muscomorpha,Syrphoidea,Syrphidae,Syrphinae,Episyrphus,balteatus,12.29572580645161,7.508467741935483,2.1483064516129025
ID2_0780,ID,ID2,Site2,Maize,IDxMaize,2023-08-31 17:03:57.401,2023-08-31 17:04:56.151,00:00:58.750000,hoverfly,Insecta,Diptera,Brachycera,Muscomorpha,Syrphoidea,Syrphidae,Syrphinae,Episyrphus,balteatus,12.29572580645161,7.508467741935483,2.1483064516129025
ID2_0781,ID,ID2,Site2,Maize,IDxMaize,2023-08-31 17:03:57.432,2023-08-31 17:04:00.402,00:00:02.970000,hoverfly,Insecta,Diptera,Brachycera,Muscomorpha,Syrphoidea,Syrphidae,Syrphinae,Episyrphus,balteatus,12.29572580645161,7.508467741935483,2.1483064516129025
ID2_0782,ID,ID2,Site2,Maize,IDxMaize,2023-08-31 17:06:06.413,2023-08-31 17:13:55.985,00:07:49.572000,hoverfly,Insecta,Diptera,Brachycera,Muscomorpha,Syrphoidea,Syrphidae,Syrphinae,Episyrphus,balteatus,12.29572580645161,7.508467741935483,2.1483064516129025
ID2_0783,ID,ID2,Site2,Maize,IDxMaize,2023-08-31 17:17:45.914,2023-08-31 17:18:02.951,00:00:17.037000,fly,Insecta,Diptera,Brachycera,#N/C,#N/C,#N/C,#N/C,#N/C,#N/C,8.4004979253112,5.45134854771784,1.7163070539419094
ID2_0784,ID,ID2,Site2,Maize,IDxMaize,2023-08-31 17:18:17.043,2023-08-31 17:19:49.434,00:01:32.391000,fly,Insecta,Diptera,Brachycera,#N/C,#N/C,#N/C,#N/C,#N/C,#N/C,8.4004979253112,5.45134854771784,1.7163070539419094
ID2_0785,ID,ID2,Site2,Maize,IDxMaize,2023-08-31 17:20:02.292,2023-08-31 17:20:05.190,00:00:02.898000,hoverfly,Insecta,Diptera,Brachycera,Muscomorpha,Syrphoidea,Syrphidae,Syrphinae,Episyrphus,balteatus,12.29572580645161,7.508467741935483,2.1483064516129025
ID2_0786,ID,ID2,Site2,Maize,IDxMaize,2023-08-31 17:20:35.053,2023-08-31 17:24:23.853,00:03:48.800000,hoverfly,Insecta,Diptera,Brachycera,Muscomorpha,Syrphoidea,Syrphidae,Syrphinae,Episyrphus,balteatus,12.29572580645161,7.508467741935483,2.1483064516129025
ID2_0787,ID,ID2,Site2,Maize,IDxMaize,2023-08-31 17:24:25.296,2023-08-31 17:40:01.450,00:15:36.154000,hoverfly,Insecta,Diptera,Brachycera,Muscomorpha,Syrphoidea,Syrphidae,Syrphinae,Episyrphus,balteatus,12.29572580645161,7.508467741935483,2.1483064516129025
ID2_0788,ID,ID2,Site2,Maize,IDxMaize,2023-08-31 17:31:22.805,2023-08-31 17:31:25.717,00:00:02.912000,other,Insecta,#N/C,#N/C,#N/C,#N/C,#N/C,#N/C,#N/C,#N/C,24.284088427947573,6.536784934497831,2.114448689956332
ID2_0789,ID,ID2,Site2,Maize,IDxMaize,2023-08-31 17:31:27.180,2023-08-31 17:31:32.983,00:00:05.803000,ant,Insecta,Hymenoptera,Apocrita,Aculeata,Vespoidea,Formicidae,#N/C,#N/C,#N/C,3.0777551020408147,4.416530612244895,1.2977551020408162
ID2_0790,ID,ID2,Site2,Maize,IDxMaize,2023-08-31 17:31:38.786,2023-08-31 17:31:57.533,00:00:18.747000,hoverfly,Insecta,Diptera,Brachycera,Muscomorpha,Syrphoidea,Syrphidae,Syrphinae,Episyrphus,balteatus,12.29572580645161,7.508467741935483,2.1483064516129025
ID2_0791,ID,ID2,Site2,Maize,IDxMaize,2023-08-31 17:31:58.961,2023-08-31 17:32:07.630,00:00:08.669000,hoverfly,Insecta,Diptera,Brachycera,Muscomorpha,Syrphoidea,Syrphidae,Syrphinae,Episyrphus,balteatus,12.29572580645161,7.508467741935483,2.1483064516129025
ID2_0793,ID,ID2,Site2,Maize,IDxMaize,2023-08-31 17:32:26.326,2023-08-31 17:32:36.491,00:00:10.165000,fly,Insecta,Diptera,Brachycera,#N/C,#N/C,#N/C,#N/C,#N/C,#N/C,8.4004979253112,5.45134854771784,1.7163070539419094
ID2_0794,ID,ID2,Site2,Maize,IDxMaize,2023-08-31 17:32:37.944,2023-08-31 17:33:01.077,00:00:23.133000,other,Insecta,#N/C,#N/C,#N/C,#N/C,#N/C,#N/C,#N/C,#N/C,24.284088427947573,6.536784934497831,2.114448689956332
ID2_0795,ID,ID2,Site2,Maize,IDxMaize,2023-08-31 17:36:13.705,2023-08-31 17:36:39.710,00:00:26.005000,hoverfly,Insecta,Diptera,Brachycera,Muscomorpha,Syrphoidea,Syrphidae,Syrphinae,Episyrphus,balteatus,12.29572580645161,7.508467741935483,2.1483064516129025
ID2_0796,ID,ID2,Site2,Maize,IDxMaize,2023-08-31 17:40:21.306,2023-08-31 17:40:38.365,00:00:17.059000,fly,Insecta,Diptera,Brachycera,#N/C,#N/C,#N/C,#N/C,#N/C,#N/C,8.4004979253112,5.45134854771784,1.7163070539419094
ID2_0797,ID,ID2,Site2,Maize,IDxMaize,2023-08-31 18:00:42.733,2023-08-31 18:01:32.645,00:00:49.912000,fly,Insecta,Diptera,Brachycera,#N/C,#N/C,#N/C,#N/C,#N/C,#N/C,8.4004979253112,5.45134854771784,1.7163070539419094
ID2_0798,ID,ID2,Site2,Maize,IDxMaize,2023-08-31 18:11:03.036,2023-08-31 18:11:11.590,00:00:08.554000,fly,Insecta,Diptera,Brachycera,#N/C,#N/C,#N/C,#N/C,#N/C,#N/C,8.4004979253112,5.45134854771784,1.7163070539419094
ID2_0799,ID,ID2,Site2,Maize,IDxMaize,2023-08-31 18:11:19.975,2023-08-31 18:11:24.255,00:00:04.280000,fly,Insecta,Diptera,Brachycera,#N/C,#N/C,#N/C,#N/C,#N/C,#N/C,8.4004979253112,5.45134854771784,1.7163070539419094
ID2_0800,ID,ID2,Site2,Maize,IDxMaize,2023-08-31 18:13:14.124,2023-08-31 18:13:18.430,00:00:04.306000,fly,Insecta,Diptera,Brachycera,#N/C,#N/C,#N/C,#N/C,#N/C,#N/C,8.4004979253112,5.45134854771784,1.7163070539419094
ID2_0801,ID,ID2,Site2,Maize,IDxMaize,2023-08-31 18:14:18.814,2023-08-31 18:14:21.653,00:00:02.839000,fly,Insecta,Diptera,Brachycera,#N/C,#N/C,#N/C,#N/C,#N/C,#N/C,8.4004979253112,5.45134854771784,1.7163070539419094
ID2_0802,ID,ID2,Site2,Maize,IDxMaize,2023-08-31 18:14:38.545,2023-08-31 18:14:44.315,00:00:05.770000,fly,Insecta,Diptera,Brachycera,#N/C,#N/C,#N/C,#N/C,#N/C,#N/C,8.4004979253112,5.45134854771784,1.7163070539419094
ID2_0803,ID,ID2,Site2,Maize,IDxMaize,2023-08-31 18:14:50.044,2023-08-31 18:15:11.478,00:00:21.434000,fly,Insecta,Diptera,Brachycera,#N/C,#N/C,#N/C,#N/C,#N/C,#N/C,8.4004979253112,5.45134854771784,1.7163070539419094
ID2_0804,ID,ID2,Site2,Maize,IDxMaize,2023-08-31 18:17:20.961,2023-08-31 18:17:25.174,00:00:04.213000,fly,Insecta,Diptera,Brachycera,#N/C,#N/C,#N/C,#N/C,#N/C,#N/C,8.4004979253112,5.45134854771784,1.7163070539419094
ID2_0805,ID,ID2,Site2,Maize,IDxMaize,2023-08-31 18:18:15.955,2023-08-31 18:18:34.429,00:00:18.474000,fly,Insecta,Diptera,Brachycera,#N/C,#N/C,#N/C,#N/C,#N/C,#N/C,8.4004979253112,5.45134854771784,1.7163070539419094
ID2_0806,ID,ID2,Site2,Maize,IDxMaize,2023-08-31 18:18:35.855,2023-08-31 18:19:08.959,00:00:33.104000,fly,Insecta,Diptera,Brachycera,#N/C,#N/C,#N/C,#N/C,#N/C,#N/C,8.4004979253112,5.45134854771784,1.7163070539419094
ID2_0807,ID,ID2,Site2,Maize,IDxMaize,2023-08-31 18:18:42.930,2023-08-31 18:19:04.644,00:00:21.714000,fly,Insecta,Diptera,Brachycera,#N/C,#N/C,#N/C,#N/C,#N/C,#N/C,8.4004979253112,5.45134854771784,1.7163070539419094
ID2_0808,ID,ID2,Site2,Maize,IDxMaize,2023-08-31 18:28:23.661,2023-08-31 18:28:46.392,00:00:22.731000,fly,Insecta,Diptera,Brachycera,#N/C,#N/C,#N/C,#N/C,#N/C,#N/C,8.4004979253112,5.45134854771784,1.7163070539419094
ID2_0809,ID,ID2,Site2,Maize,IDxMaize,2023-08-31 18:31:21.005,2023-08-31 18:31:23.898,00:00:02.893000,fly,Insecta,Diptera,Brachycera,#N/C,#N/C,#N/C,#N/C,#N/C,#N/C,8.4004979253112,5.45134854771784,1.7163070539419094
ID2_0810,ID,ID2,Site2,Maize,IDxMaize,2023-08-31 18:31:28.073,2023-08-31 18:31:58.090,00:00:30.017000,fly,Insecta,Diptera,Brachycera,#N/C,#N/C,#N/C,#N/C,#N/C,#N/C,8.4004979253112,5.45134854771784,1.7163070539419094
ID2_0811,ID,ID2,Site2,Maize,IDxMaize,2023-08-31 18:32:09.442,2023-08-31 18:32:16.714,00:00:07.272000,fly,Insecta,Diptera,Brachycera,#N/C,#N/C,#N/C,#N/C,#N/C,#N/C,8.4004979253112,5.45134854771784,1.7163070539419094
ID2_0812,ID,ID2,Site2,Maize,IDxMaize,2023-08-31 18:32:23.845,2023-08-31 18:32:55.155,00:00:31.310000,fly,Insecta,Diptera,Brachycera,#N/C,#N/C,#N/C,#N/C,#N/C,#N/C,8.4004979253112,5.45134854771784,1.7163070539419094
ID2_0813,ID,ID2,Site2,Maize,IDxMaize,2023-08-31 18:33:12.225,2023-08-31 18:33:15.076,00:00:02.851000,fly,Insecta,Diptera,Brachycera,#N/C,#N/C,#N/C,#N/C,#N/C,#N/C,8.4004979253112,5.45134854771784,1.7163070539419094
ID2_0814,ID,ID2,Site2,Maize,IDxMaize,2023-08-31 18:33:23.635,2023-08-31 18:34:13.581,00:00:49.946000,fly,Insecta,Diptera,Brachycera,#N/C,#N/C,#N/C,#N/C,#N/C,#N/C,8.4004979253112,5.45134854771784,1.7163070539419094
ID2_0815,ID,ID2,Site2,Maize,IDxMaize,2023-08-31 18:34:22.113,2023-08-31 18:34:55.271,00:00:33.158000,fly,Insecta,Diptera,Brachycera,#N/C,#N/C,#N/C,#N/C,#N/C,#N/C,8.4004979253112,5.45134854771784,1.7163070539419094
ID2_0816,ID,ID2,Site2,Maize,IDxMaize,2023-08-31 18:34:30.753,2023-08-31 18:34:52.420,00:00:21.667000,fly,Insecta,Diptera,Brachycera,#N/C,#N/C,#N/C,#N/C,#N/C,#N/C,8.4004979253112,5.45134854771784,1.7163070539419094
ID2_0817,ID,ID2,Site2,Maize,IDxMaize,2023-08-31 18:34:59.503,2023-08-31 18:35:03.899,00:00:04.396000,fly,Insecta,Diptera,Brachycera,#N/C,#N/C,#N/C,#N/C,#N/C,#N/C,8.4004979253112,5.45134854771784,1.7163070539419094
ID2_0818,ID,ID2,Site2,Maize,IDxMaize,2023-08-31 18:35:12.363,2023-08-31 18:35:28.024,00:00:15.661000,fly,Insecta,Diptera,Brachycera,#N/C,#N/C,#N/C,#N/C,#N/C,#N/C,8.4004979253112,5.45134854771784,1.7163070539419094
ID2_0819,ID,ID2,Site2,Maize,IDxMaize,2023-08-31 18:35:25.150,2023-08-31 18:36:35.216,00:01:10.066000,fly,Insecta,Diptera,Brachycera,#N/C,#N/C,#N/C,#N/C,#N/C,#N/C,8.4004979253112,5.45134854771784,1.7163070539419094
ID2_0820,ID,ID2,Site2,Maize,IDxMaize,2023-08-31 18:35:50.819,2023-08-31 18:35:59.509,00:00:08.690000,fly,Insecta,Diptera,Brachycera,#N/C,#N/C,#N/C,#N/C,#N/C,#N/C,8.4004979253112,5.45134854771784,1.7163070539419094
ID2_0821,ID,ID2,Site2,Maize,IDxMaize,2023-08-31 18:37:24.467,2023-08-31 18:37:48.748,00:00:24.281000,fly,Insecta,Diptera,Brachycera,#N/C,#N/C,#N/C,#N/C,#N/C,#N/C,8.4004979253112,5.45134854771784,1.7163070539419094
ID2_0822,ID,ID2,Site2,Maize,IDxMaize,2023-08-31 19:00:42.956,2023-08-31 19:00:50.006,00:00:07.050000,fly,Insecta,Diptera,Brachycera,#N/C,#N/C,#N/C,#N/C,#N/C,#N/C,8.4004979253112,5.45134854771784,1.7163070539419094
ID2_0825,ID,ID2,Site2,Maize,IDxMaize,2023-08-31 19:04:51.613,2023-08-31 19:05:05.895,00:00:14.282000,fly,Insecta,Diptera,Brachycera,#N/C,#N/C,#N/C,#N/C,#N/C,#N/C,8.4004979253112,5.45134854771784,1.7163070539419094
ID2_0826,ID,ID2,Site2,Maize,IDxMaize,2023-08-31 19:05:56.384,2023-08-31 19:08:52.500,00:02:56.116000,fly,Insecta,Diptera,Brachycera,#N/C,#N/C,#N/C,#N/C,#N/C,#N/C,8.4004979253112,5.45134854771784,1.7163070539419094
ID2_0827,ID,ID2,Site2,Maize,IDxMaize,2023-08-31 19:06:04.954,2023-08-31 19:08:08.100,00:02:03.146000,fly,Insecta,Diptera,Brachycera,#N/C,#N/C,#N/C,#N/C,#N/C,#N/C,8.4004979253112,5.45134854771784,1.7163070539419094
ID2_0828,ID,ID2,Site2,Maize,IDxMaize,2023-08-31 19:08:10.995,2023-08-31 19:08:15.332,00:00:04.337000,fly,Insecta,Diptera,Brachycera,#N/C,#N/C,#N/C,#N/C,#N/C,#N/C,8.4004979253112,5.45134854771784,1.7163070539419094
ID2_0829,ID,ID2,Site2,Maize,IDxMaize,2023-08-31 19:11:16.460,2023-08-31 19:13:30.835,00:02:14.375000,fly,Insecta,Diptera,Brachycera,#N/C,#N/C,#N/C,#N/C,#N/C,#N/C,8.4004979253112,5.45134854771784,1.7163070539419094
ID2_0830,ID,ID2,Site2,Maize,IDxMaize,2023-08-31 19:25:46.942,2023-08-31 19:26:42.564,00:00:55.622000,fly,Insecta,Diptera,Brachycera,#N/C,#N/C,#N/C,#N/C,#N/C,#N/C,8.4004979253112,5.45134854771784,1.7163070539419094
ID2_0831,ID,ID2,Site2,Maize,IDxMaize,2023-08-31 19:32:47.034,2023-08-31 19:32:52.749,00:00:05.715000,fly,Insecta,Diptera,Brachycera,#N/C,#N/C,#N/C,#N/C,#N/C,#N/C,8.4004979253112,5.45134854771784,1.7163070539419094
ID2_0832,ID,ID2,Site2,Maize,IDxMaize,2023-08-31 19:39:41.024,2023-08-31 19:39:59.602,00:00:18.578000,fly,Insecta,Diptera,Brachycera,#N/C,#N/C,#N/C,#N/C,#N/C,#N/C,8.4004979253112,5.45134854771784,1.7163070539419094
ID2_0834,ID,ID2,Site2,Maize,IDxMaize,2023-08-31 19:40:23.685,2023-08-31 19:40:39.362,00:00:15.677000,hoverfly,Insecta,Diptera,Brachycera,Muscomorpha,Syrphoidea,Syrphidae,Syrphinae,Episyrphus,balteatus,12.29572580645161,7.508467741935483,2.1483064516129025
ID2_0835,ID,ID2,Site2,Maize,IDxMaize,2023-09-02 09:08:30.402,2023-09-02 09:08:34.714,00:00:04.312000,hoverfly,Insecta,Diptera,Brachycera,Muscomorpha,Syrphoidea,Syrphidae,Syrphinae,Episyrphus,balteatus,12.29572580645161,7.508467741935483,2.1483064516129025
ID2_0836,ID,ID2,Site2,Maize,IDxMaize,2023-09-02 09:11:40.522,2023-09-02 09:12:19.276,00:00:38.754000,hoverfly,Insecta,Diptera,Brachycera,Muscomorpha,Syrphoidea,Syrphidae,Syrphinae,Episyrphus,balteatus,12.29572580645161,7.508467741935483,2.1483064516129025
ID2_0837,ID,ID2,Site2,Maize,IDxMaize,2023-09-02 09:22:20.632,2023-09-02 09:22:30.627,00:00:09.995000,flesh_fly,Insecta,Diptera,Brachycera,Muscomorpha,Oestroidea,Sarcophagidae,#N/C,#N/C,#N/C,8.696344827586204,5.522551724137931,1.7546666666666675
ID2_0838,ID,ID2,Site2,Maize,IDxMaize,2023-09-02 09:22:33.487,2023-09-02 09:22:39.158,00:00:05.671000,flesh_fly,Insecta,Diptera,Brachycera,Muscomorpha,Oestroidea,Sarcophagidae,#N/C,#N/C,#N/C,8.696344827586204,5.522551724137931,1.7546666666666675
ID2_0839,ID,ID2,Site2,Maize,IDxMaize,2023-09-02 09:25:23.689,2023-09-02 09:25:39.816,00:00:16.127000,flesh_fly,Insecta,Diptera,Brachycera,Muscomorpha,Oestroidea,Sarcophagidae,#N/C,#N/C,#N/C,8.696344827586204,5.522551724137931,1.7546666666666675
ID2_0840,ID,ID2,Site2,Maize,IDxMaize,2023-09-02 09:25:26.578,2023-09-02 09:25:39.844,00:00:13.266000,flesh_fly,Insecta,Diptera,Brachycera,Muscomorpha,Oestroidea,Sarcophagidae,#N/C,#N/C,#N/C,8.696344827586204,5.522551724137931,1.7546666666666675
ID2_0842,ID,ID2,Site2,Maize,IDxMaize,2023-09-02 09:28:24.565,2023-09-02 09:28:56.004,00:00:31.439000,flesh_fly,Insecta,Diptera,Brachycera,Muscomorpha,Oestroidea,Sarcophagidae,#N/C,#N/C,#N/C,8.696344827586204,5.522551724137931,1.7546666666666675
ID2_0843,ID,ID2,Site2,Maize,IDxMaize,2023-09-02 09:30:55.640,2023-09-02 09:31:17.128,00:00:21.488000,flesh_fly,Insecta,Diptera,Brachycera,Muscomorpha,Oestroidea,Sarcophagidae,#N/C,#N/C,#N/C,8.696344827586204,5.522551724137931,1.7546666666666675
ID2_0844,ID,ID2,Site2,Maize,IDxMaize,2023-09-02 12:00:50.169,2023-09-02 12:00:55.919,00:00:05.750000,fly,Insecta,Diptera,Brachycera,#N/C,#N/C,#N/C,#N/C,#N/C,#N/C,8.4004979253112,5.45134854771784,1.7163070539419094
ID2_0845,ID,ID2,Site2,Maize,IDxMaize,2023-09-02 12:00:57.343,2023-09-02 12:01:34.353,00:00:37.010000,fly,Insecta,Diptera,Brachycera,#N/C,#N/C,#N/C,#N/C,#N/C,#N/C,8.4004979253112,5.45134854771784,1.7163070539419094
ID2_0846,ID,ID2,Site2,Maize,IDxMaize,2023-09-02 12:07:55.043,2023-09-02 12:08:02.149,00:00:07.106000,fly,Insecta,Diptera,Brachycera,#N/C,#N/C,#N/C,#N/C,#N/C,#N/C,8.4004979253112,5.45134854771784,1.7163070539419094
ID2_0847,ID,ID2,Site2,Maize,IDxMaize,2023-09-02 12:08:12.132,2023-09-02 12:08:19.235,00:00:07.103000,fly,Insecta,Diptera,Brachycera,#N/C,#N/C,#N/C,#N/C,#N/C,#N/C,8.4004979253112,5.45134854771784,1.7163070539419094
ID2_0848,ID,ID2,Site2,Maize,IDxMaize,2023-09-02 12:09:16.828,2023-09-02 12:09:28.268,00:00:11.440000,fly,Insecta,Diptera,Brachycera,#N/C,#N/C,#N/C,#N/C,#N/C,#N/C,8.4004979253112,5.45134854771784,1.7163070539419094
ID2_0849,ID,ID2,Site2,Maize,IDxMaize,2023-09-02 12:10:52.630,2023-09-02 12:10:56.920,00:00:04.290000,hoverfly,Insecta,Diptera,Brachycera,Muscomorpha,Syrphoidea,Syrphidae,Syrphinae,#N/C,#N/C,12.29572580645161,7.508467741935483,2.1483064516129025
ID2_0850,ID,ID2,Site2,Maize,IDxMaize,2023-09-02 12:18:26.073,2023-09-02 12:18:37.498,00:00:11.425000,fly,Insecta,Diptera,Brachycera,#N/C,#N/C,#N/C,#N/C,#N/C,#N/C,8.4004979253112,5.45134854771784,1.7163070539419094
ID2_0851,ID,ID2,Site2,Maize,IDxMaize,2023-09-02 12:23:04.178,2023-09-02 12:23:07.003,00:00:02.825000,fly,Insecta,Diptera,Brachycera,#N/C,#N/C,#N/C,#N/C,#N/C,#N/C,8.4004979253112,5.45134854771784,1.7163070539419094
ID2_0852,ID,ID2,Site2,Maize,IDxMaize,2023-09-02 12:29:30.277,2023-09-02 12:29:35.945,00:00:05.668000,fly,Insecta,Diptera,Brachycera,#N/C,#N/C,#N/C,#N/C,#N/C,#N/C,8.4004979253112,5.45134854771784,1.7163070539419094
ID2_0853,ID,ID2,Site2,Maize,IDxMaize,2023-09-02 12:31:00.469,2023-09-02 12:31:16.288,00:00:15.819000,fly,Insecta,Diptera,Brachycera,#N/C,#N/C,#N/C,#N/C,#N/C,#N/C,8.4004979253112,5.45134854771784,1.7163070539419094
ID2_0854,ID,ID2,Site2,Maize,IDxMaize,2023-09-02 12:31:17.728,2023-09-02 12:31:20.540,00:00:02.812000,fly,Insecta,Diptera,Brachycera,#N/C,#N/C,#N/C,#N/C,#N/C,#N/C,8.4004979253112,5.45134854771784,1.7163070539419094
ID2_0856,ID,ID2,Site2,Maize,IDxMaize,2023-09-02 12:38:20.659,2023-09-02 12:38:30.761,00:00:10.102000,fly,Insecta,Diptera,Brachycera,#N/C,#N/C,#N/C,#N/C,#N/C,#N/C,8.4004979253112,5.45134854771784,1.7163070539419094
ID2_0857,ID,ID2,Site2,Maize,IDxMaize,2023-09-02 13:02:59.735,2023-09-02 13:03:19.643,00:00:19.908000,fly,Insecta,Diptera,Brachycera,#N/C,#N/C,#N/C,#N/C,#N/C,#N/C,8.4004979253112,5.45134854771784,1.7163070539419094
ID2_0858,ID,ID2,Site2,Maize,IDxMaize,2023-09-02 13:03:22.487,2023-09-02 13:03:25.319,00:00:02.832000,bee,Insecta,Hymenoptera,Apocrita,Aculeata,Apoidea,#N/C,#N/C,#N/C,#N/C,64.4823076923077,8.925897435897436,3.27948717948718
ID2_0859,ID,ID2,Site2,Maize,IDxMaize,2023-09-02 13:03:38.001,2023-09-02 13:03:52.073,00:00:14.072000,fly,Insecta,Diptera,Brachycera,#N/C,#N/C,#N/C,#N/C,#N/C,#N/C,8.4004979253112,5.45134854771784,1.7163070539419094
ID2_0860,ID,ID2,Site2,Maize,IDxMaize,2023-09-02 13:03:56.276,2023-09-02 13:04:06.402,00:00:10.126000,fly,Insecta,Diptera,Brachycera,#N/C,#N/C,#N/C,#N/C,#N/C,#N/C,8.4004979253112,5.45134854771784,1.7163070539419094
ID2_0861,ID,ID2,Site2,Maize,IDxMaize,2023-09-02 13:04:00.578,2023-09-02 13:04:13.480,00:00:12.902000,fly,Insecta,Diptera,Brachycera,#N/C,#N/C,#N/C,#N/C,#N/C,#N/C,8.4004979253112,5.45134854771784,1.7163070539419094
ID2_0862,ID,ID2,Site2,Maize,IDxMaize,2023-09-02 13:04:00.605,2023-09-02 13:04:04.970,00:00:04.365000,fly,Insecta,Diptera,Brachycera,#N/C,#N/C,#N/C,#N/C,#N/C,#N/C,8.4004979253112,5.45134854771784,1.7163070539419094
ID2_0865,ID,ID2,Site2,Maize,IDxMaize,2023-09-02 14:04:04.707,2023-09-02 14:04:18.977,00:00:14.270000,wasp,Insecta,Hymenoptera,Apocrita,Aculeata,Vespoidea,Vespidae,#N/C,#N/C,#N/C,71.46,13.613333333333335,4.026666666666666
ID2_0866,ID,ID2,Site2,Maize,IDxMaize,2023-09-02 14:06:32.602,2023-09-02 14:06:41.202,00:00:08.600000,fly,Insecta,Diptera,Brachycera,#N/C,#N/C,#N/C,#N/C,#N/C,#N/C,8.4004979253112,5.45134854771784,1.7163070539419094
ID2_0867,ID,ID2,Site2,Maize,IDxMaize,2023-09-02 14:07:44.342,2023-09-02 14:07:57.316,00:00:12.974000,fly,Insecta,Diptera,Brachycera,#N/C,#N/C,#N/C,#N/C,#N/C,#N/C,8.4004979253112,5.45134854771784,1.7163070539419094
ID2_0868,ID,ID2,Site2,Maize,IDxMaize,2023-09-02 14:08:26.569,2023-09-02 14:09:39.216,00:01:12.647000,fly,Insecta,Diptera,Brachycera,#N/C,#N/C,#N/C,#N/C,#N/C,#N/C,8.4004979253112,5.45134854771784,1.7163070539419094
ID2_0869,ID,ID2,Site2,Maize,IDxMaize,2023-09-02 14:09:26.245,2023-09-02 14:10:26.400,00:01:00.155000,fly,Insecta,Diptera,Brachycera,#N/C,#N/C,#N/C,#N/C,#N/C,#N/C,8.4004979253112,5.45134854771784,1.7163070539419094
ID2_0870,ID,ID2,Site2,Maize,IDxMaize,2023-09-02 14:10:29.255,2023-09-02 14:10:40.642,00:00:11.387000,fly,Insecta,Diptera,Brachycera,#N/C,#N/C,#N/C,#N/C,#N/C,#N/C,8.4004979253112,5.45134854771784,1.7163070539419094
ID2_0871,ID,ID2,Site2,Maize,IDxMaize,2023-09-02 14:10:43.476,2023-09-02 14:10:53.478,00:00:10.002000,fly,Insecta,Diptera,Brachycera,#N/C,#N/C,#N/C,#N/C,#N/C,#N/C,8.4004979253112,5.45134854771784,1.7163070539419094
ID2_0872,ID,ID2,Site2,Maize,IDxMaize,2023-09-02 14:10:56.332,2023-09-02 14:11:03.462,00:00:07.130000,fly,Insecta,Diptera,Brachycera,#N/C,#N/C,#N/C,#N/C,#N/C,#N/C,8.4004979253112,5.45134854771784,1.7163070539419094
ID2_0873,ID,ID2,Site2,Maize,IDxMaize,2023-09-02 14:12:14.094,2023-09-02 14:15:36.103,00:03:22.009000,fly,Insecta,Diptera,Brachycera,#N/C,#N/C,#N/C,#N/C,#N/C,#N/C,8.4004979253112,5.45134854771784,1.7163070539419094
ID2_0874,ID,ID2,Site2,Maize,IDxMaize,2023-09-02 14:12:48.377,2023-09-02 14:12:55.668,00:00:07.291000,fly,Insecta,Diptera,Brachycera,#N/C,#N/C,#N/C,#N/C,#N/C,#N/C,8.4004979253112,5.45134854771784,1.7163070539419094
ID2_0875,ID,ID2,Site2,Maize,IDxMaize,2023-09-02 14:13:51.376,2023-09-02 14:14:27.752,00:00:36.376000,fly,Insecta,Diptera,Brachycera,#N/C,#N/C,#N/C,#N/C,#N/C,#N/C,8.4004979253112,5.45134854771784,1.7163070539419094
ID2_0876,ID,ID2,Site2,Maize,IDxMaize,2023-09-02 14:14:30.606,2023-09-02 14:16:30.062,00:01:59.456000,flesh_fly,Insecta,Diptera,Brachycera,Muscomorpha,Oestroidea,Sarcophagidae,#N/C,#N/C,#N/C,8.696344827586204,5.522551724137931,1.7546666666666675
ID2_0877,ID,ID2,Site2,Maize,IDxMaize,2023-09-02 14:14:30.637,2023-09-02 14:15:43.433,00:01:12.796000,flesh_fly,Insecta,Diptera,Brachycera,Muscomorpha,Oestroidea,Sarcophagidae,#N/C,#N/C,#N/C,8.696344827586204,5.522551724137931,1.7546666666666675
ID2_0878,ID,ID2,Site2,Maize,IDxMaize,2023-09-02 14:15:33.196,2023-09-02 14:15:43.451,00:00:10.255000,flesh_fly,Insecta,Diptera,Brachycera,Muscomorpha,Oestroidea,Sarcophagidae,#N/C,#N/C,#N/C,8.696344827586204,5.522551724137931,1.7546666666666675
ID2_0879,ID,ID2,Site2,Maize,IDxMaize,2023-09-02 14:15:44.937,2023-09-02 14:16:31.542,00:00:46.605000,flesh_fly,Insecta,Diptera,Brachycera,Muscomorpha,Oestroidea,Sarcophagidae,#N/C,#N/C,#N/C,8.696344827586204,5.522551724137931,1.7546666666666675
ID2_0880,ID,ID2,Site2,Maize,IDxMaize,2023-09-02 14:15:47.887,2023-09-02 14:15:53.842,00:00:05.955000,flesh_fly,Insecta,Diptera,Brachycera,Muscomorpha,Oestroidea,Sarcophagidae,#N/C,#N/C,#N/C,8.696344827586204,5.522551724137931,1.7546666666666675
ID2_0881,ID,ID2,Site2,Maize,IDxMaize,2023-09-02 14:16:34.420,2023-09-02 14:16:43.003,00:00:08.583000,fly,Insecta,Diptera,Brachycera,#N/C,#N/C,#N/C,#N/C,#N/C,#N/C,8.4004979253112,5.45134854771784,1.7163070539419094
ID2_0886,ID,ID2,Site2,Maize,IDxMaize,2023-09-02 14:21:03.949,2023-09-02 14:21:16.738,00:00:12.789000,bee,Insecta,Hymenoptera,Apocrita,Aculeata,Apoidea,#N/C,#N/C,#N/C,#N/C,64.4823076923077,8.925897435897436,3.27948717948718
ID2_0887,ID,ID2,Site2,Maize,IDxMaize,2023-09-02 14:21:23.819,2023-09-02 14:23:12.316,00:01:48.497000,fly,Insecta,Diptera,Brachycera,#N/C,#N/C,#N/C,#N/C,#N/C,#N/C,8.4004979253112,5.45134854771784,1.7163070539419094
ID2_0888,ID,ID2,Site2,Maize,IDxMaize,2023-09-02 14:23:46.149,2023-09-02 14:23:56.153,00:00:10.004000,bee,Insecta,Hymenoptera,Apocrita,Aculeata,Apoidea,#N/C,#N/C,#N/C,#N/C,64.4823076923077,8.925897435897436,3.27948717948718
ID2_0889,ID,ID2,Site2,Maize,IDxMaize,2023-09-02 14:25:17.966,2023-09-02 14:25:25.130,00:00:07.164000,fly,Insecta,Diptera,Brachycera,#N/C,#N/C,#N/C,#N/C,#N/C,#N/C,8.4004979253112,5.45134854771784,1.7163070539419094
ID2_0890,ID,ID2,Site2,Maize,IDxMaize,2023-09-02 14:27:29.217,2023-09-02 14:27:42.025,00:00:12.808000,fly,Insecta,Diptera,Brachycera,#N/C,#N/C,#N/C,#N/C,#N/C,#N/C,8.4004979253112,5.45134854771784,1.7163070539419094
ID2_0891,ID,ID2,Site2,Maize,IDxMaize,2023-09-02 14:31:23.049,2023-09-02 14:31:30.200,00:00:07.151000,fly,Insecta,Diptera,Brachycera,#N/C,#N/C,#N/C,#N/C,#N/C,#N/C,8.4004979253112,5.45134854771784,1.7163070539419094
ID2_0892,ID,ID2,Site2,Maize,IDxMaize,2023-09-02 14:32:03.962,2023-09-02 14:32:22.568,00:00:18.606000,fly,Insecta,Diptera,Brachycera,#N/C,#N/C,#N/C,#N/C,#N/C,#N/C,8.4004979253112,5.45134854771784,1.7163070539419094
ID2_0893,ID,ID2,Site2,Maize,IDxMaize,2023-09-02 14:32:24.106,2023-09-02 14:32:26.926,00:00:02.820000,fly,Insecta,Diptera,Brachycera,#N/C,#N/C,#N/C,#N/C,#N/C,#N/C,8.4004979253112,5.45134854771784,1.7163070539419094
ID2_0894,ID,ID2,Site2,Maize,IDxMaize,2023-09-02 14:32:39.597,2023-09-02 14:32:42.448,00:00:02.851000,fly,Insecta,Diptera,Brachycera,#N/C,#N/C,#N/C,#N/C,#N/C,#N/C,8.4004979253112,5.45134854771784,1.7163070539419094
ID2_0900,ID,ID2,Site2,Maize,IDxMaize,2023-09-02 17:01:55.669,2023-09-02 17:18:47.112,00:16:51.443000,fly,Insecta,Diptera,Brachycera,#N/C,#N/C,#N/C,#N/C,#N/C,#N/C,8.4004979253112,5.45134854771784,1.7163070539419094
ID2_0902,ID,ID2,Site2,Maize,IDxMaize,2023-09-02 17:09:24.998,2023-09-02 17:09:45.257,00:00:20.259000,fly,Insecta,Diptera,Brachycera,#N/C,#N/C,#N/C,#N/C,#N/C,#N/C,8.4004979253112,5.45134854771784,1.7163070539419094
ID2_0903,ID,ID2,Site2,Maize,IDxMaize,2023-09-02 17:11:07.107,2023-09-02 17:11:23.120,00:00:16.013000,fly,Insecta,Diptera,Brachycera,#N/C,#N/C,#N/C,#N/C,#N/C,#N/C,8.4004979253112,5.45134854771784,1.7163070539419094
ID2_0904,ID,ID2,Site2,Maize,IDxMaize,2023-09-02 17:11:59.037,2023-09-02 17:12:20.638,00:00:21.601000,fly,Insecta,Diptera,Brachycera,#N/C,#N/C,#N/C,#N/C,#N/C,#N/C,8.4004979253112,5.45134854771784,1.7163070539419094
ID2_0905,ID,ID2,Site2,Maize,IDxMaize,2023-09-02 17:19:04.083,2023-09-02 17:19:29.966,00:00:25.883000,fly,Insecta,Diptera,Brachycera,#N/C,#N/C,#N/C,#N/C,#N/C,#N/C,8.4004979253112,5.45134854771784,1.7163070539419094
ID2_0906,ID,ID2,Site2,Maize,IDxMaize,2023-09-02 17:19:51.077,2023-09-02 17:20:00.990,00:00:09.913000,fly,Insecta,Diptera,Brachycera,#N/C,#N/C,#N/C,#N/C,#N/C,#N/C,8.4004979253112,5.45134854771784,1.7163070539419094
ID2_0907,ID,ID2,Site2,Maize,IDxMaize,2023-09-02 17:34:18.376,2023-09-02 17:34:41.066,00:00:22.690000,fly,Insecta,Diptera,Brachycera,#N/C,#N/C,#N/C,#N/C,#N/C,#N/C,8.4004979253112,5.45134854771784,1.7163070539419094
ID2_0908,ID,ID2,Site2,Maize,IDxMaize,2023-09-02 18:32:03.548,2023-09-02 18:32:26.447,00:00:22.899000,fly,Insecta,Diptera,Brachycera,#N/C,#N/C,#N/C,#N/C,#N/C,#N/C,8.4004979253112,5.45134854771784,1.7163070539419094
ID2_0910,ID,ID2,Site2,Maize,IDxMaize,2023-09-02 18:38:18.709,2023-09-02 18:39:14.318,00:00:55.609000,fly,Insecta,Diptera,Brachycera,#N/C,#N/C,#N/C,#N/C,#N/C,#N/C,8.4004979253112,5.45134854771784,1.7163070539419094
ID2_0911,ID,ID2,Site2,Maize,IDxMaize,2023-09-02 18:39:21.380,2023-09-02 18:40:41.390,00:01:20.010000,fly,Insecta,Diptera,Brachycera,#N/C,#N/C,#N/C,#N/C,#N/C,#N/C,8.4004979253112,5.45134854771784,1.7163070539419094
ID2_0912,ID,ID2,Site2,Maize,IDxMaize,2023-09-02 18:39:44.219,2023-09-02 18:39:47.108,00:00:02.889000,fly,Insecta,Diptera,Brachycera,#N/C,#N/C,#N/C,#N/C,#N/C,#N/C,8.4004979253112,5.45134854771784,1.7163070539419094
ID2_0913,ID,ID2,Site2,Maize,IDxMaize,2023-09-02 19:19:22.649,2023-09-02 19:19:29.772,00:00:07.123000,fly,Insecta,Diptera,Brachycera,#N/C,#N/C,#N/C,#N/C,#N/C,#N/C,8.4004979253112,5.45134854771784,1.7163070539419094
ID2_0914,ID,ID2,Site2,Maize,IDxMaize,2023-09-02 19:19:32.553,2023-09-02 19:19:38.294,00:00:05.741000,fly,Insecta,Diptera,Brachycera,#N/C,#N/C,#N/C,#N/C,#N/C,#N/C,8.4004979253112,5.45134854771784,1.7163070539419094
ID2_0915,ID,ID2,Site2,Maize,IDxMaize,2023-09-02 19:19:41.110,2023-09-02 19:19:49.673,00:00:08.563000,fly,Insecta,Diptera,Brachycera,#N/C,#N/C,#N/C,#N/C,#N/C,#N/C,8.4004979253112,5.45134854771784,1.7163070539419094
ID2_0916,ID,ID2,Site2,Maize,IDxMaize,2023-09-03 08:01:14.324,2023-09-03 08:01:28.527,00:00:14.203000,fly,Insecta,Diptera,Brachycera,#N/C,#N/C,#N/C,#N/C,#N/C,#N/C,8.4004979253112,5.45134854771784,1.7163070539419094
ID2_0917,ID,ID2,Site2,Maize,IDxMaize,2023-09-03 08:01:58.224,2023-09-03 08:02:06.720,00:00:08.496000,fly,Insecta,Diptera,Brachycera,#N/C,#N/C,#N/C,#N/C,#N/C,#N/C,8.4004979253112,5.45134854771784,1.7163070539419094
ID2_0918,ID,ID2,Site2,Maize,IDxMaize,2023-09-03 08:02:13.767,2023-09-03 08:02:23.749,00:00:09.982000,fly,Insecta,Diptera,Brachycera,#N/C,#N/C,#N/C,#N/C,#N/C,#N/C,8.4004979253112,5.45134854771784,1.7163070539419094
ID2_0919,ID,ID2,Site2,Maize,IDxMaize,2023-09-03 08:08:33.032,2023-09-03 08:09:17.319,00:00:44.287000,fly,Insecta,Diptera,Brachycera,#N/C,#N/C,#N/C,#N/C,#N/C,#N/C,8.4004979253112,5.45134854771784,1.7163070539419094
ID2_0920,ID,ID2,Site2,Maize,IDxMaize,2023-09-03 08:31:17.785,2023-09-03 08:32:06.260,00:00:48.475000,fly,Insecta,Diptera,Brachycera,#N/C,#N/C,#N/C,#N/C,#N/C,#N/C,8.4004979253112,5.45134854771784,1.7163070539419094
ID2_0921,ID,ID2,Site2,Maize,IDxMaize,2023-09-03 08:32:13.285,2023-09-03 08:32:21.875,00:00:08.590000,fly,Insecta,Diptera,Brachycera,#N/C,#N/C,#N/C,#N/C,#N/C,#N/C,8.4004979253112,5.45134854771784,1.7163070539419094
ID2_0922,ID,ID2,Site2,Maize,IDxMaize,2023-09-03 08:37:44.855,2023-09-03 08:38:16.150,00:00:31.295000,fly,Insecta,Diptera,Brachycera,#N/C,#N/C,#N/C,#N/C,#N/C,#N/C,8.4004979253112,5.45134854771784,1.7163070539419094
ID2_0923,ID,ID2,Site2,Maize,IDxMaize,2023-09-03 09:30:25.680,2023-09-03 09:30:47.197,00:00:21.517000,hoverfly,Insecta,Diptera,Brachycera,Muscomorpha,Syrphoidea,Syrphidae,Syrphinae,Episyrphus,balteatus,12.29572580645161,7.508467741935483,2.1483064516129025
ID2_0925,ID,ID2,Site2,Maize,IDxMaize,2023-09-03 09:31:42.489,2023-09-03 09:31:55.308,00:00:12.819000,fly,Insecta,Diptera,Brachycera,#N/C,#N/C,#N/C,#N/C,#N/C,#N/C,8.4004979253112,5.45134854771784,1.7163070539419094
ID2_0926,ID,ID2,Site2,Maize,IDxMaize,2023-09-03 12:02:32.290,2023-09-03 12:06:28.153,00:03:55.863000,fly,Insecta,Diptera,Brachycera,#N/C,#N/C,#N/C,#N/C,#N/C,#N/C,8.4004979253112,5.45134854771784,1.7163070539419094
ID2_0927,ID,ID2,Site2,Maize,IDxMaize,2023-09-03 12:05:43.159,2023-09-03 12:06:39.506,00:00:56.347000,fly,Insecta,Diptera,Brachycera,#N/C,#N/C,#N/C,#N/C,#N/C,#N/C,8.4004979253112,5.45134854771784,1.7163070539419094
ID2_0928,ID,ID2,Site2,Maize,IDxMaize,2023-09-03 12:06:40.955,2023-09-03 12:06:55.219,00:00:14.264000,fly,Insecta,Diptera,Brachycera,#N/C,#N/C,#N/C,#N/C,#N/C,#N/C,8.4004979253112,5.45134854771784,1.7163070539419094
ID2_0929,ID,ID2,Site2,Maize,IDxMaize,2023-09-03 12:07:17.745,2023-09-03 12:07:30.687,00:00:12.942000,fly,Insecta,Diptera,Brachycera,#N/C,#N/C,#N/C,#N/C,#N/C,#N/C,8.4004979253112,5.45134854771784,1.7163070539419094
ID2_0930,ID,ID2,Site2,Maize,IDxMaize,2023-09-03 12:12:08.960,2023-09-03 12:12:21.773,00:00:12.813000,flesh_fly,Insecta,Diptera,Brachycera,Muscomorpha,Oestroidea,Sarcophagidae,#N/C,#N/C,#N/C,8.696344827586204,5.522551724137931,1.7546666666666675
ID2_0931,ID,ID2,Site2,Maize,IDxMaize,2023-09-03 12:15:17.384,2023-09-03 12:16:17.240,00:00:59.856000,flesh_fly,Insecta,Diptera,Brachycera,Muscomorpha,Oestroidea,Sarcophagidae,#N/C,#N/C,#N/C,8.696344827586204,5.522551724137931,1.7546666666666675
ID2_0932,ID,ID2,Site2,Maize,IDxMaize,2023-09-03 12:16:20.085,2023-09-03 12:16:35.738,00:00:15.653000,fly,Insecta,Diptera,Brachycera,#N/C,#N/C,#N/C,#N/C,#N/C,#N/C,8.4004979253112,5.45134854771784,1.7163070539419094
ID2_0933,ID,ID2,Site2,Maize,IDxMaize,2023-09-03 12:20:18.998,2023-09-03 12:20:21.883,00:00:02.885000,fly,Insecta,Diptera,Brachycera,#N/C,#N/C,#N/C,#N/C,#N/C,#N/C,8.4004979253112,5.45134854771784,1.7163070539419094
ID2_0934,ID,ID2,Site2,Maize,IDxMaize,2023-09-03 12:20:34.546,2023-09-03 12:20:46.017,00:00:11.471000,fly,Insecta,Diptera,Brachycera,#N/C,#N/C,#N/C,#N/C,#N/C,#N/C,8.4004979253112,5.45134854771784,1.7163070539419094
ID2_0935,ID,ID2,Site2,Maize,IDxMaize,2023-09-03 12:20:50.265,2023-09-03 12:20:53.110,00:00:02.845000,fly,Insecta,Diptera,Brachycera,#N/C,#N/C,#N/C,#N/C,#N/C,#N/C,8.4004979253112,5.45134854771784,1.7163070539419094
ID2_0936,ID,ID2,Site2,Maize,IDxMaize,2023-09-03 12:24:10.060,2023-09-03 12:24:25.626,00:00:15.566000,fly,Insecta,Diptera,Brachycera,#N/C,#N/C,#N/C,#N/C,#N/C,#N/C,8.4004979253112,5.45134854771784,1.7163070539419094
ID2_0937,ID,ID2,Site2,Maize,IDxMaize,2023-09-03 12:24:29.857,2023-09-03 12:24:34.146,00:00:04.289000,fly,Insecta,Diptera,Brachycera,#N/C,#N/C,#N/C,#N/C,#N/C,#N/C,8.4004979253112,5.45134854771784,1.7163070539419094
ID2_0940,ID,ID2,Site2,Maize,IDxMaize,2023-09-03 13:00:50.668,2023-09-03 13:02:33.609,00:01:42.941000,flesh_fly,Insecta,Diptera,Brachycera,Muscomorpha,Oestroidea,Sarcophagidae,#N/C,#N/C,#N/C,8.696344827586204,5.522551724137931,1.7546666666666675
ID2_0941,ID,ID2,Site2,Maize,IDxMaize,2023-09-03 13:02:35.054,2023-09-03 13:03:00.924,00:00:25.870000,flesh_fly,Insecta,Diptera,Brachycera,Muscomorpha,Oestroidea,Sarcophagidae,#N/C,#N/C,#N/C,8.696344827586204,5.522551724137931,1.7546666666666675
ID2_0942,ID,ID2,Site2,Maize,IDxMaize,2023-09-03 13:02:36.486,2023-09-03 13:03:39.730,00:01:03.244000,flesh_fly,Insecta,Diptera,Brachycera,Muscomorpha,Oestroidea,Sarcophagidae,#N/C,#N/C,#N/C,8.696344827586204,5.522551724137931,1.7546666666666675
ID2_0943,ID,ID2,Site2,Maize,IDxMaize,2023-09-03 13:03:42.538,2023-09-03 13:05:38.584,00:01:56.046000,flesh_fly,Insecta,Diptera,Brachycera,Muscomorpha,Oestroidea,Sarcophagidae,#N/C,#N/C,#N/C,8.696344827586204,5.522551724137931,1.7546666666666675
ID2_0944,ID,ID2,Site2,Maize,IDxMaize,2023-09-03 13:05:44.247,2023-09-03 13:06:12.854,00:00:28.607000,flesh_fly,Insecta,Diptera,Brachycera,Muscomorpha,Oestroidea,Sarcophagidae,#N/C,#N/C,#N/C,8.696344827586204,5.522551724137931,1.7546666666666675
ID2_0945,ID,ID2,Site2,Maize,IDxMaize,2023-09-03 13:06:17.148,2023-09-03 13:06:27.200,00:00:10.052000,flesh_fly,Insecta,Diptera,Brachycera,Muscomorpha,Oestroidea,Sarcophagidae,#N/C,#N/C,#N/C,8.696344827586204,5.522551724137931,1.7546666666666675
ID2_0947,ID,ID2,Site2,Maize,IDxMaize,2023-09-03 13:08:51.165,2023-09-03 13:08:56.930,00:00:05.765000,flesh_fly,Insecta,Diptera,Brachycera,Muscomorpha,Oestroidea,Sarcophagidae,#N/C,#N/C,#N/C,8.696344827586204,5.522551724137931,1.7546666666666675
ID2_0948,ID,ID2,Site2,Maize,IDxMaize,2023-09-03 13:09:05.463,2023-09-03 13:09:16.921,00:00:11.458000,fly,Insecta,Diptera,Brachycera,#N/C,#N/C,#N/C,#N/C,#N/C,#N/C,8.4004979253112,5.45134854771784,1.7163070539419094
ID2_0950,ID,ID2,Site2,Maize,IDxMaize,2023-09-03 13:09:28.188,2023-09-03 13:09:39.714,00:00:11.526000,fly,Insecta,Diptera,Brachycera,#N/C,#N/C,#N/C,#N/C,#N/C,#N/C,8.4004979253112,5.45134854771784,1.7163070539419094
ID2_0951,ID,ID2,Site2,Maize,IDxMaize,2023-09-03 13:09:41.147,2023-09-03 13:09:45.441,00:00:04.294000,fly,Insecta,Diptera,Brachycera,#N/C,#N/C,#N/C,#N/C,#N/C,#N/C,8.4004979253112,5.45134854771784,1.7163070539419094
ID2_0952,ID,ID2,Site2,Maize,IDxMaize,2023-09-03 13:13:27.344,2023-09-03 13:14:59.997,00:01:32.653000,fly,Insecta,Diptera,Brachycera,#N/C,#N/C,#N/C,#N/C,#N/C,#N/C,8.4004979253112,5.45134854771784,1.7163070539419094
ID2_0953,ID,ID2,Site2,Maize,IDxMaize,2023-09-03 13:15:23.950,2023-09-03 13:15:42.500,00:00:18.550000,fly,Insecta,Diptera,Brachycera,#N/C,#N/C,#N/C,#N/C,#N/C,#N/C,8.4004979253112,5.45134854771784,1.7163070539419094
ID2_0955,ID,ID2,Site2,Maize,IDxMaize,2023-09-03 13:19:35.578,2023-09-03 13:20:00.039,00:00:24.461000,fly,Insecta,Diptera,Brachycera,#N/C,#N/C,#N/C,#N/C,#N/C,#N/C,8.4004979253112,5.45134854771784,1.7163070539419094
ID2_0956,ID,ID2,Site2,Maize,IDxMaize,2023-09-03 13:19:37.017,2023-09-03 13:20:01.468,00:00:24.451000,fly,Insecta,Diptera,Brachycera,#N/C,#N/C,#N/C,#N/C,#N/C,#N/C,8.4004979253112,5.45134854771784,1.7163070539419094
ID2_0957,ID,ID2,Site2,Maize,IDxMaize,2023-09-03 13:20:04.319,2023-09-03 13:21:01.236,00:00:56.917000,fly,Insecta,Diptera,Brachycera,#N/C,#N/C,#N/C,#N/C,#N/C,#N/C,8.4004979253112,5.45134854771784,1.7163070539419094
ID2_0958,ID,ID2,Site2,Maize,IDxMaize,2023-09-03 13:21:02.637,2023-09-03 13:29:04.795,00:08:02.158000,fly,Insecta,Diptera,Brachycera,#N/C,#N/C,#N/C,#N/C,#N/C,#N/C,8.4004979253112,5.45134854771784,1.7163070539419094
ID2_0959,ID,ID2,Site2,Maize,IDxMaize,2023-09-03 13:31:16.765,2023-09-03 13:31:25.216,00:00:08.451000,fly,Insecta,Diptera,Brachycera,#N/C,#N/C,#N/C,#N/C,#N/C,#N/C,8.4004979253112,5.45134854771784,1.7163070539419094
ID2_0960,ID,ID2,Site2,Maize,IDxMaize,2023-09-03 13:31:48.988,2023-09-03 13:38:23.586,00:06:34.598000,fly,Insecta,Diptera,Brachycera,#N/C,#N/C,#N/C,#N/C,#N/C,#N/C,8.4004979253112,5.45134854771784,1.7163070539419094
ID2_0961,ID,ID2,Site2,Maize,IDxMaize,2023-09-03 13:37:56.306,2023-09-03 13:38:09.257,00:00:12.951000,fly,Insecta,Diptera,Brachycera,#N/C,#N/C,#N/C,#N/C,#N/C,#N/C,8.4004979253112,5.45134854771784,1.7163070539419094
ID2_0962,ID,ID2,Site2,Maize,IDxMaize,2023-09-03 13:37:57.739,2023-09-03 13:38:23.632,00:00:25.893000,fly,Insecta,Diptera,Brachycera,#N/C,#N/C,#N/C,#N/C,#N/C,#N/C,8.4004979253112,5.45134854771784,1.7163070539419094
ID2_0963,ID,ID2,Site2,Maize,IDxMaize,2023-09-03 13:38:26.459,2023-09-03 13:39:18.543,00:00:52.084000,fly,Insecta,Diptera,Brachycera,#N/C,#N/C,#N/C,#N/C,#N/C,#N/C,8.4004979253112,5.45134854771784,1.7163070539419094
ID2_0964,ID,ID2,Site2,Maize,IDxMaize,2023-09-03 13:38:26.468,2023-09-03 13:40:29.828,00:02:03.360000,fly,Insecta,Diptera,Brachycera,#N/C,#N/C,#N/C,#N/C,#N/C,#N/C,8.4004979253112,5.45134854771784,1.7163070539419094
ID2_0965,ID,ID2,Site2,Maize,IDxMaize,2023-09-03 13:40:24.017,2023-09-03 13:40:39.744,00:00:15.727000,fly,Insecta,Diptera,Brachycera,#N/C,#N/C,#N/C,#N/C,#N/C,#N/C,8.4004979253112,5.45134854771784,1.7163070539419094
ID2_0966,ID,ID2,Site2,Maize,IDxMaize,2023-09-03 14:06:58.205,2023-09-03 14:07:48.198,00:00:49.993000,fly,Insecta,Diptera,Brachycera,#N/C,#N/C,#N/C,#N/C,#N/C,#N/C,8.4004979253112,5.45134854771784,1.7163070539419094
ID2_0967,ID,ID2,Site2,Maize,IDxMaize,2023-09-03 14:07:49.659,2023-09-03 14:07:59.595,00:00:09.936000,fly,Insecta,Diptera,Brachycera,#N/C,#N/C,#N/C,#N/C,#N/C,#N/C,8.4004979253112,5.45134854771784,1.7163070539419094
ID2_0968,ID,ID2,Site2,Maize,IDxMaize,2023-09-03 14:09:22.530,2023-09-03 14:09:25.409,00:00:02.879000,fly,Insecta,Diptera,Brachycera,#N/C,#N/C,#N/C,#N/C,#N/C,#N/C,8.4004979253112,5.45134854771784,1.7163070539419094
ID2_0969,ID,ID2,Site2,Maize,IDxMaize,2023-09-03 14:09:26.868,2023-09-03 14:09:52.505,00:00:25.637000,fly,Insecta,Diptera,Brachycera,#N/C,#N/C,#N/C,#N/C,#N/C,#N/C,8.4004979253112,5.45134854771784,1.7163070539419094
ID2_0970,ID,ID2,Site2,Maize,IDxMaize,2023-09-03 14:09:53.928,2023-09-03 14:10:52.999,00:00:59.071000,fly,Insecta,Diptera,Brachycera,#N/C,#N/C,#N/C,#N/C,#N/C,#N/C,8.4004979253112,5.45134854771784,1.7163070539419094
ID2_0971,ID,ID2,Site2,Maize,IDxMaize,2023-09-03 14:10:02.467,2023-09-03 14:10:38.620,00:00:36.153000,fly,Insecta,Diptera,Brachycera,#N/C,#N/C,#N/C,#N/C,#N/C,#N/C,8.4004979253112,5.45134854771784,1.7163070539419094
ID2_0972,ID,ID2,Site2,Maize,IDxMaize,2023-09-03 14:10:54.438,2023-09-03 14:11:03.001,00:00:08.563000,fly,Insecta,Diptera,Brachycera,#N/C,#N/C,#N/C,#N/C,#N/C,#N/C,8.4004979253112,5.45134854771784,1.7163070539419094
ID2_0973,ID,ID2,Site2,Maize,IDxMaize,2023-09-03 14:11:12.752,2023-09-03 14:11:34.148,00:00:21.396000,fly,Insecta,Diptera,Brachycera,#N/C,#N/C,#N/C,#N/C,#N/C,#N/C,8.4004979253112,5.45134854771784,1.7163070539419094
ID2_0975,ID,ID2,Site2,Maize,IDxMaize,2023-09-03 14:12:19.285,2023-09-03 14:12:27.864,00:00:08.579000,fly,Insecta,Diptera,Brachycera,#N/C,#N/C,#N/C,#N/C,#N/C,#N/C,8.4004979253112,5.45134854771784,1.7163070539419094
ID2_0976,ID,ID2,Site2,Maize,IDxMaize,2023-09-03 14:12:27.887,2023-09-03 14:12:36.400,00:00:08.513000,fly,Insecta,Diptera,Brachycera,#N/C,#N/C,#N/C,#N/C,#N/C,#N/C,8.4004979253112,5.45134854771784,1.7163070539419094
ID2_0977,ID,ID2,Site2,Maize,IDxMaize,2023-09-03 14:12:37.835,2023-09-03 14:12:43.588,00:00:05.753000,fly,Insecta,Diptera,Brachycera,#N/C,#N/C,#N/C,#N/C,#N/C,#N/C,8.4004979253112,5.45134854771784,1.7163070539419094
ID2_0978,ID,ID2,Site2,Maize,IDxMaize,2023-09-03 14:13:39.882,2023-09-03 14:14:09.845,00:00:29.963000,fly,Insecta,Diptera,Brachycera,#N/C,#N/C,#N/C,#N/C,#N/C,#N/C,8.4004979253112,5.45134854771784,1.7163070539419094
ID2_0979,ID,ID2,Site2,Maize,IDxMaize,2023-09-03 14:14:11.260,2023-09-03 14:14:35.423,00:00:24.163000,fly,Insecta,Diptera,Brachycera,#N/C,#N/C,#N/C,#N/C,#N/C,#N/C,8.4004979253112,5.45134854771784,1.7163070539419094
ID2_0980,ID,ID2,Site2,Maize,IDxMaize,2023-09-03 14:14:36.844,2023-09-03 14:16:13.548,00:01:36.704000,fly,Insecta,Diptera,Brachycera,#N/C,#N/C,#N/C,#N/C,#N/C,#N/C,8.4004979253112,5.45134854771784,1.7163070539419094
ID2_0981,ID,ID2,Site2,Maize,IDxMaize,2023-09-03 14:17:08.388,2023-09-03 14:17:29.759,00:00:21.371000,fly,Insecta,Diptera,Brachycera,#N/C,#N/C,#N/C,#N/C,#N/C,#N/C,8.4004979253112,5.45134854771784,1.7163070539419094
ID2_0982,ID,ID2,Site2,Maize,IDxMaize,2023-09-03 14:17:59.383,2023-09-03 14:18:06.413,00:00:07.030000,fly,Insecta,Diptera,Brachycera,#N/C,#N/C,#N/C,#N/C,#N/C,#N/C,8.4004979253112,5.45134854771784,1.7163070539419094
ID2_0983,ID,ID2,Site2,Maize,IDxMaize,2023-09-03 14:18:23.278,2023-09-03 14:18:27.632,00:00:04.354000,fly,Insecta,Diptera,Brachycera,#N/C,#N/C,#N/C,#N/C,#N/C,#N/C,8.4004979253112,5.45134854771784,1.7163070539419094
ID2_0984,ID,ID2,Site2,Maize,IDxMaize,2023-09-03 14:18:47.359,2023-09-03 14:19:27.376,00:00:40.017000,fly,Insecta,Diptera,Brachycera,#N/C,#N/C,#N/C,#N/C,#N/C,#N/C,8.4004979253112,5.45134854771784,1.7163070539419094
ID2_0985,ID,ID2,Site2,Maize,IDxMaize,2023-09-03 14:20:09.471,2023-09-03 14:21:28.388,00:01:18.917000,fly,Insecta,Diptera,Brachycera,#N/C,#N/C,#N/C,#N/C,#N/C,#N/C,8.4004979253112,5.45134854771784,1.7163070539419094
ID2_0986,ID,ID2,Site2,Maize,IDxMaize,2023-09-03 14:20:30.925,2023-09-03 14:21:09.826,00:00:38.901000,fly,Insecta,Diptera,Brachycera,#N/C,#N/C,#N/C,#N/C,#N/C,#N/C,8.4004979253112,5.45134854771784,1.7163070539419094
ID2_0987,ID,ID2,Site2,Maize,IDxMaize,2023-09-03 14:22:06.305,2023-09-03 14:22:23.418,00:00:17.113000,fly,Insecta,Diptera,Brachycera,#N/C,#N/C,#N/C,#N/C,#N/C,#N/C,8.4004979253112,5.45134854771784,1.7163070539419094
ID2_0988,ID,ID2,Site2,Maize,IDxMaize,2023-09-03 14:22:10.559,2023-09-03 14:22:29.219,00:00:18.660000,fly,Insecta,Diptera,Brachycera,#N/C,#N/C,#N/C,#N/C,#N/C,#N/C,8.4004979253112,5.45134854771784,1.7163070539419094
ID2_0989,ID,ID2,Site2,Maize,IDxMaize,2023-09-03 14:22:30.686,2023-09-03 14:23:21.209,00:00:50.523000,fly,Insecta,Diptera,Brachycera,#N/C,#N/C,#N/C,#N/C,#N/C,#N/C,8.4004979253112,5.45134854771784,1.7163070539419094
ID2_0990,ID,ID2,Site2,Maize,IDxMaize,2023-09-03 14:22:32.118,2023-09-03 14:24:42.510,00:02:10.392000,fly,Insecta,Diptera,Brachycera,#N/C,#N/C,#N/C,#N/C,#N/C,#N/C,8.4004979253112,5.45134854771784,1.7163070539419094
ID2_0991,ID,ID2,Site2,Maize,IDxMaize,2023-09-03 14:23:35.439,2023-09-03 14:23:41.198,00:00:05.759000,fly,Insecta,Diptera,Brachycera,#N/C,#N/C,#N/C,#N/C,#N/C,#N/C,8.4004979253112,5.45134854771784,1.7163070539419094
ID2_0992,ID,ID2,Site2,Maize,IDxMaize,2023-09-03 14:23:42.650,2023-09-03 14:23:48.405,00:00:05.755000,fly,Insecta,Diptera,Brachycera,#N/C,#N/C,#N/C,#N/C,#N/C,#N/C,8.4004979253112,5.45134854771784,1.7163070539419094
ID2_0993,ID,ID2,Site2,Maize,IDxMaize,2023-09-03 14:24:55.105,2023-09-03 14:29:57.820,00:05:02.715000,fly,Insecta,Diptera,Brachycera,#N/C,#N/C,#N/C,#N/C,#N/C,#N/C,8.4004979253112,5.45134854771784,1.7163070539419094
ID2_0994,ID,ID2,Site2,Maize,IDxMaize,2023-09-03 14:26:40.576,2023-09-03 14:27:05.319,00:00:24.743000,fly,Insecta,Diptera,Brachycera,#N/C,#N/C,#N/C,#N/C,#N/C,#N/C,8.4004979253112,5.45134854771784,1.7163070539419094
ID2_0995,ID,ID2,Site2,Maize,IDxMaize,2023-09-03 14:29:59.244,2023-09-03 14:30:59.679,00:01:00.435000,fly,Insecta,Diptera,Brachycera,#N/C,#N/C,#N/C,#N/C,#N/C,#N/C,8.4004979253112,5.45134854771784,1.7163070539419094
ID2_0996,ID,ID2,Site2,Maize,IDxMaize,2023-09-03 14:30:36.469,2023-09-03 14:30:59.709,00:00:23.240000,fly,Insecta,Diptera,Brachycera,#N/C,#N/C,#N/C,#N/C,#N/C,#N/C,8.4004979253112,5.45134854771784,1.7163070539419094
ID2_0997,ID,ID2,Site2,Maize,IDxMaize,2023-09-03 14:31:01.159,2023-09-03 14:31:41.393,00:00:40.234000,fly,Insecta,Diptera,Brachycera,#N/C,#N/C,#N/C,#N/C,#N/C,#N/C,8.4004979253112,5.45134854771784,1.7163070539419094
ID2_0998,ID,ID2,Site2,Maize,IDxMaize,2023-09-03 14:31:01.176,2023-09-03 14:31:22.782,00:00:21.606000,fly,Insecta,Diptera,Brachycera,#N/C,#N/C,#N/C,#N/C,#N/C,#N/C,8.4004979253112,5.45134854771784,1.7163070539419094
ID2_0999,ID,ID2,Site2,Maize,IDxMaize,2023-09-03 14:39:59.859,2023-09-03 14:40:41.197,00:00:41.338000,fly,Insecta,Diptera,Brachycera,#N/C,#N/C,#N/C,#N/C,#N/C,#N/C,8.4004979253112,5.45134854771784,1.7163070539419094
ID2_1000,ID,ID2,Site2,Maize,IDxMaize,2023-09-03 17:02:22.605,2023-09-03 17:02:26.872,00:00:04.267000,fly,Insecta,Diptera,Brachycera,#N/C,#N/C,#N/C,#N/C,#N/C,#N/C,8.4004979253112,5.45134854771784,1.7163070539419094
ID2_1001,ID,ID2,Site2,Maize,IDxMaize,2023-09-03 17:22:49.678,2023-09-03 17:22:52.528,00:00:02.850000,fly,Insecta,Diptera,Brachycera,#N/C,#N/C,#N/C,#N/C,#N/C,#N/C,8.4004979253112,5.45134854771784,1.7163070539419094
ID2_1002,ID,ID2,Site2,Maize,IDxMaize,2023-09-03 17:22:59.566,2023-09-03 17:23:15.137,00:00:15.571000,fly,Insecta,Diptera,Brachycera,#N/C,#N/C,#N/C,#N/C,#N/C,#N/C,8.4004979253112,5.45134854771784,1.7163070539419094
ID2_1006,ID,ID2,Site2,Maize,IDxMaize,2023-09-03 19:39:40.818,2023-09-03 19:39:53.585,00:00:12.767000,fly,Insecta,Diptera,Brachycera,#N/C,#N/C,#N/C,#N/C,#N/C,#N/C,8.4004979253112,5.45134854771784,1.7163070539419094
ID2_1007,ID,ID2,Site2,Maize,IDxMaize,2023-09-03 19:40:15.998,2023-09-03 19:40:41.596,00:00:25.598000,fly,Insecta,Diptera,Brachycera,#N/C,#N/C,#N/C,#N/C,#N/C,#N/C,8.4004979253112,5.45134854771784,1.7163070539419094
ID2_1010,ID,ID2,Site2,Maize,IDxMaize,2023-09-04 09:28:19.652,2023-09-04 09:28:35.367,00:00:15.715000,fly,Insecta,Diptera,Brachycera,#N/C,#N/C,#N/C,#N/C,#N/C,#N/C,8.4004979253112,5.45134854771784,1.7163070539419094
ID2_1012,ID,ID2,Site2,Maize,IDxMaize,2023-09-04 12:00:50.954,2023-09-04 12:01:07.958,00:00:17.004000,fly,Insecta,Diptera,Brachycera,#N/C,#N/C,#N/C,#N/C,#N/C,#N/C,8.4004979253112,5.45134854771784,1.7163070539419094
ID2_1013,ID,ID2,Site2,Maize,IDxMaize,2023-09-04 12:01:54.626,2023-09-04 12:02:27.465,00:00:32.839000,fly,Insecta,Diptera,Brachycera,#N/C,#N/C,#N/C,#N/C,#N/C,#N/C,8.4004979253112,5.45134854771784,1.7163070539419094
ID2_1014,ID,ID2,Site2,Maize,IDxMaize,2023-09-04 12:03:19.599,2023-09-04 12:03:39.714,00:00:20.115000,fly,Insecta,Diptera,Brachycera,#N/C,#N/C,#N/C,#N/C,#N/C,#N/C,8.4004979253112,5.45134854771784,1.7163070539419094
ID2_1015,ID,ID2,Site2,Maize,IDxMaize,2023-09-04 12:04:51.727,2023-09-04 12:05:01.720,00:00:09.993000,fly,Insecta,Diptera,Brachycera,#N/C,#N/C,#N/C,#N/C,#N/C,#N/C,8.4004979253112,5.45134854771784,1.7163070539419094
ID2_1016,ID,ID2,Site2,Maize,IDxMaize,2023-09-04 12:05:27.108,2023-09-04 12:06:23.044,00:00:55.936000,fly,Insecta,Diptera,Brachycera,#N/C,#N/C,#N/C,#N/C,#N/C,#N/C,8.4004979253112,5.45134854771784,1.7163070539419094
ID2_1017,ID,ID2,Site2,Maize,IDxMaize,2023-09-04 12:06:27.309,2023-09-04 12:06:35.892,00:00:08.583000,fly,Insecta,Diptera,Brachycera,#N/C,#N/C,#N/C,#N/C,#N/C,#N/C,8.4004979253112,5.45134854771784,1.7163070539419094
ID2_1018,ID,ID2,Site2,Maize,IDxMaize,2023-09-04 12:08:18.947,2023-09-04 12:08:30.485,00:00:11.538000,flesh_fly,Insecta,Diptera,Brachycera,Muscomorpha,Oestroidea,Sarcophagidae,#N/C,#N/C,#N/C,8.696344827586204,5.522551724137931,1.7546666666666675
ID2_1019,ID,ID2,Site2,Maize,IDxMaize,2023-09-04 13:10:58.852,2023-09-04 13:11:45.858,00:00:47.006000,flesh_fly,Insecta,Diptera,Brachycera,Muscomorpha,Oestroidea,Sarcophagidae,#N/C,#N/C,#N/C,8.696344827586204,5.522551724137931,1.7546666666666675
ID2_1023,ID,ID2,Site2,Maize,IDxMaize,2023-09-04 14:05:04.962,2023-09-04 14:05:10.677,00:00:05.715000,fly,Insecta,Diptera,Brachycera,#N/C,#N/C,#N/C,#N/C,#N/C,#N/C,8.4004979253112,5.45134854771784,1.7163070539419094
ID2_1024,ID,ID2,Site2,Maize,IDxMaize,2023-09-04 17:00:58.541,2023-09-04 17:01:05.732,00:00:07.191000,fly,Insecta,Diptera,Brachycera,#N/C,#N/C,#N/C,#N/C,#N/C,#N/C,8.4004979253112,5.45134854771784,1.7163070539419094
ID2_1025,ID,ID2,Site2,Maize,IDxMaize,2023-09-04 17:01:24.251,2023-09-04 17:02:00.377,00:00:36.126000,fly,Insecta,Diptera,Brachycera,#N/C,#N/C,#N/C,#N/C,#N/C,#N/C,8.4004979253112,5.45134854771784,1.7163070539419094
ID2_1026,ID,ID2,Site2,Maize,IDxMaize,2023-09-04 17:01:28.538,2023-09-04 17:01:35.853,00:00:07.315000,fly,Insecta,Diptera,Brachycera,#N/C,#N/C,#N/C,#N/C,#N/C,#N/C,8.4004979253112,5.45134854771784,1.7163070539419094
ID2_1032,ID,ID2,Site2,Maize,IDxMaize,2023-09-04 19:39:08.343,2023-09-04 19:39:15.518,00:00:07.175000,fly,Insecta,Diptera,Brachycera,#N/C,#N/C,#N/C,#N/C,#N/C,#N/C,8.4004979253112,5.45134854771784,1.7163070539419094
ID2_1033,ID,ID2,Site2,Maize,IDxMaize,2023-09-04 19:39:19.774,2023-09-04 19:39:25.451,00:00:05.677000,fly,Insecta,Diptera,Brachycera,#N/C,#N/C,#N/C,#N/C,#N/C,#N/C,8.4004979253112,5.45134854771784,1.7163070539419094
ID2_1034,ID,ID2,Site2,Maize,IDxMaize,2023-09-04 19:39:33.933,2023-09-04 19:40:42.354,00:01:08.421000,fly,Insecta,Diptera,Brachycera,#N/C,#N/C,#N/C,#N/C,#N/C,#N/C,8.4004979253112,5.45134854771784,1.7163070539419094
ID2_1035,ID,ID2,Site2,Maize,IDxMaize,2023-09-05 09:06:25.099,2023-09-05 09:06:38.037,00:00:12.938000,fly,Insecta,Diptera,Brachycera,#N/C,#N/C,#N/C,#N/C,#N/C,#N/C,8.4004979253112,5.45134854771784,1.7163070539419094
ID2_1036,ID,ID2,Site2,Maize,IDxMaize,2023-09-05 09:12:15.825,2023-09-05 09:12:34.395,00:00:18.570000,fly,Insecta,Diptera,Brachycera,#N/C,#N/C,#N/C,#N/C,#N/C,#N/C,8.4004979253112,5.45134854771784,1.7163070539419094
ID2_1038,ID,ID2,Site2,Maize,IDxMaize,2023-09-05 09:24:16.793,2023-09-05 09:24:22.481,00:00:05.688000,fly,Insecta,Diptera,Brachycera,#N/C,#N/C,#N/C,#N/C,#N/C,#N/C,8.4004979253112,5.45134854771784,1.7163070539419094
ID2_1039,ID,ID2,Site2,Maize,IDxMaize,2023-09-05 09:25:58.493,2023-09-05 09:26:05.589,00:00:07.096000,fly,Insecta,Diptera,Brachycera,#N/C,#N/C,#N/C,#N/C,#N/C,#N/C,8.4004979253112,5.45134854771784,1.7163070539419094
ID2_1042,ID,ID2,Site2,Maize,IDxMaize,2023-09-05 09:32:33.693,2023-09-05 09:32:39.484,00:00:05.791000,fly,Insecta,Diptera,Brachycera,#N/C,#N/C,#N/C,#N/C,#N/C,#N/C,8.4004979253112,5.45134854771784,1.7163070539419094
ID2_1043,ID,ID2,Site2,Maize,IDxMaize,2023-09-05 09:32:40.892,2023-09-05 09:33:03.804,00:00:22.912000,flesh_fly,Insecta,Diptera,Brachycera,Muscomorpha,Oestroidea,Sarcophagidae,#N/C,#N/C,#N/C,8.696344827586204,5.522551724137931,1.7546666666666675
ID2_1044,ID,ID2,Site2,Maize,IDxMaize,2023-09-05 09:38:04.313,2023-09-05 09:38:32.999,00:00:28.686000,flesh_fly,Insecta,Diptera,Brachycera,Muscomorpha,Oestroidea,Sarcophagidae,#N/C,#N/C,#N/C,8.696344827586204,5.522551724137931,1.7546666666666675
ID2_1046,ID,ID2,Site2,Maize,IDxMaize,2023-09-05 09:40:22.042,2023-09-05 09:40:39.364,00:00:17.322000,fly,Insecta,Diptera,Brachycera,#N/C,#N/C,#N/C,#N/C,#N/C,#N/C,8.4004979253112,5.45134854771784,1.7163070539419094
ID2_1047,ID,ID2,Site2,Maize,IDxMaize,2023-09-05 09:40:30.724,2023-09-05 09:40:40.831,00:00:10.107000,fly,Insecta,Diptera,Brachycera,#N/C,#N/C,#N/C,#N/C,#N/C,#N/C,8.4004979253112,5.45134854771784,1.7163070539419094
ID2_1048,ID,ID2,Site2,Maize,IDxMaize,2023-09-05 12:04:56.154,2023-09-05 12:06:31.899,00:01:35.745000,fly,Insecta,Diptera,Brachycera,#N/C,#N/C,#N/C,#N/C,#N/C,#N/C,8.4004979253112,5.45134854771784,1.7163070539419094
ID2_1049,ID,ID2,Site2,Maize,IDxMaize,2023-09-05 12:07:17.031,2023-09-05 12:07:45.670,00:00:28.639000,fly,Insecta,Diptera,Brachycera,#N/C,#N/C,#N/C,#N/C,#N/C,#N/C,8.4004979253112,5.45134854771784,1.7163070539419094
ID2_1050,ID,ID2,Site2,Maize,IDxMaize,2023-09-05 12:07:47.103,2023-09-05 12:08:37.197,00:00:50.094000,fly,Insecta,Diptera,Brachycera,#N/C,#N/C,#N/C,#N/C,#N/C,#N/C,8.4004979253112,5.45134854771784,1.7163070539419094
ID2_1051,ID,ID2,Site2,Maize,IDxMaize,2023-09-05 12:11:16.371,2023-09-05 12:13:33.502,00:02:17.131000,fly,Insecta,Diptera,Brachycera,#N/C,#N/C,#N/C,#N/C,#N/C,#N/C,8.4004979253112,5.45134854771784,1.7163070539419094
ID2_1052,ID,ID2,Site2,Maize,IDxMaize,2023-09-05 12:13:36.358,2023-09-05 12:14:03.334,00:00:26.976000,fly,Insecta,Diptera,Brachycera,#N/C,#N/C,#N/C,#N/C,#N/C,#N/C,8.4004979253112,5.45134854771784,1.7163070539419094
ID2_1053,ID,ID2,Site2,Maize,IDxMaize,2023-09-05 12:14:04.735,2023-09-05 12:14:09.069,00:00:04.334000,fly,Insecta,Diptera,Brachycera,#N/C,#N/C,#N/C,#N/C,#N/C,#N/C,8.4004979253112,5.45134854771784,1.7163070539419094
ID2_1054,ID,ID2,Site2,Maize,IDxMaize,2023-09-05 12:14:10.522,2023-09-05 12:14:40.393,00:00:29.871000,fly,Insecta,Diptera,Brachycera,#N/C,#N/C,#N/C,#N/C,#N/C,#N/C,8.4004979253112,5.45134854771784,1.7163070539419094
ID2_1055,ID,ID2,Site2,Maize,IDxMaize,2023-09-05 12:18:50.777,2023-09-05 12:23:15.659,00:04:24.882000,fly,Insecta,Diptera,Brachycera,#N/C,#N/C,#N/C,#N/C,#N/C,#N/C,8.4004979253112,5.45134854771784,1.7163070539419094
ID2_1056,ID,ID2,Site2,Maize,IDxMaize,2023-09-05 12:25:02.377,2023-09-05 12:27:13.804,00:02:11.427000,fly,Insecta,Diptera,Brachycera,#N/C,#N/C,#N/C,#N/C,#N/C,#N/C,8.4004979253112,5.45134854771784,1.7163070539419094
ID2_1057,ID,ID2,Site2,Maize,IDxMaize,2023-09-05 12:27:37.563,2023-09-05 12:27:46.131,00:00:08.568000,fly,Insecta,Diptera,Brachycera,#N/C,#N/C,#N/C,#N/C,#N/C,#N/C,8.4004979253112,5.45134854771784,1.7163070539419094
ID2_1058,ID,ID2,Site2,Maize,IDxMaize,2023-09-05 12:27:48.965,2023-09-05 12:28:20.295,00:00:31.330000,fly,Insecta,Diptera,Brachycera,#N/C,#N/C,#N/C,#N/C,#N/C,#N/C,8.4004979253112,5.45134854771784,1.7163070539419094
ID2_1059,ID,ID2,Site2,Maize,IDxMaize,2023-09-05 13:00:47.189,2023-09-05 13:01:02.940,00:00:15.751000,fly,Insecta,Diptera,Brachycera,#N/C,#N/C,#N/C,#N/C,#N/C,#N/C,8.4004979253112,5.45134854771784,1.7163070539419094
ID2_1060,ID,ID2,Site2,Maize,IDxMaize,2023-09-05 13:10:36.539,2023-09-05 13:10:46.441,00:00:09.902000,fly,Insecta,Diptera,Brachycera,#N/C,#N/C,#N/C,#N/C,#N/C,#N/C,8.4004979253112,5.45134854771784,1.7163070539419094
ID2_1061,ID,ID2,Site2,Maize,IDxMaize,2023-09-05 13:17:57.582,2023-09-05 13:18:14.655,00:00:17.073000,fly,Insecta,Diptera,Brachycera,#N/C,#N/C,#N/C,#N/C,#N/C,#N/C,8.4004979253112,5.45134854771784,1.7163070539419094
ID2_1062,ID,ID2,Site2,Maize,IDxMaize,2023-09-05 13:18:17.506,2023-09-05 13:18:23.258,00:00:05.752000,fly,Insecta,Diptera,Brachycera,#N/C,#N/C,#N/C,#N/C,#N/C,#N/C,8.4004979253112,5.45134854771784,1.7163070539419094
ID2_1066,ID,ID2,Site2,Maize,IDxMaize,2023-09-05 14:10:23.314,2023-09-05 14:10:53.066,00:00:29.752000,flesh_fly,Insecta,Diptera,Brachycera,Muscomorpha,Oestroidea,Sarcophagidae,#N/C,#N/C,#N/C,8.696344827586204,5.522551724137931,1.7546666666666675
ID2_1067,ID,ID2,Site2,Maize,IDxMaize,2023-09-05 14:38:35.461,2023-09-05 14:38:42.660,00:00:07.199000,fly,Insecta,Diptera,Brachycera,#N/C,#N/C,#N/C,#N/C,#N/C,#N/C,8.4004979253112,5.45134854771784,1.7163070539419094
ID2_1068,ID,ID2,Site2,Maize,IDxMaize,2023-09-05 17:04:18.115,2023-09-05 17:04:29.594,00:00:11.479000,fly,Insecta,Diptera,Brachycera,#N/C,#N/C,#N/C,#N/C,#N/C,#N/C,8.4004979253112,5.45134854771784,1.7163070539419094
ID2_1069,ID,ID2,Site2,Maize,IDxMaize,2023-09-05 17:30:11.993,2023-09-05 17:30:26.263,00:00:14.270000,fly,Insecta,Diptera,Brachycera,#N/C,#N/C,#N/C,#N/C,#N/C,#N/C,8.4004979253112,5.45134854771784,1.7163070539419094
ID2_1070,ID,ID2,Site2,Maize,IDxMaize,2023-09-05 17:32:05.753,2023-09-05 17:32:57.007,00:00:51.254000,fly,Insecta,Diptera,Brachycera,#N/C,#N/C,#N/C,#N/C,#N/C,#N/C,8.4004979253112,5.45134854771784,1.7163070539419094
ID2_1076,ID,ID2,Site2,Maize,IDxMaize,2023-09-05 19:13:20.106,2023-09-05 19:14:10.101,00:00:49.995000,fly,Insecta,Diptera,Brachycera,#N/C,#N/C,#N/C,#N/C,#N/C,#N/C,8.4004979253112,5.45134854771784,1.7163070539419094
ID2_1077,ID,ID2,Site2,Maize,IDxMaize,2023-09-05 19:14:11.524,2023-09-05 19:14:18.686,00:00:07.162000,fly,Insecta,Diptera,Brachycera,#N/C,#N/C,#N/C,#N/C,#N/C,#N/C,8.4004979253112,5.45134854771784,1.7163070539419094
ID2_1078,ID,ID2,Site2,Maize,IDxMaize,2023-09-05 19:14:25.756,2023-09-05 19:16:11.191,00:01:45.435000,fly,Insecta,Diptera,Brachycera,#N/C,#N/C,#N/C,#N/C,#N/C,#N/C,8.4004979253112,5.45134854771784,1.7163070539419094
ID2_1079,ID,ID2,Site2,Maize,IDxMaize,2023-09-05 19:16:12.603,2023-09-05 19:16:45.354,00:00:32.751000,fly,Insecta,Diptera,Brachycera,#N/C,#N/C,#N/C,#N/C,#N/C,#N/C,8.4004979253112,5.45134854771784,1.7163070539419094
ID2_1080,ID,ID2,Site2,Maize,IDxMaize,2023-09-05 19:17:27.651,2023-09-05 19:17:30.463,00:00:02.812000,fly,Insecta,Diptera,Brachycera,#N/C,#N/C,#N/C,#N/C,#N/C,#N/C,8.4004979253112,5.45134854771784,1.7163070539419094
ID2_1082,ID,ID2,Site2,Maize,IDxMaize,2023-09-05 19:18:07.477,2023-09-05 19:18:34.465,00:00:26.988000,fly,Insecta,Diptera,Brachycera,#N/C,#N/C,#N/C,#N/C,#N/C,#N/C,8.4004979253112,5.45134854771784,1.7163070539419094
ID2_1083,ID,ID2,Site2,Maize,IDxMaize,2023-09-05 19:18:35.871,2023-09-05 19:18:45.763,00:00:09.892000,fly,Insecta,Diptera,Brachycera,#N/C,#N/C,#N/C,#N/C,#N/C,#N/C,8.4004979253112,5.45134854771784,1.7163070539419094
ID2_1084,ID,ID2,Site2,Maize,IDxMaize,2023-09-05 19:19:56.063,2023-09-05 19:20:28.743,00:00:32.680000,fly,Insecta,Diptera,Brachycera,#N/C,#N/C,#N/C,#N/C,#N/C,#N/C,8.4004979253112,5.45134854771784,1.7163070539419094
ID2_1088,ID,ID2,Site2,Maize,IDxMaize,2023-09-06 13:16:40.991,2023-09-06 13:16:43.865,00:00:02.874000,fly,Insecta,Diptera,Brachycera,#N/C,#N/C,#N/C,#N/C,#N/C,#N/C,8.4004979253112,5.45134854771784,1.7163070539419094
ID2_1089,ID,ID2,Site2,Maize,IDxMaize,2023-09-06 17:04:58.247,2023-09-06 17:05:06.992,00:00:08.745000,fly,Insecta,Diptera,Brachycera,#N/C,#N/C,#N/C,#N/C,#N/C,#N/C,8.4004979253112,5.45134854771784,1.7163070539419094
ID2_1090,ID,ID2,Site2,Maize,IDxMaize,2023-09-06 17:04:59.724,2023-09-06 17:06:00.266,00:01:00.542000,fly,Insecta,Diptera,Brachycera,#N/C,#N/C,#N/C,#N/C,#N/C,#N/C,8.4004979253112,5.45134854771784,1.7163070539419094
ID2_1091,ID,ID2,Site2,Maize,IDxMaize,2023-09-06 17:06:05.989,2023-09-06 17:06:34.715,00:00:28.726000,flesh_fly,Insecta,Diptera,Brachycera,Muscomorpha,Oestroidea,Sarcophagidae,#N/C,#N/C,#N/C,8.696344827586204,5.522551724137931,1.7546666666666675
ID2_1092,ID,ID2,Site2,Maize,IDxMaize,2023-09-06 17:11:13.894,2023-09-06 17:11:22.494,00:00:08.600000,fly,Insecta,Diptera,Brachycera,#N/C,#N/C,#N/C,#N/C,#N/C,#N/C,8.4004979253112,5.45134854771784,1.7163070539419094
ID2_1093,ID,ID2,Site2,Maize,IDxMaize,2023-09-06 17:21:44.161,2023-09-06 17:31:23.823,00:09:39.662000,fly,Insecta,Diptera,Brachycera,#N/C,#N/C,#N/C,#N/C,#N/C,#N/C,8.4004979253112,5.45134854771784,1.7163070539419094
ID2_1096,ID,ID2,Site2,Maize,IDxMaize,2023-09-06 19:04:19.589,2023-09-06 19:04:23.814,00:00:04.225000,fly,Insecta,Diptera,Brachycera,#N/C,#N/C,#N/C,#N/C,#N/C,#N/C,8.4004979253112,5.45134854771784,1.7163070539419094
ID2_1097,ID,ID2,Site2,Maize,IDxMaize,2023-09-06 19:20:01.605,2023-09-06 19:20:27.298,00:00:25.693000,fly,Insecta,Diptera,Brachycera,#N/C,#N/C,#N/C,#N/C,#N/C,#N/C,8.4004979253112,5.45134854771784,1.7163070539419094
ID2_1098,ID,ID2,Site2,Maize,IDxMaize,2023-09-06 19:20:30.073,2023-09-06 19:20:45.563,00:00:15.490000,hoverfly,Insecta,Diptera,Brachycera,Muscomorpha,Syrphoidea,Syrphidae,Syrphinae,Episyrphus,balteatus,12.29572580645161,7.508467741935483,2.1483064516129025
ID2_1099,ID,ID2,Site2,Maize,IDxMaize,2023-09-06 19:27:26.683,2023-09-06 19:27:32.380,00:00:05.697000,hoverfly,Insecta,Diptera,Brachycera,Muscomorpha,Syrphoidea,Syrphidae,Syrphinae,Episyrphus,balteatus,12.29572580645161,7.508467741935483,2.1483064516129025
ID2_1100,ID,ID2,Site2,Maize,IDxMaize,2023-09-07 09:03:59.437,2023-09-07 09:04:20.998,00:00:21.561000,hoverfly,Insecta,Diptera,Brachycera,Muscomorpha,Syrphoidea,Syrphidae,Syrphinae,Episyrphus,balteatus,12.29572580645161,7.508467741935483,2.1483064516129025
ID2_1101,ID,ID2,Site2,Maize,IDxMaize,2023-09-07 09:33:09.497,2023-09-07 09:33:15.194,00:00:05.697000,hoverfly,Insecta,Diptera,Brachycera,Muscomorpha,Syrphoidea,Syrphidae,Syrphinae,Episyrphus,balteatus,12.29572580645161,7.508467741935483,2.1483064516129025
ID2_1102,ID,ID2,Site2,Maize,IDxMaize,2023-09-07 09:35:16.243,2023-09-07 09:35:27.703,00:00:11.460000,fly,Insecta,Diptera,Brachycera,#N/C,#N/C,#N/C,#N/C,#N/C,#N/C,8.4004979253112,5.45134854771784,1.7163070539419094
ID2_1103,ID,ID2,Site2,Maize,IDxMaize,2023-09-07 12:28:24.019,2023-09-07 12:28:29.734,00:00:05.715000,flesh_fly,Insecta,Diptera,Brachycera,Muscomorpha,Oestroidea,Sarcophagidae,#N/C,#N/C,#N/C,8.696344827586204,5.522551724137931,1.7546666666666675
ID2_1104,ID,ID2,Site2,Maize,IDxMaize,2023-09-07 12:31:04.342,2023-09-07 12:31:30.100,00:00:25.758000,flesh_fly,Insecta,Diptera,Brachycera,Muscomorpha,Oestroidea,Sarcophagidae,#N/C,#N/C,#N/C,8.696344827586204,5.522551724137931,1.7546666666666675
ID2_1105,ID,ID2,Site2,Maize,IDxMaize,2023-09-07 12:35:06.881,2023-09-07 12:35:35.807,00:00:28.926000,flesh_fly,Insecta,Diptera,Brachycera,Muscomorpha,Oestroidea,Sarcophagidae,#N/C,#N/C,#N/C,8.696344827586204,5.522551724137931,1.7546666666666675
ID2_1106,ID,ID2,Site2,Maize,IDxMaize,2023-09-07 12:36:39.245,2023-09-07 12:37:16.385,00:00:37.140000,flesh_fly,Insecta,Diptera,Brachycera,Muscomorpha,Oestroidea,Sarcophagidae,#N/C,#N/C,#N/C,8.696344827586204,5.522551724137931,1.7546666666666675
ID2_1107,ID,ID2,Site2,Maize,IDxMaize,2023-09-07 13:36:29.013,2023-09-07 13:36:53.359,00:00:24.346000,fly,Insecta,Diptera,Brachycera,#N/C,#N/C,#N/C,#N/C,#N/C,#N/C,8.4004979253112,5.45134854771784,1.7163070539419094
ID2_1108,ID,ID2,Site2,Maize,IDxMaize,2023-09-07 14:07:00.679,2023-09-07 14:07:04.948,00:00:04.269000,fly,Insecta,Diptera,Brachycera,#N/C,#N/C,#N/C,#N/C,#N/C,#N/C,8.4004979253112,5.45134854771784,1.7163070539419094
ID2_1110,ID,ID2,Site2,Maize,IDxMaize,2023-09-07 14:15:43.893,2023-09-07 14:15:56.675,00:00:12.782000,fly,Insecta,Diptera,Brachycera,#N/C,#N/C,#N/C,#N/C,#N/C,#N/C,8.4004979253112,5.45134854771784,1.7163070539419094
ID2_1123,ID,ID2,Site2,Maize,IDxMaize,2023-09-07 17:36:19.810,2023-09-07 17:36:22.713,00:00:02.903000,fly,Insecta,Diptera,Brachycera,#N/C,#N/C,#N/C,#N/C,#N/C,#N/C,8.4004979253112,5.45134854771784,1.7163070539419094
ID2_1125,ID,ID2,Site2,Maize,IDxMaize,2023-09-07 19:26:15.471,2023-09-07 19:26:21.069,00:00:05.598000,fly,Insecta,Diptera,Brachycera,#N/C,#N/C,#N/C,#N/C,#N/C,#N/C,8.4004979253112,5.45134854771784,1.7163070539419094
ID2_1126,ID,ID2,Site2,Maize,IDxMaize,2023-09-07 19:26:39.312,2023-09-07 19:26:46.450,00:00:07.138000,fly,Insecta,Diptera,Brachycera,#N/C,#N/C,#N/C,#N/C,#N/C,#N/C,8.4004979253112,5.45134854771784,1.7163070539419094
ID2_1127,ID,ID2,Site2,Maize,IDxMaize,2023-09-07 19:26:49.307,2023-09-07 19:27:18.042,00:00:28.735000,fly,Insecta,Diptera,Brachycera,#N/C,#N/C,#N/C,#N/C,#N/C,#N/C,8.4004979253112,5.45134854771784,1.7163070539419094
ID2_1128,ID,ID2,Site2,Maize,IDxMaize,2023-09-07 19:28:28.172,2023-09-07 19:29:26.500,00:00:58.328000,fly,Insecta,Diptera,Brachycera,#N/C,#N/C,#N/C,#N/C,#N/C,#N/C,8.4004979253112,5.45134854771784,1.7163070539419094
ID2_1129,ID,ID2,Site2,Maize,IDxMaize,2023-09-07 19:37:22.497,2023-09-07 19:37:30.968,00:00:08.471000,fly,Insecta,Diptera,Brachycera,#N/C,#N/C,#N/C,#N/C,#N/C,#N/C,8.4004979253112,5.45134854771784,1.7163070539419094
ID2_1130,ID,ID2,Site2,Maize,IDxMaize,2023-09-07 19:39:38.891,2023-09-07 19:39:48.769,00:00:09.878000,hoverfly,Insecta,Diptera,Brachycera,Muscomorpha,Syrphoidea,Syrphidae,Syrphinae,Episyrphus,balteatus,12.29572580645161,7.508467741935483,2.1483064516129025
ID2_1131,ID,ID2,Site2,Maize,IDxMaize,2023-09-07 19:39:58.622,2023-09-07 19:40:02.885,00:00:04.263000,hoverfly,Insecta,Diptera,Brachycera,Muscomorpha,Syrphoidea,Syrphidae,Syrphinae,Episyrphus,balteatus,12.29572580645161,7.508467741935483,2.1483064516129025
ID2_1132,ID,ID2,Site2,Maize,IDxMaize,2023-09-08 09:22:13.841,2023-09-08 09:22:18.170,00:00:04.329000,hoverfly,Insecta,Diptera,Brachycera,Muscomorpha,Syrphoidea,Syrphidae,Syrphinae,Episyrphus,balteatus,12.29572580645161,7.508467741935483,2.1483064516129025
ID2_1133,ID,ID2,Site2,Maize,IDxMaize,2023-09-08 09:22:20.972,2023-09-08 09:22:43.897,00:00:22.925000,hoverfly,Insecta,Diptera,Brachycera,Muscomorpha,Syrphoidea,Syrphidae,Syrphinae,Episyrphus,balteatus,12.29572580645161,7.508467741935483,2.1483064516129025
ID2_1134,ID,ID2,Site2,Maize,IDxMaize,2023-09-08 09:23:55.751,2023-09-08 09:25:43.176,00:01:47.425000,hoverfly,Insecta,Diptera,Brachycera,Muscomorpha,Syrphoidea,Syrphidae,Syrphinae,Episyrphus,balteatus,12.29572580645161,7.508467741935483,2.1483064516129025
ID2_1138,ID,ID2,Site2,Maize,IDxMaize,2023-09-08 13:26:41.089,2023-09-08 13:26:43.915,00:00:02.826000,flesh_fly,Insecta,Diptera,Brachycera,Muscomorpha,Oestroidea,Sarcophagidae,#N/C,#N/C,#N/C,8.696344827586204,5.522551724137931,1.7546666666666675
ID2_1140,ID,ID2,Site2,Maize,IDxMaize,2023-09-08 17:01:18.643,2023-09-08 17:01:56.343,00:00:37.700000,flesh_fly,Insecta,Diptera,Brachycera,Muscomorpha,Oestroidea,Sarcophagidae,#N/C,#N/C,#N/C,8.696344827586204,5.522551724137931,1.7546666666666675
ID2_1141,ID,ID2,Site2,Maize,IDxMaize,2023-09-08 17:05:45.099,2023-09-08 17:05:47.975,00:00:02.876000,wasp,Insecta,Hymenoptera,Apocrita,Aculeata,Vespoidea,Vespidae,#N/C,#N/C,#N/C,71.46,13.613333333333335,4.026666666666666
ID2_1142,ID,ID2,Site2,Maize,IDxMaize,2023-09-08 17:14:17.229,2023-09-08 17:14:20.104,00:00:02.875000,fly,Insecta,Diptera,Brachycera,#N/C,#N/C,#N/C,#N/C,#N/C,#N/C,8.4004979253112,5.45134854771784,1.7163070539419094
ID2_1143,ID,ID2,Site2,Maize,IDxMaize,2023-09-08 17:16:35.451,2023-09-08 17:16:41.242,00:00:05.791000,fly,Insecta,Diptera,Brachycera,#N/C,#N/C,#N/C,#N/C,#N/C,#N/C,8.4004979253112,5.45134854771784,1.7163070539419094
ID2_1147,ID,ID2,Site2,Maize,IDxMaize,2023-09-08 17:19:26.309,2023-09-08 17:19:30.550,00:00:04.241000,fly,Insecta,Diptera,Brachycera,#N/C,#N/C,#N/C,#N/C,#N/C,#N/C,8.4004979253112,5.45134854771784,1.7163070539419094
ID2_1148,ID,ID2,Site2,Maize,IDxMaize,2023-09-08 17:20:24.062,2023-09-08 17:20:48.309,00:00:24.247000,fly,Insecta,Diptera,Brachycera,#N/C,#N/C,#N/C,#N/C,#N/C,#N/C,8.4004979253112,5.45134854771784,1.7163070539419094
ID2_1149,ID,ID2,Site2,Maize,IDxMaize,2023-09-08 17:21:08.035,2023-09-08 17:21:49.574,00:00:41.539000,fly,Insecta,Diptera,Brachycera,#N/C,#N/C,#N/C,#N/C,#N/C,#N/C,8.4004979253112,5.45134854771784,1.7163070539419094
ID2_1150,ID,ID2,Site2,Maize,IDxMaize,2023-09-08 17:21:53.887,2023-09-08 17:22:02.493,00:00:08.606000,fly,Insecta,Diptera,Brachycera,#N/C,#N/C,#N/C,#N/C,#N/C,#N/C,8.4004979253112,5.45134854771784,1.7163070539419094
ID2_1151,ID,ID2,Site2,Maize,IDxMaize,2023-09-08 17:22:47.765,2023-09-08 17:24:44.800,00:01:57.035000,fly,Insecta,Diptera,Brachycera,#N/C,#N/C,#N/C,#N/C,#N/C,#N/C,8.4004979253112,5.45134854771784,1.7163070539419094
ID2_1152,ID,ID2,Site2,Maize,IDxMaize,2023-09-08 17:30:45.370,2023-09-08 17:31:19.680,00:00:34.310000,fly,Insecta,Diptera,Brachycera,#N/C,#N/C,#N/C,#N/C,#N/C,#N/C,8.4004979253112,5.45134854771784,1.7163070539419094
ID2_1153,ID,ID2,Site2,Maize,IDxMaize,2023-09-08 17:31:30.994,2023-09-08 17:31:38.145,00:00:07.151000,fly,Insecta,Diptera,Brachycera,#N/C,#N/C,#N/C,#N/C,#N/C,#N/C,8.4004979253112,5.45134854771784,1.7163070539419094
ID2_1154,ID,ID2,Site2,Maize,IDxMaize,2023-09-08 17:33:53.593,2023-09-08 17:34:00.736,00:00:07.143000,fly,Insecta,Diptera,Brachycera,#N/C,#N/C,#N/C,#N/C,#N/C,#N/C,8.4004979253112,5.45134854771784,1.7163070539419094
ID2_1155,ID,ID2,Site2,Maize,IDxMaize,2023-09-08 17:34:03.585,2023-09-08 17:34:06.439,00:00:02.854000,fly,Insecta,Diptera,Brachycera,#N/C,#N/C,#N/C,#N/C,#N/C,#N/C,8.4004979253112,5.45134854771784,1.7163070539419094
ID2_1156,ID,ID2,Site2,Maize,IDxMaize,2023-09-08 17:34:09.243,2023-09-08 17:34:32.183,00:00:22.940000,fly,Insecta,Diptera,Brachycera,#N/C,#N/C,#N/C,#N/C,#N/C,#N/C,8.4004979253112,5.45134854771784,1.7163070539419094
ID2_1157,ID,ID2,Site2,Maize,IDxMaize,2023-09-08 17:36:26.151,2023-09-08 17:36:40.341,00:00:14.190000,fly,Insecta,Diptera,Brachycera,#N/C,#N/C,#N/C,#N/C,#N/C,#N/C,8.4004979253112,5.45134854771784,1.7163070539419094
ID2_1159,ID,ID2,Site2,Maize,IDxMaize,2023-09-08 18:38:52.995,2023-09-08 18:40:14.206,00:01:21.211000,hoverfly,Insecta,Diptera,Brachycera,Muscomorpha,Syrphoidea,Syrphidae,Syrphinae,Episyrphus,balteatus,12.29572580645161,7.508467741935483,2.1483064516129025
ID2_1161,ID,ID2,Site2,Maize,IDxMaize,2023-09-08 19:03:24.329,2023-09-08 19:03:32.851,00:00:08.522000,fly,Insecta,Diptera,Brachycera,#N/C,#N/C,#N/C,#N/C,#N/C,#N/C,8.4004979253112,5.45134854771784,1.7163070539419094
ID2_1162,ID,ID2,Site2,Maize,IDxMaize,2023-09-08 19:15:40.591,2023-09-08 19:16:00.642,00:00:20.051000,fly,Insecta,Diptera,Brachycera,#N/C,#N/C,#N/C,#N/C,#N/C,#N/C,8.4004979253112,5.45134854771784,1.7163070539419094
ID2_1163,ID,ID2,Site2,Maize,IDxMaize,2023-09-08 19:34:42.545,2023-09-08 19:34:48.218,00:00:05.673000,fly,Insecta,Diptera,Brachycera,#N/C,#N/C,#N/C,#N/C,#N/C,#N/C,8.4004979253112,5.45134854771784,1.7163070539419094
ID2_1164,ID,ID2,Site2,Maize,IDxMaize,2023-09-08 19:34:49.614,2023-09-08 19:34:56.726,00:00:07.112000,fly,Insecta,Diptera,Brachycera,#N/C,#N/C,#N/C,#N/C,#N/C,#N/C,8.4004979253112,5.45134854771784,1.7163070539419094
ID2_1165,ID,ID2,Site2,Maize,IDxMaize,2023-09-08 19:35:10.745,2023-09-08 19:35:35.072,00:00:24.327000,fly,Insecta,Diptera,Brachycera,#N/C,#N/C,#N/C,#N/C,#N/C,#N/C,8.4004979253112,5.45134854771784,1.7163070539419094
ID2_1166,ID,ID2,Site2,Maize,IDxMaize,2023-09-08 19:35:39.301,2023-09-08 19:35:42.134,00:00:02.833000,fly,Insecta,Diptera,Brachycera,#N/C,#N/C,#N/C,#N/C,#N/C,#N/C,8.4004979253112,5.45134854771784,1.7163070539419094
ID2_1167,ID,ID2,Site2,Maize,IDxMaize,2023-09-09 12:12:52.134,2023-09-09 12:13:43.376,00:00:51.242000,fly,Insecta,Diptera,Brachycera,#N/C,#N/C,#N/C,#N/C,#N/C,#N/C,8.4004979253112,5.45134854771784,1.7163070539419094
ID2_1168,ID,ID2,Site2,Maize,IDxMaize,2023-09-09 12:14:33.955,2023-09-09 12:16:20.665,00:01:46.710000,fly,Insecta,Diptera,Brachycera,#N/C,#N/C,#N/C,#N/C,#N/C,#N/C,8.4004979253112,5.45134854771784,1.7163070539419094
ID2_1171,ID,ID2,Site2,Maize,IDxMaize,2023-09-09 17:02:23.876,2023-09-09 17:02:43.623,00:00:19.747000,fly,Insecta,Diptera,Brachycera,#N/C,#N/C,#N/C,#N/C,#N/C,#N/C,8.4004979253112,5.45134854771784,1.7163070539419094
ID2_1176,ID,ID2,Site2,Maize,IDxMaize,2023-09-09 18:20:17.914,2023-09-09 18:20:20.771,00:00:02.857000,fly,Insecta,Diptera,Brachycera,#N/C,#N/C,#N/C,#N/C,#N/C,#N/C,8.4004979253112,5.45134854771784,1.7163070539419094
ID2_1178,ID,ID2,Site2,Maize,IDxMaize,2023-09-09 18:20:32.060,2023-09-09 18:20:44.771,00:00:12.711000,fly,Insecta,Diptera,Brachycera,#N/C,#N/C,#N/C,#N/C,#N/C,#N/C,8.4004979253112,5.45134854771784,1.7163070539419094
ID2_1179,ID,ID2,Site2,Maize,IDxMaize,2023-09-09 18:20:46.191,2023-09-09 18:20:56.135,00:00:09.944000,fly,Insecta,Diptera,Brachycera,#N/C,#N/C,#N/C,#N/C,#N/C,#N/C,8.4004979253112,5.45134854771784,1.7163070539419094
ID2_1186,ID,ID2,Site2,Maize,IDxMaize,2023-09-09 19:04:12.070,2023-09-09 19:04:16.364,00:00:04.294000,fly,Insecta,Diptera,Brachycera,#N/C,#N/C,#N/C,#N/C,#N/C,#N/C,8.4004979253112,5.45134854771784,1.7163070539419094
ID2_1187,ID,ID2,Site2,Maize,IDxMaize,2023-09-09 19:04:19.207,2023-09-09 19:04:24.969,00:00:05.762000,fly,Insecta,Diptera,Brachycera,#N/C,#N/C,#N/C,#N/C,#N/C,#N/C,8.4004979253112,5.45134854771784,1.7163070539419094
ID2_1188,ID,ID2,Site2,Maize,IDxMaize,2023-09-09 19:19:10.660,2023-09-09 19:19:16.342,00:00:05.682000,fly,Insecta,Diptera,Brachycera,#N/C,#N/C,#N/C,#N/C,#N/C,#N/C,8.4004979253112,5.45134854771784,1.7163070539419094
ID2_1192,ID,ID2,Site2,Maize,IDxMaize,2023-09-09 19:20:25.586,2023-09-09 19:20:32.845,00:00:07.259000,fly,Insecta,Diptera,Brachycera,#N/C,#N/C,#N/C,#N/C,#N/C,#N/C,8.4004979253112,5.45134854771784,1.7163070539419094
ID2_1193,ID,ID2,Site2,Maize,IDxMaize,2023-09-09 19:20:37.137,2023-09-09 19:20:41.354,00:00:04.217000,fly,Insecta,Diptera,Brachycera,#N/C,#N/C,#N/C,#N/C,#N/C,#N/C,8.4004979253112,5.45134854771784,1.7163070539419094
ID2_1195,ID,ID2,Site2,Maize,IDxMaize,2023-09-09 19:21:01.279,2023-09-09 19:21:04.150,00:00:02.871000,fly,Insecta,Diptera,Brachycera,#N/C,#N/C,#N/C,#N/C,#N/C,#N/C,8.4004979253112,5.45134854771784,1.7163070539419094
ID2_1197,ID,ID2,Site2,Maize,IDxMaize,2023-09-09 19:21:14.139,2023-09-09 19:22:06.106,00:00:51.967000,fly,Insecta,Diptera,Brachycera,#N/C,#N/C,#N/C,#N/C,#N/C,#N/C,8.4004979253112,5.45134854771784,1.7163070539419094
ID2_1198,ID,ID2,Site2,Maize,IDxMaize,2023-09-09 19:21:14.170,2023-09-09 19:21:24.201,00:00:10.031000,fly,Insecta,Diptera,Brachycera,#N/C,#N/C,#N/C,#N/C,#N/C,#N/C,8.4004979253112,5.45134854771784,1.7163070539419094
ID2_1199,ID,ID2,Site2,Maize,IDxMaize,2023-09-09 19:21:25.641,2023-09-09 19:21:58.884,00:00:33.243000,fly,Insecta,Diptera,Brachycera,#N/C,#N/C,#N/C,#N/C,#N/C,#N/C,8.4004979253112,5.45134854771784,1.7163070539419094
ID2_1200,ID,ID2,Site2,Maize,IDxMaize,2023-09-09 19:22:03.257,2023-09-09 19:22:27.723,00:00:24.466000,fly,Insecta,Diptera,Brachycera,#N/C,#N/C,#N/C,#N/C,#N/C,#N/C,8.4004979253112,5.45134854771784,1.7163070539419094
ID2_1201,ID,ID2,Site2,Maize,IDxMaize,2023-09-09 19:22:26.307,2023-09-09 19:23:12.044,00:00:45.737000,fly,Insecta,Diptera,Brachycera,#N/C,#N/C,#N/C,#N/C,#N/C,#N/C,8.4004979253112,5.45134854771784,1.7163070539419094
ID2_1202,ID,ID2,Site2,Maize,IDxMaize,2023-09-09 19:22:29.185,2023-09-09 19:22:35.000,00:00:05.815000,fly,Insecta,Diptera,Brachycera,#N/C,#N/C,#N/C,#N/C,#N/C,#N/C,8.4004979253112,5.45134854771784,1.7163070539419094
ID2_1203,ID,ID2,Site2,Maize,IDxMaize,2023-09-09 19:23:17.664,2023-09-09 19:23:34.715,00:00:17.051000,fly,Insecta,Diptera,Brachycera,#N/C,#N/C,#N/C,#N/C,#N/C,#N/C,8.4004979253112,5.45134854771784,1.7163070539419094
ID2_1204,ID,ID2,Site2,Maize,IDxMaize,2023-09-09 19:23:50.200,2023-09-09 19:24:28.741,00:00:38.541000,fly,Insecta,Diptera,Brachycera,#N/C,#N/C,#N/C,#N/C,#N/C,#N/C,8.4004979253112,5.45134854771784,1.7163070539419094
ID2_1205,ID,ID2,Site2,Maize,IDxMaize,2023-09-09 19:24:18.736,2023-09-09 19:24:21.601,00:00:02.865000,fly,Insecta,Diptera,Brachycera,#N/C,#N/C,#N/C,#N/C,#N/C,#N/C,8.4004979253112,5.45134854771784,1.7163070539419094
ID2_1206,ID,ID2,Site2,Maize,IDxMaize,2023-09-09 19:28:59.744,2023-09-09 19:29:22.402,00:00:22.658000,fly,Insecta,Diptera,Brachycera,#N/C,#N/C,#N/C,#N/C,#N/C,#N/C,8.4004979253112,5.45134854771784,1.7163070539419094
ID2_1208,ID,ID2,Site2,Maize,IDxMaize,2023-09-09 19:31:29.066,2023-09-09 19:31:49.036,00:00:19.970000,fly,Insecta,Diptera,Brachycera,#N/C,#N/C,#N/C,#N/C,#N/C,#N/C,8.4004979253112,5.45134854771784,1.7163070539419094
ID2_1209,ID,ID2,Site2,Maize,IDxMaize,2023-09-09 19:37:16.364,2023-09-09 19:40:30.061,00:03:13.697000,fly,Insecta,Diptera,Brachycera,#N/C,#N/C,#N/C,#N/C,#N/C,#N/C,8.4004979253112,5.45134854771784,1.7163070539419094
ID2_1210,ID,ID2,Site2,Maize,IDxMaize,2023-09-09 19:37:59.087,2023-09-09 19:40:43.019,00:02:43.932000,fly,Insecta,Diptera,Brachycera,#N/C,#N/C,#N/C,#N/C,#N/C,#N/C,8.4004979253112,5.45134854771784,1.7163070539419094
ID2_1211,ID,ID2,Site2,Maize,IDxMaize,2023-09-09 19:39:52.098,2023-09-09 19:40:06.653,00:00:14.555000,fly,Insecta,Diptera,Brachycera,#N/C,#N/C,#N/C,#N/C,#N/C,#N/C,8.4004979253112,5.45134854771784,1.7163070539419094
ID2_1212,ID,ID2,Site2,Maize,IDxMaize,2023-09-09 19:40:08.143,2023-09-09 19:40:12.584,00:00:04.441000,fly,Insecta,Diptera,Brachycera,#N/C,#N/C,#N/C,#N/C,#N/C,#N/C,8.4004979253112,5.45134854771784,1.7163070539419094
ID2_1213,ID,ID2,Site2,Maize,IDxMaize,2023-09-09 19:40:14.032,2023-09-09 19:40:21.344,00:00:07.312000,fly,Insecta,Diptera,Brachycera,#N/C,#N/C,#N/C,#N/C,#N/C,#N/C,8.4004979253112,5.45134854771784,1.7163070539419094
ID2_1215,ID,ID2,Site2,Maize,IDxMaize,2023-09-10 12:27:24.754,2023-09-10 12:27:30.501,00:00:05.747000,fly,Insecta,Diptera,Brachycera,#N/C,#N/C,#N/C,#N/C,#N/C,#N/C,8.4004979253112,5.45134854771784,1.7163070539419094
ID2_1216,ID,ID2,Site2,Maize,IDxMaize,2023-09-10 14:03:20.617,2023-09-10 14:03:27.798,00:00:07.181000,flesh_fly,Insecta,Diptera,Brachycera,Muscomorpha,Oestroidea,Sarcophagidae,#N/C,#N/C,#N/C,8.696344827586204,5.522551724137931,1.7546666666666675
ID2_1217,ID,ID2,Site2,Maize,IDxMaize,2023-09-10 14:11:55.430,2023-09-10 14:12:29.442,00:00:34.012000,flesh_fly,Insecta,Diptera,Brachycera,Muscomorpha,Oestroidea,Sarcophagidae,#N/C,#N/C,#N/C,8.696344827586204,5.522551724137931,1.7546666666666675
ID2_1219,ID,ID2,Site2,Maize,IDxMaize,2023-09-10 17:09:33.402,2023-09-10 17:09:37.706,00:00:04.304000,fly,Insecta,Diptera,Brachycera,#N/C,#N/C,#N/C,#N/C,#N/C,#N/C,8.4004979253112,5.45134854771784,1.7163070539419094
ID2_1222,ID,ID2,Site2,Maize,IDxMaize,2023-09-10 17:26:11.272,2023-09-10 17:26:19.872,00:00:08.600000,hoverfly,Insecta,Diptera,Brachycera,Muscomorpha,Syrphoidea,Syrphidae,Syrphinae,Episyrphus,balteatus,12.29572580645161,7.508467741935483,2.1483064516129025
ID2_1223,ID,ID2,Site2,Maize,IDxMaize,2023-09-10 18:19:04.802,2023-09-10 18:19:10.515,00:00:05.713000,fly,Insecta,Diptera,Brachycera,#N/C,#N/C,#N/C,#N/C,#N/C,#N/C,8.4004979253112,5.45134854771784,1.7163070539419094
ID2_1224,ID,ID2,Site2,Maize,IDxMaize,2023-09-10 19:02:48.711,2023-09-10 19:04:41.515,00:01:52.804000,fly,Insecta,Diptera,Brachycera,#N/C,#N/C,#N/C,#N/C,#N/C,#N/C,8.4004979253112,5.45134854771784,1.7163070539419094
ID2_1226,ID,ID2,Site2,Maize,IDxMaize,2023-09-10 19:17:52.321,2023-09-10 19:17:55.163,00:00:02.842000,fly,Insecta,Diptera,Brachycera,#N/C,#N/C,#N/C,#N/C,#N/C,#N/C,8.4004979253112,5.45134854771784,1.7163070539419094
ID2_1227,ID,ID2,Site2,Maize,IDxMaize,2023-09-10 19:21:52.385,2023-09-10 19:22:29.425,00:00:37.040000,fly,Insecta,Diptera,Brachycera,#N/C,#N/C,#N/C,#N/C,#N/C,#N/C,8.4004979253112,5.45134854771784,1.7163070539419094
ID2_1228,ID,ID2,Site2,Maize,IDxMaize,2023-09-10 19:23:19.953,2023-09-10 19:23:24.265,00:00:04.312000,fly,Insecta,Diptera,Brachycera,#N/C,#N/C,#N/C,#N/C,#N/C,#N/C,8.4004979253112,5.45134854771784,1.7163070539419094
ID2_1229,ID,ID2,Site2,Maize,IDxMaize,2023-09-10 19:27:54.963,2023-09-10 19:28:14.909,00:00:19.946000,fly,Insecta,Diptera,Brachycera,#N/C,#N/C,#N/C,#N/C,#N/C,#N/C,8.4004979253112,5.45134854771784,1.7163070539419094
ID2_1230,ID,ID2,Site2,Maize,IDxMaize,2023-09-10 19:28:19.134,2023-09-10 19:30:05.485,00:01:46.351000,fly,Insecta,Diptera,Brachycera,#N/C,#N/C,#N/C,#N/C,#N/C,#N/C,8.4004979253112,5.45134854771784,1.7163070539419094
ID2_1231,ID,ID2,Site2,Maize,IDxMaize,2023-09-10 19:29:49.833,2023-09-10 19:29:52.692,00:00:02.859000,fly,Insecta,Diptera,Brachycera,#N/C,#N/C,#N/C,#N/C,#N/C,#N/C,8.4004979253112,5.45134854771784,1.7163070539419094
ID2_1232,ID,ID2,Site2,Maize,IDxMaize,2023-09-10 19:30:23.878,2023-09-10 19:30:31.013,00:00:07.135000,fly,Insecta,Diptera,Brachycera,#N/C,#N/C,#N/C,#N/C,#N/C,#N/C,8.4004979253112,5.45134854771784,1.7163070539419094
ID2_1233,ID,ID2,Site2,Maize,IDxMaize,2023-09-10 19:30:32.429,2023-09-10 19:30:35.297,00:00:02.868000,fly,Insecta,Diptera,Brachycera,#N/C,#N/C,#N/C,#N/C,#N/C,#N/C,8.4004979253112,5.45134854771784,1.7163070539419094
ID2_1234,ID,ID2,Site2,Maize,IDxMaize,2023-09-10 19:30:43.711,2023-09-10 19:31:16.272,00:00:32.561000,fly,Insecta,Diptera,Brachycera,#N/C,#N/C,#N/C,#N/C,#N/C,#N/C,8.4004979253112,5.45134854771784,1.7163070539419094
ID2_1235,ID,ID2,Site2,Maize,IDxMaize,2023-09-10 19:31:24.713,2023-09-10 19:31:38.911,00:00:14.198000,fly,Insecta,Diptera,Brachycera,#N/C,#N/C,#N/C,#N/C,#N/C,#N/C,8.4004979253112,5.45134854771784,1.7163070539419094
ID2_1236,ID,ID2,Site2,Maize,IDxMaize,2023-09-10 19:31:47.384,2023-09-10 19:32:15.994,00:00:28.610000,fly,Insecta,Diptera,Brachycera,#N/C,#N/C,#N/C,#N/C,#N/C,#N/C,8.4004979253112,5.45134854771784,1.7163070539419094
ID2_1238,ID,ID2,Site2,Maize,IDxMaize,2023-09-10 19:33:37.391,2023-09-10 19:34:10.179,00:00:32.788000,fly,Insecta,Diptera,Brachycera,#N/C,#N/C,#N/C,#N/C,#N/C,#N/C,8.4004979253112,5.45134854771784,1.7163070539419094
ID2_1239,ID,ID2,Site2,Maize,IDxMaize,2023-09-10 19:34:31.312,2023-09-10 19:35:29.677,00:00:58.365000,fly,Insecta,Diptera,Brachycera,#N/C,#N/C,#N/C,#N/C,#N/C,#N/C,8.4004979253112,5.45134854771784,1.7163070539419094
ID2_1241,ID,ID2,Site2,Maize,IDxMaize,2023-09-11 09:33:16.993,2023-09-11 09:33:19.852,00:00:02.859000,fly,Insecta,Diptera,Brachycera,#N/C,#N/C,#N/C,#N/C,#N/C,#N/C,8.4004979253112,5.45134854771784,1.7163070539419094
ID2_1250,ID,ID2,Site2,Maize,IDxMaize,2023-09-11 17:00:48.634,2023-09-11 17:02:40.094,00:01:51.460000,fly,Insecta,Diptera,Brachycera,#N/C,#N/C,#N/C,#N/C,#N/C,#N/C,8.4004979253112,5.45134854771784,1.7163070539419094
ID2_1251,ID,ID2,Site2,Maize,IDxMaize,2023-09-11 17:02:41.532,2023-09-11 17:03:08.673,00:00:27.141000,fly,Insecta,Diptera,Brachycera,#N/C,#N/C,#N/C,#N/C,#N/C,#N/C,8.4004979253112,5.45134854771784,1.7163070539419094
ID2_1252,ID,ID2,Site2,Maize,IDxMaize,2023-09-11 17:03:25.577,2023-09-11 17:03:31.282,00:00:05.705000,fly,Insecta,Diptera,Brachycera,#N/C,#N/C,#N/C,#N/C,#N/C,#N/C,8.4004979253112,5.45134854771784,1.7163070539419094
ID2_1253,ID,ID2,Site2,Maize,IDxMaize,2023-09-11 17:03:42.670,2023-09-11 17:04:38.241,00:00:55.571000,fly,Insecta,Diptera,Brachycera,#N/C,#N/C,#N/C,#N/C,#N/C,#N/C,8.4004979253112,5.45134854771784,1.7163070539419094
ID2_1254,ID,ID2,Site2,Maize,IDxMaize,2023-09-11 17:06:54.870,2023-09-11 17:08:33.511,00:01:38.641000,fly,Insecta,Diptera,Brachycera,#N/C,#N/C,#N/C,#N/C,#N/C,#N/C,8.4004979253112,5.45134854771784,1.7163070539419094
ID2_1255,ID,ID2,Site2,Maize,IDxMaize,2023-09-11 17:09:04.520,2023-09-11 17:09:30.287,00:00:25.767000,fly,Insecta,Diptera,Brachycera,#N/C,#N/C,#N/C,#N/C,#N/C,#N/C,8.4004979253112,5.45134854771784,1.7163070539419094
ID2_1256,ID,ID2,Site2,Maize,IDxMaize,2023-09-11 17:10:05.524,2023-09-11 17:13:45.324,00:03:39.800000,fly,Insecta,Diptera,Brachycera,#N/C,#N/C,#N/C,#N/C,#N/C,#N/C,8.4004979253112,5.45134854771784,1.7163070539419094
ID2_1257,ID,ID2,Site2,Maize,IDxMaize,2023-09-11 17:14:47.133,2023-09-11 17:16:01.303,00:01:14.170000,fly,Insecta,Diptera,Brachycera,#N/C,#N/C,#N/C,#N/C,#N/C,#N/C,8.4004979253112,5.45134854771784,1.7163070539419094
ID2_1258,ID,ID2,Site2,Maize,IDxMaize,2023-09-11 17:21:23.750,2023-09-11 17:21:29.433,00:00:05.683000,fly,Insecta,Diptera,Brachycera,#N/C,#N/C,#N/C,#N/C,#N/C,#N/C,8.4004979253112,5.45134854771784,1.7163070539419094
ID2_1259,ID,ID2,Site2,Maize,IDxMaize,2023-09-11 17:23:20.733,2023-09-11 17:23:26.463,00:00:05.730000,fly,Insecta,Diptera,Brachycera,#N/C,#N/C,#N/C,#N/C,#N/C,#N/C,8.4004979253112,5.45134854771784,1.7163070539419094
ID2_1260,ID,ID2,Site2,Maize,IDxMaize,2023-09-11 17:24:28.517,2023-09-11 17:25:15.560,00:00:47.043000,fly,Insecta,Diptera,Brachycera,#N/C,#N/C,#N/C,#N/C,#N/C,#N/C,8.4004979253112,5.45134854771784,1.7163070539419094
ID2_1261,ID,ID2,Site2,Maize,IDxMaize,2023-09-11 17:25:18.353,2023-09-11 17:25:26.894,00:00:08.541000,other,Insecta,#N/C,#N/C,#N/C,#N/C,#N/C,#N/C,#N/C,#N/C,24.284088427947573,6.536784934497831,2.114448689956332
ID2_1267,ID,ID2,Site2,Maize,IDxMaize,2023-09-11 17:31:01.575,2023-09-11 17:31:46.030,00:00:44.455000,fly,Insecta,Diptera,Brachycera,#N/C,#N/C,#N/C,#N/C,#N/C,#N/C,8.4004979253112,5.45134854771784,1.7163070539419094
ID2_1269,ID,ID2,Site2,Maize,IDxMaize,2023-09-11 17:32:15.664,2023-09-11 17:32:21.334,00:00:05.670000,fly,Insecta,Diptera,Brachycera,#N/C,#N/C,#N/C,#N/C,#N/C,#N/C,8.4004979253112,5.45134854771784,1.7163070539419094
ID2_1270,ID,ID2,Site2,Maize,IDxMaize,2023-09-11 17:32:25.582,2023-09-11 17:32:52.731,00:00:27.149000,fly,Insecta,Diptera,Brachycera,#N/C,#N/C,#N/C,#N/C,#N/C,#N/C,8.4004979253112,5.45134854771784,1.7163070539419094
ID2_1271,ID,ID2,Site2,Maize,IDxMaize,2023-09-11 17:34:07.262,2023-09-11 17:34:58.560,00:00:51.298000,fly,Insecta,Diptera,Brachycera,#N/C,#N/C,#N/C,#N/C,#N/C,#N/C,8.4004979253112,5.45134854771784,1.7163070539419094
ID2_1272,ID,ID2,Site2,Maize,IDxMaize,2023-09-11 17:40:00.342,2023-09-11 17:40:12.985,00:00:12.643000,fly,Insecta,Diptera,Brachycera,#N/C,#N/C,#N/C,#N/C,#N/C,#N/C,8.4004979253112,5.45134854771784,1.7163070539419094
ID2_1273,ID,ID2,Site2,Maize,IDxMaize,2023-09-11 17:40:17.247,2023-09-11 17:40:44.343,00:00:27.096000,fly,Insecta,Diptera,Brachycera,#N/C,#N/C,#N/C,#N/C,#N/C,#N/C,8.4004979253112,5.45134854771784,1.7163070539419094
ID2_1274,ID,ID2,Site2,Maize,IDxMaize,2023-09-11 18:27:25.909,2023-09-11 18:27:38.653,00:00:12.744000,fly,Insecta,Diptera,Brachycera,#N/C,#N/C,#N/C,#N/C,#N/C,#N/C,8.4004979253112,5.45134854771784,1.7163070539419094
ID2_1275,ID,ID2,Site2,Maize,IDxMaize,2023-09-11 18:34:15.671,2023-09-11 18:34:18.496,00:00:02.825000,fly,Insecta,Diptera,Brachycera,#N/C,#N/C,#N/C,#N/C,#N/C,#N/C,8.4004979253112,5.45134854771784,1.7163070539419094
ID2_1277,ID,ID2,Site2,Maize,IDxMaize,2023-09-11 19:11:21.260,2023-09-11 19:11:25.515,00:00:04.255000,fly,Insecta,Diptera,Brachycera,#N/C,#N/C,#N/C,#N/C,#N/C,#N/C,8.4004979253112,5.45134854771784,1.7163070539419094
ID2_1278,ID,ID2,Site2,Maize,IDxMaize,2023-09-11 19:14:12.890,2023-09-11 19:14:18.592,00:00:05.702000,fly,Insecta,Diptera,Brachycera,#N/C,#N/C,#N/C,#N/C,#N/C,#N/C,8.4004979253112,5.45134854771784,1.7163070539419094
ID2_1279,ID,ID2,Site2,Maize,IDxMaize,2023-09-11 19:14:28.499,2023-09-11 19:15:01.415,00:00:32.916000,fly,Insecta,Diptera,Brachycera,#N/C,#N/C,#N/C,#N/C,#N/C,#N/C,8.4004979253112,5.45134854771784,1.7163070539419094
ID2_1280,ID,ID2,Site2,Maize,IDxMaize,2023-09-11 19:25:57.104,2023-09-11 19:25:59.918,00:00:02.814000,fly,Insecta,Diptera,Brachycera,#N/C,#N/C,#N/C,#N/C,#N/C,#N/C,8.4004979253112,5.45134854771784,1.7163070539419094
ID2_1281,ID,ID2,Site2,Maize,IDxMaize,2023-09-11 19:26:01.333,2023-09-11 19:26:07.008,00:00:05.675000,fly,Insecta,Diptera,Brachycera,#N/C,#N/C,#N/C,#N/C,#N/C,#N/C,8.4004979253112,5.45134854771784,1.7163070539419094
ID2_1282,ID,ID2,Site2,Maize,IDxMaize,2023-09-11 19:28:06.602,2023-09-11 19:28:25.062,00:00:18.460000,fly,Insecta,Diptera,Brachycera,#N/C,#N/C,#N/C,#N/C,#N/C,#N/C,8.4004979253112,5.45134854771784,1.7163070539419094
ID2_1284,ID,ID2,Site2,Maize,IDxMaize,2023-09-11 19:28:47.703,2023-09-11 19:29:00.480,00:00:12.777000,fly,Insecta,Diptera,Brachycera,#N/C,#N/C,#N/C,#N/C,#N/C,#N/C,8.4004979253112,5.45134854771784,1.7163070539419094
ID2_1285,ID,ID2,Site2,Maize,IDxMaize,2023-09-11 19:29:07.484,2023-09-11 19:29:21.583,00:00:14.099000,fly,Insecta,Diptera,Brachycera,#N/C,#N/C,#N/C,#N/C,#N/C,#N/C,8.4004979253112,5.45134854771784,1.7163070539419094
ID2_1286,ID,ID2,Site2,Maize,IDxMaize,2023-09-11 19:30:56.889,2023-09-11 19:31:36.636,00:00:39.747000,fly,Insecta,Diptera,Brachycera,#N/C,#N/C,#N/C,#N/C,#N/C,#N/C,8.4004979253112,5.45134854771784,1.7163070539419094
ID2_1287,ID,ID2,Site2,Maize,IDxMaize,2023-09-11 19:36:07.505,2023-09-11 19:36:17.426,00:00:09.921000,fly,Insecta,Diptera,Brachycera,#N/C,#N/C,#N/C,#N/C,#N/C,#N/C,8.4004979253112,5.45134854771784,1.7163070539419094
ID2_1288,ID,ID2,Site2,Maize,IDxMaize,2023-09-11 19:37:18.034,2023-09-11 19:37:22.286,00:00:04.252000,fly,Insecta,Diptera,Brachycera,#N/C,#N/C,#N/C,#N/C,#N/C,#N/C,8.4004979253112,5.45134854771784,1.7163070539419094
ID2_1290,ID,ID2,Site2,Maize,IDxMaize,2023-09-11 19:39:31.806,2023-09-11 19:39:37.432,00:00:05.626000,fly,Insecta,Diptera,Brachycera,#N/C,#N/C,#N/C,#N/C,#N/C,#N/C,8.4004979253112,5.45134854771784,1.7163070539419094
ID2_1292,ID,ID2,Site2,Maize,IDxMaize,2023-09-12 09:33:30.847,2023-09-12 09:33:33.673,00:00:02.826000,fly,Insecta,Diptera,Brachycera,#N/C,#N/C,#N/C,#N/C,#N/C,#N/C,8.4004979253112,5.45134854771784,1.7163070539419094
ID2_1293,ID,ID2,Site2,Maize,IDxMaize,2023-09-12 13:38:45.752,2023-09-12 13:39:17.021,00:00:31.269000,fly,Insecta,Diptera,Brachycera,#N/C,#N/C,#N/C,#N/C,#N/C,#N/C,8.4004979253112,5.45134854771784,1.7163070539419094
ID2_1295,ID,ID2,Site2,Maize,IDxMaize,2023-09-12 13:39:41.280,2023-09-12 13:39:49.923,00:00:08.643000,fly,Insecta,Diptera,Brachycera,#N/C,#N/C,#N/C,#N/C,#N/C,#N/C,8.4004979253112,5.45134854771784,1.7163070539419094
ID2_1296,ID,ID2,Site2,Maize,IDxMaize,2023-09-12 14:02:48.864,2023-09-12 14:02:53.148,00:00:04.284000,fly,Insecta,Diptera,Brachycera,#N/C,#N/C,#N/C,#N/C,#N/C,#N/C,8.4004979253112,5.45134854771784,1.7163070539419094
ID2_1297,ID,ID2,Site2,Maize,IDxMaize,2023-09-12 14:02:54.564,2023-09-12 14:02:57.430,00:00:02.866000,fly,Insecta,Diptera,Brachycera,#N/C,#N/C,#N/C,#N/C,#N/C,#N/C,8.4004979253112,5.45134854771784,1.7163070539419094
ID2_1298,ID,ID2,Site2,Maize,IDxMaize,2023-09-12 14:29:21.008,2023-09-12 14:30:42.273,00:01:21.265000,fly,Insecta,Diptera,Brachycera,#N/C,#N/C,#N/C,#N/C,#N/C,#N/C,8.4004979253112,5.45134854771784,1.7163070539419094
ID2_1300,ID,ID2,Site2,Maize,IDxMaize,2023-09-12 18:12:29.859,2023-09-12 18:16:07.057,00:03:37.198000,fly,Insecta,Diptera,Brachycera,#N/C,#N/C,#N/C,#N/C,#N/C,#N/C,8.4004979253112,5.45134854771784,1.7163070539419094
ID2_1301,ID,ID2,Site2,Maize,IDxMaize,2023-09-12 18:15:12.552,2023-09-12 18:15:31.453,00:00:18.901000,fly,Insecta,Diptera,Brachycera,#N/C,#N/C,#N/C,#N/C,#N/C,#N/C,8.4004979253112,5.45134854771784,1.7163070539419094
ID2_1302,ID,ID2,Site2,Maize,IDxMaize,2023-09-12 18:16:37.872,2023-09-12 18:24:04.349,00:07:26.477000,fly,Insecta,Diptera,Brachycera,#N/C,#N/C,#N/C,#N/C,#N/C,#N/C,8.4004979253112,5.45134854771784,1.7163070539419094
ID2_1303,ID,ID2,Site2,Maize,IDxMaize,2023-09-12 18:22:37.036,2023-09-12 18:22:57.299,00:00:20.263000,fly,Insecta,Diptera,Brachycera,#N/C,#N/C,#N/C,#N/C,#N/C,#N/C,8.4004979253112,5.45134854771784,1.7163070539419094
ID2_1304,ID,ID2,Site2,Maize,IDxMaize,2023-09-12 18:26:55.822,2023-09-12 18:27:02.928,00:00:07.106000,fly,Insecta,Diptera,Brachycera,#N/C,#N/C,#N/C,#N/C,#N/C,#N/C,8.4004979253112,5.45134854771784,1.7163070539419094
ID2_1305,ID,ID2,Site2,Maize,IDxMaize,2023-09-12 18:28:39.804,2023-09-12 18:29:01.251,00:00:21.447000,hoverfly,Insecta,Diptera,Brachycera,Muscomorpha,Syrphoidea,Syrphidae,Syrphinae,Episyrphus,balteatus,12.29572580645161,7.508467741935483,2.1483064516129025
ID2_1308,ID,ID2,Site2,Maize,IDxMaize,2023-09-12 19:00:48.272,2023-09-12 19:01:52.658,00:01:04.386000,fly,Insecta,Diptera,Brachycera,#N/C,#N/C,#N/C,#N/C,#N/C,#N/C,8.4004979253112,5.45134854771784,1.7163070539419094
ID2_1309,ID,ID2,Site2,Maize,IDxMaize,2023-09-12 19:00:55.375,2023-09-12 19:01:24.241,00:00:28.866000,fly,Insecta,Diptera,Brachycera,#N/C,#N/C,#N/C,#N/C,#N/C,#N/C,8.4004979253112,5.45134854771784,1.7163070539419094
ID2_1310,ID,ID2,Site2,Maize,IDxMaize,2023-09-12 19:01:09.811,2023-09-12 19:01:12.690,00:00:02.879000,fly,Insecta,Diptera,Brachycera,#N/C,#N/C,#N/C,#N/C,#N/C,#N/C,8.4004979253112,5.45134854771784,1.7163070539419094
ID2_1311,ID,ID2,Site2,Maize,IDxMaize,2023-09-12 19:05:23.086,2023-09-12 19:06:08.680,00:00:45.594000,fly,Insecta,Diptera,Brachycera,#N/C,#N/C,#N/C,#N/C,#N/C,#N/C,8.4004979253112,5.45134854771784,1.7163070539419094
ID2_1312,ID,ID2,Site2,Maize,IDxMaize,2023-09-12 19:05:57.241,2023-09-12 19:06:02.972,00:00:05.731000,fly,Insecta,Diptera,Brachycera,#N/C,#N/C,#N/C,#N/C,#N/C,#N/C,8.4004979253112,5.45134854771784,1.7163070539419094
ID2_1313,ID,ID2,Site2,Maize,IDxMaize,2023-09-12 19:12:50.345,2023-09-12 19:12:53.181,00:00:02.836000,fly,Insecta,Diptera,Brachycera,#N/C,#N/C,#N/C,#N/C,#N/C,#N/C,8.4004979253112,5.45134854771784,1.7163070539419094
ID2_1314,ID,ID2,Site2,Maize,IDxMaize,2023-09-12 19:12:58.777,2023-09-12 19:13:58.565,00:00:59.788000,fly,Insecta,Diptera,Brachycera,#N/C,#N/C,#N/C,#N/C,#N/C,#N/C,8.4004979253112,5.45134854771784,1.7163070539419094
ID2_1318,ID,ID2,Site2,Maize,IDxMaize,2023-09-13 09:15:37.687,2023-09-13 09:15:44.735,00:00:07.048000,hoverfly,Insecta,Diptera,Brachycera,Muscomorpha,Syrphoidea,Syrphidae,Syrphinae,Episyrphus,balteatus,12.29572580645161,7.508467741935483,2.1483064516129025
ID2_1319,ID,ID2,Site2,Maize,IDxMaize,2023-09-13 09:15:48.971,2023-09-13 09:20:54.583,00:05:05.612000,hoverfly,Insecta,Diptera,Brachycera,Muscomorpha,Syrphoidea,Syrphidae,Syrphinae,Episyrphus,balteatus,12.29572580645161,7.508467741935483,2.1483064516129025
ID2_1320,ID,ID2,Site2,Maize,IDxMaize,2023-09-13 09:21:02.970,2023-09-13 09:21:33.244,00:00:30.274000,hoverfly,Insecta,Diptera,Brachycera,Muscomorpha,Syrphoidea,Syrphidae,Syrphinae,Episyrphus,balteatus,12.29572580645161,7.508467741935483,2.1483064516129025
ID2_1321,ID,ID2,Site2,Maize,IDxMaize,2023-09-13 09:21:08.603,2023-09-13 09:21:33.278,00:00:24.675000,hoverfly,Insecta,Diptera,Brachycera,Muscomorpha,Syrphoidea,Syrphidae,Syrphinae,Episyrphus,balteatus,12.29572580645161,7.508467741935483,2.1483064516129025
ID2_1322,ID,ID2,Site2,Maize,IDxMaize,2023-09-13 09:21:41.894,2023-09-13 09:21:54.862,00:00:12.968000,hoverfly,Insecta,Diptera,Brachycera,Muscomorpha,Syrphoidea,Syrphidae,Syrphinae,Episyrphus,balteatus,12.29572580645161,7.508467741935483,2.1483064516129025
ID2_1323,ID,ID2,Site2,Maize,IDxMaize,2023-09-13 09:21:43.353,2023-09-13 09:21:56.316,00:00:12.963000,hoverfly,Insecta,Diptera,Brachycera,Muscomorpha,Syrphoidea,Syrphidae,Syrphinae,Episyrphus,balteatus,12.29572580645161,7.508467741935483,2.1483064516129025
ID2_1324,ID,ID2,Site2,Maize,IDxMaize,2023-09-13 09:22:04.951,2023-09-13 09:22:23.463,00:00:18.512000,hoverfly,Insecta,Diptera,Brachycera,Muscomorpha,Syrphoidea,Syrphidae,Syrphinae,Episyrphus,balteatus,12.29572580645161,7.508467741935483,2.1483064516129025
ID2_1325,ID,ID2,Site2,Maize,IDxMaize,2023-09-13 09:22:27.736,2023-09-13 09:24:13.552,00:01:45.816000,hoverfly,Insecta,Diptera,Brachycera,Muscomorpha,Syrphoidea,Syrphidae,Syrphinae,Episyrphus,balteatus,12.29572580645161,7.508467741935483,2.1483064516129025
ID2_1327,ID,ID2,Site2,Maize,IDxMaize,2023-09-13 09:24:43.506,2023-09-13 09:24:46.332,00:00:02.826000,fly,Insecta,Diptera,Brachycera,#N/C,#N/C,#N/C,#N/C,#N/C,#N/C,8.4004979253112,5.45134854771784,1.7163070539419094
ID2_1328,ID,ID2,Site2,Maize,IDxMaize,2023-09-13 09:28:49.641,2023-09-13 09:28:56.753,00:00:07.112000,fly,Insecta,Diptera,Brachycera,#N/C,#N/C,#N/C,#N/C,#N/C,#N/C,8.4004979253112,5.45134854771784,1.7163070539419094
ID2_1329,ID,ID2,Site2,Maize,IDxMaize,2023-09-13 09:28:59.636,2023-09-13 09:29:13.832,00:00:14.196000,hoverfly,Insecta,Diptera,Brachycera,Muscomorpha,Syrphoidea,Syrphidae,Syrphinae,Episyrphus,balteatus,12.29572580645161,7.508467741935483,2.1483064516129025
ID2_1330,ID,ID2,Site2,Maize,IDxMaize,2023-09-13 09:29:16.742,2023-09-13 09:34:08.432,00:04:51.690000,hoverfly,Insecta,Diptera,Brachycera,Muscomorpha,Syrphoidea,Syrphidae,Syrphinae,Episyrphus,balteatus,12.29572580645161,7.508467741935483,2.1483064516129025
ID2_1331,ID,ID2,Site2,Maize,IDxMaize,2023-09-13 09:34:18.367,2023-09-13 09:34:22.663,00:00:04.296000,hoverfly,Insecta,Diptera,Brachycera,Muscomorpha,Syrphoidea,Syrphidae,Syrphinae,Episyrphus,balteatus,12.29572580645161,7.508467741935483,2.1483064516129025
ID2_1332,ID,ID2,Site2,Maize,IDxMaize,2023-09-13 09:34:34.007,2023-09-13 09:34:44.061,00:00:10.054000,hoverfly,Insecta,Diptera,Brachycera,Muscomorpha,Syrphoidea,Syrphidae,Syrphinae,Episyrphus,balteatus,12.29572580645161,7.508467741935483,2.1483064516129025
ID2_1333,ID,ID2,Site2,Maize,IDxMaize,2023-09-13 09:34:45.553,2023-09-13 09:34:48.443,00:00:02.890000,hoverfly,Insecta,Diptera,Brachycera,Muscomorpha,Syrphoidea,Syrphidae,Syrphinae,Episyrphus,balteatus,12.29572580645161,7.508467741935483,2.1483064516129025
ID2_1334,ID,ID2,Site2,Maize,IDxMaize,2023-09-13 09:34:52.705,2023-09-13 09:35:44.328,00:00:51.623000,hoverfly,Insecta,Diptera,Brachycera,Muscomorpha,Syrphoidea,Syrphidae,Syrphinae,Episyrphus,balteatus,12.29572580645161,7.508467741935483,2.1483064516129025
ID2_1335,ID,ID2,Site2,Maize,IDxMaize,2023-09-13 09:36:11.029,2023-09-13 09:40:44.366,00:04:33.337000,hoverfly,Insecta,Diptera,Brachycera,Muscomorpha,Syrphoidea,Syrphidae,Syrphinae,Episyrphus,balteatus,12.29572580645161,7.508467741935483,2.1483064516129025
ID2_1336,ID,ID2,Site2,Maize,IDxMaize,2023-09-13 09:36:18.181,2023-09-13 09:36:23.951,00:00:05.770000,hoverfly,Insecta,Diptera,Brachycera,Muscomorpha,Syrphoidea,Syrphidae,Syrphinae,Episyrphus,balteatus,12.29572580645161,7.508467741935483,2.1483064516129025
ID2_1337,ID,ID2,Site2,Maize,IDxMaize,2023-09-13 09:37:11.123,2023-09-13 09:37:19.838,00:00:08.715000,hoverfly,Insecta,Diptera,Brachycera,Muscomorpha,Syrphoidea,Syrphidae,Syrphinae,Episyrphus,balteatus,12.29572580645161,7.508467741935483,2.1483064516129025
ID2_1338,ID,ID2,Site2,Maize,IDxMaize,2023-09-13 09:38:05.608,2023-09-13 09:38:22.959,00:00:17.351000,hoverfly,Insecta,Diptera,Brachycera,Muscomorpha,Syrphoidea,Syrphidae,Syrphinae,Episyrphus,balteatus,12.29572580645161,7.508467741935483,2.1483064516129025
ID2_1339,ID,ID2,Site2,Maize,IDxMaize,2023-09-13 12:05:00.126,2023-09-13 12:06:21.275,00:01:21.149000,flesh_fly,Insecta,Diptera,Brachycera,Muscomorpha,Oestroidea,Sarcophagidae,#N/C,#N/C,#N/C,8.696344827586204,5.522551724137931,1.7546666666666675
ID2_1340,ID,ID2,Site2,Maize,IDxMaize,2023-09-13 12:06:25.515,2023-09-13 12:07:58.221,00:01:32.706000,flesh_fly,Insecta,Diptera,Brachycera,Muscomorpha,Oestroidea,Sarcophagidae,#N/C,#N/C,#N/C,8.696344827586204,5.522551724137931,1.7546666666666675
ID2_1341,ID,ID2,Site2,Maize,IDxMaize,2023-09-13 12:08:22.092,2023-09-13 12:12:34.860,00:04:12.768000,flesh_fly,Insecta,Diptera,Brachycera,Muscomorpha,Oestroidea,Sarcophagidae,#N/C,#N/C,#N/C,8.696344827586204,5.522551724137931,1.7546666666666675
ID2_1342,ID,ID2,Site2,Maize,IDxMaize,2023-09-13 12:13:23.940,2023-09-13 12:15:23.891,00:01:59.951000,flesh_fly,Insecta,Diptera,Brachycera,Muscomorpha,Oestroidea,Sarcophagidae,#N/C,#N/C,#N/C,8.696344827586204,5.522551724137931,1.7546666666666675
ID2_1343,ID,ID2,Site2,Maize,IDxMaize,2023-09-13 12:24:04.876,2023-09-13 12:26:54.824,00:02:49.948000,flesh_fly,Insecta,Diptera,Brachycera,Muscomorpha,Oestroidea,Sarcophagidae,#N/C,#N/C,#N/C,8.696344827586204,5.522551724137931,1.7546666666666675
ID2_1344,ID,ID2,Site2,Maize,IDxMaize,2023-09-13 12:29:16.594,2023-09-13 12:29:49.304,00:00:32.710000,flesh_fly,Insecta,Diptera,Brachycera,Muscomorpha,Oestroidea,Sarcophagidae,#N/C,#N/C,#N/C,8.696344827586204,5.522551724137931,1.7546666666666675
ID2_1345,ID,ID2,Site2,Maize,IDxMaize,2023-09-13 13:22:47.071,2023-09-13 13:23:54.181,00:01:07.110000,wasp,Insecta,Hymenoptera,Apocrita,Aculeata,Vespoidea,Vespidae,#N/C,#N/C,#N/C,71.46,13.613333333333335,4.026666666666666
ID2_1346,ID,ID2,Site2,Maize,IDxMaize,2023-09-13 14:08:07.187,2023-09-13 14:08:56.994,00:00:49.807000,hoverfly,Insecta,Diptera,Brachycera,Muscomorpha,Syrphoidea,Syrphidae,Syrphinae,Sphaerophoria,#N/C,12.29572580645161,7.508467741935483,2.1483064516129025
ID2_1347,ID,ID2,Site2,Maize,IDxMaize,2023-09-13 14:08:59.822,2023-09-13 14:09:45.323,00:00:45.501000,fly,Insecta,Diptera,Brachycera,#N/C,#N/C,#N/C,#N/C,#N/C,#N/C,8.4004979253112,5.45134854771784,1.7163070539419094
ID2_1348,ID,ID2,Site2,Maize,IDxMaize,2023-09-13 14:10:14.705,2023-09-13 14:10:48.903,00:00:34.198000,fly,Insecta,Diptera,Brachycera,#N/C,#N/C,#N/C,#N/C,#N/C,#N/C,8.4004979253112,5.45134854771784,1.7163070539419094
ID2_1349,ID,ID2,Site2,Maize,IDxMaize,2023-09-13 14:10:50.345,2023-09-13 14:11:07.663,00:00:17.318000,fly,Insecta,Diptera,Brachycera,#N/C,#N/C,#N/C,#N/C,#N/C,#N/C,8.4004979253112,5.45134854771784,1.7163070539419094
ID2_1350,ID,ID2,Site2,Maize,IDxMaize,2023-09-13 14:10:50.379,2023-09-13 14:11:09.116,00:00:18.737000,fly,Insecta,Diptera,Brachycera,#N/C,#N/C,#N/C,#N/C,#N/C,#N/C,8.4004979253112,5.45134854771784,1.7163070539419094
ID2_1351,ID,ID2,Site2,Maize,IDxMaize,2023-09-13 14:11:10.570,2023-09-13 14:11:22.042,00:00:11.472000,fly,Insecta,Diptera,Brachycera,#N/C,#N/C,#N/C,#N/C,#N/C,#N/C,8.4004979253112,5.45134854771784,1.7163070539419094
ID2_1352,ID,ID2,Site2,Maize,IDxMaize,2023-09-13 14:11:13.413,2023-09-13 14:11:22.072,00:00:08.659000,fly,Insecta,Diptera,Brachycera,#N/C,#N/C,#N/C,#N/C,#N/C,#N/C,8.4004979253112,5.45134854771784,1.7163070539419094
ID2_1353,ID,ID2,Site2,Maize,IDxMaize,2023-09-13 14:11:24.914,2023-09-13 14:11:29.250,00:00:04.336000,fly,Insecta,Diptera,Brachycera,#N/C,#N/C,#N/C,#N/C,#N/C,#N/C,8.4004979253112,5.45134854771784,1.7163070539419094
ID2_1354,ID,ID2,Site2,Maize,IDxMaize,2023-09-13 14:11:43.225,2023-09-13 14:12:27.276,00:00:44.051000,fly,Insecta,Diptera,Brachycera,#N/C,#N/C,#N/C,#N/C,#N/C,#N/C,8.4004979253112,5.45134854771784,1.7163070539419094
ID2_1355,ID,ID2,Site2,Maize,IDxMaize,2023-09-13 14:11:46.063,2023-09-13 14:11:50.460,00:00:04.397000,fly,Insecta,Diptera,Brachycera,#N/C,#N/C,#N/C,#N/C,#N/C,#N/C,8.4004979253112,5.45134854771784,1.7163070539419094
ID2_1356,ID,ID2,Site2,Maize,IDxMaize,2023-09-13 14:12:01.728,2023-09-13 14:12:04.558,00:00:02.830000,fly,Insecta,Diptera,Brachycera,#N/C,#N/C,#N/C,#N/C,#N/C,#N/C,8.4004979253112,5.45134854771784,1.7163070539419094
ID2_1357,ID,ID2,Site2,Maize,IDxMaize,2023-09-13 14:12:30.120,2023-09-13 14:12:45.818,00:00:15.698000,fly,Insecta,Diptera,Brachycera,#N/C,#N/C,#N/C,#N/C,#N/C,#N/C,8.4004979253112,5.45134854771784,1.7163070539419094
ID2_1358,ID,ID2,Site2,Maize,IDxMaize,2023-09-13 14:13:15.324,2023-09-13 14:13:21.013,00:00:05.689000,fly,Insecta,Diptera,Brachycera,#N/C,#N/C,#N/C,#N/C,#N/C,#N/C,8.4004979253112,5.45134854771784,1.7163070539419094
ID2_1359,ID,ID2,Site2,Maize,IDxMaize,2023-09-13 14:14:06.035,2023-09-13 14:14:17.409,00:00:11.374000,fly,Insecta,Diptera,Brachycera,#N/C,#N/C,#N/C,#N/C,#N/C,#N/C,8.4004979253112,5.45134854771784,1.7163070539419094
ID2_1360,ID,ID2,Site2,Maize,IDxMaize,2023-09-13 14:14:25.918,2023-09-13 14:14:34.428,00:00:08.510000,fly,Insecta,Diptera,Brachycera,#N/C,#N/C,#N/C,#N/C,#N/C,#N/C,8.4004979253112,5.45134854771784,1.7163070539419094
ID2_1361,ID,ID2,Site2,Maize,IDxMaize,2023-09-13 14:14:42.912,2023-09-13 14:14:54.269,00:00:11.357000,fly,Insecta,Diptera,Brachycera,#N/C,#N/C,#N/C,#N/C,#N/C,#N/C,8.4004979253112,5.45134854771784,1.7163070539419094
ID2_1362,ID,ID2,Site2,Maize,IDxMaize,2023-09-13 14:14:57.100,2023-09-13 14:15:25.567,00:00:28.467000,fly,Insecta,Diptera,Brachycera,#N/C,#N/C,#N/C,#N/C,#N/C,#N/C,8.4004979253112,5.45134854771784,1.7163070539419094
ID2_1363,ID,ID2,Site2,Maize,IDxMaize,2023-09-13 14:15:48.258,2023-09-13 14:15:55.418,00:00:07.160000,fly,Insecta,Diptera,Brachycera,#N/C,#N/C,#N/C,#N/C,#N/C,#N/C,8.4004979253112,5.45134854771784,1.7163070539419094
ID2_1364,ID,ID2,Site2,Maize,IDxMaize,2023-09-13 14:17:28.040,2023-09-13 14:18:05.127,00:00:37.087000,fly,Insecta,Diptera,Brachycera,#N/C,#N/C,#N/C,#N/C,#N/C,#N/C,8.4004979253112,5.45134854771784,1.7163070539419094
ID2_1365,ID,ID2,Site2,Maize,IDxMaize,2023-09-13 14:19:29.423,2023-09-13 14:19:39.329,00:00:09.906000,fly,Insecta,Diptera,Brachycera,#N/C,#N/C,#N/C,#N/C,#N/C,#N/C,8.4004979253112,5.45134854771784,1.7163070539419094
ID2_1366,ID,ID2,Site2,Maize,IDxMaize,2023-09-13 14:19:44.939,2023-09-13 14:19:49.222,00:00:04.283000,fly,Insecta,Diptera,Brachycera,#N/C,#N/C,#N/C,#N/C,#N/C,#N/C,8.4004979253112,5.45134854771784,1.7163070539419094
ID2_1367,ID,ID2,Site2,Maize,IDxMaize,2023-09-13 14:29:13.313,2023-09-13 14:29:31.722,00:00:18.409000,fly,Insecta,Diptera,Brachycera,#N/C,#N/C,#N/C,#N/C,#N/C,#N/C,8.4004979253112,5.45134854771784,1.7163070539419094
ID2_1368,ID,ID2,Site2,Maize,IDxMaize,2023-09-13 14:29:58.332,2023-09-13 14:30:01.180,00:00:02.848000,fly,Insecta,Diptera,Brachycera,#N/C,#N/C,#N/C,#N/C,#N/C,#N/C,8.4004979253112,5.45134854771784,1.7163070539419094
ID2_1369,ID,ID2,Site2,Maize,IDxMaize,2023-09-13 14:31:52.119,2023-09-13 14:32:16.483,00:00:24.364000,fly,Insecta,Diptera,Brachycera,#N/C,#N/C,#N/C,#N/C,#N/C,#N/C,8.4004979253112,5.45134854771784,1.7163070539419094
ID2_1370,ID,ID2,Site2,Maize,IDxMaize,2023-09-13 19:33:42.051,2023-09-13 19:33:56.323,00:00:14.272000,fly,Insecta,Diptera,Brachycera,#N/C,#N/C,#N/C,#N/C,#N/C,#N/C,8.4004979253112,5.45134854771784,1.7163070539419094
ID4_0001,ID,ID4,Site4,Meadow,IDxMeadow,2023-08-23 07:28:20.238,2023-08-23 07:29:15.301,00:00:55.063000,fly,Insecta,Diptera,Brachycera,#N/C,#N/C,#N/C,#N/C,#N/C,#N/C,8.4004979253112,5.45134854771784,1.7163070539419094
ID4_0002,ID,ID4,Site4,Meadow,IDxMeadow,2023-08-23 07:30:28.702,2023-08-23 07:31:05.761,00:00:37.059000,fly,Insecta,Diptera,Brachycera,#N/C,#N/C,#N/C,#N/C,#N/C,#N/C,8.4004979253112,5.45134854771784,1.7163070539419094
ID4_0003,ID,ID4,Site4,Meadow,IDxMeadow,2023-08-23 07:31:21.257,2023-08-23 07:33:11.103,00:01:49.846000,fly,Insecta,Diptera,Brachycera,#N/C,#N/C,#N/C,#N/C,#N/C,#N/C,8.4004979253112,5.45134854771784,1.7163070539419094
ID4_0004,ID,ID4,Site4,Meadow,IDxMeadow,2023-08-23 07:38:10.443,2023-08-23 07:38:38.999,00:00:28.556000,fly,Insecta,Diptera,Brachycera,#N/C,#N/C,#N/C,#N/C,#N/C,#N/C,8.4004979253112,5.45134854771784,1.7163070539419094
ID4_0005,ID,ID4,Site4,Meadow,IDxMeadow,2023-08-23 07:38:48.874,2023-08-23 07:39:10.288,00:00:21.414000,fly,Insecta,Diptera,Brachycera,#N/C,#N/C,#N/C,#N/C,#N/C,#N/C,8.4004979253112,5.45134854771784,1.7163070539419094
ID4_0006,ID,ID4,Site4,Meadow,IDxMeadow,2023-08-23 07:39:28.616,2023-08-23 07:40:34.483,00:01:05.867000,fly,Insecta,Diptera,Brachycera,#N/C,#N/C,#N/C,#N/C,#N/C,#N/C,8.4004979253112,5.45134854771784,1.7163070539419094
ID4_0008,ID,ID4,Site4,Meadow,IDxMeadow,2023-08-23 08:07:21.997,2023-08-23 08:07:34.945,00:00:12.948000,flesh_fly,Insecta,Diptera,Brachycera,Muscomorpha,Oestroidea,Sarcophagidae,#N/C,#N/C,#N/C,8.696344827586204,5.522551724137931,1.7546666666666675
ID4_0009,ID,ID4,Site4,Meadow,IDxMeadow,2023-08-23 08:27:42.120,2023-08-23 08:27:49.264,00:00:07.144000,hoverfly,Insecta,Diptera,Brachycera,Muscomorpha,Syrphoidea,Syrphidae,Syrphinae,Episyrphus,balteatus,12.29572580645161,7.508467741935483,2.1483064516129025
ID4_0010,ID,ID4,Site4,Meadow,IDxMeadow,2023-08-23 08:30:47.847,2023-08-23 08:30:53.586,00:00:05.739000,hoverfly,Insecta,Diptera,Brachycera,Muscomorpha,Syrphoidea,Syrphidae,Syrphinae,Episyrphus,balteatus,12.29572580645161,7.508467741935483,2.1483064516129025
ID4_0011,ID,ID4,Site4,Meadow,IDxMeadow,2023-08-23 08:40:19.033,2023-08-23 08:40:30.566,00:00:11.533000,hoverfly,Insecta,Diptera,Brachycera,Muscomorpha,Syrphoidea,Syrphidae,Syrphinae,Episyrphus,balteatus,12.29572580645161,7.508467741935483,2.1483064516129025
ID4_0012,ID,ID4,Site4,Meadow,IDxMeadow,2023-08-23 09:00:37.775,2023-08-23 09:01:03.246,00:00:25.471000,hoverfly,Insecta,Diptera,Brachycera,Muscomorpha,Syrphoidea,Syrphidae,Syrphinae,Episyrphus,balteatus,12.29572580645161,7.508467741935483,2.1483064516129025
ID4_0013,ID,ID4,Site4,Meadow,IDxMeadow,2023-08-23 09:01:07.517,2023-08-23 09:02:03.297,00:00:55.780000,fly,Insecta,Diptera,Brachycera,#N/C,#N/C,#N/C,#N/C,#N/C,#N/C,8.4004979253112,5.45134854771784,1.7163070539419094
ID4_0016,ID,ID4,Site4,Meadow,IDxMeadow,2023-08-23 09:09:39.391,2023-08-23 09:09:49.435,00:00:10.044000,fly,Insecta,Diptera,Brachycera,#N/C,#N/C,#N/C,#N/C,#N/C,#N/C,8.4004979253112,5.45134854771784,1.7163070539419094
ID4_0017,ID,ID4,Site4,Meadow,IDxMeadow,2023-08-23 09:22:14.338,2023-08-23 09:22:52.797,00:00:38.459000,fly,Insecta,Diptera,Brachycera,#N/C,#N/C,#N/C,#N/C,#N/C,#N/C,8.4004979253112,5.45134854771784,1.7163070539419094
ID4_0018,ID,ID4,Site4,Meadow,IDxMeadow,2023-08-23 09:24:15.766,2023-08-23 09:24:31.444,00:00:15.678000,hoverfly,Insecta,Diptera,Brachycera,Muscomorpha,Syrphoidea,Syrphidae,Syrphinae,Episyrphus,balteatus,12.29572580645161,7.508467741935483,2.1483064516129025
ID4_0019,ID,ID4,Site4,Meadow,IDxMeadow,2023-08-23 09:25:00.933,2023-08-23 09:25:05.161,00:00:04.228000,fly,Insecta,Diptera,Brachycera,#N/C,#N/C,#N/C,#N/C,#N/C,#N/C,8.4004979253112,5.45134854771784,1.7163070539419094
ID4_0020,ID,ID4,Site4,Meadow,IDxMeadow,2023-08-23 09:25:23.507,2023-08-23 09:25:33.483,00:00:09.976000,hoverfly,Insecta,Diptera,Brachycera,Muscomorpha,Syrphoidea,Syrphidae,Syrphinae,Episyrphus,balteatus,12.29572580645161,7.508467741935483,2.1483064516129025
ID4_0021,ID,ID4,Site4,Meadow,IDxMeadow,2023-08-23 09:26:17.070,2023-08-23 09:26:19.917,00:00:02.847000,hoverfly,Insecta,Diptera,Brachycera,Muscomorpha,Syrphoidea,Syrphidae,Syrphinae,Episyrphus,balteatus,12.29572580645161,7.508467741935483,2.1483064516129025
ID4_0022,ID,ID4,Site4,Meadow,IDxMeadow,2023-08-23 09:26:26.972,2023-08-23 09:26:29.882,00:00:02.910000,hoverfly,Insecta,Diptera,Brachycera,Muscomorpha,Syrphoidea,Syrphidae,Syrphinae,Episyrphus,balteatus,12.29572580645161,7.508467741935483,2.1483064516129025
ID4_0023,ID,ID4,Site4,Meadow,IDxMeadow,2023-08-23 09:27:58.511,2023-08-23 09:28:08.455,00:00:09.944000,hoverfly,Insecta,Diptera,Brachycera,Muscomorpha,Syrphoidea,Syrphidae,Syrphinae,Episyrphus,balteatus,12.29572580645161,7.508467741935483,2.1483064516129025
ID4_0026,ID,ID4,Site4,Meadow,IDxMeadow,2023-08-23 09:31:58.603,2023-08-23 09:32:05.705,00:00:07.102000,flesh_fly,Insecta,Diptera,Brachycera,Muscomorpha,Oestroidea,Sarcophagidae,#N/C,#N/C,#N/C,8.696344827586204,5.522551724137931,1.7546666666666675
ID4_0027,ID,ID4,Site4,Meadow,IDxMeadow,2023-08-23 09:33:20.535,2023-08-23 09:34:27.905,00:01:07.370000,fly,Insecta,Diptera,Brachycera,#N/C,#N/C,#N/C,#N/C,#N/C,#N/C,8.4004979253112,5.45134854771784,1.7163070539419094
ID4_0028,ID,ID4,Site4,Meadow,IDxMeadow,2023-08-23 12:01:33.636,2023-08-23 12:02:05.250,00:00:31.614000,fly,Insecta,Diptera,Brachycera,#N/C,#N/C,#N/C,#N/C,#N/C,#N/C,8.4004979253112,5.45134854771784,1.7163070539419094
ID4_0029,ID,ID4,Site4,Meadow,IDxMeadow,2023-08-23 12:32:57.191,2023-08-23 12:33:04.384,00:00:07.193000,flesh_fly,Insecta,Diptera,Brachycera,Muscomorpha,Oestroidea,Sarcophagidae,#N/C,#N/C,#N/C,8.696344827586204,5.522551724137931,1.7546666666666675
ID4_0030,ID,ID4,Site4,Meadow,IDxMeadow,2023-08-23 13:32:23.457,2023-08-23 13:32:30.617,00:00:07.160000,bee,Insecta,Hymenoptera,Apocrita,Aculeata,Apoidea,#N/C,#N/C,#N/C,#N/C,64.4823076923077,8.925897435897436,3.27948717948718
ID4_0031,ID,ID4,Site4,Meadow,IDxMeadow,2023-08-23 14:02:48.931,2023-08-23 14:03:21.878,00:00:32.947000,flesh_fly,Insecta,Diptera,Brachycera,Muscomorpha,Oestroidea,Sarcophagidae,#N/C,#N/C,#N/C,8.696344827586204,5.522551724137931,1.7546666666666675
ID4_0032,ID,ID4,Site4,Meadow,IDxMeadow,2023-08-23 18:22:48.358,2023-08-23 18:23:47.058,00:00:58.700000,hoverfly,Insecta,Diptera,Brachycera,Muscomorpha,Syrphoidea,Syrphidae,Syrphinae,#N/C,#N/C,12.29572580645161,7.508467741935483,2.1483064516129025
ID4_0033,ID,ID4,Site4,Meadow,IDxMeadow,2023-08-23 18:24:04.091,2023-08-23 18:25:50.826,00:01:46.735000,hoverfly,Insecta,Diptera,Brachycera,Muscomorpha,Syrphoidea,Syrphidae,Syrphinae,#N/C,#N/C,12.29572580645161,7.508467741935483,2.1483064516129025
ID4_0034,ID,ID4,Site4,Meadow,IDxMeadow,2023-08-23 18:26:06.272,2023-08-23 18:26:12.011,00:00:05.739000,hoverfly,Insecta,Diptera,Brachycera,Muscomorpha,Syrphoidea,Syrphidae,Syrphinae,#N/C,#N/C,12.29572580645161,7.508467741935483,2.1483064516129025
ID4_0035,ID,ID4,Site4,Meadow,IDxMeadow,2023-08-23 18:26:48.727,2023-08-23 18:27:04.506,00:00:15.779000,hoverfly,Insecta,Diptera,Brachycera,Muscomorpha,Syrphoidea,Syrphidae,Syrphinae,#N/C,#N/C,12.29572580645161,7.508467741935483,2.1483064516129025
ID4_0038,ID,ID4,Site4,Meadow,IDxMeadow,2023-08-23 19:22:22.943,2023-08-23 19:22:44.855,00:00:21.912000,fly,Insecta,Diptera,Brachycera,#N/C,#N/C,#N/C,#N/C,#N/C,#N/C,8.4004979253112,5.45134854771784,1.7163070539419094
ID4_0039,ID,ID4,Site4,Meadow,IDxMeadow,2023-08-23 19:24:15.424,2023-08-23 19:24:19.797,00:00:04.373000,fly,Insecta,Diptera,Brachycera,#N/C,#N/C,#N/C,#N/C,#N/C,#N/C,8.4004979253112,5.45134854771784,1.7163070539419094
ID4_0041,ID,ID4,Site4,Meadow,IDxMeadow,2023-08-24 07:10:14.523,2023-08-24 07:10:43.042,00:00:28.519000,fly,Insecta,Diptera,Brachycera,#N/C,#N/C,#N/C,#N/C,#N/C,#N/C,8.4004979253112,5.45134854771784,1.7163070539419094
ID4_0042,ID,ID4,Site4,Meadow,IDxMeadow,2023-08-24 07:27:17.764,2023-08-24 07:31:07.943,00:03:50.179000,fly,Insecta,Diptera,Brachycera,#N/C,#N/C,#N/C,#N/C,#N/C,#N/C,8.4004979253112,5.45134854771784,1.7163070539419094
ID4_0043,ID,ID4,Site4,Meadow,IDxMeadow,2023-08-24 07:31:12.147,2023-08-24 07:37:38.708,00:06:26.561000,fly,Insecta,Diptera,Brachycera,#N/C,#N/C,#N/C,#N/C,#N/C,#N/C,8.4004979253112,5.45134854771784,1.7163070539419094
ID4_0044,ID,ID4,Site4,Meadow,IDxMeadow,2023-08-24 07:37:41.565,2023-08-24 07:40:34.788,00:02:53.223000,fly,Insecta,Diptera,Brachycera,#N/C,#N/C,#N/C,#N/C,#N/C,#N/C,8.4004979253112,5.45134854771784,1.7163070539419094
ID4_0045,ID,ID4,Site4,Meadow,IDxMeadow,2023-08-24 08:02:10.718,2023-08-24 08:07:50.778,00:05:40.060000,fly,Insecta,Diptera,Brachycera,#N/C,#N/C,#N/C,#N/C,#N/C,#N/C,8.4004979253112,5.45134854771784,1.7163070539419094
ID4_0046,ID,ID4,Site4,Meadow,IDxMeadow,2023-08-24 08:03:09.276,2023-08-24 08:07:35.099,00:04:25.823000,fly,Insecta,Diptera,Brachycera,#N/C,#N/C,#N/C,#N/C,#N/C,#N/C,8.4004979253112,5.45134854771784,1.7163070539419094
ID4_0047,ID,ID4,Site4,Meadow,IDxMeadow,2023-08-24 08:12:10.232,2023-08-24 08:12:14.525,00:00:04.293000,fly,Insecta,Diptera,Brachycera,#N/C,#N/C,#N/C,#N/C,#N/C,#N/C,8.4004979253112,5.45134854771784,1.7163070539419094
ID4_0048,ID,ID4,Site4,Meadow,IDxMeadow,2023-08-24 08:16:34.491,2023-08-24 08:16:47.411,00:00:12.920000,fly,Insecta,Diptera,Brachycera,#N/C,#N/C,#N/C,#N/C,#N/C,#N/C,8.4004979253112,5.45134854771784,1.7163070539419094
ID4_0049,ID,ID4,Site4,Meadow,IDxMeadow,2023-08-24 08:25:59.803,2023-08-24 08:27:55.445,00:01:55.642000,fly,Insecta,Diptera,Brachycera,#N/C,#N/C,#N/C,#N/C,#N/C,#N/C,8.4004979253112,5.45134854771784,1.7163070539419094
ID4_0050,ID,ID4,Site4,Meadow,IDxMeadow,2023-08-24 08:27:58.276,2023-08-24 08:28:44.943,00:00:46.667000,fly,Insecta,Diptera,Brachycera,#N/C,#N/C,#N/C,#N/C,#N/C,#N/C,8.4004979253112,5.45134854771784,1.7163070539419094
ID4_0051,ID,ID4,Site4,Meadow,IDxMeadow,2023-08-24 08:27:58.295,2023-08-24 08:29:26.757,00:01:28.462000,fly,Insecta,Diptera,Brachycera,#N/C,#N/C,#N/C,#N/C,#N/C,#N/C,8.4004979253112,5.45134854771784,1.7163070539419094
ID4_0052,ID,ID4,Site4,Meadow,IDxMeadow,2023-08-24 08:27:59.732,2023-08-24 08:30:56.438,00:02:56.706000,fly,Insecta,Diptera,Brachycera,#N/C,#N/C,#N/C,#N/C,#N/C,#N/C,8.4004979253112,5.45134854771784,1.7163070539419094
ID4_0053,ID,ID4,Site4,Meadow,IDxMeadow,2023-08-24 08:30:57.914,2023-08-24 08:31:26.854,00:00:28.940000,fly,Insecta,Diptera,Brachycera,#N/C,#N/C,#N/C,#N/C,#N/C,#N/C,8.4004979253112,5.45134854771784,1.7163070539419094
ID4_0054,ID,ID4,Site4,Meadow,IDxMeadow,2023-08-24 08:30:57.928,2023-08-24 08:31:26.868,00:00:28.940000,fly,Insecta,Diptera,Brachycera,#N/C,#N/C,#N/C,#N/C,#N/C,#N/C,8.4004979253112,5.45134854771784,1.7163070539419094
ID4_0055,ID,ID4,Site4,Meadow,IDxMeadow,2023-08-24 08:31:53.592,2023-08-24 08:32:25.292,00:00:31.700000,fly,Insecta,Diptera,Brachycera,#N/C,#N/C,#N/C,#N/C,#N/C,#N/C,8.4004979253112,5.45134854771784,1.7163070539419094
ID4_0056,ID,ID4,Site4,Meadow,IDxMeadow,2023-08-24 08:32:00.745,2023-08-24 08:33:03.116,00:01:02.371000,fly,Insecta,Diptera,Brachycera,#N/C,#N/C,#N/C,#N/C,#N/C,#N/C,8.4004979253112,5.45134854771784,1.7163070539419094
ID4_0057,ID,ID4,Site4,Meadow,IDxMeadow,2023-08-24 08:32:28.224,2023-08-24 08:33:01.670,00:00:33.446000,fly,Insecta,Diptera,Brachycera,#N/C,#N/C,#N/C,#N/C,#N/C,#N/C,8.4004979253112,5.45134854771784,1.7163070539419094
ID4_0058,ID,ID4,Site4,Meadow,IDxMeadow,2023-08-24 08:32:31.079,2023-08-24 08:32:38.552,00:00:07.473000,fly,Insecta,Diptera,Brachycera,#N/C,#N/C,#N/C,#N/C,#N/C,#N/C,8.4004979253112,5.45134854771784,1.7163070539419094
ID4_0059,ID,ID4,Site4,Meadow,IDxMeadow,2023-08-24 08:33:10.178,2023-08-24 08:40:34.996,00:07:24.818000,fly,Insecta,Diptera,Brachycera,#N/C,#N/C,#N/C,#N/C,#N/C,#N/C,8.4004979253112,5.45134854771784,1.7163070539419094
ID4_0060,ID,ID4,Site4,Meadow,IDxMeadow,2023-08-24 08:38:19.745,2023-08-24 08:38:24.043,00:00:04.298000,fly,Insecta,Diptera,Brachycera,#N/C,#N/C,#N/C,#N/C,#N/C,#N/C,8.4004979253112,5.45134854771784,1.7163070539419094
ID4_0061,ID,ID4,Site4,Meadow,IDxMeadow,2023-08-24 09:07:07.282,2023-08-24 09:07:12.988,00:00:05.706000,fly,Insecta,Diptera,Brachycera,#N/C,#N/C,#N/C,#N/C,#N/C,#N/C,8.4004979253112,5.45134854771784,1.7163070539419094
ID4_0062,ID,ID4,Site4,Meadow,IDxMeadow,2023-08-24 09:28:48.294,2023-08-24 09:29:09.693,00:00:21.399000,fly,Insecta,Diptera,Brachycera,#N/C,#N/C,#N/C,#N/C,#N/C,#N/C,8.4004979253112,5.45134854771784,1.7163070539419094
ID4_0063,ID,ID4,Site4,Meadow,IDxMeadow,2023-08-24 09:29:26.652,2023-08-24 09:29:30.905,00:00:04.253000,fly,Insecta,Diptera,Brachycera,#N/C,#N/C,#N/C,#N/C,#N/C,#N/C,8.4004979253112,5.45134854771784,1.7163070539419094
ID4_0064,ID,ID4,Site4,Meadow,IDxMeadow,2023-08-24 09:34:54.384,2023-08-24 09:35:17.337,00:00:22.953000,hoverfly,Insecta,Diptera,Brachycera,Muscomorpha,Syrphoidea,Syrphidae,Syrphinae,Episyrphus,balteatus,12.29572580645161,7.508467741935483,2.1483064516129025
ID4_0065,ID,ID4,Site4,Meadow,IDxMeadow,2023-08-24 09:35:18.734,2023-08-24 09:35:40.208,00:00:21.474000,hoverfly,Insecta,Diptera,Brachycera,Muscomorpha,Syrphoidea,Syrphidae,Syrphinae,Episyrphus,balteatus,12.29572580645161,7.508467741935483,2.1483064516129025
ID4_0066,ID,ID4,Site4,Meadow,IDxMeadow,2023-08-24 09:36:08.369,2023-08-24 09:36:31.184,00:00:22.815000,flesh_fly,Insecta,Diptera,Brachycera,Muscomorpha,Oestroidea,Sarcophagidae,#N/C,#N/C,#N/C,8.696344827586204,5.522551724137931,1.7546666666666675
ID4_0067,ID,ID4,Site4,Meadow,IDxMeadow,2023-08-24 09:36:34.028,2023-08-24 09:36:39.732,00:00:05.704000,flesh_fly,Insecta,Diptera,Brachycera,Muscomorpha,Oestroidea,Sarcophagidae,#N/C,#N/C,#N/C,8.696344827586204,5.522551724137931,1.7546666666666675
ID4_0068,ID,ID4,Site4,Meadow,IDxMeadow,2023-08-24 12:02:40.406,2023-08-24 12:02:54.691,00:00:14.285000,flesh_fly,Insecta,Diptera,Brachycera,Muscomorpha,Oestroidea,Sarcophagidae,#N/C,#N/C,#N/C,8.696344827586204,5.522551724137931,1.7546666666666675
ID4_0069,ID,ID4,Site4,Meadow,IDxMeadow,2023-08-24 12:03:27.205,2023-08-24 12:03:55.568,00:00:28.363000,beetle,Insecta,Coleoptera,#N/C,#N/C,#N/C,#N/C,#N/C,#N/C,#N/C,60.96164921465981,8.591989528795812,2.924581151832462
ID4_0070,ID,ID4,Site4,Meadow,IDxMeadow,2023-08-24 12:04:42.291,2023-08-24 12:04:53.679,00:00:11.388000,flesh_fly,Insecta,Diptera,Brachycera,Muscomorpha,Oestroidea,Sarcophagidae,#N/C,#N/C,#N/C,8.696344827586204,5.522551724137931,1.7546666666666675
ID4_0071,ID,ID4,Site4,Meadow,IDxMeadow,2023-08-24 13:01:37.115,2023-08-24 13:01:44.267,00:00:07.152000,flesh_fly,Insecta,Diptera,Brachycera,Muscomorpha,Oestroidea,Sarcophagidae,#N/C,#N/C,#N/C,8.696344827586204,5.522551724137931,1.7546666666666675
ID4_0072,ID,ID4,Site4,Meadow,IDxMeadow,2023-08-24 13:32:07.056,2023-08-24 13:32:32.679,00:00:25.623000,flesh_fly,Insecta,Diptera,Brachycera,Muscomorpha,Oestroidea,Sarcophagidae,#N/C,#N/C,#N/C,8.696344827586204,5.522551724137931,1.7546666666666675
ID4_0073,ID,ID4,Site4,Meadow,IDxMeadow,2023-08-24 13:37:39.434,2023-08-24 13:37:43.678,00:00:04.244000,fly,Insecta,Diptera,Brachycera,#N/C,#N/C,#N/C,#N/C,#N/C,#N/C,8.4004979253112,5.45134854771784,1.7163070539419094
ID4_0074,ID,ID4,Site4,Meadow,IDxMeadow,2023-08-24 17:13:45.422,2023-08-24 17:14:11.223,00:00:25.801000,other,Insecta,#N/C,#N/C,#N/C,#N/C,#N/C,#N/C,#N/C,#N/C,24.284088427947573,6.536784934497831,2.114448689956332
ID4_0075,ID,ID4,Site4,Meadow,IDxMeadow,2023-08-24 17:15:06.225,2023-08-24 17:15:09.058,00:00:02.833000,fly,Insecta,Diptera,Brachycera,#N/C,#N/C,#N/C,#N/C,#N/C,#N/C,8.4004979253112,5.45134854771784,1.7163070539419094
ID4_0076,ID,ID4,Site4,Meadow,IDxMeadow,2023-08-24 17:36:54.947,2023-08-24 17:37:53.522,00:00:58.575000,fly,Insecta,Diptera,Brachycera,#N/C,#N/C,#N/C,#N/C,#N/C,#N/C,8.4004979253112,5.45134854771784,1.7163070539419094
ID4_0077,ID,ID4,Site4,Meadow,IDxMeadow,2023-08-24 17:37:39.098,2023-08-24 17:37:54.965,00:00:15.867000,fly,Insecta,Diptera,Brachycera,#N/C,#N/C,#N/C,#N/C,#N/C,#N/C,8.4004979253112,5.45134854771784,1.7163070539419094
ID4_0080,ID,ID4,Site4,Meadow,IDxMeadow,2023-08-24 18:01:05.874,2023-08-24 18:02:11.818,00:01:05.944000,fly,Insecta,Diptera,Brachycera,#N/C,#N/C,#N/C,#N/C,#N/C,#N/C,8.4004979253112,5.45134854771784,1.7163070539419094
ID4_0081,ID,ID4,Site4,Meadow,IDxMeadow,2023-08-24 18:01:05.893,2023-08-24 18:01:14.732,00:00:08.839000,fly,Insecta,Diptera,Brachycera,#N/C,#N/C,#N/C,#N/C,#N/C,#N/C,8.4004979253112,5.45134854771784,1.7163070539419094
ID4_0082,ID,ID4,Site4,Meadow,IDxMeadow,2023-08-24 18:02:21.757,2023-08-24 18:02:46.038,00:00:24.281000,fly,Insecta,Diptera,Brachycera,#N/C,#N/C,#N/C,#N/C,#N/C,#N/C,8.4004979253112,5.45134854771784,1.7163070539419094
ID4_0083,ID,ID4,Site4,Meadow,IDxMeadow,2023-08-24 18:02:50.298,2023-08-24 18:02:56.088,00:00:05.790000,fly,Insecta,Diptera,Brachycera,#N/C,#N/C,#N/C,#N/C,#N/C,#N/C,8.4004979253112,5.45134854771784,1.7163070539419094
ID4_0084,ID,ID4,Site4,Meadow,IDxMeadow,2023-08-24 18:03:06.020,2023-08-24 18:03:21.668,00:00:15.648000,fly,Insecta,Diptera,Brachycera,#N/C,#N/C,#N/C,#N/C,#N/C,#N/C,8.4004979253112,5.45134854771784,1.7163070539419094
ID4_0085,ID,ID4,Site4,Meadow,IDxMeadow,2023-08-24 18:03:54.042,2023-08-24 18:04:22.626,00:00:28.584000,fly,Insecta,Diptera,Brachycera,#N/C,#N/C,#N/C,#N/C,#N/C,#N/C,8.4004979253112,5.45134854771784,1.7163070539419094
ID4_0086,ID,ID4,Site4,Meadow,IDxMeadow,2023-08-24 18:04:29.676,2023-08-24 18:04:46.746,00:00:17.070000,fly,Insecta,Diptera,Brachycera,#N/C,#N/C,#N/C,#N/C,#N/C,#N/C,8.4004979253112,5.45134854771784,1.7163070539419094
ID4_0087,ID,ID4,Site4,Meadow,IDxMeadow,2023-08-24 18:04:48.204,2023-08-24 18:04:56.857,00:00:08.653000,fly,Insecta,Diptera,Brachycera,#N/C,#N/C,#N/C,#N/C,#N/C,#N/C,8.4004979253112,5.45134854771784,1.7163070539419094
ID4_0088,ID,ID4,Site4,Meadow,IDxMeadow,2023-08-24 18:04:58.296,2023-08-24 18:05:25.463,00:00:27.167000,fly,Insecta,Diptera,Brachycera,#N/C,#N/C,#N/C,#N/C,#N/C,#N/C,8.4004979253112,5.45134854771784,1.7163070539419094
ID4_0089,ID,ID4,Site4,Meadow,IDxMeadow,2023-08-24 18:05:57.876,2023-08-24 18:06:03.655,00:00:05.779000,fly,Insecta,Diptera,Brachycera,#N/C,#N/C,#N/C,#N/C,#N/C,#N/C,8.4004979253112,5.45134854771784,1.7163070539419094
ID4_0090,ID,ID4,Site4,Meadow,IDxMeadow,2023-08-24 18:06:31.854,2023-08-24 18:06:36.085,00:00:04.231000,fly,Insecta,Diptera,Brachycera,#N/C,#N/C,#N/C,#N/C,#N/C,#N/C,8.4004979253112,5.45134854771784,1.7163070539419094
ID4_0091,ID,ID4,Site4,Meadow,IDxMeadow,2023-08-24 18:06:48.910,2023-08-24 18:06:51.766,00:00:02.856000,fly,Insecta,Diptera,Brachycera,#N/C,#N/C,#N/C,#N/C,#N/C,#N/C,8.4004979253112,5.45134854771784,1.7163070539419094
ID4_0092,ID,ID4,Site4,Meadow,IDxMeadow,2023-08-24 18:06:48.931,2023-08-24 18:06:51.802,00:00:02.871000,fly,Insecta,Diptera,Brachycera,#N/C,#N/C,#N/C,#N/C,#N/C,#N/C,8.4004979253112,5.45134854771784,1.7163070539419094
ID4_0093,ID,ID4,Site4,Meadow,IDxMeadow,2023-08-24 18:07:05.994,2023-08-24 18:07:28.855,00:00:22.861000,fly,Insecta,Diptera,Brachycera,#N/C,#N/C,#N/C,#N/C,#N/C,#N/C,8.4004979253112,5.45134854771784,1.7163070539419094
ID4_0094,ID,ID4,Site4,Meadow,IDxMeadow,2023-08-24 18:07:34.508,2023-08-24 18:07:38.785,00:00:04.277000,fly,Insecta,Diptera,Brachycera,#N/C,#N/C,#N/C,#N/C,#N/C,#N/C,8.4004979253112,5.45134854771784,1.7163070539419094
ID4_0095,ID,ID4,Site4,Meadow,IDxMeadow,2023-08-24 18:07:51.483,2023-08-24 18:08:02.847,00:00:11.364000,fly,Insecta,Diptera,Brachycera,#N/C,#N/C,#N/C,#N/C,#N/C,#N/C,8.4004979253112,5.45134854771784,1.7163070539419094
ID4_0096,ID,ID4,Site4,Meadow,IDxMeadow,2023-08-24 18:08:08.472,2023-08-24 18:08:11.312,00:00:02.840000,fly,Insecta,Diptera,Brachycera,#N/C,#N/C,#N/C,#N/C,#N/C,#N/C,8.4004979253112,5.45134854771784,1.7163070539419094
ID4_0097,ID,ID4,Site4,Meadow,IDxMeadow,2023-08-24 18:08:46.638,2023-08-24 18:08:56.745,00:00:10.107000,fly,Insecta,Diptera,Brachycera,#N/C,#N/C,#N/C,#N/C,#N/C,#N/C,8.4004979253112,5.45134854771784,1.7163070539419094
ID4_0098,ID,ID4,Site4,Meadow,IDxMeadow,2023-08-24 18:08:59.578,2023-08-24 18:09:16.777,00:00:17.199000,fly,Insecta,Diptera,Brachycera,#N/C,#N/C,#N/C,#N/C,#N/C,#N/C,8.4004979253112,5.45134854771784,1.7163070539419094
ID4_0099,ID,ID4,Site4,Meadow,IDxMeadow,2023-08-24 18:09:09.486,2023-08-24 18:09:32.896,00:00:23.410000,fly,Insecta,Diptera,Brachycera,#N/C,#N/C,#N/C,#N/C,#N/C,#N/C,8.4004979253112,5.45134854771784,1.7163070539419094
ID4_0100,ID,ID4,Site4,Meadow,IDxMeadow,2023-08-24 18:09:15.340,2023-08-24 18:09:28.561,00:00:13.221000,fly,Insecta,Diptera,Brachycera,#N/C,#N/C,#N/C,#N/C,#N/C,#N/C,8.4004979253112,5.45134854771784,1.7163070539419094
ID4_0101,ID,ID4,Site4,Meadow,IDxMeadow,2023-08-24 18:09:19.708,2023-08-24 18:09:32.918,00:00:13.210000,fly,Insecta,Diptera,Brachycera,#N/C,#N/C,#N/C,#N/C,#N/C,#N/C,8.4004979253112,5.45134854771784,1.7163070539419094
ID4_0102,ID,ID4,Site4,Meadow,IDxMeadow,2023-08-24 18:09:35.748,2023-08-24 18:09:39.995,00:00:04.247000,fly,Insecta,Diptera,Brachycera,#N/C,#N/C,#N/C,#N/C,#N/C,#N/C,8.4004979253112,5.45134854771784,1.7163070539419094
ID4_0103,ID,ID4,Site4,Meadow,IDxMeadow,2023-08-24 18:09:42.863,2023-08-24 18:09:55.803,00:00:12.940000,fly,Insecta,Diptera,Brachycera,#N/C,#N/C,#N/C,#N/C,#N/C,#N/C,8.4004979253112,5.45134854771784,1.7163070539419094
ID4_0104,ID,ID4,Site4,Meadow,IDxMeadow,2023-08-24 18:09:47.196,2023-08-24 18:09:51.472,00:00:04.276000,fly,Insecta,Diptera,Brachycera,#N/C,#N/C,#N/C,#N/C,#N/C,#N/C,8.4004979253112,5.45134854771784,1.7163070539419094
ID4_0105,ID,ID4,Site4,Meadow,IDxMeadow,2023-08-24 18:09:52.940,2023-08-24 18:10:02.973,00:00:10.033000,fly,Insecta,Diptera,Brachycera,#N/C,#N/C,#N/C,#N/C,#N/C,#N/C,8.4004979253112,5.45134854771784,1.7163070539419094
ID4_0106,ID,ID4,Site4,Meadow,IDxMeadow,2023-08-24 18:10:15.664,2023-08-24 18:10:25.761,00:00:10.097000,fly,Insecta,Diptera,Brachycera,#N/C,#N/C,#N/C,#N/C,#N/C,#N/C,8.4004979253112,5.45134854771784,1.7163070539419094
ID4_0107,ID,ID4,Site4,Meadow,IDxMeadow,2023-08-24 18:10:30.039,2023-08-24 18:10:35.774,00:00:05.735000,fly,Insecta,Diptera,Brachycera,#N/C,#N/C,#N/C,#N/C,#N/C,#N/C,8.4004979253112,5.45134854771784,1.7163070539419094
ID4_0108,ID,ID4,Site4,Meadow,IDxMeadow,2023-08-24 18:11:06.725,2023-08-24 18:11:13.819,00:00:07.094000,fly,Insecta,Diptera,Brachycera,#N/C,#N/C,#N/C,#N/C,#N/C,#N/C,8.4004979253112,5.45134854771784,1.7163070539419094
ID4_0109,ID,ID4,Site4,Meadow,IDxMeadow,2023-08-24 18:11:20.859,2023-08-24 18:11:35.194,00:00:14.335000,fly,Insecta,Diptera,Brachycera,#N/C,#N/C,#N/C,#N/C,#N/C,#N/C,8.4004979253112,5.45134854771784,1.7163070539419094
ID4_0110,ID,ID4,Site4,Meadow,IDxMeadow,2023-08-24 18:11:36.636,2023-08-24 18:11:39.465,00:00:02.829000,fly,Insecta,Diptera,Brachycera,#N/C,#N/C,#N/C,#N/C,#N/C,#N/C,8.4004979253112,5.45134854771784,1.7163070539419094
ID4_0111,ID,ID4,Site4,Meadow,IDxMeadow,2023-08-24 18:11:42.315,2023-08-24 18:11:49.458,00:00:07.143000,fly,Insecta,Diptera,Brachycera,#N/C,#N/C,#N/C,#N/C,#N/C,#N/C,8.4004979253112,5.45134854771784,1.7163070539419094
ID4_0112,ID,ID4,Site4,Meadow,IDxMeadow,2023-08-24 18:12:14.843,2023-08-24 18:12:22.037,00:00:07.194000,fly,Insecta,Diptera,Brachycera,#N/C,#N/C,#N/C,#N/C,#N/C,#N/C,8.4004979253112,5.45134854771784,1.7163070539419094
ID4_0113,ID,ID4,Site4,Meadow,IDxMeadow,2023-08-24 18:12:24.906,2023-08-24 18:12:27.777,00:00:02.871000,fly,Insecta,Diptera,Brachycera,#N/C,#N/C,#N/C,#N/C,#N/C,#N/C,8.4004979253112,5.45134854771784,1.7163070539419094
ID4_0115,ID,ID4,Site4,Meadow,IDxMeadow,2023-08-24 18:12:51.959,2023-08-24 18:13:24.737,00:00:32.778000,fly,Insecta,Diptera,Brachycera,#N/C,#N/C,#N/C,#N/C,#N/C,#N/C,8.4004979253112,5.45134854771784,1.7163070539419094
ID4_0116,ID,ID4,Site4,Meadow,IDxMeadow,2023-08-24 18:13:27.612,2023-08-24 18:13:34.713,00:00:07.101000,fly,Insecta,Diptera,Brachycera,#N/C,#N/C,#N/C,#N/C,#N/C,#N/C,8.4004979253112,5.45134854771784,1.7163070539419094
ID4_0117,ID,ID4,Site4,Meadow,IDxMeadow,2023-08-24 18:13:36.146,2023-08-24 18:13:46.058,00:00:09.912000,fly,Insecta,Diptera,Brachycera,#N/C,#N/C,#N/C,#N/C,#N/C,#N/C,8.4004979253112,5.45134854771784,1.7163070539419094
ID4_0118,ID,ID4,Site4,Meadow,IDxMeadow,2023-08-24 18:13:48.922,2023-08-24 18:14:11.674,00:00:22.752000,fly,Insecta,Diptera,Brachycera,#N/C,#N/C,#N/C,#N/C,#N/C,#N/C,8.4004979253112,5.45134854771784,1.7163070539419094
ID4_0119,ID,ID4,Site4,Meadow,IDxMeadow,2023-08-24 18:14:13.078,2023-08-24 18:14:25.918,00:00:12.840000,fly,Insecta,Diptera,Brachycera,#N/C,#N/C,#N/C,#N/C,#N/C,#N/C,8.4004979253112,5.45134854771784,1.7163070539419094
ID4_0121,ID,ID4,Site4,Meadow,IDxMeadow,2023-08-24 18:14:31.659,2023-08-24 18:15:06.907,00:00:35.248000,fly,Insecta,Diptera,Brachycera,#N/C,#N/C,#N/C,#N/C,#N/C,#N/C,8.4004979253112,5.45134854771784,1.7163070539419094
ID4_0122,ID,ID4,Site4,Meadow,IDxMeadow,2023-08-24 18:14:31.688,2023-08-24 18:14:46.269,00:00:14.581000,fly,Insecta,Diptera,Brachycera,#N/C,#N/C,#N/C,#N/C,#N/C,#N/C,8.4004979253112,5.45134854771784,1.7163070539419094
ID4_0123,ID,ID4,Site4,Meadow,IDxMeadow,2023-08-24 18:14:44.759,2023-08-24 18:15:36.918,00:00:52.159000,fly,Insecta,Diptera,Brachycera,#N/C,#N/C,#N/C,#N/C,#N/C,#N/C,8.4004979253112,5.45134854771784,1.7163070539419094
ID4_0124,ID,ID4,Site4,Meadow,IDxMeadow,2023-08-24 18:16:10.707,2023-08-24 18:16:22.237,00:00:11.530000,fly,Insecta,Diptera,Brachycera,#N/C,#N/C,#N/C,#N/C,#N/C,#N/C,8.4004979253112,5.45134854771784,1.7163070539419094
ID4_0125,ID,ID4,Site4,Meadow,IDxMeadow,2023-08-24 18:16:32.166,2023-08-24 18:16:39.278,00:00:07.112000,fly,Insecta,Diptera,Brachycera,#N/C,#N/C,#N/C,#N/C,#N/C,#N/C,8.4004979253112,5.45134854771784,1.7163070539419094
ID4_0126,ID,ID4,Site4,Meadow,IDxMeadow,2023-08-24 18:16:43.525,2023-08-24 18:16:47.766,00:00:04.241000,fly,Insecta,Diptera,Brachycera,#N/C,#N/C,#N/C,#N/C,#N/C,#N/C,8.4004979253112,5.45134854771784,1.7163070539419094
ID4_0127,ID,ID4,Site4,Meadow,IDxMeadow,2023-08-24 18:16:56.225,2023-08-24 18:17:06.261,00:00:10.036000,fly,Insecta,Diptera,Brachycera,#N/C,#N/C,#N/C,#N/C,#N/C,#N/C,8.4004979253112,5.45134854771784,1.7163070539419094
ID4_0128,ID,ID4,Site4,Meadow,IDxMeadow,2023-08-24 18:17:23.214,2023-08-24 18:17:27.472,00:00:04.258000,fly,Insecta,Diptera,Brachycera,#N/C,#N/C,#N/C,#N/C,#N/C,#N/C,8.4004979253112,5.45134854771784,1.7163070539419094
ID4_0129,ID,ID4,Site4,Meadow,IDxMeadow,2023-08-24 18:17:31.708,2023-08-24 18:17:41.652,00:00:09.944000,fly,Insecta,Diptera,Brachycera,#N/C,#N/C,#N/C,#N/C,#N/C,#N/C,8.4004979253112,5.45134854771784,1.7163070539419094
ID4_0130,ID,ID4,Site4,Meadow,IDxMeadow,2023-08-24 18:17:44.466,2023-08-24 18:17:55.950,00:00:11.484000,fly,Insecta,Diptera,Brachycera,#N/C,#N/C,#N/C,#N/C,#N/C,#N/C,8.4004979253112,5.45134854771784,1.7163070539419094
ID4_0131,ID,ID4,Site4,Meadow,IDxMeadow,2023-08-24 18:17:50.238,2023-08-24 18:17:54.538,00:00:04.300000,fly,Insecta,Diptera,Brachycera,#N/C,#N/C,#N/C,#N/C,#N/C,#N/C,8.4004979253112,5.45134854771784,1.7163070539419094
ID4_0132,ID,ID4,Site4,Meadow,IDxMeadow,2023-08-24 18:18:56.437,2023-08-24 18:18:59.277,00:00:02.840000,fly,Insecta,Diptera,Brachycera,#N/C,#N/C,#N/C,#N/C,#N/C,#N/C,8.4004979253112,5.45134854771784,1.7163070539419094
ID4_0133,ID,ID4,Site4,Meadow,IDxMeadow,2023-08-24 18:19:03.587,2023-08-24 18:19:10.731,00:00:07.144000,fly,Insecta,Diptera,Brachycera,#N/C,#N/C,#N/C,#N/C,#N/C,#N/C,8.4004979253112,5.45134854771784,1.7163070539419094
ID4_0134,ID,ID4,Site4,Meadow,IDxMeadow,2023-08-24 18:19:12.167,2023-08-24 18:19:17.847,00:00:05.680000,fly,Insecta,Diptera,Brachycera,#N/C,#N/C,#N/C,#N/C,#N/C,#N/C,8.4004979253112,5.45134854771784,1.7163070539419094
ID4_0135,ID,ID4,Site4,Meadow,IDxMeadow,2023-08-24 18:19:41.836,2023-08-24 18:19:55.147,00:00:13.311000,fly,Insecta,Diptera,Brachycera,#N/C,#N/C,#N/C,#N/C,#N/C,#N/C,8.4004979253112,5.45134854771784,1.7163070539419094
ID4_0136,ID,ID4,Site4,Meadow,IDxMeadow,2023-08-24 18:19:41.851,2023-08-24 18:20:09.376,00:00:27.525000,fly,Insecta,Diptera,Brachycera,#N/C,#N/C,#N/C,#N/C,#N/C,#N/C,8.4004979253112,5.45134854771784,1.7163070539419094
ID4_0137,ID,ID4,Site4,Meadow,IDxMeadow,2023-08-24 18:19:41.868,2023-08-24 18:19:55.201,00:00:13.333000,fly,Insecta,Diptera,Brachycera,#N/C,#N/C,#N/C,#N/C,#N/C,#N/C,8.4004979253112,5.45134854771784,1.7163070539419094
ID4_0138,ID,ID4,Site4,Meadow,IDxMeadow,2023-08-24 18:20:10.811,2023-08-24 18:20:36.588,00:00:25.777000,fly,Insecta,Diptera,Brachycera,#N/C,#N/C,#N/C,#N/C,#N/C,#N/C,8.4004979253112,5.45134854771784,1.7163070539419094
ID4_0139,ID,ID4,Site4,Meadow,IDxMeadow,2023-08-24 18:20:59.234,2023-08-24 18:21:13.489,00:00:14.255000,fly,Insecta,Diptera,Brachycera,#N/C,#N/C,#N/C,#N/C,#N/C,#N/C,8.4004979253112,5.45134854771784,1.7163070539419094
ID4_0140,ID,ID4,Site4,Meadow,IDxMeadow,2023-08-24 18:21:19.205,2023-08-24 18:22:05.022,00:00:45.817000,fly,Insecta,Diptera,Brachycera,#N/C,#N/C,#N/C,#N/C,#N/C,#N/C,8.4004979253112,5.45134854771784,1.7163070539419094
ID4_0141,ID,ID4,Site4,Meadow,IDxMeadow,2023-08-24 18:22:58.572,2023-08-24 18:23:31.922,00:00:33.350000,fly,Insecta,Diptera,Brachycera,#N/C,#N/C,#N/C,#N/C,#N/C,#N/C,8.4004979253112,5.45134854771784,1.7163070539419094
ID4_0142,ID,ID4,Site4,Meadow,IDxMeadow,2023-08-24 18:22:58.601,2023-08-24 18:23:18.934,00:00:20.333000,fly,Insecta,Diptera,Brachycera,#N/C,#N/C,#N/C,#N/C,#N/C,#N/C,8.4004979253112,5.45134854771784,1.7163070539419094
ID4_0143,ID,ID4,Site4,Meadow,IDxMeadow,2023-08-24 18:23:33.318,2023-08-24 18:23:38.999,00:00:05.681000,fly,Insecta,Diptera,Brachycera,#N/C,#N/C,#N/C,#N/C,#N/C,#N/C,8.4004979253112,5.45134854771784,1.7163070539419094
ID4_0144,ID,ID4,Site4,Meadow,IDxMeadow,2023-08-24 18:23:43.275,2023-08-24 18:24:11.966,00:00:28.691000,fly,Insecta,Diptera,Brachycera,#N/C,#N/C,#N/C,#N/C,#N/C,#N/C,8.4004979253112,5.45134854771784,1.7163070539419094
ID4_0145,ID,ID4,Site4,Meadow,IDxMeadow,2023-08-24 18:24:03.259,2023-08-24 18:24:11.992,00:00:08.733000,fly,Insecta,Diptera,Brachycera,#N/C,#N/C,#N/C,#N/C,#N/C,#N/C,8.4004979253112,5.45134854771784,1.7163070539419094
ID4_0146,ID,ID4,Site4,Meadow,IDxMeadow,2023-08-24 18:24:37.623,2023-08-24 18:24:51.797,00:00:14.174000,fly,Insecta,Diptera,Brachycera,#N/C,#N/C,#N/C,#N/C,#N/C,#N/C,8.4004979253112,5.45134854771784,1.7163070539419094
ID4_0147,ID,ID4,Site4,Meadow,IDxMeadow,2023-08-24 18:24:54.675,2023-08-24 18:25:04.578,00:00:09.903000,fly,Insecta,Diptera,Brachycera,#N/C,#N/C,#N/C,#N/C,#N/C,#N/C,8.4004979253112,5.45134854771784,1.7163070539419094
ID4_0148,ID,ID4,Site4,Meadow,IDxMeadow,2023-08-24 18:25:11.735,2023-08-24 18:26:08.226,00:00:56.491000,fly,Insecta,Diptera,Brachycera,#N/C,#N/C,#N/C,#N/C,#N/C,#N/C,8.4004979253112,5.45134854771784,1.7163070539419094
ID4_0150,ID,ID4,Site4,Meadow,IDxMeadow,2023-08-24 18:26:12.594,2023-08-24 18:26:27.044,00:00:14.450000,fly,Insecta,Diptera,Brachycera,#N/C,#N/C,#N/C,#N/C,#N/C,#N/C,8.4004979253112,5.45134854771784,1.7163070539419094
ID4_0151,ID,ID4,Site4,Meadow,IDxMeadow,2023-08-24 18:26:32.887,2023-08-24 18:27:11.927,00:00:39.040000,fly,Insecta,Diptera,Brachycera,#N/C,#N/C,#N/C,#N/C,#N/C,#N/C,8.4004979253112,5.45134854771784,1.7163070539419094
ID4_0152,ID,ID4,Site4,Meadow,IDxMeadow,2023-08-24 18:27:16.237,2023-08-24 18:28:25.908,00:01:09.671000,fly,Insecta,Diptera,Brachycera,#N/C,#N/C,#N/C,#N/C,#N/C,#N/C,8.4004979253112,5.45134854771784,1.7163070539419094
ID4_0153,ID,ID4,Site4,Meadow,IDxMeadow,2023-08-24 18:27:16.276,2023-08-24 18:27:19.179,00:00:02.903000,fly,Insecta,Diptera,Brachycera,#N/C,#N/C,#N/C,#N/C,#N/C,#N/C,8.4004979253112,5.45134854771784,1.7163070539419094
ID4_0154,ID,ID4,Site4,Meadow,IDxMeadow,2023-08-24 18:28:04.096,2023-08-24 18:28:09.975,00:00:05.879000,fly,Insecta,Diptera,Brachycera,#N/C,#N/C,#N/C,#N/C,#N/C,#N/C,8.4004979253112,5.45134854771784,1.7163070539419094
ID4_0155,ID,ID4,Site4,Meadow,IDxMeadow,2023-08-24 18:28:21.509,2023-08-24 18:28:24.446,00:00:02.937000,fly,Insecta,Diptera,Brachycera,#N/C,#N/C,#N/C,#N/C,#N/C,#N/C,8.4004979253112,5.45134854771784,1.7163070539419094
ID4_0156,ID,ID4,Site4,Meadow,IDxMeadow,2023-08-24 18:28:27.363,2023-08-24 18:28:33.229,00:00:05.866000,fly,Insecta,Diptera,Brachycera,#N/C,#N/C,#N/C,#N/C,#N/C,#N/C,8.4004979253112,5.45134854771784,1.7163070539419094
ID4_0157,ID,ID4,Site4,Meadow,IDxMeadow,2023-08-24 18:28:28.827,2023-08-24 18:28:39.007,00:00:10.180000,fly,Insecta,Diptera,Brachycera,#N/C,#N/C,#N/C,#N/C,#N/C,#N/C,8.4004979253112,5.45134854771784,1.7163070539419094
ID4_0158,ID,ID4,Site4,Meadow,IDxMeadow,2023-08-24 18:28:44.774,2023-08-24 18:29:13.641,00:00:28.867000,fly,Insecta,Diptera,Brachycera,#N/C,#N/C,#N/C,#N/C,#N/C,#N/C,8.4004979253112,5.45134854771784,1.7163070539419094
ID4_0159,ID,ID4,Site4,Meadow,IDxMeadow,2023-08-24 18:29:22.206,2023-08-24 18:30:52.907,00:01:30.701000,fly,Insecta,Diptera,Brachycera,#N/C,#N/C,#N/C,#N/C,#N/C,#N/C,8.4004979253112,5.45134854771784,1.7163070539419094
ID4_0160,ID,ID4,Site4,Meadow,IDxMeadow,2023-08-24 18:29:23.659,2023-08-24 18:29:28.210,00:00:04.551000,fly,Insecta,Diptera,Brachycera,#N/C,#N/C,#N/C,#N/C,#N/C,#N/C,8.4004979253112,5.45134854771784,1.7163070539419094
ID4_0161,ID,ID4,Site4,Meadow,IDxMeadow,2023-08-24 18:29:23.676,2023-08-24 18:30:02.505,00:00:38.829000,fly,Insecta,Diptera,Brachycera,#N/C,#N/C,#N/C,#N/C,#N/C,#N/C,8.4004979253112,5.45134854771784,1.7163070539419094
ID4_0162,ID,ID4,Site4,Meadow,IDxMeadow,2023-08-24 18:29:25.196,2023-08-24 18:30:27.829,00:01:02.633000,fly,Insecta,Diptera,Brachycera,#N/C,#N/C,#N/C,#N/C,#N/C,#N/C,8.4004979253112,5.45134854771784,1.7163070539419094
ID4_0163,ID,ID4,Site4,Meadow,IDxMeadow,2023-08-24 18:30:05.427,2023-08-24 18:30:27.846,00:00:22.419000,fly,Insecta,Diptera,Brachycera,#N/C,#N/C,#N/C,#N/C,#N/C,#N/C,8.4004979253112,5.45134854771784,1.7163070539419094
ID4_0164,ID,ID4,Site4,Meadow,IDxMeadow,2023-08-24 18:30:29.316,2023-08-24 18:30:52.938,00:00:23.622000,fly,Insecta,Diptera,Brachycera,#N/C,#N/C,#N/C,#N/C,#N/C,#N/C,8.4004979253112,5.45134854771784,1.7163070539419094
ID4_0165,ID,ID4,Site4,Meadow,IDxMeadow,2023-08-24 18:31:07.210,2023-08-24 18:31:18.939,00:00:11.729000,fly,Insecta,Diptera,Brachycera,#N/C,#N/C,#N/C,#N/C,#N/C,#N/C,8.4004979253112,5.45134854771784,1.7163070539419094
ID4_0166,ID,ID4,Site4,Meadow,IDxMeadow,2023-08-24 18:31:08.660,2023-08-24 18:31:17.494,00:00:08.834000,fly,Insecta,Diptera,Brachycera,#N/C,#N/C,#N/C,#N/C,#N/C,#N/C,8.4004979253112,5.45134854771784,1.7163070539419094
ID4_0167,ID,ID4,Site4,Meadow,IDxMeadow,2023-08-24 18:31:20.317,2023-08-24 18:32:09.966,00:00:49.649000,fly,Insecta,Diptera,Brachycera,#N/C,#N/C,#N/C,#N/C,#N/C,#N/C,8.4004979253112,5.45134854771784,1.7163070539419094
ID4_0168,ID,ID4,Site4,Meadow,IDxMeadow,2023-08-24 18:31:23.226,2023-08-24 18:31:26.099,00:00:02.873000,fly,Insecta,Diptera,Brachycera,#N/C,#N/C,#N/C,#N/C,#N/C,#N/C,8.4004979253112,5.45134854771784,1.7163070539419094
ID4_0169,ID,ID4,Site4,Meadow,IDxMeadow,2023-08-24 18:31:34.797,2023-08-24 18:32:05.538,00:00:30.741000,fly,Insecta,Diptera,Brachycera,#N/C,#N/C,#N/C,#N/C,#N/C,#N/C,8.4004979253112,5.45134854771784,1.7163070539419094
ID4_0170,ID,ID4,Site4,Meadow,IDxMeadow,2023-08-24 18:31:34.813,2023-08-24 18:32:05.567,00:00:30.754000,fly,Insecta,Diptera,Brachycera,#N/C,#N/C,#N/C,#N/C,#N/C,#N/C,8.4004979253112,5.45134854771784,1.7163070539419094
ID4_0171,ID,ID4,Site4,Meadow,IDxMeadow,2023-08-24 18:32:07.085,2023-08-24 18:32:17.195,00:00:10.110000,fly,Insecta,Diptera,Brachycera,#N/C,#N/C,#N/C,#N/C,#N/C,#N/C,8.4004979253112,5.45134854771784,1.7163070539419094
ID4_0173,ID,ID4,Site4,Meadow,IDxMeadow,2023-08-24 18:33:06.856,2023-08-24 18:33:47.399,00:00:40.543000,fly,Insecta,Diptera,Brachycera,#N/C,#N/C,#N/C,#N/C,#N/C,#N/C,8.4004979253112,5.45134854771784,1.7163070539419094
ID4_0174,ID,ID4,Site4,Meadow,IDxMeadow,2023-08-24 18:33:12.597,2023-08-24 18:33:32.922,00:00:20.325000,fly,Insecta,Diptera,Brachycera,#N/C,#N/C,#N/C,#N/C,#N/C,#N/C,8.4004979253112,5.45134854771784,1.7163070539419094
ID4_0175,ID,ID4,Site4,Meadow,IDxMeadow,2023-08-24 18:33:34.349,2023-08-24 18:33:47.433,00:00:13.084000,fly,Insecta,Diptera,Brachycera,#N/C,#N/C,#N/C,#N/C,#N/C,#N/C,8.4004979253112,5.45134854771784,1.7163070539419094
ID4_0176,ID,ID4,Site4,Meadow,IDxMeadow,2023-08-24 18:33:50.257,2023-08-24 18:34:46.737,00:00:56.480000,fly,Insecta,Diptera,Brachycera,#N/C,#N/C,#N/C,#N/C,#N/C,#N/C,8.4004979253112,5.45134854771784,1.7163070539419094
ID4_0177,ID,ID4,Site4,Meadow,IDxMeadow,2023-08-24 18:33:50.282,2023-08-24 18:34:46.747,00:00:56.465000,fly,Insecta,Diptera,Brachycera,#N/C,#N/C,#N/C,#N/C,#N/C,#N/C,8.4004979253112,5.45134854771784,1.7163070539419094
ID4_0178,ID,ID4,Site4,Meadow,IDxMeadow,2023-08-24 18:34:49.583,2023-08-24 18:35:03.909,00:00:14.326000,fly,Insecta,Diptera,Brachycera,#N/C,#N/C,#N/C,#N/C,#N/C,#N/C,8.4004979253112,5.45134854771784,1.7163070539419094
ID4_0179,ID,ID4,Site4,Meadow,IDxMeadow,2023-08-24 18:35:06.748,2023-08-24 18:35:49.061,00:00:42.313000,fly,Insecta,Diptera,Brachycera,#N/C,#N/C,#N/C,#N/C,#N/C,#N/C,8.4004979253112,5.45134854771784,1.7163070539419094
ID4_0180,ID,ID4,Site4,Meadow,IDxMeadow,2023-08-24 18:35:15.334,2023-08-24 18:36:12.249,00:00:56.915000,fly,Insecta,Diptera,Brachycera,#N/C,#N/C,#N/C,#N/C,#N/C,#N/C,8.4004979253112,5.45134854771784,1.7163070539419094
ID4_0181,ID,ID4,Site4,Meadow,IDxMeadow,2023-08-24 18:35:15.353,2023-08-24 18:35:54.879,00:00:39.526000,fly,Insecta,Diptera,Brachycera,#N/C,#N/C,#N/C,#N/C,#N/C,#N/C,8.4004979253112,5.45134854771784,1.7163070539419094
ID4_0182,ID,ID4,Site4,Meadow,IDxMeadow,2023-08-24 18:35:57.804,2023-08-24 18:36:42.819,00:00:45.015000,fly,Insecta,Diptera,Brachycera,#N/C,#N/C,#N/C,#N/C,#N/C,#N/C,8.4004979253112,5.45134854771784,1.7163070539419094
ID4_0183,ID,ID4,Site4,Meadow,IDxMeadow,2023-08-24 18:36:13.676,2023-08-24 18:36:38.496,00:00:24.820000,fly,Insecta,Diptera,Brachycera,#N/C,#N/C,#N/C,#N/C,#N/C,#N/C,8.4004979253112,5.45134854771784,1.7163070539419094
ID4_0184,ID,ID4,Site4,Meadow,IDxMeadow,2023-08-24 18:36:31.134,2023-08-24 18:38:13.712,00:01:42.578000,fly,Insecta,Diptera,Brachycera,#N/C,#N/C,#N/C,#N/C,#N/C,#N/C,8.4004979253112,5.45134854771784,1.7163070539419094
ID4_0185,ID,ID4,Site4,Meadow,IDxMeadow,2023-08-24 18:36:44.276,2023-08-24 18:37:24.854,00:00:40.578000,fly,Insecta,Diptera,Brachycera,#N/C,#N/C,#N/C,#N/C,#N/C,#N/C,8.4004979253112,5.45134854771784,1.7163070539419094
ID4_0186,ID,ID4,Site4,Meadow,IDxMeadow,2023-08-24 18:37:39.119,2023-08-24 18:40:35.856,00:02:56.737000,fly,Insecta,Diptera,Brachycera,#N/C,#N/C,#N/C,#N/C,#N/C,#N/C,8.4004979253112,5.45134854771784,1.7163070539419094
ID4_0187,ID,ID4,Site4,Meadow,IDxMeadow,2023-08-24 19:05:53.859,2023-08-24 19:06:02.395,00:00:08.536000,flesh_fly,Insecta,Diptera,Brachycera,Muscomorpha,Oestroidea,Sarcophagidae,#N/C,#N/C,#N/C,8.696344827586204,5.522551724137931,1.7546666666666675
ID4_0188,ID,ID4,Site4,Meadow,IDxMeadow,2023-08-25 07:10:53.643,2023-08-25 07:11:03.674,00:00:10.031000,hoverfly,Insecta,Diptera,Brachycera,Muscomorpha,Syrphoidea,Syrphidae,Syrphinae,Episyrphus,balteatus,12.29572580645161,7.508467741935483,2.1483064516129025
ID4_0190,ID,ID4,Site4,Meadow,IDxMeadow,2023-08-25 07:22:11.139,2023-08-25 07:23:03.916,00:00:52.777000,other,Insecta,#N/C,#N/C,#N/C,#N/C,#N/C,#N/C,#N/C,#N/C,24.284088427947573,6.536784934497831,2.114448689956332
ID4_0191,ID,ID4,Site4,Meadow,IDxMeadow,2023-08-25 08:01:46.448,2023-08-25 08:01:49.368,00:00:02.920000,flesh_fly,Insecta,Diptera,Brachycera,Muscomorpha,Oestroidea,Sarcophagidae,#N/C,#N/C,#N/C,8.696344827586204,5.522551724137931,1.7546666666666675
ID4_0192,ID,ID4,Site4,Meadow,IDxMeadow,2023-08-25 08:09:26.608,2023-08-25 08:09:30.855,00:00:04.247000,fly,Insecta,Diptera,Brachycera,#N/C,#N/C,#N/C,#N/C,#N/C,#N/C,8.4004979253112,5.45134854771784,1.7163070539419094
ID4_0193,ID,ID4,Site4,Meadow,IDxMeadow,2023-08-25 08:10:48.475,2023-08-25 08:10:52.727,00:00:04.252000,fly,Insecta,Diptera,Brachycera,#N/C,#N/C,#N/C,#N/C,#N/C,#N/C,8.4004979253112,5.45134854771784,1.7163070539419094
ID4_0194,ID,ID4,Site4,Meadow,IDxMeadow,2023-08-25 08:10:55.594,2023-08-25 08:13:02.476,00:02:06.882000,fly,Insecta,Diptera,Brachycera,#N/C,#N/C,#N/C,#N/C,#N/C,#N/C,8.4004979253112,5.45134854771784,1.7163070539419094
ID4_0195,ID,ID4,Site4,Meadow,IDxMeadow,2023-08-25 08:14:15.724,2023-08-25 08:14:37.253,00:00:21.529000,fly,Insecta,Diptera,Brachycera,#N/C,#N/C,#N/C,#N/C,#N/C,#N/C,8.4004979253112,5.45134854771784,1.7163070539419094
ID4_0196,ID,ID4,Site4,Meadow,IDxMeadow,2023-08-25 08:18:36.788,2023-08-25 08:19:00.998,00:00:24.210000,fly,Insecta,Diptera,Brachycera,#N/C,#N/C,#N/C,#N/C,#N/C,#N/C,8.4004979253112,5.45134854771784,1.7163070539419094
ID4_0197,ID,ID4,Site4,Meadow,IDxMeadow,2023-08-25 08:21:20.113,2023-08-25 08:22:10.009,00:00:49.896000,fly,Insecta,Diptera,Brachycera,#N/C,#N/C,#N/C,#N/C,#N/C,#N/C,8.4004979253112,5.45134854771784,1.7163070539419094
ID4_0198,ID,ID4,Site4,Meadow,IDxMeadow,2023-08-25 08:23:41.354,2023-08-25 08:23:45.705,00:00:04.351000,hoverfly,Insecta,Diptera,Brachycera,Muscomorpha,Syrphoidea,Syrphidae,Syrphinae,Episyrphus,balteatus,12.29572580645161,7.508467741935483,2.1483064516129025
ID4_0200,ID,ID4,Site4,Meadow,IDxMeadow,2023-08-25 08:33:03.976,2023-08-25 08:33:12.657,00:00:08.681000,fly,Insecta,Diptera,Brachycera,#N/C,#N/C,#N/C,#N/C,#N/C,#N/C,8.4004979253112,5.45134854771784,1.7163070539419094
ID4_0201,ID,ID4,Site4,Meadow,IDxMeadow,2023-08-25 09:00:42.068,2023-08-25 09:03:31.697,00:02:49.629000,fly,Insecta,Diptera,Brachycera,#N/C,#N/C,#N/C,#N/C,#N/C,#N/C,8.4004979253112,5.45134854771784,1.7163070539419094
ID4_0202,ID,ID4,Site4,Meadow,IDxMeadow,2023-08-25 12:38:39.804,2023-08-25 12:38:46.969,00:00:07.165000,fly,Insecta,Diptera,Brachycera,#N/C,#N/C,#N/C,#N/C,#N/C,#N/C,8.4004979253112,5.45134854771784,1.7163070539419094
ID4_0203,ID,ID4,Site4,Meadow,IDxMeadow,2023-08-25 13:03:38.918,2023-08-25 13:04:38.676,00:00:59.758000,fly,Insecta,Diptera,Brachycera,#N/C,#N/C,#N/C,#N/C,#N/C,#N/C,8.4004979253112,5.45134854771784,1.7163070539419094
ID4_0207,ID,ID4,Site4,Meadow,IDxMeadow,2023-08-25 17:14:34.592,2023-08-25 17:15:13.217,00:00:38.625000,flesh_fly,Insecta,Diptera,Brachycera,Muscomorpha,Oestroidea,Sarcophagidae,#N/C,#N/C,#N/C,8.696344827586204,5.522551724137931,1.7546666666666675
ID4_0208,ID,ID4,Site4,Meadow,IDxMeadow,2023-08-25 17:15:14.669,2023-08-25 17:16:15.022,00:01:00.353000,flesh_fly,Insecta,Diptera,Brachycera,Muscomorpha,Oestroidea,Sarcophagidae,#N/C,#N/C,#N/C,8.696344827586204,5.522551724137931,1.7546666666666675
ID4_0209,ID,ID4,Site4,Meadow,IDxMeadow,2023-08-25 17:16:17.854,2023-08-25 17:17:41.037,00:01:23.183000,flesh_fly,Insecta,Diptera,Brachycera,Muscomorpha,Oestroidea,Sarcophagidae,#N/C,#N/C,#N/C,8.696344827586204,5.522551724137931,1.7546666666666675
ID4_0210,ID,ID4,Site4,Meadow,IDxMeadow,2023-08-25 17:18:47.056,2023-08-25 17:19:05.576,00:00:18.520000,flesh_fly,Insecta,Diptera,Brachycera,Muscomorpha,Oestroidea,Sarcophagidae,#N/C,#N/C,#N/C,8.696344827586204,5.522551724137931,1.7546666666666675
ID4_0211,ID,ID4,Site4,Meadow,IDxMeadow,2023-08-25 17:30:03.443,2023-08-25 17:31:40.835,00:01:37.392000,flesh_fly,Insecta,Diptera,Brachycera,Muscomorpha,Oestroidea,Sarcophagidae,#N/C,#N/C,#N/C,8.696344827586204,5.522551724137931,1.7546666666666675
ID4_0212,ID,ID4,Site4,Meadow,IDxMeadow,2023-08-25 18:37:01.098,2023-08-25 18:37:06.901,00:00:05.803000,hoverfly,Insecta,Diptera,Brachycera,Muscomorpha,Syrphoidea,Syrphidae,Syrphinae,Episyrphus,balteatus,12.29572580645161,7.508467741935483,2.1483064516129025
ID4_0214,ID,ID4,Site4,Meadow,IDxMeadow,2023-08-26 07:01:02.656,2023-08-26 07:01:46.667,00:00:44.011000,fly,Insecta,Diptera,Brachycera,#N/C,#N/C,#N/C,#N/C,#N/C,#N/C,8.4004979253112,5.45134854771784,1.7163070539419094
ID4_0215,ID,ID4,Site4,Meadow,IDxMeadow,2023-08-26 07:09:11.184,2023-08-26 07:10:49.668,00:01:38.484000,fly,Insecta,Diptera,Brachycera,#N/C,#N/C,#N/C,#N/C,#N/C,#N/C,8.4004979253112,5.45134854771784,1.7163070539419094
ID4_0216,ID,ID4,Site4,Meadow,IDxMeadow,2023-08-26 07:10:53.968,2023-08-26 07:11:06.778,00:00:12.810000,fly,Insecta,Diptera,Brachycera,#N/C,#N/C,#N/C,#N/C,#N/C,#N/C,8.4004979253112,5.45134854771784,1.7163070539419094
ID4_0217,ID,ID4,Site4,Meadow,IDxMeadow,2023-08-26 07:14:19.954,2023-08-26 07:14:35.597,00:00:15.643000,fly,Insecta,Diptera,Brachycera,#N/C,#N/C,#N/C,#N/C,#N/C,#N/C,8.4004979253112,5.45134854771784,1.7163070539419094
ID4_0218,ID,ID4,Site4,Meadow,IDxMeadow,2023-08-26 07:34:59.772,2023-08-26 07:35:11.215,00:00:11.443000,fly,Insecta,Diptera,Brachycera,#N/C,#N/C,#N/C,#N/C,#N/C,#N/C,8.4004979253112,5.45134854771784,1.7163070539419094
ID4_0219,ID,ID4,Site4,Meadow,IDxMeadow,2023-08-26 07:35:16.892,2023-08-26 07:35:33.949,00:00:17.057000,fly,Insecta,Diptera,Brachycera,#N/C,#N/C,#N/C,#N/C,#N/C,#N/C,8.4004979253112,5.45134854771784,1.7163070539419094
ID4_0220,ID,ID4,Site4,Meadow,IDxMeadow,2023-08-26 08:02:47.265,2023-08-26 08:02:52.982,00:00:05.717000,fly,Insecta,Diptera,Brachycera,#N/C,#N/C,#N/C,#N/C,#N/C,#N/C,8.4004979253112,5.45134854771784,1.7163070539419094
ID4_0221,ID,ID4,Site4,Meadow,IDxMeadow,2023-08-26 08:03:53.372,2023-08-26 08:03:56.222,00:00:02.850000,fly,Insecta,Diptera,Brachycera,#N/C,#N/C,#N/C,#N/C,#N/C,#N/C,8.4004979253112,5.45134854771784,1.7163070539419094
ID4_0222,ID,ID4,Site4,Meadow,IDxMeadow,2023-08-26 08:11:52.242,2023-08-26 08:11:55.073,00:00:02.831000,fly,Insecta,Diptera,Brachycera,#N/C,#N/C,#N/C,#N/C,#N/C,#N/C,8.4004979253112,5.45134854771784,1.7163070539419094
ID4_0223,ID,ID4,Site4,Meadow,IDxMeadow,2023-08-26 08:11:56.457,2023-08-26 08:12:25.057,00:00:28.600000,fly,Insecta,Diptera,Brachycera,#N/C,#N/C,#N/C,#N/C,#N/C,#N/C,8.4004979253112,5.45134854771784,1.7163070539419094
ID4_0224,ID,ID4,Site4,Meadow,IDxMeadow,2023-08-26 08:15:30.699,2023-08-26 08:15:43.530,00:00:12.831000,fly,Insecta,Diptera,Brachycera,#N/C,#N/C,#N/C,#N/C,#N/C,#N/C,8.4004979253112,5.45134854771784,1.7163070539419094
ID4_0225,ID,ID4,Site4,Meadow,IDxMeadow,2023-08-26 09:00:42.648,2023-08-26 09:01:31.010,00:00:48.362000,fly,Insecta,Diptera,Brachycera,#N/C,#N/C,#N/C,#N/C,#N/C,#N/C,8.4004979253112,5.45134854771784,1.7163070539419094
ID4_0226,ID,ID4,Site4,Meadow,IDxMeadow,2023-08-26 09:05:51.284,2023-08-26 09:06:12.763,00:00:21.479000,hoverfly,Insecta,Diptera,Brachycera,Muscomorpha,Syrphoidea,Syrphidae,Syrphinae,Episyrphus,balteatus,12.29572580645161,7.508467741935483,2.1483064516129025
ID4_0227,ID,ID4,Site4,Meadow,IDxMeadow,2023-08-26 09:13:12.953,2023-08-26 09:14:09.857,00:00:56.904000,other,Insecta,#N/C,#N/C,#N/C,#N/C,#N/C,#N/C,#N/C,#N/C,24.284088427947573,6.536784934497831,2.114448689956332
ID4_0228,ID,ID4,Site4,Meadow,IDxMeadow,2023-08-26 09:31:53.948,2023-08-26 09:32:03.948,00:00:10,hoverfly,Insecta,Diptera,Brachycera,Muscomorpha,Syrphoidea,Syrphidae,Syrphinae,Episyrphus,balteatus,12.29572580645161,7.508467741935483,2.1483064516129025
ID4_0229,ID,ID4,Site4,Meadow,IDxMeadow,2023-08-26 09:35:29.487,2023-08-26 09:36:09.452,00:00:39.965000,fly,Insecta,Diptera,Brachycera,#N/C,#N/C,#N/C,#N/C,#N/C,#N/C,8.4004979253112,5.45134854771784,1.7163070539419094
ID4_0230,ID,ID4,Site4,Meadow,IDxMeadow,2023-08-26 12:01:22.327,2023-08-26 12:01:45.335,00:00:23.008000,hoverfly,Insecta,Diptera,Brachycera,Muscomorpha,Syrphoidea,Syrphidae,Syrphinae,Episyrphus,balteatus,12.29572580645161,7.508467741935483,2.1483064516129025
ID4_0232,ID,ID4,Site4,Meadow,IDxMeadow,2023-08-26 12:20:20.234,2023-08-26 12:20:48.943,00:00:28.709000,flesh_fly,Insecta,Diptera,Brachycera,Muscomorpha,Oestroidea,Sarcophagidae,#N/C,#N/C,#N/C,8.696344827586204,5.522551724137931,1.7546666666666675
ID4_0233,ID,ID4,Site4,Meadow,IDxMeadow,2023-08-26 12:26:14.518,2023-08-26 12:26:31.589,00:00:17.071000,fly,Insecta,Diptera,Brachycera,#N/C,#N/C,#N/C,#N/C,#N/C,#N/C,8.4004979253112,5.45134854771784,1.7163070539419094
ID4_0235,ID,ID4,Site4,Meadow,IDxMeadow,2023-08-26 13:12:31.245,2023-08-26 13:12:35.567,00:00:04.322000,fly,Insecta,Diptera,Brachycera,#N/C,#N/C,#N/C,#N/C,#N/C,#N/C,8.4004979253112,5.45134854771784,1.7163070539419094
ID4_0236,ID,ID4,Site4,Meadow,IDxMeadow,2023-08-26 13:18:17.074,2023-08-26 13:18:19.908,00:00:02.834000,flesh_fly,Insecta,Diptera,Brachycera,Muscomorpha,Oestroidea,Sarcophagidae,#N/C,#N/C,#N/C,8.696344827586204,5.522551724137931,1.7546666666666675
ID4_0237,ID,ID4,Site4,Meadow,IDxMeadow,2023-08-26 13:19:09.003,2023-08-26 13:19:50.414,00:00:41.411000,flesh_fly,Insecta,Diptera,Brachycera,Muscomorpha,Oestroidea,Sarcophagidae,#N/C,#N/C,#N/C,8.696344827586204,5.522551724137931,1.7546666666666675
ID4_0238,ID,ID4,Site4,Meadow,IDxMeadow,2023-08-26 13:33:18.107,2023-08-26 13:33:36.737,00:00:18.630000,hoverfly,Insecta,Diptera,Brachycera,Muscomorpha,Syrphoidea,Syrphidae,Syrphinae,Episyrphus,balteatus,12.29572580645161,7.508467741935483,2.1483064516129025
ID4_0240,ID,ID4,Site4,Meadow,IDxMeadow,2023-08-26 14:04:43.867,2023-08-26 14:05:15.432,00:00:31.565000,flesh_fly,Insecta,Diptera,Brachycera,Muscomorpha,Oestroidea,Sarcophagidae,#N/C,#N/C,#N/C,8.696344827586204,5.522551724137931,1.7546666666666675
ID4_0241,ID,ID4,Site4,Meadow,IDxMeadow,2023-08-26 14:05:19.644,2023-08-26 14:05:23.957,00:00:04.313000,flesh_fly,Insecta,Diptera,Brachycera,Muscomorpha,Oestroidea,Sarcophagidae,#N/C,#N/C,#N/C,8.696344827586204,5.522551724137931,1.7546666666666675
ID4_0242,ID,ID4,Site4,Meadow,IDxMeadow,2023-08-26 14:05:26.818,2023-08-26 14:05:55.485,00:00:28.667000,flesh_fly,Insecta,Diptera,Brachycera,Muscomorpha,Oestroidea,Sarcophagidae,#N/C,#N/C,#N/C,8.696344827586204,5.522551724137931,1.7546666666666675
ID4_0243,ID,ID4,Site4,Meadow,IDxMeadow,2023-08-26 14:06:01.194,2023-08-26 14:06:18.387,00:00:17.193000,flesh_fly,Insecta,Diptera,Brachycera,Muscomorpha,Oestroidea,Sarcophagidae,#N/C,#N/C,#N/C,8.696344827586204,5.522551724137931,1.7546666666666675
ID4_0244,ID,ID4,Site4,Meadow,IDxMeadow,2023-08-26 14:06:21.218,2023-08-26 14:06:38.476,00:00:17.258000,flesh_fly,Insecta,Diptera,Brachycera,Muscomorpha,Oestroidea,Sarcophagidae,#N/C,#N/C,#N/C,8.696344827586204,5.522551724137931,1.7546666666666675
ID4_0245,ID,ID4,Site4,Meadow,IDxMeadow,2023-08-26 14:10:41.964,2023-08-26 14:10:50.577,00:00:08.613000,bee,Insecta,Hymenoptera,Apocrita,Aculeata,Apoidea,#N/C,#N/C,#N/C,#N/C,64.4823076923077,8.925897435897436,3.27948717948718
ID4_0246,ID,ID4,Site4,Meadow,IDxMeadow,2023-08-26 14:23:47.977,2023-08-26 14:25:20.668,00:01:32.691000,fly,Insecta,Diptera,Brachycera,#N/C,#N/C,#N/C,#N/C,#N/C,#N/C,8.4004979253112,5.45134854771784,1.7163070539419094
ID4_0247,ID,ID4,Site4,Meadow,IDxMeadow,2023-08-26 18:01:38.703,2023-08-26 18:02:32.636,00:00:53.933000,fly,Insecta,Diptera,Brachycera,#N/C,#N/C,#N/C,#N/C,#N/C,#N/C,8.4004979253112,5.45134854771784,1.7163070539419094
ID4_0248,ID,ID4,Site4,Meadow,IDxMeadow,2023-08-26 18:16:18.276,2023-08-26 18:16:21.121,00:00:02.845000,fly,Insecta,Diptera,Brachycera,#N/C,#N/C,#N/C,#N/C,#N/C,#N/C,8.4004979253112,5.45134854771784,1.7163070539419094
ID4_0249,ID,ID4,Site4,Meadow,IDxMeadow,2023-08-26 19:03:20.274,2023-08-26 19:03:33.152,00:00:12.878000,fly,Insecta,Diptera,Brachycera,#N/C,#N/C,#N/C,#N/C,#N/C,#N/C,8.4004979253112,5.45134854771784,1.7163070539419094
ID4_0250,ID,ID4,Site4,Meadow,IDxMeadow,2023-08-27 07:18:36.834,2023-08-27 07:18:54.043,00:00:17.209000,fly,Insecta,Diptera,Brachycera,#N/C,#N/C,#N/C,#N/C,#N/C,#N/C,8.4004979253112,5.45134854771784,1.7163070539419094
ID4_0251,ID,ID4,Site4,Meadow,IDxMeadow,2023-08-27 07:19:26.573,2023-08-27 07:20:20.958,00:00:54.385000,fly,Insecta,Diptera,Brachycera,#N/C,#N/C,#N/C,#N/C,#N/C,#N/C,8.4004979253112,5.45134854771784,1.7163070539419094
ID4_0252,ID,ID4,Site4,Meadow,IDxMeadow,2023-08-27 07:29:53.958,2023-08-27 07:29:59.622,00:00:05.664000,fly,Insecta,Diptera,Brachycera,#N/C,#N/C,#N/C,#N/C,#N/C,#N/C,8.4004979253112,5.45134854771784,1.7163070539419094
ID4_0253,ID,ID4,Site4,Meadow,IDxMeadow,2023-08-27 07:35:19.360,2023-08-27 07:35:40.649,00:00:21.289000,fly,Insecta,Diptera,Brachycera,#N/C,#N/C,#N/C,#N/C,#N/C,#N/C,8.4004979253112,5.45134854771784,1.7163070539419094
ID4_0254,ID,ID4,Site4,Meadow,IDxMeadow,2023-08-27 07:36:13.083,2023-08-27 07:37:05.998,00:00:52.915000,fly,Insecta,Diptera,Brachycera,#N/C,#N/C,#N/C,#N/C,#N/C,#N/C,8.4004979253112,5.45134854771784,1.7163070539419094
ID4_0255,ID,ID4,Site4,Meadow,IDxMeadow,2023-08-27 07:37:08.812,2023-08-27 07:37:30.231,00:00:21.419000,fly,Insecta,Diptera,Brachycera,#N/C,#N/C,#N/C,#N/C,#N/C,#N/C,8.4004979253112,5.45134854771784,1.7163070539419094
ID4_0256,ID,ID4,Site4,Meadow,IDxMeadow,2023-08-27 08:02:48.054,2023-08-27 08:03:00.859,00:00:12.805000,fly,Insecta,Diptera,Brachycera,#N/C,#N/C,#N/C,#N/C,#N/C,#N/C,8.4004979253112,5.45134854771784,1.7163070539419094
ID4_0257,ID,ID4,Site4,Meadow,IDxMeadow,2023-08-27 08:08:23.244,2023-08-27 08:08:54.577,00:00:31.333000,fly,Insecta,Diptera,Brachycera,#N/C,#N/C,#N/C,#N/C,#N/C,#N/C,8.4004979253112,5.45134854771784,1.7163070539419094
ID4_0258,ID,ID4,Site4,Meadow,IDxMeadow,2023-08-27 08:14:54.953,2023-08-27 08:15:03.562,00:00:08.609000,fly,Insecta,Diptera,Brachycera,#N/C,#N/C,#N/C,#N/C,#N/C,#N/C,8.4004979253112,5.45134854771784,1.7163070539419094
ID4_0259,ID,ID4,Site4,Meadow,IDxMeadow,2023-08-27 08:18:57.225,2023-08-27 08:19:37.256,00:00:40.031000,fly,Insecta,Diptera,Brachycera,#N/C,#N/C,#N/C,#N/C,#N/C,#N/C,8.4004979253112,5.45134854771784,1.7163070539419094
ID4_0260,ID,ID4,Site4,Meadow,IDxMeadow,2023-08-27 08:19:40.099,2023-08-27 08:22:10.605,00:02:30.506000,fly,Insecta,Diptera,Brachycera,#N/C,#N/C,#N/C,#N/C,#N/C,#N/C,8.4004979253112,5.45134854771784,1.7163070539419094
ID4_0262,ID,ID4,Site4,Meadow,IDxMeadow,2023-08-27 08:37:30.679,2023-08-27 08:38:00.613,00:00:29.934000,fly,Insecta,Diptera,Brachycera,#N/C,#N/C,#N/C,#N/C,#N/C,#N/C,8.4004979253112,5.45134854771784,1.7163070539419094
ID4_0263,ID,ID4,Site4,Meadow,IDxMeadow,2023-08-27 09:40:25.594,2023-08-27 09:40:37.001,00:00:11.407000,fly,Insecta,Diptera,Brachycera,#N/C,#N/C,#N/C,#N/C,#N/C,#N/C,8.4004979253112,5.45134854771784,1.7163070539419094
ID4_0264,ID,ID4,Site4,Meadow,IDxMeadow,2023-08-27 12:40:23.921,2023-08-27 12:40:28.222,00:00:04.301000,hoverfly,Insecta,Diptera,Brachycera,Muscomorpha,Syrphoidea,Syrphidae,Syrphinae,Episyrphus,balteatus,12.29572580645161,7.508467741935483,2.1483064516129025
ID4_0265,ID,ID4,Site4,Meadow,IDxMeadow,2023-08-27 14:15:20.322,2023-08-27 14:15:24.613,00:00:04.291000,hoverfly,Insecta,Diptera,Brachycera,Muscomorpha,Syrphoidea,Syrphidae,Syrphinae,Episyrphus,balteatus,12.29572580645161,7.508467741935483,2.1483064516129025
ID4_0266,ID,ID4,Site4,Meadow,IDxMeadow,2023-08-27 14:39:58.397,2023-08-27 14:40:31.253,00:00:32.856000,fly,Insecta,Diptera,Brachycera,#N/C,#N/C,#N/C,#N/C,#N/C,#N/C,8.4004979253112,5.45134854771784,1.7163070539419094
ID4_0267,ID,ID4,Site4,Meadow,IDxMeadow,2023-08-27 17:19:15.620,2023-08-27 17:19:22.832,00:00:07.212000,fly,Insecta,Diptera,Brachycera,#N/C,#N/C,#N/C,#N/C,#N/C,#N/C,8.4004979253112,5.45134854771784,1.7163070539419094
ID4_0268,ID,ID4,Site4,Meadow,IDxMeadow,2023-08-27 18:07:16.172,2023-08-27 18:22:43.488,00:15:27.316000,fly,Insecta,Diptera,Brachycera,#N/C,#N/C,#N/C,#N/C,#N/C,#N/C,8.4004979253112,5.45134854771784,1.7163070539419094
ID4_0269,ID,ID4,Site4,Meadow,IDxMeadow,2023-08-27 19:38:12.559,2023-08-27 19:38:19.693,00:00:07.134000,fly,Insecta,Diptera,Brachycera,#N/C,#N/C,#N/C,#N/C,#N/C,#N/C,8.4004979253112,5.45134854771784,1.7163070539419094
ID4_0271,ID,ID4,Site4,Meadow,IDxMeadow,2023-08-28 08:00:55.982,2023-08-28 08:08:45.054,00:07:49.072000,fly,Insecta,Diptera,Brachycera,#N/C,#N/C,#N/C,#N/C,#N/C,#N/C,8.4004979253112,5.45134854771784,1.7163070539419094
ID4_0272,ID,ID4,Site4,Meadow,IDxMeadow,2023-08-28 08:10:12.438,2023-08-28 08:10:47.959,00:00:35.521000,fly,Insecta,Diptera,Brachycera,#N/C,#N/C,#N/C,#N/C,#N/C,#N/C,8.4004979253112,5.45134854771784,1.7163070539419094
ID4_0273,ID,ID4,Site4,Meadow,IDxMeadow,2023-08-28 08:11:16.201,2023-08-28 08:11:34.790,00:00:18.589000,fly,Insecta,Diptera,Brachycera,#N/C,#N/C,#N/C,#N/C,#N/C,#N/C,8.4004979253112,5.45134854771784,1.7163070539419094
ID4_0274,ID,ID4,Site4,Meadow,IDxMeadow,2023-08-28 08:25:53.381,2023-08-28 08:26:29.121,00:00:35.740000,fly,Insecta,Diptera,Brachycera,#N/C,#N/C,#N/C,#N/C,#N/C,#N/C,8.4004979253112,5.45134854771784,1.7163070539419094
ID4_0275,ID,ID4,Site4,Meadow,IDxMeadow,2023-08-28 09:03:10.436,2023-08-28 09:03:13.277,00:00:02.841000,fly,Insecta,Diptera,Brachycera,#N/C,#N/C,#N/C,#N/C,#N/C,#N/C,8.4004979253112,5.45134854771784,1.7163070539419094
ID4_0276,ID,ID4,Site4,Meadow,IDxMeadow,2023-08-28 09:03:16.110,2023-08-28 09:04:07.463,00:00:51.353000,fly,Insecta,Diptera,Brachycera,#N/C,#N/C,#N/C,#N/C,#N/C,#N/C,8.4004979253112,5.45134854771784,1.7163070539419094
ID4_0278,ID,ID4,Site4,Meadow,IDxMeadow,2023-08-28 12:14:46.989,2023-08-28 12:14:56.984,00:00:09.995000,fly,Insecta,Diptera,Brachycera,#N/C,#N/C,#N/C,#N/C,#N/C,#N/C,8.4004979253112,5.45134854771784,1.7163070539419094
ID4_0284,ID,ID4,Site4,Meadow,IDxMeadow,2023-08-28 13:03:28.570,2023-08-28 13:03:38.562,00:00:09.992000,fly,Insecta,Diptera,Brachycera,#N/C,#N/C,#N/C,#N/C,#N/C,#N/C,8.4004979253112,5.45134854771784,1.7163070539419094
ID4_0285,ID,ID4,Site4,Meadow,IDxMeadow,2023-08-28 13:03:44.283,2023-08-28 13:04:08.467,00:00:24.184000,fly,Insecta,Diptera,Brachycera,#N/C,#N/C,#N/C,#N/C,#N/C,#N/C,8.4004979253112,5.45134854771784,1.7163070539419094
ID4_0288,ID,ID4,Site4,Meadow,IDxMeadow,2023-08-28 14:09:48.520,2023-08-28 14:12:27.677,00:02:39.157000,fly,Insecta,Diptera,Brachycera,#N/C,#N/C,#N/C,#N/C,#N/C,#N/C,8.4004979253112,5.45134854771784,1.7163070539419094
ID4_0289,ID,ID4,Site4,Meadow,IDxMeadow,2023-08-28 14:14:41.098,2023-08-28 14:14:45.322,00:00:04.224000,fly,Insecta,Diptera,Brachycera,#N/C,#N/C,#N/C,#N/C,#N/C,#N/C,8.4004979253112,5.45134854771784,1.7163070539419094
ID4_0290,ID,ID4,Site4,Meadow,IDxMeadow,2023-08-28 14:14:48.200,2023-08-28 14:14:58.169,00:00:09.969000,fly,Insecta,Diptera,Brachycera,#N/C,#N/C,#N/C,#N/C,#N/C,#N/C,8.4004979253112,5.45134854771784,1.7163070539419094
ID4_0291,ID,ID4,Site4,Meadow,IDxMeadow,2023-08-28 14:15:03.786,2023-08-28 14:17:49.758,00:02:45.972000,fly,Insecta,Diptera,Brachycera,#N/C,#N/C,#N/C,#N/C,#N/C,#N/C,8.4004979253112,5.45134854771784,1.7163070539419094
ID4_0292,ID,ID4,Site4,Meadow,IDxMeadow,2023-08-28 14:19:11.173,2023-08-28 14:19:48.410,00:00:37.237000,fly,Insecta,Diptera,Brachycera,#N/C,#N/C,#N/C,#N/C,#N/C,#N/C,8.4004979253112,5.45134854771784,1.7163070539419094
ID4_0293,ID,ID4,Site4,Meadow,IDxMeadow,2023-08-28 14:19:45.489,2023-08-28 14:20:14.053,00:00:28.564000,fly,Insecta,Diptera,Brachycera,#N/C,#N/C,#N/C,#N/C,#N/C,#N/C,8.4004979253112,5.45134854771784,1.7163070539419094
ID4_0294,ID,ID4,Site4,Meadow,IDxMeadow,2023-08-28 14:25:13.448,2023-08-28 14:30:40.206,00:05:26.758000,fly,Insecta,Diptera,Brachycera,#N/C,#N/C,#N/C,#N/C,#N/C,#N/C,8.4004979253112,5.45134854771784,1.7163070539419094
ID4_0296,ID,ID4,Site4,Meadow,IDxMeadow,2023-08-30 17:01:23.273,2023-08-30 17:03:51.622,00:02:28.349000,fly,Insecta,Diptera,Brachycera,#N/C,#N/C,#N/C,#N/C,#N/C,#N/C,8.4004979253112,5.45134854771784,1.7163070539419094
ID4_0298,ID,ID4,Site4,Meadow,IDxMeadow,2023-08-30 17:03:55.868,2023-08-30 17:04:00.114,00:00:04.246000,fly,Insecta,Diptera,Brachycera,#N/C,#N/C,#N/C,#N/C,#N/C,#N/C,8.4004979253112,5.45134854771784,1.7163070539419094
ID4_0300,ID,ID4,Site4,Meadow,IDxMeadow,2023-08-30 17:14:37.191,2023-08-30 17:14:52.831,00:00:15.640000,fly,Insecta,Diptera,Brachycera,#N/C,#N/C,#N/C,#N/C,#N/C,#N/C,8.4004979253112,5.45134854771784,1.7163070539419094
ID4_0301,ID,ID4,Site4,Meadow,IDxMeadow,2023-08-30 17:15:02.702,2023-08-30 17:15:12.764,00:00:10.062000,fly,Insecta,Diptera,Brachycera,#N/C,#N/C,#N/C,#N/C,#N/C,#N/C,8.4004979253112,5.45134854771784,1.7163070539419094
ID4_0302,ID,ID4,Site4,Meadow,IDxMeadow,2023-08-30 17:15:08.469,2023-08-30 17:16:46.818,00:01:38.349000,fly,Insecta,Diptera,Brachycera,#N/C,#N/C,#N/C,#N/C,#N/C,#N/C,8.4004979253112,5.45134854771784,1.7163070539419094
ID4_0304,ID,ID4,Site4,Meadow,IDxMeadow,2023-08-30 18:00:50.302,2023-08-30 18:02:11.773,00:01:21.471000,hoverfly,Insecta,Diptera,Brachycera,Muscomorpha,Syrphoidea,Syrphidae,Syrphinae,Episyrphus,balteatus,12.29572580645161,7.508467741935483,2.1483064516129025
ID4_0305,ID,ID4,Site4,Meadow,IDxMeadow,2023-08-30 18:02:20.361,2023-08-30 18:02:27.491,00:00:07.130000,hoverfly,Insecta,Diptera,Brachycera,Muscomorpha,Syrphoidea,Syrphidae,Syrphinae,Episyrphus,balteatus,12.29572580645161,7.508467741935483,2.1483064516129025
ID4_0306,ID,ID4,Site4,Meadow,IDxMeadow,2023-08-30 18:02:28.933,2023-08-30 18:04:00.412,00:01:31.479000,hoverfly,Insecta,Diptera,Brachycera,Muscomorpha,Syrphoidea,Syrphidae,Syrphinae,Episyrphus,balteatus,12.29572580645161,7.508467741935483,2.1483064516129025
ID4_0307,ID,ID4,Site4,Meadow,IDxMeadow,2023-08-30 18:04:01.860,2023-08-30 18:04:36.244,00:00:34.384000,hoverfly,Insecta,Diptera,Brachycera,Muscomorpha,Syrphoidea,Syrphidae,Syrphinae,Episyrphus,balteatus,12.29572580645161,7.508467741935483,2.1483064516129025
ID4_0308,ID,ID4,Site4,Meadow,IDxMeadow,2023-08-30 18:04:43.272,2023-08-30 18:04:47.655,00:00:04.383000,hoverfly,Insecta,Diptera,Brachycera,Muscomorpha,Syrphoidea,Syrphidae,Syrphinae,Episyrphus,balteatus,12.29572580645161,7.508467741935483,2.1483064516129025
ID4_0309,ID,ID4,Site4,Meadow,IDxMeadow,2023-08-30 18:05:14.348,2023-08-30 18:08:46.494,00:03:32.146000,hoverfly,Insecta,Diptera,Brachycera,Muscomorpha,Syrphoidea,Syrphidae,Syrphinae,Episyrphus,balteatus,12.29572580645161,7.508467741935483,2.1483064516129025
ID4_0310,ID,ID4,Site4,Meadow,IDxMeadow,2023-08-30 18:07:34.240,2023-08-30 18:08:21.941,00:00:47.701000,fly,Insecta,Diptera,Brachycera,#N/C,#N/C,#N/C,#N/C,#N/C,#N/C,8.4004979253112,5.45134854771784,1.7163070539419094
ID4_0311,ID,ID4,Site4,Meadow,IDxMeadow,2023-08-30 18:08:23.394,2023-08-30 18:08:40.794,00:00:17.400000,fly,Insecta,Diptera,Brachycera,#N/C,#N/C,#N/C,#N/C,#N/C,#N/C,8.4004979253112,5.45134854771784,1.7163070539419094
ID4_0312,ID,ID4,Site4,Meadow,IDxMeadow,2023-08-30 18:08:52.177,2023-08-30 18:10:52.017,00:01:59.840000,hoverfly,Insecta,Diptera,Brachycera,Muscomorpha,Syrphoidea,Syrphidae,Syrphinae,Episyrphus,balteatus,12.29572580645161,7.508467741935483,2.1483064516129025
ID4_0313,ID,ID4,Site4,Meadow,IDxMeadow,2023-08-30 18:16:02.933,2023-08-30 18:16:07.247,00:00:04.314000,fly,Insecta,Diptera,Brachycera,#N/C,#N/C,#N/C,#N/C,#N/C,#N/C,8.4004979253112,5.45134854771784,1.7163070539419094
ID4_0314,ID,ID4,Site4,Meadow,IDxMeadow,2023-08-30 18:31:00.586,2023-08-30 18:31:10.582,00:00:09.996000,fly,Insecta,Diptera,Brachycera,#N/C,#N/C,#N/C,#N/C,#N/C,#N/C,8.4004979253112,5.45134854771784,1.7163070539419094
ID4_0315,ID,ID4,Site4,Meadow,IDxMeadow,2023-08-30 18:31:13.410,2023-08-30 18:31:19.053,00:00:05.643000,fly,Insecta,Diptera,Brachycera,#N/C,#N/C,#N/C,#N/C,#N/C,#N/C,8.4004979253112,5.45134854771784,1.7163070539419094
ID4_0316,ID,ID4,Site4,Meadow,IDxMeadow,2023-08-30 18:35:47.572,2023-08-30 18:36:34.831,00:00:47.259000,fly,Insecta,Diptera,Brachycera,#N/C,#N/C,#N/C,#N/C,#N/C,#N/C,8.4004979253112,5.45134854771784,1.7163070539419094
ID4_0317,ID,ID4,Site4,Meadow,IDxMeadow,2023-08-30 19:00:46.742,2023-08-30 19:01:17.127,00:00:30.385000,fly,Insecta,Diptera,Brachycera,#N/C,#N/C,#N/C,#N/C,#N/C,#N/C,8.4004979253112,5.45134854771784,1.7163070539419094
ID4_0318,ID,ID4,Site4,Meadow,IDxMeadow,2023-08-30 19:00:46.773,2023-08-30 19:02:17.329,00:01:30.556000,fly,Insecta,Diptera,Brachycera,#N/C,#N/C,#N/C,#N/C,#N/C,#N/C,8.4004979253112,5.45134854771784,1.7163070539419094
ID4_0319,ID,ID4,Site4,Meadow,IDxMeadow,2023-08-30 19:01:20.031,2023-08-30 19:01:25.762,00:00:05.731000,fly,Insecta,Diptera,Brachycera,#N/C,#N/C,#N/C,#N/C,#N/C,#N/C,8.4004979253112,5.45134854771784,1.7163070539419094
ID4_0320,ID,ID4,Site4,Meadow,IDxMeadow,2023-08-30 19:14:11.810,2023-08-30 19:14:26.023,00:00:14.213000,fly,Insecta,Diptera,Brachycera,#N/C,#N/C,#N/C,#N/C,#N/C,#N/C,8.4004979253112,5.45134854771784,1.7163070539419094
ID4_0321,ID,ID4,Site4,Meadow,IDxMeadow,2023-08-30 19:35:43.001,2023-08-30 19:35:50.069,00:00:07.068000,fly,Insecta,Diptera,Brachycera,#N/C,#N/C,#N/C,#N/C,#N/C,#N/C,8.4004979253112,5.45134854771784,1.7163070539419094
ID4_0322,ID,ID4,Site4,Meadow,IDxMeadow,2023-08-31 07:02:11.600,2023-08-31 07:03:35.736,00:01:24.136000,fly,Insecta,Diptera,Brachycera,#N/C,#N/C,#N/C,#N/C,#N/C,#N/C,8.4004979253112,5.45134854771784,1.7163070539419094
ID4_0323,ID,ID4,Site4,Meadow,IDxMeadow,2023-08-31 07:03:38.558,2023-08-31 07:03:58.481,00:00:19.923000,fly,Insecta,Diptera,Brachycera,#N/C,#N/C,#N/C,#N/C,#N/C,#N/C,8.4004979253112,5.45134854771784,1.7163070539419094
ID4_0324,ID,ID4,Site4,Meadow,IDxMeadow,2023-08-31 07:06:00.859,2023-08-31 07:06:05.120,00:00:04.261000,fly,Insecta,Diptera,Brachycera,#N/C,#N/C,#N/C,#N/C,#N/C,#N/C,8.4004979253112,5.45134854771784,1.7163070539419094
ID4_0325,ID,ID4,Site4,Meadow,IDxMeadow,2023-08-31 07:06:10.804,2023-08-31 07:06:27.907,00:00:17.103000,fly,Insecta,Diptera,Brachycera,#N/C,#N/C,#N/C,#N/C,#N/C,#N/C,8.4004979253112,5.45134854771784,1.7163070539419094
ID4_0326,ID,ID4,Site4,Meadow,IDxMeadow,2023-08-31 07:06:32.212,2023-08-31 07:06:37.925,00:00:05.713000,fly,Insecta,Diptera,Brachycera,#N/C,#N/C,#N/C,#N/C,#N/C,#N/C,8.4004979253112,5.45134854771784,1.7163070539419094
ID4_0327,ID,ID4,Site4,Meadow,IDxMeadow,2023-08-31 07:19:10.872,2023-08-31 07:19:25.183,00:00:14.311000,fly,Insecta,Diptera,Brachycera,#N/C,#N/C,#N/C,#N/C,#N/C,#N/C,8.4004979253112,5.45134854771784,1.7163070539419094
ID4_0328,ID,ID4,Site4,Meadow,IDxMeadow,2023-08-31 08:08:10.883,2023-08-31 08:08:27.867,00:00:16.984000,fly,Insecta,Diptera,Brachycera,#N/C,#N/C,#N/C,#N/C,#N/C,#N/C,8.4004979253112,5.45134854771784,1.7163070539419094
ID4_0329,ID,ID4,Site4,Meadow,IDxMeadow,2023-08-31 08:08:32.142,2023-08-31 08:09:38.993,00:01:06.851000,fly,Insecta,Diptera,Brachycera,#N/C,#N/C,#N/C,#N/C,#N/C,#N/C,8.4004979253112,5.45134854771784,1.7163070539419094
ID4_0330,ID,ID4,Site4,Meadow,IDxMeadow,2023-08-31 08:10:12.664,2023-08-31 08:10:49.559,00:00:36.895000,fly,Insecta,Diptera,Brachycera,#N/C,#N/C,#N/C,#N/C,#N/C,#N/C,8.4004979253112,5.45134854771784,1.7163070539419094
ID4_0331,ID,ID4,Site4,Meadow,IDxMeadow,2023-08-31 08:15:12.444,2023-08-31 08:21:45.544,00:06:33.100000,fly,Insecta,Diptera,Brachycera,#N/C,#N/C,#N/C,#N/C,#N/C,#N/C,8.4004979253112,5.45134854771784,1.7163070539419094
ID4_0333,ID,ID4,Site4,Meadow,IDxMeadow,2023-08-31 08:38:26.732,2023-08-31 08:39:24.993,00:00:58.261000,fly,Insecta,Diptera,Brachycera,#N/C,#N/C,#N/C,#N/C,#N/C,#N/C,8.4004979253112,5.45134854771784,1.7163070539419094
ID4_0336,ID,ID4,Site4,Meadow,IDxMeadow,2023-08-31 09:26:55.951,2023-08-31 09:27:03.072,00:00:07.121000,fly,Insecta,Diptera,Brachycera,#N/C,#N/C,#N/C,#N/C,#N/C,#N/C,8.4004979253112,5.45134854771784,1.7163070539419094
ID4_0337,ID,ID4,Site4,Meadow,IDxMeadow,2023-08-31 12:00:44.059,2023-08-31 12:01:16.893,00:00:32.834000,flesh_fly,Insecta,Diptera,Brachycera,Muscomorpha,Oestroidea,Sarcophagidae,#N/C,#N/C,#N/C,8.696344827586204,5.522551724137931,1.7546666666666675
ID4_0338,ID,ID4,Site4,Meadow,IDxMeadow,2023-08-31 13:00:46.124,2023-08-31 13:01:20.144,00:00:34.020000,hoverfly,Insecta,Diptera,Brachycera,Muscomorpha,Syrphoidea,Syrphidae,Syrphinae,Episyrphus,balteatus,12.29572580645161,7.508467741935483,2.1483064516129025
ID4_0339,ID,ID4,Site4,Meadow,IDxMeadow,2023-08-31 13:01:21.574,2023-08-31 13:05:10.961,00:03:49.387000,hoverfly,Insecta,Diptera,Brachycera,Muscomorpha,Syrphoidea,Syrphidae,Syrphinae,Episyrphus,balteatus,12.29572580645161,7.508467741935483,2.1483064516129025
ID4_0340,ID,ID4,Site4,Meadow,IDxMeadow,2023-08-31 13:05:15.211,2023-08-31 13:05:19.575,00:00:04.364000,hoverfly,Insecta,Diptera,Brachycera,Muscomorpha,Syrphoidea,Syrphidae,Syrphinae,Episyrphus,balteatus,12.29572580645161,7.508467741935483,2.1483064516129025
ID4_0341,ID,ID4,Site4,Meadow,IDxMeadow,2023-08-31 13:05:23.888,2023-08-31 13:05:32.373,00:00:08.485000,hoverfly,Insecta,Diptera,Brachycera,Muscomorpha,Syrphoidea,Syrphidae,Syrphinae,Episyrphus,balteatus,12.29572580645161,7.508467741935483,2.1483064516129025
ID4_0342,ID,ID4,Site4,Meadow,IDxMeadow,2023-08-31 13:05:35.205,2023-08-31 13:05:49.444,00:00:14.239000,hoverfly,Insecta,Diptera,Brachycera,Muscomorpha,Syrphoidea,Syrphidae,Syrphinae,Episyrphus,balteatus,12.29572580645161,7.508467741935483,2.1483064516129025
ID4_0343,ID,ID4,Site4,Meadow,IDxMeadow,2023-08-31 13:05:52.260,2023-08-31 13:06:59.174,00:01:06.914000,hoverfly,Insecta,Diptera,Brachycera,Muscomorpha,Syrphoidea,Syrphidae,Syrphinae,Episyrphus,balteatus,12.29572580645161,7.508467741935483,2.1483064516129025
ID4_0344,ID,ID4,Site4,Meadow,IDxMeadow,2023-08-31 13:10:29.539,2023-08-31 13:10:42.398,00:00:12.859000,fly,Insecta,Diptera,Brachycera,#N/C,#N/C,#N/C,#N/C,#N/C,#N/C,8.4004979253112,5.45134854771784,1.7163070539419094
ID4_0345,ID,ID4,Site4,Meadow,IDxMeadow,2023-08-31 13:16:43.115,2023-08-31 13:17:28.724,00:00:45.609000,other,Insecta,#N/C,#N/C,#N/C,#N/C,#N/C,#N/C,#N/C,#N/C,24.284088427947573,6.536784934497831,2.114448689956332
ID4_0346,ID,ID4,Site4,Meadow,IDxMeadow,2023-08-31 14:19:12.372,2023-08-31 14:19:36.863,00:00:24.491000,fly,Insecta,Diptera,Brachycera,#N/C,#N/C,#N/C,#N/C,#N/C,#N/C,8.4004979253112,5.45134854771784,1.7163070539419094
ID4_0347,ID,ID4,Site4,Meadow,IDxMeadow,2023-08-31 14:19:23.813,2023-08-31 14:20:35.563,00:01:11.750000,fly,Insecta,Diptera,Brachycera,#N/C,#N/C,#N/C,#N/C,#N/C,#N/C,8.4004979253112,5.45134854771784,1.7163070539419094
ID4_0348,ID,ID4,Site4,Meadow,IDxMeadow,2023-08-31 14:20:39.764,2023-08-31 14:21:31.122,00:00:51.358000,fly,Insecta,Diptera,Brachycera,#N/C,#N/C,#N/C,#N/C,#N/C,#N/C,8.4004979253112,5.45134854771784,1.7163070539419094
ID4_0350,ID,ID4,Site4,Meadow,IDxMeadow,2023-08-31 17:18:17.050,2023-08-31 17:18:37.071,00:00:20.021000,fly,Insecta,Diptera,Brachycera,#N/C,#N/C,#N/C,#N/C,#N/C,#N/C,8.4004979253112,5.45134854771784,1.7163070539419094
ID4_0351,ID,ID4,Site4,Meadow,IDxMeadow,2023-08-31 17:18:39.848,2023-08-31 17:18:48.431,00:00:08.583000,fly,Insecta,Diptera,Brachycera,#N/C,#N/C,#N/C,#N/C,#N/C,#N/C,8.4004979253112,5.45134854771784,1.7163070539419094
ID4_0352,ID,ID4,Site4,Meadow,IDxMeadow,2023-08-31 17:18:49.873,2023-08-31 17:18:57.023,00:00:07.150000,fly,Insecta,Diptera,Brachycera,#N/C,#N/C,#N/C,#N/C,#N/C,#N/C,8.4004979253112,5.45134854771784,1.7163070539419094
ID4_0353,ID,ID4,Site4,Meadow,IDxMeadow,2023-08-31 18:00:43.456,2023-08-31 18:01:01.943,00:00:18.487000,fly,Insecta,Diptera,Brachycera,#N/C,#N/C,#N/C,#N/C,#N/C,#N/C,8.4004979253112,5.45134854771784,1.7163070539419094
ID4_0354,ID,ID4,Site4,Meadow,IDxMeadow,2023-08-31 18:02:12.428,2023-08-31 18:03:42.288,00:01:29.860000,fly,Insecta,Diptera,Brachycera,#N/C,#N/C,#N/C,#N/C,#N/C,#N/C,8.4004979253112,5.45134854771784,1.7163070539419094
ID4_0355,ID,ID4,Site4,Meadow,IDxMeadow,2023-08-31 18:03:43.700,2023-08-31 18:04:07.821,00:00:24.121000,fly,Insecta,Diptera,Brachycera,#N/C,#N/C,#N/C,#N/C,#N/C,#N/C,8.4004979253112,5.45134854771784,1.7163070539419094
ID4_0356,ID,ID4,Site4,Meadow,IDxMeadow,2023-08-31 18:13:04.284,2023-08-31 18:13:44.121,00:00:39.837000,hoverfly,Insecta,Diptera,Brachycera,Muscomorpha,Syrphoidea,Syrphidae,Syrphinae,Episyrphus,balteatus,12.29572580645161,7.508467741935483,2.1483064516129025
ID4_0357,ID,ID4,Site4,Meadow,IDxMeadow,2023-08-31 18:14:20.764,2023-08-31 18:15:16.320,00:00:55.556000,fly,Insecta,Diptera,Brachycera,#N/C,#N/C,#N/C,#N/C,#N/C,#N/C,8.4004979253112,5.45134854771784,1.7163070539419094
ID4_0358,ID,ID4,Site4,Meadow,IDxMeadow,2023-08-31 18:15:17.745,2023-08-31 18:15:23.449,00:00:05.704000,fly,Insecta,Diptera,Brachycera,#N/C,#N/C,#N/C,#N/C,#N/C,#N/C,8.4004979253112,5.45134854771784,1.7163070539419094
ID4_0359,ID,ID4,Site4,Meadow,IDxMeadow,2023-08-31 18:15:26.238,2023-08-31 18:15:30.457,00:00:04.219000,fly,Insecta,Diptera,Brachycera,#N/C,#N/C,#N/C,#N/C,#N/C,#N/C,8.4004979253112,5.45134854771784,1.7163070539419094
ID4_0360,ID,ID4,Site4,Meadow,IDxMeadow,2023-08-31 18:17:21.450,2023-08-31 18:32:01.741,00:14:40.291000,hoverfly,Insecta,Diptera,Brachycera,Muscomorpha,Syrphoidea,Syrphidae,Syrphinae,Episyrphus,balteatus,12.29572580645161,7.508467741935483,2.1483064516129025
ID4_0361,ID,ID4,Site4,Meadow,IDxMeadow,2023-08-31 18:18:24.543,2023-08-31 18:18:40.486,00:00:15.943000,fly,Insecta,Diptera,Brachycera,#N/C,#N/C,#N/C,#N/C,#N/C,#N/C,8.4004979253112,5.45134854771784,1.7163070539419094
ID4_0362,ID,ID4,Site4,Meadow,IDxMeadow,2023-08-31 18:22:57.240,2023-08-31 18:23:10.312,00:00:13.072000,fly,Insecta,Diptera,Brachycera,#N/C,#N/C,#N/C,#N/C,#N/C,#N/C,8.4004979253112,5.45134854771784,1.7163070539419094
ID4_0363,ID,ID4,Site4,Meadow,IDxMeadow,2023-08-31 18:32:04.546,2023-08-31 18:33:33.010,00:01:28.464000,hoverfly,Insecta,Diptera,Brachycera,Muscomorpha,Syrphoidea,Syrphidae,Syrphinae,Episyrphus,balteatus,12.29572580645161,7.508467741935483,2.1483064516129025
ID4_0364,ID,ID4,Site4,Meadow,IDxMeadow,2023-08-31 18:33:34.400,2023-08-31 18:33:40.146,00:00:05.746000,hoverfly,Insecta,Diptera,Brachycera,Muscomorpha,Syrphoidea,Syrphidae,Syrphinae,Episyrphus,balteatus,12.29572580645161,7.508467741935483,2.1483064516129025
ID4_0365,ID,ID4,Site4,Meadow,IDxMeadow,2023-08-31 18:33:41.574,2023-08-31 18:36:50.871,00:03:09.297000,hoverfly,Insecta,Diptera,Brachycera,Muscomorpha,Syrphoidea,Syrphidae,Syrphinae,Episyrphus,balteatus,12.29572580645161,7.508467741935483,2.1483064516129025
ID4_0366,ID,ID4,Site4,Meadow,IDxMeadow,2023-08-31 18:35:34.395,2023-08-31 18:36:20.646,00:00:46.251000,fly,Insecta,Diptera,Brachycera,#N/C,#N/C,#N/C,#N/C,#N/C,#N/C,8.4004979253112,5.45134854771784,1.7163070539419094
ID4_0367,ID,ID4,Site4,Meadow,IDxMeadow,2023-08-31 18:36:23.590,2023-08-31 18:36:39.483,00:00:15.893000,fly,Insecta,Diptera,Brachycera,#N/C,#N/C,#N/C,#N/C,#N/C,#N/C,8.4004979253112,5.45134854771784,1.7163070539419094
ID4_0368,ID,ID4,Site4,Meadow,IDxMeadow,2023-08-31 18:37:09.223,2023-08-31 18:37:19.233,00:00:10.010000,fly,Insecta,Diptera,Brachycera,#N/C,#N/C,#N/C,#N/C,#N/C,#N/C,8.4004979253112,5.45134854771784,1.7163070539419094
ID4_0369,ID,ID4,Site4,Meadow,IDxMeadow,2023-08-31 18:37:24.918,2023-08-31 18:38:09.094,00:00:44.176000,fly,Insecta,Diptera,Brachycera,#N/C,#N/C,#N/C,#N/C,#N/C,#N/C,8.4004979253112,5.45134854771784,1.7163070539419094
ID4_0370,ID,ID4,Site4,Meadow,IDxMeadow,2023-08-31 18:38:13.353,2023-08-31 18:39:11.573,00:00:58.220000,fly,Insecta,Diptera,Brachycera,#N/C,#N/C,#N/C,#N/C,#N/C,#N/C,8.4004979253112,5.45134854771784,1.7163070539419094
ID4_0371,ID,ID4,Site4,Meadow,IDxMeadow,2023-08-31 18:39:14.349,2023-08-31 18:40:39.665,00:01:25.316000,fly,Insecta,Diptera,Brachycera,#N/C,#N/C,#N/C,#N/C,#N/C,#N/C,8.4004979253112,5.45134854771784,1.7163070539419094
ID4_0372,ID,ID4,Site4,Meadow,IDxMeadow,2023-08-31 19:02:41.914,2023-08-31 19:05:30.335,00:02:48.421000,fly,Insecta,Diptera,Brachycera,#N/C,#N/C,#N/C,#N/C,#N/C,#N/C,8.4004979253112,5.45134854771784,1.7163070539419094
ID4_0373,ID,ID4,Site4,Meadow,IDxMeadow,2023-08-31 19:05:31.733,2023-08-31 19:06:38.553,00:01:06.820000,fly,Insecta,Diptera,Brachycera,#N/C,#N/C,#N/C,#N/C,#N/C,#N/C,8.4004979253112,5.45134854771784,1.7163070539419094
ID4_0374,ID,ID4,Site4,Meadow,IDxMeadow,2023-08-31 19:14:04.054,2023-08-31 19:16:08.694,00:02:04.640000,fly,Insecta,Diptera,Brachycera,#N/C,#N/C,#N/C,#N/C,#N/C,#N/C,8.4004979253112,5.45134854771784,1.7163070539419094
ID4_0375,ID,ID4,Site4,Meadow,IDxMeadow,2023-08-31 19:17:45.318,2023-08-31 19:18:02.352,00:00:17.034000,fly,Insecta,Diptera,Brachycera,#N/C,#N/C,#N/C,#N/C,#N/C,#N/C,8.4004979253112,5.45134854771784,1.7163070539419094
ID4_0376,ID,ID4,Site4,Meadow,IDxMeadow,2023-08-31 19:21:28.385,2023-08-31 19:22:25.540,00:00:57.155000,fly,Insecta,Diptera,Brachycera,#N/C,#N/C,#N/C,#N/C,#N/C,#N/C,8.4004979253112,5.45134854771784,1.7163070539419094
ID4_0378,ID,ID4,Site4,Meadow,IDxMeadow,2023-08-31 19:30:26.325,2023-08-31 19:30:29.221,00:00:02.896000,fly,Insecta,Diptera,Brachycera,#N/C,#N/C,#N/C,#N/C,#N/C,#N/C,8.4004979253112,5.45134854771784,1.7163070539419094
ID4_0379,ID,ID4,Site4,Meadow,IDxMeadow,2023-08-31 19:36:45.158,2023-08-31 19:38:10.701,00:01:25.543000,fly,Insecta,Diptera,Brachycera,#N/C,#N/C,#N/C,#N/C,#N/C,#N/C,8.4004979253112,5.45134854771784,1.7163070539419094
ID4_0381,ID,ID4,Site4,Meadow,IDxMeadow,2023-09-01 09:00:52.200,2023-09-01 09:04:28.737,00:03:36.537000,fly,Insecta,Diptera,Brachycera,#N/C,#N/C,#N/C,#N/C,#N/C,#N/C,8.4004979253112,5.45134854771784,1.7163070539419094
ID4_0382,ID,ID4,Site4,Meadow,IDxMeadow,2023-09-01 09:14:47.938,2023-09-01 09:15:05.050,00:00:17.112000,fly,Insecta,Diptera,Brachycera,#N/C,#N/C,#N/C,#N/C,#N/C,#N/C,8.4004979253112,5.45134854771784,1.7163070539419094
ID4_0383,ID,ID4,Site4,Meadow,IDxMeadow,2023-09-02 12:12:54.105,2023-09-02 12:13:15.496,00:00:21.391000,hoverfly,Insecta,Diptera,Brachycera,Muscomorpha,Syrphoidea,Syrphidae,Eristalinae,Eristalis,#N/C,12.29572580645161,7.508467741935483,2.1483064516129025
ID4_0384,ID,ID4,Site4,Meadow,IDxMeadow,2023-09-02 13:04:35.972,2023-09-02 13:04:38.840,00:00:02.868000,ant,Insecta,Hymenoptera,Apocrita,Aculeata,Vespoidea,Formicidae,#N/C,#N/C,#N/C,3.0777551020408147,4.416530612244895,1.2977551020408162
ID4_0386,ID,ID4,Site4,Meadow,IDxMeadow,2023-09-02 13:14:59.150,2023-09-02 13:15:21.967,00:00:22.817000,hoverfly,Insecta,Diptera,Brachycera,Muscomorpha,Syrphoidea,Syrphidae,Syrphinae,Episyrphus,balteatus,12.29572580645161,7.508467741935483,2.1483064516129025
ID4_0387,ID,ID4,Site4,Meadow,IDxMeadow,2023-09-02 13:15:26.246,2023-09-02 13:15:50.562,00:00:24.316000,hoverfly,Insecta,Diptera,Brachycera,Muscomorpha,Syrphoidea,Syrphidae,Syrphinae,Episyrphus,balteatus,12.29572580645161,7.508467741935483,2.1483064516129025
ID4_0389,ID,ID4,Site4,Meadow,IDxMeadow,2023-09-02 14:07:51.429,2023-09-02 14:07:55.695,00:00:04.266000,fly,Insecta,Diptera,Brachycera,#N/C,#N/C,#N/C,#N/C,#N/C,#N/C,8.4004979253112,5.45134854771784,1.7163070539419094
ID4_0393,ID,ID4,Site4,Meadow,IDxMeadow,2023-09-02 17:07:51.159,2023-09-02 17:14:40.537,00:06:49.378000,beetle,Insecta,Coleoptera,#N/C,#N/C,#N/C,#N/C,#N/C,#N/C,#N/C,60.96164921465981,8.591989528795812,2.924581151832462
ID4_0394,ID,ID4,Site4,Meadow,IDxMeadow,2023-09-02 17:12:15.725,2023-09-02 17:14:01.999,00:01:46.274000,bee,Insecta,Hymenoptera,Apocrita,Aculeata,Apoidea,#N/C,#N/C,#N/C,#N/C,64.4823076923077,8.925897435897436,3.27948717948718
ID4_0395,ID,ID4,Site4,Meadow,IDxMeadow,2023-09-02 17:14:46.272,2023-09-02 17:15:12.066,00:00:25.794000,bee,Insecta,Hymenoptera,Apocrita,Aculeata,Apoidea,#N/C,#N/C,#N/C,#N/C,64.4823076923077,8.925897435897436,3.27948717948718
ID4_0397,ID,ID4,Site4,Meadow,IDxMeadow,2023-09-02 17:15:33.454,2023-09-02 17:16:26.535,00:00:53.081000,bee,Insecta,Hymenoptera,Apocrita,Aculeata,Apoidea,#N/C,#N/C,#N/C,#N/C,64.4823076923077,8.925897435897436,3.27948717948718
ID4_0398,ID,ID4,Site4,Meadow,IDxMeadow,2023-09-02 17:17:41.225,2023-09-02 17:19:45.364,00:02:04.139000,fly,Insecta,Diptera,Brachycera,#N/C,#N/C,#N/C,#N/C,#N/C,#N/C,8.4004979253112,5.45134854771784,1.7163070539419094
ID4_0399,ID,ID4,Site4,Meadow,IDxMeadow,2023-09-02 17:19:46.772,2023-09-02 17:19:51.076,00:00:04.304000,fly,Insecta,Diptera,Brachycera,#N/C,#N/C,#N/C,#N/C,#N/C,#N/C,8.4004979253112,5.45134854771784,1.7163070539419094
ID4_0401,ID,ID4,Site4,Meadow,IDxMeadow,2023-09-02 17:33:04.544,2023-09-02 17:33:10.209,00:00:05.665000,fly,Insecta,Diptera,Brachycera,#N/C,#N/C,#N/C,#N/C,#N/C,#N/C,8.4004979253112,5.45134854771784,1.7163070539419094
ID4_0402,ID,ID4,Site4,Meadow,IDxMeadow,2023-09-02 17:34:12.004,2023-09-02 17:35:34.807,00:01:22.803000,bug,Insecta,Hemiptera,Heteroptera,#N/C,#N/C,#N/C,#N/C,#N/C,#N/C,13.876018306636158,6.149816933638447,2.2683752860411897
ID4_0403,ID,ID4,Site4,Meadow,IDxMeadow,2023-09-02 17:35:47.527,2023-09-02 17:36:32.098,00:00:44.571000,bug,Insecta,Hemiptera,Heteroptera,#N/C,#N/C,#N/C,#N/C,#N/C,#N/C,13.876018306636158,6.149816933638447,2.2683752860411897
ID4_0404,ID,ID4,Site4,Meadow,IDxMeadow,2023-09-02 17:36:24.937,2023-09-02 17:36:36.458,00:00:11.521000,fly,Insecta,Diptera,Brachycera,#N/C,#N/C,#N/C,#N/C,#N/C,#N/C,8.4004979253112,5.45134854771784,1.7163070539419094
ID4_0405,ID,ID4,Site4,Meadow,IDxMeadow,2023-09-02 18:03:32.526,2023-09-02 18:04:11.065,00:00:38.539000,fly,Insecta,Diptera,Brachycera,#N/C,#N/C,#N/C,#N/C,#N/C,#N/C,8.4004979253112,5.45134854771784,1.7163070539419094
ID4_0406,ID,ID4,Site4,Meadow,IDxMeadow,2023-09-02 18:06:20.707,2023-09-02 18:06:39.114,00:00:18.407000,fly,Insecta,Diptera,Brachycera,#N/C,#N/C,#N/C,#N/C,#N/C,#N/C,8.4004979253112,5.45134854771784,1.7163070539419094
ID4_0407,ID,ID4,Site4,Meadow,IDxMeadow,2023-09-02 18:06:43.408,2023-09-02 18:06:54.788,00:00:11.380000,fly,Insecta,Diptera,Brachycera,#N/C,#N/C,#N/C,#N/C,#N/C,#N/C,8.4004979253112,5.45134854771784,1.7163070539419094
ID4_0409,ID,ID4,Site4,Meadow,IDxMeadow,2023-09-02 18:26:01.617,2023-09-02 18:26:05.955,00:00:04.338000,fly,Insecta,Diptera,Brachycera,#N/C,#N/C,#N/C,#N/C,#N/C,#N/C,8.4004979253112,5.45134854771784,1.7163070539419094
ID4_0410,ID,ID4,Site4,Meadow,IDxMeadow,2023-09-02 18:26:13.046,2023-09-02 18:27:00.008,00:00:46.962000,fly,Insecta,Diptera,Brachycera,#N/C,#N/C,#N/C,#N/C,#N/C,#N/C,8.4004979253112,5.45134854771784,1.7163070539419094
ID4_0411,ID,ID4,Site4,Meadow,IDxMeadow,2023-09-02 18:27:07.045,2023-09-02 18:27:48.516,00:00:41.471000,fly,Insecta,Diptera,Brachycera,#N/C,#N/C,#N/C,#N/C,#N/C,#N/C,8.4004979253112,5.45134854771784,1.7163070539419094
ID4_0412,ID,ID4,Site4,Meadow,IDxMeadow,2023-09-02 18:27:51.374,2023-09-02 18:29:05.447,00:01:14.073000,fly,Insecta,Diptera,Brachycera,#N/C,#N/C,#N/C,#N/C,#N/C,#N/C,8.4004979253112,5.45134854771784,1.7163070539419094
ID4_0414,ID,ID4,Site4,Meadow,IDxMeadow,2023-09-02 18:29:30.949,2023-09-02 18:29:46.601,00:00:15.652000,fly,Insecta,Diptera,Brachycera,#N/C,#N/C,#N/C,#N/C,#N/C,#N/C,8.4004979253112,5.45134854771784,1.7163070539419094
ID4_0415,ID,ID4,Site4,Meadow,IDxMeadow,2023-09-02 18:29:49.485,2023-09-02 18:30:48.075,00:00:58.590000,fly,Insecta,Diptera,Brachycera,#N/C,#N/C,#N/C,#N/C,#N/C,#N/C,8.4004979253112,5.45134854771784,1.7163070539419094
ID4_0416,ID,ID4,Site4,Meadow,IDxMeadow,2023-09-02 18:30:50.917,2023-09-02 18:31:20.901,00:00:29.984000,fly,Insecta,Diptera,Brachycera,#N/C,#N/C,#N/C,#N/C,#N/C,#N/C,8.4004979253112,5.45134854771784,1.7163070539419094
ID4_0417,ID,ID4,Site4,Meadow,IDxMeadow,2023-09-02 18:31:33.693,2023-09-02 18:31:50.846,00:00:17.153000,fly,Insecta,Diptera,Brachycera,#N/C,#N/C,#N/C,#N/C,#N/C,#N/C,8.4004979253112,5.45134854771784,1.7163070539419094
ID4_0418,ID,ID4,Site4,Meadow,IDxMeadow,2023-09-02 18:32:13.480,2023-09-02 18:32:36.289,00:00:22.809000,fly,Insecta,Diptera,Brachycera,#N/C,#N/C,#N/C,#N/C,#N/C,#N/C,8.4004979253112,5.45134854771784,1.7163070539419094
ID4_0420,ID,ID4,Site4,Meadow,IDxMeadow,2023-09-02 18:33:20.016,2023-09-02 18:33:27.175,00:00:07.159000,fly,Insecta,Diptera,Brachycera,#N/C,#N/C,#N/C,#N/C,#N/C,#N/C,8.4004979253112,5.45134854771784,1.7163070539419094
ID4_0421,ID,ID4,Site4,Meadow,IDxMeadow,2023-09-02 18:34:13.766,2023-09-02 18:36:20.641,00:02:06.875000,hoverfly,Insecta,Diptera,Brachycera,Muscomorpha,Syrphoidea,Syrphidae,Syrphinae,Episyrphus,balteatus,12.29572580645161,7.508467741935483,2.1483064516129025
ID4_0422,ID,ID4,Site4,Meadow,IDxMeadow,2023-09-02 18:36:30.436,2023-09-02 18:36:54.513,00:00:24.077000,hoverfly,Insecta,Diptera,Brachycera,Muscomorpha,Syrphoidea,Syrphidae,Syrphinae,Episyrphus,balteatus,12.29572580645161,7.508467741935483,2.1483064516129025
ID4_0423,ID,ID4,Site4,Meadow,IDxMeadow,2023-09-02 18:37:42.466,2023-09-02 18:39:52.472,00:02:10.006000,hoverfly,Insecta,Diptera,Brachycera,Muscomorpha,Syrphoidea,Syrphidae,Syrphinae,Episyrphus,balteatus,12.29572580645161,7.508467741935483,2.1483064516129025
ID4_0424,ID,ID4,Site4,Meadow,IDxMeadow,2023-09-02 18:39:29.604,2023-09-02 18:39:32.496,00:00:02.892000,fly,Insecta,Diptera,Brachycera,#N/C,#N/C,#N/C,#N/C,#N/C,#N/C,8.4004979253112,5.45134854771784,1.7163070539419094
ID4_0425,ID,ID4,Site4,Meadow,IDxMeadow,2023-09-02 18:40:22.031,2023-09-02 18:40:40.657,00:00:18.626000,fly,Insecta,Diptera,Brachycera,#N/C,#N/C,#N/C,#N/C,#N/C,#N/C,8.4004979253112,5.45134854771784,1.7163070539419094
ID4_0426,ID,ID4,Site4,Meadow,IDxMeadow,2023-09-02 18:40:29.125,2023-09-02 18:40:34.901,00:00:05.776000,hoverfly,Insecta,Diptera,Brachycera,Muscomorpha,Syrphoidea,Syrphidae,Syrphinae,Episyrphus,balteatus,12.29572580645161,7.508467741935483,2.1483064516129025
ID4_0429,ID,ID4,Site4,Meadow,IDxMeadow,2023-09-02 19:18:34.223,2023-09-02 19:18:42.882,00:00:08.659000,hoverfly,Insecta,Diptera,Brachycera,Muscomorpha,Syrphoidea,Syrphidae,Syrphinae,Episyrphus,balteatus,12.29572580645161,7.508467741935483,2.1483064516129025
ID4_0430,ID,ID4,Site4,Meadow,IDxMeadow,2023-09-02 19:18:48.464,2023-09-02 19:19:34.311,00:00:45.847000,hoverfly,Insecta,Diptera,Brachycera,Muscomorpha,Syrphoidea,Syrphidae,Syrphinae,Episyrphus,balteatus,12.29572580645161,7.508467741935483,2.1483064516129025
ID4_0431,ID,ID4,Site4,Meadow,IDxMeadow,2023-09-02 19:29:33.755,2023-09-02 19:33:40.898,00:04:07.143000,other,Insecta,#N/C,#N/C,#N/C,#N/C,#N/C,#N/C,#N/C,#N/C,24.284088427947573,6.536784934497831,2.114448689956332
ID4_0432,ID,ID4,Site4,Meadow,IDxMeadow,2023-09-03 09:01:51.885,2023-09-03 09:02:03.226,00:00:11.341000,fly,Insecta,Diptera,Brachycera,#N/C,#N/C,#N/C,#N/C,#N/C,#N/C,8.4004979253112,5.45134854771784,1.7163070539419094
ID4_0433,ID,ID4,Site4,Meadow,IDxMeadow,2023-09-03 09:20:47.845,2023-09-03 09:22:42.438,00:01:54.593000,flesh_fly,Insecta,Diptera,Brachycera,Muscomorpha,Oestroidea,Sarcophagidae,#N/C,#N/C,#N/C,8.696344827586204,5.522551724137931,1.7546666666666675
ID4_0434,ID,ID4,Site4,Meadow,IDxMeadow,2023-09-03 09:22:43.858,2023-09-03 09:23:22.254,00:00:38.396000,flesh_fly,Insecta,Diptera,Brachycera,Muscomorpha,Oestroidea,Sarcophagidae,#N/C,#N/C,#N/C,8.696344827586204,5.522551724137931,1.7546666666666675
ID4_0435,ID,ID4,Site4,Meadow,IDxMeadow,2023-09-03 09:37:10.144,2023-09-03 09:37:31.557,00:00:21.413000,fly,Insecta,Diptera,Brachycera,#N/C,#N/C,#N/C,#N/C,#N/C,#N/C,8.4004979253112,5.45134854771784,1.7163070539419094
ID4_0436,ID,ID4,Site4,Meadow,IDxMeadow,2023-09-03 12:08:09.075,2023-09-03 12:08:46.300,00:00:37.225000,flesh_fly,Insecta,Diptera,Brachycera,Muscomorpha,Oestroidea,Sarcophagidae,#N/C,#N/C,#N/C,8.696344827586204,5.522551724137931,1.7546666666666675
ID4_0437,ID,ID4,Site4,Meadow,IDxMeadow,2023-09-03 12:08:47.724,2023-09-03 12:09:28.344,00:00:40.620000,flesh_fly,Insecta,Diptera,Brachycera,Muscomorpha,Oestroidea,Sarcophagidae,#N/C,#N/C,#N/C,8.696344827586204,5.522551724137931,1.7546666666666675
ID4_0438,ID,ID4,Site4,Meadow,IDxMeadow,2023-09-03 12:08:50.664,2023-09-03 12:09:28.372,00:00:37.708000,bee,Insecta,Hymenoptera,Apocrita,Aculeata,Apoidea,#N/C,#N/C,#N/C,#N/C,64.4823076923077,8.925897435897436,3.27948717948718
ID4_0439,ID,ID4,Site4,Meadow,IDxMeadow,2023-09-03 12:09:29.819,2023-09-03 12:10:11.346,00:00:41.527000,flesh_fly,Insecta,Diptera,Brachycera,Muscomorpha,Oestroidea,Sarcophagidae,#N/C,#N/C,#N/C,8.696344827586204,5.522551724137931,1.7546666666666675
ID4_0440,ID,ID4,Site4,Meadow,IDxMeadow,2023-09-03 12:10:12.786,2023-09-03 12:10:25.628,00:00:12.842000,flesh_fly,Insecta,Diptera,Brachycera,Muscomorpha,Oestroidea,Sarcophagidae,#N/C,#N/C,#N/C,8.696344827586204,5.522551724137931,1.7546666666666675
ID4_0441,ID,ID4,Site4,Meadow,IDxMeadow,2023-09-03 12:10:31.354,2023-09-03 12:10:59.987,00:00:28.633000,flesh_fly,Insecta,Diptera,Brachycera,Muscomorpha,Oestroidea,Sarcophagidae,#N/C,#N/C,#N/C,8.696344827586204,5.522551724137931,1.7546666666666675
ID4_0442,ID,ID4,Site4,Meadow,IDxMeadow,2023-09-03 12:11:01.396,2023-09-03 12:11:04.275,00:00:02.879000,flesh_fly,Insecta,Diptera,Brachycera,Muscomorpha,Oestroidea,Sarcophagidae,#N/C,#N/C,#N/C,8.696344827586204,5.522551724137931,1.7546666666666675
ID4_0443,ID,ID4,Site4,Meadow,IDxMeadow,2023-09-03 12:11:08.527,2023-09-03 12:12:12.906,00:01:04.379000,flesh_fly,Insecta,Diptera,Brachycera,Muscomorpha,Oestroidea,Sarcophagidae,#N/C,#N/C,#N/C,8.696344827586204,5.522551724137931,1.7546666666666675
ID4_0444,ID,ID4,Site4,Meadow,IDxMeadow,2023-09-03 12:12:15.774,2023-09-03 12:12:37.197,00:00:21.423000,flesh_fly,Insecta,Diptera,Brachycera,Muscomorpha,Oestroidea,Sarcophagidae,#N/C,#N/C,#N/C,8.696344827586204,5.522551724137931,1.7546666666666675
ID4_0445,ID,ID4,Site4,Meadow,IDxMeadow,2023-09-03 12:12:41.407,2023-09-03 12:12:50.025,00:00:08.618000,flesh_fly,Insecta,Diptera,Brachycera,Muscomorpha,Oestroidea,Sarcophagidae,#N/C,#N/C,#N/C,8.696344827586204,5.522551724137931,1.7546666666666675
ID4_0446,ID,ID4,Site4,Meadow,IDxMeadow,2023-09-03 12:12:52.888,2023-09-03 12:13:11.542,00:00:18.654000,flesh_fly,Insecta,Diptera,Brachycera,Muscomorpha,Oestroidea,Sarcophagidae,#N/C,#N/C,#N/C,8.696344827586204,5.522551724137931,1.7546666666666675
ID4_0447,ID,ID4,Site4,Meadow,IDxMeadow,2023-09-03 12:13:15.784,2023-09-03 12:13:38.696,00:00:22.912000,fly,Insecta,Diptera,Brachycera,#N/C,#N/C,#N/C,#N/C,#N/C,#N/C,8.4004979253112,5.45134854771784,1.7163070539419094
ID4_0448,ID,ID4,Site4,Meadow,IDxMeadow,2023-09-03 12:13:40.130,2023-09-03 12:14:01.578,00:00:21.448000,flesh_fly,Insecta,Diptera,Brachycera,Muscomorpha,Oestroidea,Sarcophagidae,#N/C,#N/C,#N/C,8.696344827586204,5.522551724137931,1.7546666666666675
ID4_0449,ID,ID4,Site4,Meadow,IDxMeadow,2023-09-03 12:14:04.523,2023-09-03 12:15:45.952,00:01:41.429000,flesh_fly,Insecta,Diptera,Brachycera,Muscomorpha,Oestroidea,Sarcophagidae,#N/C,#N/C,#N/C,8.696344827586204,5.522551724137931,1.7546666666666675
ID4_0450,ID,ID4,Site4,Meadow,IDxMeadow,2023-09-03 12:15:48.791,2023-09-03 12:15:51.628,00:00:02.837000,flesh_fly,Insecta,Diptera,Brachycera,Muscomorpha,Oestroidea,Sarcophagidae,#N/C,#N/C,#N/C,8.696344827586204,5.522551724137931,1.7546666666666675
ID4_0451,ID,ID4,Site4,Meadow,IDxMeadow,2023-09-03 12:15:54.476,2023-09-03 12:16:03.088,00:00:08.612000,flesh_fly,Insecta,Diptera,Brachycera,Muscomorpha,Oestroidea,Sarcophagidae,#N/C,#N/C,#N/C,8.696344827586204,5.522551724137931,1.7546666666666675
ID4_0452,ID,ID4,Site4,Meadow,IDxMeadow,2023-09-03 12:16:05.888,2023-09-03 12:16:38.847,00:00:32.959000,flesh_fly,Insecta,Diptera,Brachycera,Muscomorpha,Oestroidea,Sarcophagidae,#N/C,#N/C,#N/C,8.696344827586204,5.522551724137931,1.7546666666666675
ID4_0453,ID,ID4,Site4,Meadow,IDxMeadow,2023-09-03 12:16:41.677,2023-09-03 12:17:00.346,00:00:18.669000,flesh_fly,Insecta,Diptera,Brachycera,Muscomorpha,Oestroidea,Sarcophagidae,#N/C,#N/C,#N/C,8.696344827586204,5.522551724137931,1.7546666666666675
ID4_0454,ID,ID4,Site4,Meadow,IDxMeadow,2023-09-03 12:17:07.602,2023-09-03 12:17:53.762,00:00:46.160000,flesh_fly,Insecta,Diptera,Brachycera,Muscomorpha,Oestroidea,Sarcophagidae,#N/C,#N/C,#N/C,8.696344827586204,5.522551724137931,1.7546666666666675
ID4_0455,ID,ID4,Site4,Meadow,IDxMeadow,2023-09-03 12:17:43.653,2023-09-03 12:18:09.598,00:00:25.945000,fly,Insecta,Diptera,Brachycera,#N/C,#N/C,#N/C,#N/C,#N/C,#N/C,8.4004979253112,5.45134854771784,1.7163070539419094
ID4_0456,ID,ID4,Site4,Meadow,IDxMeadow,2023-09-03 12:17:55.166,2023-09-03 12:18:03.811,00:00:08.645000,flesh_fly,Insecta,Diptera,Brachycera,Muscomorpha,Oestroidea,Sarcophagidae,#N/C,#N/C,#N/C,8.696344827586204,5.522551724137931,1.7546666666666675
ID4_0457,ID,ID4,Site4,Meadow,IDxMeadow,2023-09-03 12:28:43.723,2023-09-03 12:28:47.971,00:00:04.248000,hoverfly,Insecta,Diptera,Brachycera,Muscomorpha,Syrphoidea,Syrphidae,Syrphinae,Episyrphus,balteatus,12.29572580645161,7.508467741935483,2.1483064516129025
ID4_0458,ID,ID4,Site4,Meadow,IDxMeadow,2023-09-03 12:28:50.815,2023-09-03 12:29:32.264,00:00:41.449000,hoverfly,Insecta,Diptera,Brachycera,Muscomorpha,Syrphoidea,Syrphidae,Syrphinae,Episyrphus,balteatus,12.29572580645161,7.508467741935483,2.1483064516129025
ID4_0459,ID,ID4,Site4,Meadow,IDxMeadow,2023-09-03 12:29:33.638,2023-09-03 12:29:37.933,00:00:04.295000,hoverfly,Insecta,Diptera,Brachycera,Muscomorpha,Syrphoidea,Syrphidae,Syrphinae,Episyrphus,balteatus,12.29572580645161,7.508467741935483,2.1483064516129025
ID4_0460,ID,ID4,Site4,Meadow,IDxMeadow,2023-09-03 12:30:55.086,2023-09-03 12:32:02.099,00:01:07.013000,fly,Insecta,Diptera,Brachycera,#N/C,#N/C,#N/C,#N/C,#N/C,#N/C,8.4004979253112,5.45134854771784,1.7163070539419094
ID4_0461,ID,ID4,Site4,Meadow,IDxMeadow,2023-09-03 12:32:03.531,2023-09-03 12:32:27.766,00:00:24.235000,fly,Insecta,Diptera,Brachycera,#N/C,#N/C,#N/C,#N/C,#N/C,#N/C,8.4004979253112,5.45134854771784,1.7163070539419094
ID4_0462,ID,ID4,Site4,Meadow,IDxMeadow,2023-09-03 13:16:59.986,2023-09-03 13:22:17.958,00:05:17.972000,bee,Insecta,Hymenoptera,Apocrita,Aculeata,Apoidea,#N/C,#N/C,#N/C,#N/C,64.4823076923077,8.925897435897436,3.27948717948718
ID4_0463,ID,ID4,Site4,Meadow,IDxMeadow,2023-09-03 13:17:33.178,2023-09-03 13:18:15.288,00:00:42.110000,flesh_fly,Insecta,Diptera,Brachycera,Muscomorpha,Oestroidea,Sarcophagidae,#N/C,#N/C,#N/C,8.696344827586204,5.522551724137931,1.7546666666666675
ID4_0464,ID,ID4,Site4,Meadow,IDxMeadow,2023-09-03 13:22:27.832,2023-09-03 13:26:17.753,00:03:49.921000,other,Insecta,#N/C,#N/C,#N/C,#N/C,#N/C,#N/C,#N/C,#N/C,24.284088427947573,6.536784934497831,2.114448689956332
ID4_0466,ID,ID4,Site4,Meadow,IDxMeadow,2023-09-03 13:39:52.248,2023-09-03 13:40:03.615,00:00:11.367000,hoverfly,Insecta,Diptera,Brachycera,Muscomorpha,Syrphoidea,Syrphidae,Syrphinae,Episyrphus,balteatus,12.29572580645161,7.508467741935483,2.1483064516129025
ID4_0467,ID,ID4,Site4,Meadow,IDxMeadow,2023-09-03 14:10:30.524,2023-09-03 14:10:49.017,00:00:18.493000,fly,Insecta,Diptera,Brachycera,#N/C,#N/C,#N/C,#N/C,#N/C,#N/C,8.4004979253112,5.45134854771784,1.7163070539419094
ID4_0468,ID,ID4,Site4,Meadow,IDxMeadow,2023-09-03 14:10:51.794,2023-09-03 14:10:58.961,00:00:07.167000,fly,Insecta,Diptera,Brachycera,#N/C,#N/C,#N/C,#N/C,#N/C,#N/C,8.4004979253112,5.45134854771784,1.7163070539419094
ID4_0469,ID,ID4,Site4,Meadow,IDxMeadow,2023-09-03 14:11:42.506,2023-09-03 14:12:05.366,00:00:22.860000,fly,Insecta,Diptera,Brachycera,#N/C,#N/C,#N/C,#N/C,#N/C,#N/C,8.4004979253112,5.45134854771784,1.7163070539419094
ID4_0470,ID,ID4,Site4,Meadow,IDxMeadow,2023-09-03 14:12:11.006,2023-09-03 14:12:29.696,00:00:18.690000,fly,Insecta,Diptera,Brachycera,#N/C,#N/C,#N/C,#N/C,#N/C,#N/C,8.4004979253112,5.45134854771784,1.7163070539419094
ID4_0471,ID,ID4,Site4,Meadow,IDxMeadow,2023-09-03 14:12:31.127,2023-09-03 14:12:33.965,00:00:02.838000,fly,Insecta,Diptera,Brachycera,#N/C,#N/C,#N/C,#N/C,#N/C,#N/C,8.4004979253112,5.45134854771784,1.7163070539419094
ID4_0472,ID,ID4,Site4,Meadow,IDxMeadow,2023-09-03 14:12:35.386,2023-09-03 14:12:38.274,00:00:02.888000,fly,Insecta,Diptera,Brachycera,#N/C,#N/C,#N/C,#N/C,#N/C,#N/C,8.4004979253112,5.45134854771784,1.7163070539419094
ID4_0473,ID,ID4,Site4,Meadow,IDxMeadow,2023-09-03 14:12:41.116,2023-09-03 14:13:26.695,00:00:45.579000,fly,Insecta,Diptera,Brachycera,#N/C,#N/C,#N/C,#N/C,#N/C,#N/C,8.4004979253112,5.45134854771784,1.7163070539419094
ID4_0474,ID,ID4,Site4,Meadow,IDxMeadow,2023-09-03 14:13:28.115,2023-09-03 14:13:33.792,00:00:05.677000,fly,Insecta,Diptera,Brachycera,#N/C,#N/C,#N/C,#N/C,#N/C,#N/C,8.4004979253112,5.45134854771784,1.7163070539419094
ID4_0475,ID,ID4,Site4,Meadow,IDxMeadow,2023-09-03 14:13:36.619,2023-09-03 14:13:39.425,00:00:02.806000,fly,Insecta,Diptera,Brachycera,#N/C,#N/C,#N/C,#N/C,#N/C,#N/C,8.4004979253112,5.45134854771784,1.7163070539419094
ID4_0476,ID,ID4,Site4,Meadow,IDxMeadow,2023-09-03 14:13:40.853,2023-09-03 14:13:50.869,00:00:10.016000,fly,Insecta,Diptera,Brachycera,#N/C,#N/C,#N/C,#N/C,#N/C,#N/C,8.4004979253112,5.45134854771784,1.7163070539419094
ID4_0477,ID,ID4,Site4,Meadow,IDxMeadow,2023-09-03 14:13:53.733,2023-09-03 14:13:58.022,00:00:04.289000,fly,Insecta,Diptera,Brachycera,#N/C,#N/C,#N/C,#N/C,#N/C,#N/C,8.4004979253112,5.45134854771784,1.7163070539419094
ID4_0478,ID,ID4,Site4,Meadow,IDxMeadow,2023-09-03 14:13:59.459,2023-09-03 14:14:29.387,00:00:29.928000,fly,Insecta,Diptera,Brachycera,#N/C,#N/C,#N/C,#N/C,#N/C,#N/C,8.4004979253112,5.45134854771784,1.7163070539419094
ID4_0479,ID,ID4,Site4,Meadow,IDxMeadow,2023-09-03 14:14:32.225,2023-09-03 14:14:40.830,00:00:08.605000,fly,Insecta,Diptera,Brachycera,#N/C,#N/C,#N/C,#N/C,#N/C,#N/C,8.4004979253112,5.45134854771784,1.7163070539419094
ID4_0480,ID,ID4,Site4,Meadow,IDxMeadow,2023-09-03 14:14:43.637,2023-09-03 14:15:06.686,00:00:23.049000,fly,Insecta,Diptera,Brachycera,#N/C,#N/C,#N/C,#N/C,#N/C,#N/C,8.4004979253112,5.45134854771784,1.7163070539419094
ID4_0481,ID,ID4,Site4,Meadow,IDxMeadow,2023-09-03 14:15:43.282,2023-09-03 14:16:00.432,00:00:17.150000,fly,Insecta,Diptera,Brachycera,#N/C,#N/C,#N/C,#N/C,#N/C,#N/C,8.4004979253112,5.45134854771784,1.7163070539419094
ID4_0482,ID,ID4,Site4,Meadow,IDxMeadow,2023-09-03 14:16:03.209,2023-09-03 14:16:17.495,00:00:14.286000,fly,Insecta,Diptera,Brachycera,#N/C,#N/C,#N/C,#N/C,#N/C,#N/C,8.4004979253112,5.45134854771784,1.7163070539419094
ID4_0483,ID,ID4,Site4,Meadow,IDxMeadow,2023-09-03 14:16:33.072,2023-09-03 14:16:43.006,00:00:09.934000,fly,Insecta,Diptera,Brachycera,#N/C,#N/C,#N/C,#N/C,#N/C,#N/C,8.4004979253112,5.45134854771784,1.7163070539419094
ID4_0484,ID,ID4,Site4,Meadow,IDxMeadow,2023-09-03 14:16:58.479,2023-09-03 14:17:12.698,00:00:14.219000,fly,Insecta,Diptera,Brachycera,#N/C,#N/C,#N/C,#N/C,#N/C,#N/C,8.4004979253112,5.45134854771784,1.7163070539419094
ID4_0486,ID,ID4,Site4,Meadow,IDxMeadow,2023-09-03 14:37:49.018,2023-09-03 14:38:20.763,00:00:31.745000,beetle,Insecta,Coleoptera,#N/C,#N/C,#N/C,#N/C,#N/C,#N/C,#N/C,60.96164921465981,8.591989528795812,2.924581151832462
ID4_0487,ID,ID4,Site4,Meadow,IDxMeadow,2023-09-03 14:38:10.538,2023-09-03 14:38:20.784,00:00:10.246000,bee,Insecta,Hymenoptera,Apocrita,Aculeata,Apoidea,#N/C,#N/C,#N/C,#N/C,64.4823076923077,8.925897435897436,3.27948717948718
ID4_0488,ID,ID4,Site4,Meadow,IDxMeadow,2023-09-03 17:27:40.347,2023-09-03 17:27:48.901,00:00:08.554000,fly,Insecta,Diptera,Brachycera,#N/C,#N/C,#N/C,#N/C,#N/C,#N/C,8.4004979253112,5.45134854771784,1.7163070539419094
ID4_0491,ID,ID4,Site4,Meadow,IDxMeadow,2023-09-03 17:28:39.785,2023-09-03 17:29:12.386,00:00:32.601000,fly,Insecta,Diptera,Brachycera,#N/C,#N/C,#N/C,#N/C,#N/C,#N/C,8.4004979253112,5.45134854771784,1.7163070539419094
ID4_0492,ID,ID4,Site4,Meadow,IDxMeadow,2023-09-03 18:10:50.584,2023-09-03 18:11:07.686,00:00:17.102000,flesh_fly,Insecta,Diptera,Brachycera,Muscomorpha,Oestroidea,Sarcophagidae,#N/C,#N/C,#N/C,8.696344827586204,5.522551724137931,1.7546666666666675
ID4_0493,ID,ID4,Site4,Meadow,IDxMeadow,2023-09-03 18:11:11.926,2023-09-03 18:11:43.364,00:00:31.438000,flesh_fly,Insecta,Diptera,Brachycera,Muscomorpha,Oestroidea,Sarcophagidae,#N/C,#N/C,#N/C,8.696344827586204,5.522551724137931,1.7546666666666675
ID4_0494,ID,ID4,Site4,Meadow,IDxMeadow,2023-09-03 18:18:15.464,2023-09-03 18:18:33.888,00:00:18.424000,fly,Insecta,Diptera,Brachycera,#N/C,#N/C,#N/C,#N/C,#N/C,#N/C,8.4004979253112,5.45134854771784,1.7163070539419094
ID4_0495,ID,ID4,Site4,Meadow,IDxMeadow,2023-09-03 18:18:35.314,2023-09-03 18:18:42.346,00:00:07.032000,fly,Insecta,Diptera,Brachycera,#N/C,#N/C,#N/C,#N/C,#N/C,#N/C,8.4004979253112,5.45134854771784,1.7163070539419094
ID4_0496,ID,ID4,Site4,Meadow,IDxMeadow,2023-09-03 18:18:59.186,2023-09-03 18:19:15.046,00:00:15.860000,bee,Insecta,Hymenoptera,Apocrita,Aculeata,Apoidea,#N/C,#N/C,#N/C,#N/C,64.4823076923077,8.925897435897436,3.27948717948718
ID4_0497,ID,ID4,Site4,Meadow,IDxMeadow,2023-09-03 18:25:06.185,2023-09-03 18:25:31.724,00:00:25.539000,hoverfly,Insecta,Diptera,Brachycera,Muscomorpha,Syrphoidea,Syrphidae,Syrphinae,Episyrphus,balteatus,12.29572580645161,7.508467741935483,2.1483064516129025
ID4_0499,ID,ID4,Site4,Meadow,IDxMeadow,2023-09-03 19:10:21.487,2023-09-03 19:10:35.720,00:00:14.233000,fly,Insecta,Diptera,Brachycera,#N/C,#N/C,#N/C,#N/C,#N/C,#N/C,8.4004979253112,5.45134854771784,1.7163070539419094
ID4_0500,ID,ID4,Site4,Meadow,IDxMeadow,2023-09-04 07:22:18.928,2023-09-04 07:22:48.628,00:00:29.700000,fly,Insecta,Diptera,Brachycera,#N/C,#N/C,#N/C,#N/C,#N/C,#N/C,8.4004979253112,5.45134854771784,1.7163070539419094
ID4_0502,ID,ID4,Site4,Meadow,IDxMeadow,2023-09-04 09:35:54.233,2023-09-04 09:38:16.857,00:02:22.624000,fly,Insecta,Diptera,Brachycera,#N/C,#N/C,#N/C,#N/C,#N/C,#N/C,8.4004979253112,5.45134854771784,1.7163070539419094
ID4_0503,ID,ID4,Site4,Meadow,IDxMeadow,2023-09-04 09:40:04.115,2023-09-04 09:40:25.623,00:00:21.508000,fly,Insecta,Diptera,Brachycera,#N/C,#N/C,#N/C,#N/C,#N/C,#N/C,8.4004979253112,5.45134854771784,1.7163070539419094
ID4_0504,ID,ID4,Site4,Meadow,IDxMeadow,2023-09-04 12:24:35.872,2023-09-04 12:24:50.166,00:00:14.294000,other,Insecta,#N/C,#N/C,#N/C,#N/C,#N/C,#N/C,#N/C,#N/C,24.284088427947573,6.536784934497831,2.114448689956332
ID4_0505,ID,ID4,Site4,Meadow,IDxMeadow,2023-09-04 12:34:22.517,2023-09-04 12:34:59.893,00:00:37.376000,bee,Insecta,Hymenoptera,Apocrita,Aculeata,Apoidea,#N/C,#N/C,#N/C,#N/C,64.4823076923077,8.925897435897436,3.27948717948718
ID4_0506,ID,ID4,Site4,Meadow,IDxMeadow,2023-09-04 12:37:12.338,2023-09-04 12:37:29.546,00:00:17.208000,fly,Insecta,Diptera,Brachycera,#N/C,#N/C,#N/C,#N/C,#N/C,#N/C,8.4004979253112,5.45134854771784,1.7163070539419094
ID4_0509,ID,ID4,Site4,Meadow,IDxMeadow,2023-09-04 17:06:29.161,2023-09-04 17:06:34.937,00:00:05.776000,flesh_fly,Insecta,Diptera,Brachycera,Muscomorpha,Oestroidea,Sarcophagidae,#N/C,#N/C,#N/C,8.696344827586204,5.522551724137931,1.7546666666666675
ID4_0510,ID,ID4,Site4,Meadow,IDxMeadow,2023-09-04 17:09:24.417,2023-09-04 17:09:48.844,00:00:24.427000,fly,Insecta,Diptera,Brachycera,#N/C,#N/C,#N/C,#N/C,#N/C,#N/C,8.4004979253112,5.45134854771784,1.7163070539419094
ID4_0511,ID,ID4,Site4,Meadow,IDxMeadow,2023-09-04 17:30:43.857,2023-09-04 17:31:45.277,00:01:01.420000,fly,Insecta,Diptera,Brachycera,#N/C,#N/C,#N/C,#N/C,#N/C,#N/C,8.4004979253112,5.45134854771784,1.7163070539419094
ID4_0512,ID,ID4,Site4,Meadow,IDxMeadow,2023-09-04 17:32:52.856,2023-09-04 17:32:55.766,00:00:02.910000,flesh_fly,Insecta,Diptera,Brachycera,Muscomorpha,Oestroidea,Sarcophagidae,#N/C,#N/C,#N/C,8.696344827586204,5.522551724137931,1.7546666666666675
ID4_0516,ID,ID4,Site4,Meadow,IDxMeadow,2023-09-05 08:08:05.369,2023-09-05 08:09:38.323,00:01:32.954000,hoverfly,Insecta,Diptera,Brachycera,Muscomorpha,Syrphoidea,Syrphidae,Syrphinae,Episyrphus,balteatus,12.29572580645161,7.508467741935483,2.1483064516129025
ID4_0517,ID,ID4,Site4,Meadow,IDxMeadow,2023-09-05 12:18:48.836,2023-09-05 12:19:00.189,00:00:11.353000,fly,Insecta,Diptera,Brachycera,#N/C,#N/C,#N/C,#N/C,#N/C,#N/C,8.4004979253112,5.45134854771784,1.7163070539419094
ID4_0518,ID,ID4,Site4,Meadow,IDxMeadow,2023-09-05 12:22:29.405,2023-09-05 12:25:58.107,00:03:28.702000,other,Insecta,#N/C,#N/C,#N/C,#N/C,#N/C,#N/C,#N/C,#N/C,24.284088427947573,6.536784934497831,2.114448689956332
ID4_0519,ID,ID4,Site4,Meadow,IDxMeadow,2023-09-05 12:26:08.019,2023-09-05 12:26:13.697,00:00:05.678000,beetle,Insecta,Coleoptera,#N/C,#N/C,#N/C,#N/C,#N/C,#N/C,#N/C,60.96164921465981,8.591989528795812,2.924581151832462
ID4_0520,ID,ID4,Site4,Meadow,IDxMeadow,2023-09-05 14:08:05.950,2023-09-05 14:08:10.286,00:00:04.336000,hoverfly,Insecta,Diptera,Brachycera,Muscomorpha,Syrphoidea,Syrphidae,Syrphinae,Episyrphus,balteatus,12.29572580645161,7.508467741935483,2.1483064516129025
ID4_0521,ID,ID4,Site4,Meadow,IDxMeadow,2023-09-05 17:13:32.187,2023-09-05 17:13:56.728,00:00:24.541000,hoverfly,Insecta,Diptera,Brachycera,Muscomorpha,Syrphoidea,Syrphidae,Syrphinae,Episyrphus,balteatus,12.29572580645161,7.508467741935483,2.1483064516129025
ID4_0522,ID,ID4,Site4,Meadow,IDxMeadow,2023-09-05 17:13:33.649,2023-09-05 17:14:28.324,00:00:54.675000,hoverfly,Insecta,Diptera,Brachycera,Muscomorpha,Syrphoidea,Syrphidae,Syrphinae,Episyrphus,balteatus,12.29572580645161,7.508467741935483,2.1483064516129025
ID4_0523,ID,ID4,Site4,Meadow,IDxMeadow,2023-09-05 17:14:29.771,2023-09-05 17:14:34.124,00:00:04.353000,hoverfly,Insecta,Diptera,Brachycera,Muscomorpha,Syrphoidea,Syrphidae,Syrphinae,Episyrphus,balteatus,12.29572580645161,7.508467741935483,2.1483064516129025
ID4_0524,ID,ID4,Site4,Meadow,IDxMeadow,2023-09-05 17:16:00.189,2023-09-05 17:16:11.616,00:00:11.427000,hoverfly,Insecta,Diptera,Brachycera,Muscomorpha,Syrphoidea,Syrphidae,Syrphinae,Episyrphus,balteatus,12.29572580645161,7.508467741935483,2.1483064516129025
ID4_0525,ID,ID4,Site4,Meadow,IDxMeadow,2023-09-05 17:16:14.489,2023-09-05 17:19:06.104,00:02:51.615000,hoverfly,Insecta,Diptera,Brachycera,Muscomorpha,Syrphoidea,Syrphidae,Syrphinae,Episyrphus,balteatus,12.29572580645161,7.508467741935483,2.1483064516129025
ID4_0526,ID,ID4,Site4,Meadow,IDxMeadow,2023-09-05 17:19:06.137,2023-09-05 17:19:13.269,00:00:07.132000,hoverfly,Insecta,Diptera,Brachycera,Muscomorpha,Syrphoidea,Syrphidae,Syrphinae,Episyrphus,balteatus,12.29572580645161,7.508467741935483,2.1483064516129025
ID4_0527,ID,ID4,Site4,Meadow,IDxMeadow,2023-09-05 17:19:17.536,2023-09-05 17:19:29.008,00:00:11.472000,hoverfly,Insecta,Diptera,Brachycera,Muscomorpha,Syrphoidea,Syrphidae,Syrphinae,Episyrphus,balteatus,12.29572580645161,7.508467741935483,2.1483064516129025
ID4_0529,ID,ID4,Site4,Meadow,IDxMeadow,2023-09-05 17:30:39.909,2023-09-05 17:32:34.134,00:01:54.225000,fly,Insecta,Diptera,Brachycera,#N/C,#N/C,#N/C,#N/C,#N/C,#N/C,8.4004979253112,5.45134854771784,1.7163070539419094
ID4_0530,ID,ID4,Site4,Meadow,IDxMeadow,2023-09-05 17:33:28.833,2023-09-05 17:34:27.524,00:00:58.691000,fly,Insecta,Diptera,Brachycera,#N/C,#N/C,#N/C,#N/C,#N/C,#N/C,8.4004979253112,5.45134854771784,1.7163070539419094
ID4_0532,ID,ID4,Site4,Meadow,IDxMeadow,2023-09-05 18:10:48.306,2023-09-05 18:12:02.172,00:01:13.866000,fly,Insecta,Diptera,Brachycera,#N/C,#N/C,#N/C,#N/C,#N/C,#N/C,8.4004979253112,5.45134854771784,1.7163070539419094
ID4_0533,ID,ID4,Site4,Meadow,IDxMeadow,2023-09-05 18:13:22.516,2023-09-05 18:13:26.797,00:00:04.281000,fly,Insecta,Diptera,Brachycera,#N/C,#N/C,#N/C,#N/C,#N/C,#N/C,8.4004979253112,5.45134854771784,1.7163070539419094
ID4_0534,ID,ID4,Site4,Meadow,IDxMeadow,2023-09-05 18:21:52.876,2023-09-05 18:21:57.143,00:00:04.267000,hoverfly,Insecta,Diptera,Brachycera,Muscomorpha,Syrphoidea,Syrphidae,Syrphinae,Episyrphus,balteatus,12.29572580645161,7.508467741935483,2.1483064516129025
ID4_0535,ID,ID4,Site4,Meadow,IDxMeadow,2023-09-05 18:36:24.002,2023-09-05 18:36:41.082,00:00:17.080000,hoverfly,Insecta,Diptera,Brachycera,Muscomorpha,Syrphoidea,Syrphidae,Syrphinae,Episyrphus,balteatus,12.29572580645161,7.508467741935483,2.1483064516129025
ID4_0536,ID,ID4,Site4,Meadow,IDxMeadow,2023-09-05 19:31:45.957,2023-09-05 19:32:44.516,00:00:58.559000,fly,Insecta,Diptera,Brachycera,#N/C,#N/C,#N/C,#N/C,#N/C,#N/C,8.4004979253112,5.45134854771784,1.7163070539419094
ID4_0540,ID,ID4,Site4,Meadow,IDxMeadow,2023-09-06 08:29:29.409,2023-09-06 08:29:32.387,00:00:02.978000,hoverfly,Insecta,Diptera,Brachycera,Muscomorpha,Syrphoidea,Syrphidae,Syrphinae,Episyrphus,balteatus,12.29572580645161,7.508467741935483,2.1483064516129025
ID4_0541,ID,ID4,Site4,Meadow,IDxMeadow,2023-09-06 08:29:36.709,2023-09-06 08:29:45.452,00:00:08.743000,hoverfly,Insecta,Diptera,Brachycera,Muscomorpha,Syrphoidea,Syrphidae,Syrphinae,Episyrphus,balteatus,12.29572580645161,7.508467741935483,2.1483064516129025
ID4_0542,ID,ID4,Site4,Meadow,IDxMeadow,2023-09-06 08:29:48.389,2023-09-06 08:29:58.521,00:00:10.132000,hoverfly,Insecta,Diptera,Brachycera,Muscomorpha,Syrphoidea,Syrphidae,Syrphinae,Episyrphus,balteatus,12.29572580645161,7.508467741935483,2.1483064516129025
ID4_0547,ID,ID4,Site4,Meadow,IDxMeadow,2023-09-06 12:21:30.360,2023-09-06 12:23:50.540,00:02:20.180000,other,Insecta,#N/C,#N/C,#N/C,#N/C,#N/C,#N/C,#N/C,#N/C,24.284088427947573,6.536784934497831,2.114448689956332
ID4_0549,ID,ID4,Site4,Meadow,IDxMeadow,2023-09-06 14:20:05.990,2023-09-06 14:20:23.102,00:00:17.112000,beetle_oedem,Insecta,Coleoptera,Polyphaga,Cucujiformia,Tenebrionoidea,Oedemeridae,#N/C,#N/C,#N/C,11.883333333333333,7.416666666666667,1.7683333333333335
ID4_0550,ID,ID4,Site4,Meadow,IDxMeadow,2023-09-06 14:20:34.371,2023-09-06 14:20:44.327,00:00:09.956000,other,Insecta,#N/C,#N/C,#N/C,#N/C,#N/C,#N/C,#N/C,#N/C,24.284088427947573,6.536784934497831,2.114448689956332
ID4_0551,ID,ID4,Site4,Meadow,IDxMeadow,2023-09-06 17:06:28.923,2023-09-06 17:06:40.340,00:00:11.417000,other,Insecta,#N/C,#N/C,#N/C,#N/C,#N/C,#N/C,#N/C,#N/C,24.284088427947573,6.536784934497831,2.114448689956332
ID4_0552,ID,ID4,Site4,Meadow,IDxMeadow,2023-09-06 17:12:25.234,2023-09-06 17:12:44.109,00:00:18.875000,flesh_fly,Insecta,Diptera,Brachycera,Muscomorpha,Oestroidea,Sarcophagidae,#N/C,#N/C,#N/C,8.696344827586204,5.522551724137931,1.7546666666666675
ID4_0554,ID,ID4,Site4,Meadow,IDxMeadow,2023-09-06 18:04:45.740,2023-09-06 18:05:07.035,00:00:21.295000,fly,Insecta,Diptera,Brachycera,#N/C,#N/C,#N/C,#N/C,#N/C,#N/C,8.4004979253112,5.45134854771784,1.7163070539419094
ID4_0557,ID,ID4,Site4,Meadow,IDxMeadow,2023-09-06 18:14:36.283,2023-09-06 18:14:41.965,00:00:05.682000,fly,Insecta,Diptera,Brachycera,#N/C,#N/C,#N/C,#N/C,#N/C,#N/C,8.4004979253112,5.45134854771784,1.7163070539419094
ID4_0558,ID,ID4,Site4,Meadow,IDxMeadow,2023-09-06 18:25:07.661,2023-09-06 18:25:16.265,00:00:08.604000,flesh_fly,Insecta,Diptera,Brachycera,Muscomorpha,Oestroidea,Sarcophagidae,#N/C,#N/C,#N/C,8.696344827586204,5.522551724137931,1.7546666666666675
ID4_0559,ID,ID4,Site4,Meadow,IDxMeadow,2023-09-06 18:34:23.961,2023-09-06 18:34:28.301,00:00:04.340000,hoverfly,Insecta,Diptera,Brachycera,Muscomorpha,Syrphoidea,Syrphidae,Syrphinae,Episyrphus,balteatus,12.29572580645161,7.508467741935483,2.1483064516129025
ID4_0560,ID,ID4,Site4,Meadow,IDxMeadow,2023-09-06 18:34:23.994,2023-09-06 18:35:06.934,00:00:42.940000,hoverfly,Insecta,Diptera,Brachycera,Muscomorpha,Syrphoidea,Syrphidae,Syrphinae,Episyrphus,balteatus,12.29572580645161,7.508467741935483,2.1483064516129025
ID4_0561,ID,ID4,Site4,Meadow,IDxMeadow,2023-09-06 18:35:08.360,2023-09-06 18:35:36.760,00:00:28.400000,hoverfly,Insecta,Diptera,Brachycera,Muscomorpha,Syrphoidea,Syrphidae,Syrphinae,Episyrphus,balteatus,12.29572580645161,7.508467741935483,2.1483064516129025
ID4_0562,ID,ID4,Site4,Meadow,IDxMeadow,2023-09-06 18:35:45.322,2023-09-06 18:36:16.865,00:00:31.543000,hoverfly,Insecta,Diptera,Brachycera,Muscomorpha,Syrphoidea,Syrphidae,Syrphinae,Episyrphus,balteatus,12.29572580645161,7.508467741935483,2.1483064516129025
ID4_0563,ID,ID4,Site4,Meadow,IDxMeadow,2023-09-06 18:36:28.119,2023-09-06 18:36:35.233,00:00:07.114000,hoverfly,Insecta,Diptera,Brachycera,Muscomorpha,Syrphoidea,Syrphidae,Syrphinae,Episyrphus,balteatus,12.29572580645161,7.508467741935483,2.1483064516129025
ID4_0565,ID,ID4,Site4,Meadow,IDxMeadow,2023-09-06 19:14:08.122,2023-09-06 19:14:10.934,00:00:02.812000,fly,Insecta,Diptera,Brachycera,#N/C,#N/C,#N/C,#N/C,#N/C,#N/C,8.4004979253112,5.45134854771784,1.7163070539419094
ID4_0572,ID,ID4,Site4,Meadow,IDxMeadow,2023-09-06 19:40:08.190,2023-09-06 19:40:12.461,00:00:04.271000,fly,Insecta,Diptera,Brachycera,#N/C,#N/C,#N/C,#N/C,#N/C,#N/C,8.4004979253112,5.45134854771784,1.7163070539419094
ID4_0574,ID,ID4,Site4,Meadow,IDxMeadow,2023-09-06 19:40:35.031,2023-09-06 19:40:46.295,00:00:11.264000,fly,Insecta,Diptera,Brachycera,#N/C,#N/C,#N/C,#N/C,#N/C,#N/C,8.4004979253112,5.45134854771784,1.7163070539419094
ID4_0576,ID,ID4,Site4,Meadow,IDxMeadow,2023-09-07 07:09:31.754,2023-09-07 07:10:49.161,00:01:17.407000,fly,Insecta,Diptera,Brachycera,#N/C,#N/C,#N/C,#N/C,#N/C,#N/C,8.4004979253112,5.45134854771784,1.7163070539419094
ID4_0577,ID,ID4,Site4,Meadow,IDxMeadow,2023-09-07 07:11:03.230,2023-09-07 07:11:13.217,00:00:09.987000,fly,Insecta,Diptera,Brachycera,#N/C,#N/C,#N/C,#N/C,#N/C,#N/C,8.4004979253112,5.45134854771784,1.7163070539419094
ID4_0578,ID,ID4,Site4,Meadow,IDxMeadow,2023-09-07 07:11:47.190,2023-09-07 07:14:45.746,00:02:58.556000,fly,Insecta,Diptera,Brachycera,#N/C,#N/C,#N/C,#N/C,#N/C,#N/C,8.4004979253112,5.45134854771784,1.7163070539419094
ID4_0579,ID,ID4,Site4,Meadow,IDxMeadow,2023-09-07 07:14:54.159,2023-09-07 07:16:16.916,00:01:22.757000,fly,Insecta,Diptera,Brachycera,#N/C,#N/C,#N/C,#N/C,#N/C,#N/C,8.4004979253112,5.45134854771784,1.7163070539419094
ID4_0580,ID,ID4,Site4,Meadow,IDxMeadow,2023-09-07 07:16:32.435,2023-09-07 07:21:28.073,00:04:55.638000,fly,Insecta,Diptera,Brachycera,#N/C,#N/C,#N/C,#N/C,#N/C,#N/C,8.4004979253112,5.45134854771784,1.7163070539419094
ID4_0582,ID,ID4,Site4,Meadow,IDxMeadow,2023-09-07 07:30:27.399,2023-09-07 07:31:05.582,00:00:38.183000,fly,Insecta,Diptera,Brachycera,#N/C,#N/C,#N/C,#N/C,#N/C,#N/C,8.4004979253112,5.45134854771784,1.7163070539419094
ID4_0583,ID,ID4,Site4,Meadow,IDxMeadow,2023-09-07 07:31:15.430,2023-09-07 07:31:23.928,00:00:08.498000,fly,Insecta,Diptera,Brachycera,#N/C,#N/C,#N/C,#N/C,#N/C,#N/C,8.4004979253112,5.45134854771784,1.7163070539419094
ID4_0584,ID,ID4,Site4,Meadow,IDxMeadow,2023-09-07 07:32:20.242,2023-09-07 07:33:13.077,00:00:52.835000,fly,Insecta,Diptera,Brachycera,#N/C,#N/C,#N/C,#N/C,#N/C,#N/C,8.4004979253112,5.45134854771784,1.7163070539419094
ID4_0585,ID,ID4,Site4,Meadow,IDxMeadow,2023-09-07 07:33:34.127,2023-09-07 07:33:39.814,00:00:05.687000,fly,Insecta,Diptera,Brachycera,#N/C,#N/C,#N/C,#N/C,#N/C,#N/C,8.4004979253112,5.45134854771784,1.7163070539419094
ID4_0586,ID,ID4,Site4,Meadow,IDxMeadow,2023-09-07 08:36:31.362,2023-09-07 08:36:48.445,00:00:17.083000,hoverfly,Insecta,Diptera,Brachycera,Muscomorpha,Syrphoidea,Syrphidae,Syrphinae,Episyrphus,balteatus,12.29572580645161,7.508467741935483,2.1483064516129025
ID4_0588,ID,ID4,Site4,Meadow,IDxMeadow,2023-09-07 08:36:55.641,2023-09-07 08:37:26.984,00:00:31.343000,hoverfly,Insecta,Diptera,Brachycera,Muscomorpha,Syrphoidea,Syrphidae,Syrphinae,Episyrphus,balteatus,12.29572580645161,7.508467741935483,2.1483064516129025
ID4_0589,ID,ID4,Site4,Meadow,IDxMeadow,2023-09-07 08:37:35.395,2023-09-07 08:38:18.197,00:00:42.802000,hoverfly,Insecta,Diptera,Brachycera,Muscomorpha,Syrphoidea,Syrphidae,Syrphinae,Episyrphus,balteatus,12.29572580645161,7.508467741935483,2.1483064516129025
ID4_0592,ID,ID4,Site4,Meadow,IDxMeadow,2023-09-07 12:28:39.696,2023-09-07 12:29:04.039,00:00:24.343000,flesh_fly,Insecta,Diptera,Brachycera,Muscomorpha,Oestroidea,Sarcophagidae,#N/C,#N/C,#N/C,8.696344827586204,5.522551724137931,1.7546666666666675
ID4_0593,ID,ID4,Site4,Meadow,IDxMeadow,2023-09-07 12:35:46.630,2023-09-07 12:35:49.453,00:00:02.823000,flesh_fly,Insecta,Diptera,Brachycera,Muscomorpha,Oestroidea,Sarcophagidae,#N/C,#N/C,#N/C,8.696344827586204,5.522551724137931,1.7546666666666675
ID4_0594,ID,ID4,Site4,Meadow,IDxMeadow,2023-09-07 12:38:03.425,2023-09-07 12:38:09.163,00:00:05.738000,flesh_fly,Insecta,Diptera,Brachycera,Muscomorpha,Oestroidea,Sarcophagidae,#N/C,#N/C,#N/C,8.696344827586204,5.522551724137931,1.7546666666666675
ID4_0595,ID,ID4,Site4,Meadow,IDxMeadow,2023-09-07 13:19:57.231,2023-09-07 13:21:25.625,00:01:28.394000,fly,Insecta,Diptera,Brachycera,#N/C,#N/C,#N/C,#N/C,#N/C,#N/C,8.4004979253112,5.45134854771784,1.7163070539419094
ID4_0597,ID,ID4,Site4,Meadow,IDxMeadow,2023-09-07 14:18:09.965,2023-09-07 14:19:11.316,00:01:01.351000,fly,Insecta,Diptera,Brachycera,#N/C,#N/C,#N/C,#N/C,#N/C,#N/C,8.4004979253112,5.45134854771784,1.7163070539419094
ID4_0598,ID,ID4,Site4,Meadow,IDxMeadow,2023-09-07 17:16:36.744,2023-09-07 17:16:39.629,00:00:02.885000,fly,Insecta,Diptera,Brachycera,#N/C,#N/C,#N/C,#N/C,#N/C,#N/C,8.4004979253112,5.45134854771784,1.7163070539419094
ID4_0599,ID,ID4,Site4,Meadow,IDxMeadow,2023-09-07 17:16:43.829,2023-09-07 17:16:46.787,00:00:02.958000,flesh_fly,Insecta,Diptera,Brachycera,Muscomorpha,Oestroidea,Sarcophagidae,#N/C,#N/C,#N/C,8.696344827586204,5.522551724137931,1.7546666666666675
ID4_0600,ID,ID4,Site4,Meadow,IDxMeadow,2023-09-07 17:16:52.413,2023-09-07 17:17:22.641,00:00:30.228000,flesh_fly,Insecta,Diptera,Brachycera,Muscomorpha,Oestroidea,Sarcophagidae,#N/C,#N/C,#N/C,8.696344827586204,5.522551724137931,1.7546666666666675
ID4_0601,ID,ID4,Site4,Meadow,IDxMeadow,2023-09-07 17:17:29.845,2023-09-07 17:17:51.372,00:00:21.527000,flesh_fly,Insecta,Diptera,Brachycera,Muscomorpha,Oestroidea,Sarcophagidae,#N/C,#N/C,#N/C,8.696344827586204,5.522551724137931,1.7546666666666675
ID4_0602,ID,ID4,Site4,Meadow,IDxMeadow,2023-09-07 17:17:54.190,2023-09-07 17:18:15.816,00:00:21.626000,flesh_fly,Insecta,Diptera,Brachycera,Muscomorpha,Oestroidea,Sarcophagidae,#N/C,#N/C,#N/C,8.696344827586204,5.522551724137931,1.7546666666666675
ID4_0603,ID,ID4,Site4,Meadow,IDxMeadow,2023-09-07 17:18:18.706,2023-09-07 17:18:25.828,00:00:07.122000,flesh_fly,Insecta,Diptera,Brachycera,Muscomorpha,Oestroidea,Sarcophagidae,#N/C,#N/C,#N/C,8.696344827586204,5.522551724137931,1.7546666666666675
ID4_0604,ID,ID4,Site4,Meadow,IDxMeadow,2023-09-07 17:18:35.758,2023-09-07 17:19:01.492,00:00:25.734000,flesh_fly,Insecta,Diptera,Brachycera,Muscomorpha,Oestroidea,Sarcophagidae,#N/C,#N/C,#N/C,8.696344827586204,5.522551724137931,1.7546666666666675
ID4_0605,ID,ID4,Site4,Meadow,IDxMeadow,2023-09-07 17:19:02.940,2023-09-07 17:20:17.333,00:01:14.393000,flesh_fly,Insecta,Diptera,Brachycera,Muscomorpha,Oestroidea,Sarcophagidae,#N/C,#N/C,#N/C,8.696344827586204,5.522551724137931,1.7546666666666675
ID4_0606,ID,ID4,Site4,Meadow,IDxMeadow,2023-09-07 17:20:18.760,2023-09-07 17:20:25.974,00:00:07.214000,flesh_fly,Insecta,Diptera,Brachycera,Muscomorpha,Oestroidea,Sarcophagidae,#N/C,#N/C,#N/C,8.696344827586204,5.522551724137931,1.7546666666666675
ID4_0607,ID,ID4,Site4,Meadow,IDxMeadow,2023-09-07 17:20:33.096,2023-09-07 17:21:18.976,00:00:45.880000,flesh_fly,Insecta,Diptera,Brachycera,Muscomorpha,Oestroidea,Sarcophagidae,#N/C,#N/C,#N/C,8.696344827586204,5.522551724137931,1.7546666666666675
ID4_0608,ID,ID4,Site4,Meadow,IDxMeadow,2023-09-07 17:20:31.657,2023-09-07 17:20:46.053,00:00:14.396000,flesh_fly,Insecta,Diptera,Brachycera,Muscomorpha,Oestroidea,Sarcophagidae,#N/C,#N/C,#N/C,8.696344827586204,5.522551724137931,1.7546666666666675
ID4_0609,ID,ID4,Site4,Meadow,IDxMeadow,2023-09-07 17:21:48.684,2023-09-07 17:22:14.866,00:00:26.182000,flesh_fly,Insecta,Diptera,Brachycera,Muscomorpha,Oestroidea,Sarcophagidae,#N/C,#N/C,#N/C,8.696344827586204,5.522551724137931,1.7546666666666675
ID4_0610,ID,ID4,Site4,Meadow,IDxMeadow,2023-09-07 17:21:48.714,2023-09-07 17:22:14.922,00:00:26.208000,fly,Insecta,Diptera,Brachycera,#N/C,#N/C,#N/C,#N/C,#N/C,#N/C,8.4004979253112,5.45134854771784,1.7163070539419094
ID4_0611,ID,ID4,Site4,Meadow,IDxMeadow,2023-09-07 17:22:17.743,2023-09-07 17:23:03.964,00:00:46.221000,flesh_fly,Insecta,Diptera,Brachycera,Muscomorpha,Oestroidea,Sarcophagidae,#N/C,#N/C,#N/C,8.696344827586204,5.522551724137931,1.7546666666666675
ID4_0612,ID,ID4,Site4,Meadow,IDxMeadow,2023-09-07 17:22:50.904,2023-09-07 17:23:03.995,00:00:13.091000,flesh_fly,Insecta,Diptera,Brachycera,Muscomorpha,Oestroidea,Sarcophagidae,#N/C,#N/C,#N/C,8.696344827586204,5.522551724137931,1.7546666666666675
ID4_0613,ID,ID4,Site4,Meadow,IDxMeadow,2023-09-07 17:23:25.250,2023-09-07 17:23:29.567,00:00:04.317000,flesh_fly,Insecta,Diptera,Brachycera,Muscomorpha,Oestroidea,Sarcophagidae,#N/C,#N/C,#N/C,8.696344827586204,5.522551724137931,1.7546666666666675
ID4_0614,ID,ID4,Site4,Meadow,IDxMeadow,2023-09-07 17:23:30.974,2023-09-07 17:23:40.974,00:00:10,flesh_fly,Insecta,Diptera,Brachycera,Muscomorpha,Oestroidea,Sarcophagidae,#N/C,#N/C,#N/C,8.696344827586204,5.522551724137931,1.7546666666666675
ID4_0615,ID,ID4,Site4,Meadow,IDxMeadow,2023-09-07 17:23:46.706,2023-09-07 17:24:11.312,00:00:24.606000,flesh_fly,Insecta,Diptera,Brachycera,Muscomorpha,Oestroidea,Sarcophagidae,#N/C,#N/C,#N/C,8.696344827586204,5.522551724137931,1.7546666666666675
ID4_0617,ID,ID4,Site4,Meadow,IDxMeadow,2023-09-07 17:24:15.634,2023-09-07 17:24:25.694,00:00:10.060000,flesh_fly,Insecta,Diptera,Brachycera,Muscomorpha,Oestroidea,Sarcophagidae,#N/C,#N/C,#N/C,8.696344827586204,5.522551724137931,1.7546666666666675
ID4_0618,ID,ID4,Site4,Meadow,IDxMeadow,2023-09-07 17:24:28.503,2023-09-07 17:24:31.475,00:00:02.972000,flesh_fly,Insecta,Diptera,Brachycera,Muscomorpha,Oestroidea,Sarcophagidae,#N/C,#N/C,#N/C,8.696344827586204,5.522551724137931,1.7546666666666675
ID4_0619,ID,ID4,Site4,Meadow,IDxMeadow,2023-09-07 17:24:28.534,2023-09-07 17:24:40.133,00:00:11.599000,flesh_fly,Insecta,Diptera,Brachycera,Muscomorpha,Oestroidea,Sarcophagidae,#N/C,#N/C,#N/C,8.696344827586204,5.522551724137931,1.7546666666666675
ID4_0620,ID,ID4,Site4,Meadow,IDxMeadow,2023-09-07 17:24:35.781,2023-09-07 17:25:11.654,00:00:35.873000,flesh_fly,Insecta,Diptera,Brachycera,Muscomorpha,Oestroidea,Sarcophagidae,#N/C,#N/C,#N/C,8.696344827586204,5.522551724137931,1.7546666666666675
ID4_0621,ID,ID4,Site4,Meadow,IDxMeadow,2023-09-07 17:25:17.384,2023-09-07 17:25:51.651,00:00:34.267000,flesh_fly,Insecta,Diptera,Brachycera,Muscomorpha,Oestroidea,Sarcophagidae,#N/C,#N/C,#N/C,8.696344827586204,5.522551724137931,1.7546666666666675
ID4_0622,ID,ID4,Site4,Meadow,IDxMeadow,2023-09-07 17:25:57.344,2023-09-07 17:26:03.114,00:00:05.770000,flesh_fly,Insecta,Diptera,Brachycera,Muscomorpha,Oestroidea,Sarcophagidae,#N/C,#N/C,#N/C,8.696344827586204,5.522551724137931,1.7546666666666675
ID4_0623,ID,ID4,Site4,Meadow,IDxMeadow,2023-09-07 17:26:05.965,2023-09-07 17:26:20.398,00:00:14.433000,flesh_fly,Insecta,Diptera,Brachycera,Muscomorpha,Oestroidea,Sarcophagidae,#N/C,#N/C,#N/C,8.696344827586204,5.522551724137931,1.7546666666666675
ID4_0624,ID,ID4,Site4,Meadow,IDxMeadow,2023-09-07 17:26:24.646,2023-09-07 17:26:56.169,00:00:31.523000,flesh_fly,Insecta,Diptera,Brachycera,Muscomorpha,Oestroidea,Sarcophagidae,#N/C,#N/C,#N/C,8.696344827586204,5.522551724137931,1.7546666666666675
ID4_0625,ID,ID4,Site4,Meadow,IDxMeadow,2023-09-07 17:27:04.653,2023-09-07 17:27:28.960,00:00:24.307000,flesh_fly,Insecta,Diptera,Brachycera,Muscomorpha,Oestroidea,Sarcophagidae,#N/C,#N/C,#N/C,8.696344827586204,5.522551724137931,1.7546666666666675
ID4_0626,ID,ID4,Site4,Meadow,IDxMeadow,2023-09-07 17:27:31.841,2023-09-07 17:27:50.515,00:00:18.674000,flesh_fly,Insecta,Diptera,Brachycera,Muscomorpha,Oestroidea,Sarcophagidae,#N/C,#N/C,#N/C,8.696344827586204,5.522551724137931,1.7546666666666675
ID4_0627,ID,ID4,Site4,Meadow,IDxMeadow,2023-09-07 17:28:20.061,2023-09-07 17:28:27.281,00:00:07.220000,fly,Insecta,Diptera,Brachycera,#N/C,#N/C,#N/C,#N/C,#N/C,#N/C,8.4004979253112,5.45134854771784,1.7163070539419094
ID4_0628,ID,ID4,Site4,Meadow,IDxMeadow,2023-09-07 17:28:21.518,2023-09-07 17:28:33.054,00:00:11.536000,flesh_fly,Insecta,Diptera,Brachycera,Muscomorpha,Oestroidea,Sarcophagidae,#N/C,#N/C,#N/C,8.696344827586204,5.522551724137931,1.7546666666666675
ID4_0629,ID,ID4,Site4,Meadow,IDxMeadow,2023-09-07 17:28:35.919,2023-09-07 17:28:45.952,00:00:10.033000,flesh_fly,Insecta,Diptera,Brachycera,Muscomorpha,Oestroidea,Sarcophagidae,#N/C,#N/C,#N/C,8.696344827586204,5.522551724137931,1.7546666666666675
ID4_0630,ID,ID4,Site4,Meadow,IDxMeadow,2023-09-07 17:28:41.653,2023-09-07 17:28:55.978,00:00:14.325000,flesh_fly,Insecta,Diptera,Brachycera,Muscomorpha,Oestroidea,Sarcophagidae,#N/C,#N/C,#N/C,8.696344827586204,5.522551724137931,1.7546666666666675
ID4_0631,ID,ID4,Site4,Meadow,IDxMeadow,2023-09-07 17:28:58.781,2023-09-07 17:29:35.951,00:00:37.170000,fly,Insecta,Diptera,Brachycera,#N/C,#N/C,#N/C,#N/C,#N/C,#N/C,8.4004979253112,5.45134854771784,1.7163070539419094
ID4_0632,ID,ID4,Site4,Meadow,IDxMeadow,2023-09-07 17:29:37.374,2023-09-07 17:29:46.021,00:00:08.647000,flesh_fly,Insecta,Diptera,Brachycera,Muscomorpha,Oestroidea,Sarcophagidae,#N/C,#N/C,#N/C,8.696344827586204,5.522551724137931,1.7546666666666675
ID4_0633,ID,ID4,Site4,Meadow,IDxMeadow,2023-09-07 17:30:07.338,2023-09-07 17:30:28.834,00:00:21.496000,flesh_fly,Insecta,Diptera,Brachycera,Muscomorpha,Oestroidea,Sarcophagidae,#N/C,#N/C,#N/C,8.696344827586204,5.522551724137931,1.7546666666666675
ID4_0634,ID,ID4,Site4,Meadow,IDxMeadow,2023-09-07 17:30:45.845,2023-09-07 17:31:18.801,00:00:32.956000,flesh_fly,Insecta,Diptera,Brachycera,Muscomorpha,Oestroidea,Sarcophagidae,#N/C,#N/C,#N/C,8.696344827586204,5.522551724137931,1.7546666666666675
ID4_0635,ID,ID4,Site4,Meadow,IDxMeadow,2023-09-07 17:31:23.061,2023-09-07 17:32:02.284,00:00:39.223000,flesh_fly,Insecta,Diptera,Brachycera,Muscomorpha,Oestroidea,Sarcophagidae,#N/C,#N/C,#N/C,8.696344827586204,5.522551724137931,1.7546666666666675
ID4_0637,ID,ID4,Site4,Meadow,IDxMeadow,2023-09-07 17:31:41.921,2023-09-07 17:31:50.694,00:00:08.773000,flesh_fly,Insecta,Diptera,Brachycera,Muscomorpha,Oestroidea,Sarcophagidae,#N/C,#N/C,#N/C,8.696344827586204,5.522551724137931,1.7546666666666675
ID4_0638,ID,ID4,Site4,Meadow,IDxMeadow,2023-09-07 17:32:09.353,2023-09-07 17:32:12.212,00:00:02.859000,flesh_fly,Insecta,Diptera,Brachycera,Muscomorpha,Oestroidea,Sarcophagidae,#N/C,#N/C,#N/C,8.696344827586204,5.522551724137931,1.7546666666666675
ID4_0639,ID,ID4,Site4,Meadow,IDxMeadow,2023-09-07 17:32:15.032,2023-09-07 17:32:17.893,00:00:02.861000,fly,Insecta,Diptera,Brachycera,#N/C,#N/C,#N/C,#N/C,#N/C,#N/C,8.4004979253112,5.45134854771784,1.7163070539419094
ID4_0640,ID,ID4,Site4,Meadow,IDxMeadow,2023-09-07 17:32:30.691,2023-09-07 17:33:33.533,00:01:02.842000,flesh_fly,Insecta,Diptera,Brachycera,Muscomorpha,Oestroidea,Sarcophagidae,#N/C,#N/C,#N/C,8.696344827586204,5.522551724137931,1.7546666666666675
ID4_0641,ID,ID4,Site4,Meadow,IDxMeadow,2023-09-07 17:33:30.669,2023-09-07 17:33:52.108,00:00:21.439000,flesh_fly,Insecta,Diptera,Brachycera,Muscomorpha,Oestroidea,Sarcophagidae,#N/C,#N/C,#N/C,8.696344827586204,5.522551724137931,1.7546666666666675
ID4_0642,ID,ID4,Site4,Meadow,IDxMeadow,2023-09-07 17:34:16.314,2023-09-07 17:34:27.865,00:00:11.551000,flesh_fly,Insecta,Diptera,Brachycera,Muscomorpha,Oestroidea,Sarcophagidae,#N/C,#N/C,#N/C,8.696344827586204,5.522551724137931,1.7546666666666675
ID4_0643,ID,ID4,Site4,Meadow,IDxMeadow,2023-09-07 17:34:49.033,2023-09-07 17:35:10.502,00:00:21.469000,fly,Insecta,Diptera,Brachycera,#N/C,#N/C,#N/C,#N/C,#N/C,#N/C,8.4004979253112,5.45134854771784,1.7163070539419094
ID4_0644,ID,ID4,Site4,Meadow,IDxMeadow,2023-09-07 17:35:14.785,2023-09-07 17:35:40.903,00:00:26.118000,flesh_fly,Insecta,Diptera,Brachycera,Muscomorpha,Oestroidea,Sarcophagidae,#N/C,#N/C,#N/C,8.696344827586204,5.522551724137931,1.7546666666666675
ID4_0645,ID,ID4,Site4,Meadow,IDxMeadow,2023-09-07 17:35:17.639,2023-09-07 17:35:29.310,00:00:11.671000,flesh_fly,Insecta,Diptera,Brachycera,Muscomorpha,Oestroidea,Sarcophagidae,#N/C,#N/C,#N/C,8.696344827586204,5.522551724137931,1.7546666666666675
ID4_0647,ID,ID4,Site4,Meadow,IDxMeadow,2023-09-07 17:35:43.724,2023-09-07 17:35:49.445,00:00:05.721000,flesh_fly,Insecta,Diptera,Brachycera,Muscomorpha,Oestroidea,Sarcophagidae,#N/C,#N/C,#N/C,8.696344827586204,5.522551724137931,1.7546666666666675
ID4_0648,ID,ID4,Site4,Meadow,IDxMeadow,2023-09-07 17:35:53.751,2023-09-07 17:36:00.904,00:00:07.153000,flesh_fly,Insecta,Diptera,Brachycera,Muscomorpha,Oestroidea,Sarcophagidae,#N/C,#N/C,#N/C,8.696344827586204,5.522551724137931,1.7546666666666675
ID4_0649,ID,ID4,Site4,Meadow,IDxMeadow,2023-09-07 17:36:02.325,2023-09-07 17:36:18.350,00:00:16.025000,flesh_fly,Insecta,Diptera,Brachycera,Muscomorpha,Oestroidea,Sarcophagidae,#N/C,#N/C,#N/C,8.696344827586204,5.522551724137931,1.7546666666666675
ID4_0650,ID,ID4,Site4,Meadow,IDxMeadow,2023-09-07 17:36:26.813,2023-09-07 17:36:35.472,00:00:08.659000,fly,Insecta,Diptera,Brachycera,#N/C,#N/C,#N/C,#N/C,#N/C,#N/C,8.4004979253112,5.45134854771784,1.7163070539419094
ID4_0652,ID,ID4,Site4,Meadow,IDxMeadow,2023-09-07 17:37:19.241,2023-09-07 17:37:25.036,00:00:05.795000,fly,Insecta,Diptera,Brachycera,#N/C,#N/C,#N/C,#N/C,#N/C,#N/C,8.4004979253112,5.45134854771784,1.7163070539419094
ID4_0653,ID,ID4,Site4,Meadow,IDxMeadow,2023-09-07 17:37:36.314,2023-09-07 17:37:40.595,00:00:04.281000,flesh_fly,Insecta,Diptera,Brachycera,Muscomorpha,Oestroidea,Sarcophagidae,#N/C,#N/C,#N/C,8.696344827586204,5.522551724137931,1.7546666666666675
ID4_0654,ID,ID4,Site4,Meadow,IDxMeadow,2023-09-07 17:37:43.433,2023-09-07 17:37:56.294,00:00:12.861000,flesh_fly,Insecta,Diptera,Brachycera,Muscomorpha,Oestroidea,Sarcophagidae,#N/C,#N/C,#N/C,8.696344827586204,5.522551724137931,1.7546666666666675
ID4_0655,ID,ID4,Site4,Meadow,IDxMeadow,2023-09-07 17:38:02.039,2023-09-07 17:38:16.443,00:00:14.404000,flesh_fly,Insecta,Diptera,Brachycera,Muscomorpha,Oestroidea,Sarcophagidae,#N/C,#N/C,#N/C,8.696344827586204,5.522551724137931,1.7546666666666675
ID4_0656,ID,ID4,Site4,Meadow,IDxMeadow,2023-09-07 17:38:29.303,2023-09-07 17:38:43.772,00:00:14.469000,fly,Insecta,Diptera,Brachycera,#N/C,#N/C,#N/C,#N/C,#N/C,#N/C,8.4004979253112,5.45134854771784,1.7163070539419094
ID4_0657,ID,ID4,Site4,Meadow,IDxMeadow,2023-09-07 17:38:23.616,2023-09-07 17:38:43.800,00:00:20.184000,flesh_fly,Insecta,Diptera,Brachycera,Muscomorpha,Oestroidea,Sarcophagidae,#N/C,#N/C,#N/C,8.696344827586204,5.522551724137931,1.7546666666666675
ID4_0658,ID,ID4,Site4,Meadow,IDxMeadow,2023-09-07 17:38:45.199,2023-09-07 17:38:53.663,00:00:08.464000,flesh_fly,Insecta,Diptera,Brachycera,Muscomorpha,Oestroidea,Sarcophagidae,#N/C,#N/C,#N/C,8.696344827586204,5.522551724137931,1.7546666666666675
ID4_0660,ID,ID4,Site4,Meadow,IDxMeadow,2023-09-07 18:08:03.610,2023-09-07 18:08:06.445,00:00:02.835000,fly,Insecta,Diptera,Brachycera,#N/C,#N/C,#N/C,#N/C,#N/C,#N/C,8.4004979253112,5.45134854771784,1.7163070539419094
ID4_0661,ID,ID4,Site4,Meadow,IDxMeadow,2023-09-07 18:08:24.862,2023-09-07 18:08:36.240,00:00:11.378000,fly,Insecta,Diptera,Brachycera,#N/C,#N/C,#N/C,#N/C,#N/C,#N/C,8.4004979253112,5.45134854771784,1.7163070539419094
ID4_0662,ID,ID4,Site4,Meadow,IDxMeadow,2023-09-07 18:08:39.133,2023-09-07 18:08:53.460,00:00:14.327000,fly,Insecta,Diptera,Brachycera,#N/C,#N/C,#N/C,#N/C,#N/C,#N/C,8.4004979253112,5.45134854771784,1.7163070539419094
ID4_0667,ID,ID4,Site4,Meadow,IDxMeadow,2023-09-07 18:20:33.559,2023-09-07 18:20:55.114,00:00:21.555000,fly,Insecta,Diptera,Brachycera,#N/C,#N/C,#N/C,#N/C,#N/C,#N/C,8.4004979253112,5.45134854771784,1.7163070539419094
ID4_0668,ID,ID4,Site4,Meadow,IDxMeadow,2023-09-07 18:20:56.613,2023-09-07 18:21:03.774,00:00:07.161000,fly,Insecta,Diptera,Brachycera,#N/C,#N/C,#N/C,#N/C,#N/C,#N/C,8.4004979253112,5.45134854771784,1.7163070539419094
ID4_0677,ID,ID4,Site4,Meadow,IDxMeadow,2023-09-07 19:23:57.887,2023-09-07 19:24:25.146,00:00:27.259000,fly,Insecta,Diptera,Brachycera,#N/C,#N/C,#N/C,#N/C,#N/C,#N/C,8.4004979253112,5.45134854771784,1.7163070539419094
ID4_0678,ID,ID4,Site4,Meadow,IDxMeadow,2023-09-07 19:24:51.880,2023-09-07 19:25:16.099,00:00:24.219000,fly,Insecta,Diptera,Brachycera,#N/C,#N/C,#N/C,#N/C,#N/C,#N/C,8.4004979253112,5.45134854771784,1.7163070539419094
ID4_0679,ID,ID4,Site4,Meadow,IDxMeadow,2023-09-07 19:25:21.755,2023-09-07 19:25:28.899,00:00:07.144000,fly,Insecta,Diptera,Brachycera,#N/C,#N/C,#N/C,#N/C,#N/C,#N/C,8.4004979253112,5.45134854771784,1.7163070539419094
ID4_0680,ID,ID4,Site4,Meadow,IDxMeadow,2023-09-07 19:25:31.783,2023-09-07 19:25:37.514,00:00:05.731000,fly,Insecta,Diptera,Brachycera,#N/C,#N/C,#N/C,#N/C,#N/C,#N/C,8.4004979253112,5.45134854771784,1.7163070539419094
ID4_0681,ID,ID4,Site4,Meadow,IDxMeadow,2023-09-07 19:25:45.955,2023-09-07 19:26:08.926,00:00:22.971000,fly,Insecta,Diptera,Brachycera,#N/C,#N/C,#N/C,#N/C,#N/C,#N/C,8.4004979253112,5.45134854771784,1.7163070539419094
ID4_0682,ID,ID4,Site4,Meadow,IDxMeadow,2023-09-07 19:25:46.008,2023-09-07 19:25:48.942,00:00:02.934000,fly,Insecta,Diptera,Brachycera,#N/C,#N/C,#N/C,#N/C,#N/C,#N/C,8.4004979253112,5.45134854771784,1.7163070539419094
ID4_0685,ID,ID4,Site4,Meadow,IDxMeadow,2023-09-07 19:29:51.494,2023-09-07 19:32:27.061,00:02:35.567000,fly,Insecta,Diptera,Brachycera,#N/C,#N/C,#N/C,#N/C,#N/C,#N/C,8.4004979253112,5.45134854771784,1.7163070539419094
ID4_0686,ID,ID4,Site4,Meadow,IDxMeadow,2023-09-07 19:39:44.806,2023-09-07 19:40:03.324,00:00:18.518000,fly,Insecta,Diptera,Brachycera,#N/C,#N/C,#N/C,#N/C,#N/C,#N/C,8.4004979253112,5.45134854771784,1.7163070539419094
ID4_0688,ID,ID4,Site4,Meadow,IDxMeadow,2023-09-08 09:10:36.226,2023-09-08 09:11:07.531,00:00:31.305000,fly,Insecta,Diptera,Brachycera,#N/C,#N/C,#N/C,#N/C,#N/C,#N/C,8.4004979253112,5.45134854771784,1.7163070539419094
ID4_0689,ID,ID4,Site4,Meadow,IDxMeadow,2023-09-08 09:11:18.745,2023-09-08 09:11:48.625,00:00:29.880000,fly,Insecta,Diptera,Brachycera,#N/C,#N/C,#N/C,#N/C,#N/C,#N/C,8.4004979253112,5.45134854771784,1.7163070539419094
ID4_0692,ID,ID4,Site4,Meadow,IDxMeadow,2023-09-08 09:24:59.052,2023-09-08 09:25:07.790,00:00:08.738000,hoverfly,Insecta,Diptera,Brachycera,Muscomorpha,Syrphoidea,Syrphidae,Syrphinae,Episyrphus,balteatus,12.29572580645161,7.508467741935483,2.1483064516129025
ID4_0694,ID,ID4,Site4,Meadow,IDxMeadow,2023-09-08 12:00:51.811,2023-09-08 12:01:19.104,00:00:27.293000,flesh_fly,Insecta,Diptera,Brachycera,Muscomorpha,Oestroidea,Sarcophagidae,#N/C,#N/C,#N/C,8.696344827586204,5.522551724137931,1.7546666666666675
ID4_0695,ID,ID4,Site4,Meadow,IDxMeadow,2023-09-08 12:01:20.562,2023-09-08 12:02:02.031,00:00:41.469000,flesh_fly,Insecta,Diptera,Brachycera,Muscomorpha,Oestroidea,Sarcophagidae,#N/C,#N/C,#N/C,8.696344827586204,5.522551724137931,1.7546666666666675
ID4_0696,ID,ID4,Site4,Meadow,IDxMeadow,2023-09-08 12:02:09.200,2023-09-08 12:02:27.809,00:00:18.609000,flesh_fly,Insecta,Diptera,Brachycera,Muscomorpha,Oestroidea,Sarcophagidae,#N/C,#N/C,#N/C,8.696344827586204,5.522551724137931,1.7546666666666675
ID4_0697,ID,ID4,Site4,Meadow,IDxMeadow,2023-09-08 12:02:32.026,2023-09-08 12:02:47.824,00:00:15.798000,flesh_fly,Insecta,Diptera,Brachycera,Muscomorpha,Oestroidea,Sarcophagidae,#N/C,#N/C,#N/C,8.696344827586204,5.522551724137931,1.7546666666666675
ID4_0698,ID,ID4,Site4,Meadow,IDxMeadow,2023-09-08 12:02:54.875,2023-09-08 12:03:03.454,00:00:08.579000,flesh_fly,Insecta,Diptera,Brachycera,Muscomorpha,Oestroidea,Sarcophagidae,#N/C,#N/C,#N/C,8.696344827586204,5.522551724137931,1.7546666666666675
ID4_0699,ID,ID4,Site4,Meadow,IDxMeadow,2023-09-08 12:03:06.362,2023-09-08 12:03:20.633,00:00:14.271000,flesh_fly,Insecta,Diptera,Brachycera,Muscomorpha,Oestroidea,Sarcophagidae,#N/C,#N/C,#N/C,8.696344827586204,5.522551724137931,1.7546666666666675
ID4_0700,ID,ID4,Site4,Meadow,IDxMeadow,2023-09-08 12:03:26.328,2023-09-08 12:03:50.713,00:00:24.385000,flesh_fly,Insecta,Diptera,Brachycera,Muscomorpha,Oestroidea,Sarcophagidae,#N/C,#N/C,#N/C,8.696344827586204,5.522551724137931,1.7546666666666675
ID4_0701,ID,ID4,Site4,Meadow,IDxMeadow,2023-09-08 12:04:00.644,2023-09-08 12:05:25.603,00:01:24.959000,flesh_fly,Insecta,Diptera,Brachycera,Muscomorpha,Oestroidea,Sarcophagidae,#N/C,#N/C,#N/C,8.696344827586204,5.522551724137931,1.7546666666666675
ID4_0702,ID,ID4,Site4,Meadow,IDxMeadow,2023-09-08 12:05:29.865,2023-09-08 12:05:45.420,00:00:15.555000,flesh_fly,Insecta,Diptera,Brachycera,Muscomorpha,Oestroidea,Sarcophagidae,#N/C,#N/C,#N/C,8.696344827586204,5.522551724137931,1.7546666666666675
ID4_0703,ID,ID4,Site4,Meadow,IDxMeadow,2023-09-08 12:06:16.465,2023-09-08 12:06:52.137,00:00:35.672000,flesh_fly,Insecta,Diptera,Brachycera,Muscomorpha,Oestroidea,Sarcophagidae,#N/C,#N/C,#N/C,8.696344827586204,5.522551724137931,1.7546666666666675
ID4_0704,ID,ID4,Site4,Meadow,IDxMeadow,2023-09-08 12:07:04.989,2023-09-08 12:07:10.684,00:00:05.695000,flesh_fly,Insecta,Diptera,Brachycera,Muscomorpha,Oestroidea,Sarcophagidae,#N/C,#N/C,#N/C,8.696344827586204,5.522551724137931,1.7546666666666675
ID4_0705,ID,ID4,Site4,Meadow,IDxMeadow,2023-09-08 12:07:14.941,2023-09-08 12:07:55.098,00:00:40.157000,flesh_fly,Insecta,Diptera,Brachycera,Muscomorpha,Oestroidea,Sarcophagidae,#N/C,#N/C,#N/C,8.696344827586204,5.522551724137931,1.7546666666666675
ID4_0706,ID,ID4,Site4,Meadow,IDxMeadow,2023-09-08 12:07:59.371,2023-09-08 12:08:26.755,00:00:27.384000,flesh_fly,Insecta,Diptera,Brachycera,Muscomorpha,Oestroidea,Sarcophagidae,#N/C,#N/C,#N/C,8.696344827586204,5.522551724137931,1.7546666666666675
ID4_0707,ID,ID4,Site4,Meadow,IDxMeadow,2023-09-08 12:08:29.575,2023-09-08 12:08:59.594,00:00:30.019000,flesh_fly,Insecta,Diptera,Brachycera,Muscomorpha,Oestroidea,Sarcophagidae,#N/C,#N/C,#N/C,8.696344827586204,5.522551724137931,1.7546666666666675
ID4_0708,ID,ID4,Site4,Meadow,IDxMeadow,2023-09-08 12:09:18.020,2023-09-08 12:09:36.513,00:00:18.493000,flesh_fly,Insecta,Diptera,Brachycera,Muscomorpha,Oestroidea,Sarcophagidae,#N/C,#N/C,#N/C,8.696344827586204,5.522551724137931,1.7546666666666675
ID4_0711,ID,ID4,Site4,Meadow,IDxMeadow,2023-09-08 17:38:29.981,2023-09-08 17:38:57.045,00:00:27.064000,other,Insecta,#N/C,#N/C,#N/C,#N/C,#N/C,#N/C,#N/C,#N/C,24.284088427947573,6.536784934497831,2.114448689956332
ID4_0713,ID,ID4,Site4,Meadow,IDxMeadow,2023-09-08 17:39:38.183,2023-09-08 17:40:17.953,00:00:39.770000,fly,Insecta,Diptera,Brachycera,#N/C,#N/C,#N/C,#N/C,#N/C,#N/C,8.4004979253112,5.45134854771784,1.7163070539419094
ID4_0714,ID,ID4,Site4,Meadow,IDxMeadow,2023-09-08 18:02:08.895,2023-09-08 18:02:11.759,00:00:02.864000,other,Insecta,#N/C,#N/C,#N/C,#N/C,#N/C,#N/C,#N/C,#N/C,24.284088427947573,6.536784934497831,2.114448689956332
ID4_0716,ID,ID4,Site4,Meadow,IDxMeadow,2023-09-08 18:24:20.326,2023-09-08 18:24:23.145,00:00:02.819000,fly,Insecta,Diptera,Brachycera,#N/C,#N/C,#N/C,#N/C,#N/C,#N/C,8.4004979253112,5.45134854771784,1.7163070539419094
ID4_0718,ID,ID4,Site4,Meadow,IDxMeadow,2023-09-08 19:16:13.758,2023-09-08 19:16:42.292,00:00:28.534000,fly,Insecta,Diptera,Brachycera,#N/C,#N/C,#N/C,#N/C,#N/C,#N/C,8.4004979253112,5.45134854771784,1.7163070539419094
ID4_0719,ID,ID4,Site4,Meadow,IDxMeadow,2023-09-08 19:23:12.403,2023-09-08 19:23:35.220,00:00:22.817000,fly,Insecta,Diptera,Brachycera,#N/C,#N/C,#N/C,#N/C,#N/C,#N/C,8.4004979253112,5.45134854771784,1.7163070539419094
ID4_0720,ID,ID4,Site4,Meadow,IDxMeadow,2023-09-08 19:27:58.515,2023-09-08 19:28:07.086,00:00:08.571000,fly,Insecta,Diptera,Brachycera,#N/C,#N/C,#N/C,#N/C,#N/C,#N/C,8.4004979253112,5.45134854771784,1.7163070539419094
ID4_0721,ID,ID4,Site4,Meadow,IDxMeadow,2023-09-08 19:30:38.881,2023-09-08 19:30:55.908,00:00:17.027000,fly,Insecta,Diptera,Brachycera,#N/C,#N/C,#N/C,#N/C,#N/C,#N/C,8.4004979253112,5.45134854771784,1.7163070539419094
ID4_0723,ID,ID4,Site4,Meadow,IDxMeadow,2023-09-09 09:27:36.521,2023-09-09 09:27:43.666,00:00:07.145000,hoverfly,Insecta,Diptera,Brachycera,Muscomorpha,Syrphoidea,Syrphidae,Syrphinae,Episyrphus,balteatus,12.29572580645161,7.508467741935483,2.1483064516129025
ID4_0724,ID,ID4,Site4,Meadow,IDxMeadow,2023-09-09 09:28:38.745,2023-09-09 09:34:12.175,00:05:33.430000,fly,Insecta,Diptera,Brachycera,#N/C,#N/C,#N/C,#N/C,#N/C,#N/C,8.4004979253112,5.45134854771784,1.7163070539419094
ID4_0725,ID,ID4,Site4,Meadow,IDxMeadow,2023-09-09 12:29:28.687,2023-09-09 12:30:21.652,00:00:52.965000,fly,Insecta,Diptera,Brachycera,#N/C,#N/C,#N/C,#N/C,#N/C,#N/C,8.4004979253112,5.45134854771784,1.7163070539419094
ID4_0726,ID,ID4,Site4,Meadow,IDxMeadow,2023-09-09 13:11:02.457,2023-09-09 13:12:45.075,00:01:42.618000,other,Insecta,#N/C,#N/C,#N/C,#N/C,#N/C,#N/C,#N/C,#N/C,24.284088427947573,6.536784934497831,2.114448689956332
ID4_0727,ID,ID4,Site4,Meadow,IDxMeadow,2023-09-09 13:13:09.013,2023-09-09 13:13:24.583,00:00:15.570000,fly,Insecta,Diptera,Brachycera,#N/C,#N/C,#N/C,#N/C,#N/C,#N/C,8.4004979253112,5.45134854771784,1.7163070539419094
ID4_0728,ID,ID4,Site4,Meadow,IDxMeadow,2023-09-09 13:30:19.161,2023-09-09 13:30:50.684,00:00:31.523000,flesh_fly,Insecta,Diptera,Brachycera,Muscomorpha,Oestroidea,Sarcophagidae,#N/C,#N/C,#N/C,8.696344827586204,5.522551724137931,1.7546666666666675
ID4_0730,ID,ID4,Site4,Meadow,IDxMeadow,2023-09-09 17:27:39.176,2023-09-09 17:28:07.753,00:00:28.577000,fly,Insecta,Diptera,Brachycera,#N/C,#N/C,#N/C,#N/C,#N/C,#N/C,8.4004979253112,5.45134854771784,1.7163070539419094
ID4_0736,ID,ID4,Site4,Meadow,IDxMeadow,2023-09-09 19:32:23.562,2023-09-09 19:32:40.668,00:00:17.106000,other,Insecta,#N/C,#N/C,#N/C,#N/C,#N/C,#N/C,#N/C,#N/C,24.284088427947573,6.536784934497831,2.114448689956332
ID4_0737,ID,ID4,Site4,Meadow,IDxMeadow,2023-09-09 19:32:42.073,2023-09-09 19:32:46.258,00:00:04.185000,other,Insecta,#N/C,#N/C,#N/C,#N/C,#N/C,#N/C,#N/C,#N/C,24.284088427947573,6.536784934497831,2.114448689956332
ID4_0738,ID,ID4,Site4,Meadow,IDxMeadow,2023-09-09 19:33:14.626,2023-09-09 19:34:21.270,00:01:06.644000,other,Insecta,#N/C,#N/C,#N/C,#N/C,#N/C,#N/C,#N/C,#N/C,24.284088427947573,6.536784934497831,2.114448689956332
ID4_0739,ID,ID4,Site4,Meadow,IDxMeadow,2023-09-10 08:09:56.886,2023-09-10 08:10:31.144,00:00:34.258000,fly,Insecta,Diptera,Brachycera,#N/C,#N/C,#N/C,#N/C,#N/C,#N/C,8.4004979253112,5.45134854771784,1.7163070539419094
ID4_0742,ID,ID4,Site4,Meadow,IDxMeadow,2023-09-10 12:06:18.492,2023-09-10 12:06:39.796,00:00:21.304000,flesh_fly,Insecta,Diptera,Brachycera,Muscomorpha,Oestroidea,Sarcophagidae,#N/C,#N/C,#N/C,8.696344827586204,5.522551724137931,1.7546666666666675
ID4_0743,ID,ID4,Site4,Meadow,IDxMeadow,2023-09-10 13:18:40.912,2023-09-10 13:18:58.042,00:00:17.130000,fly,Insecta,Diptera,Brachycera,#N/C,#N/C,#N/C,#N/C,#N/C,#N/C,8.4004979253112,5.45134854771784,1.7163070539419094
ID4_0744,ID,ID4,Site4,Meadow,IDxMeadow,2023-09-10 14:07:00.862,2023-09-10 14:07:10.852,00:00:09.990000,fly,Insecta,Diptera,Brachycera,#N/C,#N/C,#N/C,#N/C,#N/C,#N/C,8.4004979253112,5.45134854771784,1.7163070539419094
ID4_0745,ID,ID4,Site4,Meadow,IDxMeadow,2023-09-10 14:08:15.556,2023-09-10 14:09:32.524,00:01:16.968000,fly,Insecta,Diptera,Brachycera,#N/C,#N/C,#N/C,#N/C,#N/C,#N/C,8.4004979253112,5.45134854771784,1.7163070539419094
ID4_0746,ID,ID4,Site4,Meadow,IDxMeadow,2023-09-10 14:09:33.949,2023-09-10 14:09:39.623,00:00:05.674000,fly,Insecta,Diptera,Brachycera,#N/C,#N/C,#N/C,#N/C,#N/C,#N/C,8.4004979253112,5.45134854771784,1.7163070539419094
ID4_0747,ID,ID4,Site4,Meadow,IDxMeadow,2023-09-10 14:09:42.449,2023-09-10 14:10:26.775,00:00:44.326000,fly,Insecta,Diptera,Brachycera,#N/C,#N/C,#N/C,#N/C,#N/C,#N/C,8.4004979253112,5.45134854771784,1.7163070539419094
ID4_0748,ID,ID4,Site4,Meadow,IDxMeadow,2023-09-10 17:00:53.704,2023-09-10 17:02:30.523,00:01:36.819000,fly,Insecta,Diptera,Brachycera,#N/C,#N/C,#N/C,#N/C,#N/C,#N/C,8.4004979253112,5.45134854771784,1.7163070539419094
ID4_0749,ID,ID4,Site4,Meadow,IDxMeadow,2023-09-10 17:03:01.556,2023-09-10 17:04:34.134,00:01:32.578000,fly,Insecta,Diptera,Brachycera,#N/C,#N/C,#N/C,#N/C,#N/C,#N/C,8.4004979253112,5.45134854771784,1.7163070539419094
ID4_0750,ID,ID4,Site4,Meadow,IDxMeadow,2023-09-10 17:06:01.489,2023-09-10 17:06:38.674,00:00:37.185000,flesh_fly,Insecta,Diptera,Brachycera,Muscomorpha,Oestroidea,Sarcophagidae,#N/C,#N/C,#N/C,8.696344827586204,5.522551724137931,1.7546666666666675
ID4_0752,ID,ID4,Site4,Meadow,IDxMeadow,2023-09-10 17:11:13.564,2023-09-10 17:11:49.555,00:00:35.991000,fly,Insecta,Diptera,Brachycera,#N/C,#N/C,#N/C,#N/C,#N/C,#N/C,8.4004979253112,5.45134854771784,1.7163070539419094
ID4_0753,ID,ID4,Site4,Meadow,IDxMeadow,2023-09-10 17:11:15.045,2023-09-10 17:11:19.409,00:00:04.364000,hoverfly,Insecta,Diptera,Brachycera,Muscomorpha,Syrphoidea,Syrphidae,Syrphinae,Episyrphus,balteatus,12.29572580645161,7.508467741935483,2.1483064516129025
ID4_0755,ID,ID4,Site4,Meadow,IDxMeadow,2023-09-10 17:14:36.926,2023-09-10 17:14:58.324,00:00:21.398000,fly,Insecta,Diptera,Brachycera,#N/C,#N/C,#N/C,#N/C,#N/C,#N/C,8.4004979253112,5.45134854771784,1.7163070539419094
ID4_0756,ID,ID4,Site4,Meadow,IDxMeadow,2023-09-10 17:15:19.400,2023-09-10 17:16:45.024,00:01:25.624000,fly,Insecta,Diptera,Brachycera,#N/C,#N/C,#N/C,#N/C,#N/C,#N/C,8.4004979253112,5.45134854771784,1.7163070539419094
ID4_0757,ID,ID4,Site4,Meadow,IDxMeadow,2023-09-10 17:39:08.184,2023-09-10 17:40:24.050,00:01:15.866000,fly,Insecta,Diptera,Brachycera,#N/C,#N/C,#N/C,#N/C,#N/C,#N/C,8.4004979253112,5.45134854771784,1.7163070539419094
ID4_0758,ID,ID4,Site4,Meadow,IDxMeadow,2023-09-10 18:19:15.020,2023-09-10 18:19:37.762,00:00:22.742000,ladybug,Insecta,Coleoptera,Polyphaga,Cucujiformia,Coccinelloidea,Coccinellidae,#N/C,#N/C,#N/C,8.395714285714286,4.155,2.3153571428571422
ID4_0759,ID,ID4,Site4,Meadow,IDxMeadow,2023-09-10 18:25:48.854,2023-09-10 18:25:54.530,00:00:05.676000,fly,Insecta,Diptera,Brachycera,#N/C,#N/C,#N/C,#N/C,#N/C,#N/C,8.4004979253112,5.45134854771784,1.7163070539419094
ID4_0760,ID,ID4,Site4,Meadow,IDxMeadow,2023-09-10 18:30:45.470,2023-09-10 18:31:02.632,00:00:17.162000,fly,Insecta,Diptera,Brachycera,#N/C,#N/C,#N/C,#N/C,#N/C,#N/C,8.4004979253112,5.45134854771784,1.7163070539419094
ID4_0761,ID,ID4,Site4,Meadow,IDxMeadow,2023-09-10 18:31:05.466,2023-09-10 18:32:02.580,00:00:57.114000,fly,Insecta,Diptera,Brachycera,#N/C,#N/C,#N/C,#N/C,#N/C,#N/C,8.4004979253112,5.45134854771784,1.7163070539419094
ID4_0762,ID,ID4,Site4,Meadow,IDxMeadow,2023-09-10 18:32:03.994,2023-09-10 18:33:42.600,00:01:38.606000,fly,Insecta,Diptera,Brachycera,#N/C,#N/C,#N/C,#N/C,#N/C,#N/C,8.4004979253112,5.45134854771784,1.7163070539419094
ID4_0763,ID,ID4,Site4,Meadow,IDxMeadow,2023-09-10 18:39:03.461,2023-09-10 18:39:33.456,00:00:29.995000,fly,Insecta,Diptera,Brachycera,#N/C,#N/C,#N/C,#N/C,#N/C,#N/C,8.4004979253112,5.45134854771784,1.7163070539419094
ID4_0764,ID,ID4,Site4,Meadow,IDxMeadow,2023-09-10 18:39:36.355,2023-09-10 18:40:10.413,00:00:34.058000,fly,Insecta,Diptera,Brachycera,#N/C,#N/C,#N/C,#N/C,#N/C,#N/C,8.4004979253112,5.45134854771784,1.7163070539419094
ID4_0765,ID,ID4,Site4,Meadow,IDxMeadow,2023-09-10 18:40:35.745,2023-09-10 18:40:48.695,00:00:12.950000,fly,Insecta,Diptera,Brachycera,#N/C,#N/C,#N/C,#N/C,#N/C,#N/C,8.4004979253112,5.45134854771784,1.7163070539419094
ID4_0766,ID,ID4,Site4,Meadow,IDxMeadow,2023-09-10 19:07:04.937,2023-09-10 19:07:42.072,00:00:37.135000,fly,Insecta,Diptera,Brachycera,#N/C,#N/C,#N/C,#N/C,#N/C,#N/C,8.4004979253112,5.45134854771784,1.7163070539419094
ID4_0767,ID,ID4,Site4,Meadow,IDxMeadow,2023-09-10 19:07:49.104,2023-09-10 19:07:53.381,00:00:04.277000,fly,Insecta,Diptera,Brachycera,#N/C,#N/C,#N/C,#N/C,#N/C,#N/C,8.4004979253112,5.45134854771784,1.7163070539419094
ID4_0769,ID,ID4,Site4,Meadow,IDxMeadow,2023-09-10 19:22:01.134,2023-09-10 19:22:36.942,00:00:35.808000,fly,Insecta,Diptera,Brachycera,#N/C,#N/C,#N/C,#N/C,#N/C,#N/C,8.4004979253112,5.45134854771784,1.7163070539419094
ID4_0770,ID,ID4,Site4,Meadow,IDxMeadow,2023-09-10 19:22:22.495,2023-09-10 19:40:49.052,00:18:26.557000,beetle,Insecta,Coleoptera,#N/C,#N/C,#N/C,#N/C,#N/C,#N/C,#N/C,60.96164921465981,8.591989528795812,2.924581151832462
ID4_0771,ID,ID4,Site4,Meadow,IDxMeadow,2023-09-10 19:24:31.102,2023-09-10 19:25:08.738,00:00:37.636000,fly,Insecta,Diptera,Brachycera,#N/C,#N/C,#N/C,#N/C,#N/C,#N/C,8.4004979253112,5.45134854771784,1.7163070539419094
ID4_0773,ID,ID4,Site4,Meadow,IDxMeadow,2023-09-11 08:05:00.373,2023-09-11 08:05:30.411,00:00:30.038000,fly,Insecta,Diptera,Brachycera,#N/C,#N/C,#N/C,#N/C,#N/C,#N/C,8.4004979253112,5.45134854771784,1.7163070539419094
ID4_0777,ID,ID4,Site4,Meadow,IDxMeadow,2023-09-11 12:40:33.281,2023-09-11 12:40:52.017,00:00:18.736000,beetle_oedem,Insecta,Coleoptera,Polyphaga,Cucujiformia,Tenebrionoidea,Oedemeridae,#N/C,#N/C,#N/C,11.883333333333333,7.416666666666667,1.7683333333333335
ID4_0782,ID,ID4,Site4,Meadow,IDxMeadow,2023-09-11 19:07:12.263,2023-09-11 19:07:22.330,00:00:10.067000,fly,Insecta,Diptera,Brachycera,#N/C,#N/C,#N/C,#N/C,#N/C,#N/C,8.4004979253112,5.45134854771784,1.7163070539419094
ID4_0784,ID,ID4,Site4,Meadow,IDxMeadow,2023-09-11 19:15:17.967,2023-09-11 19:16:58.073,00:01:40.106000,fly,Insecta,Diptera,Brachycera,#N/C,#N/C,#N/C,#N/C,#N/C,#N/C,8.4004979253112,5.45134854771784,1.7163070539419094
ID4_0785,ID,ID4,Site4,Meadow,IDxMeadow,2023-09-11 19:17:00.960,2023-09-11 19:20:31.024,00:03:30.064000,fly,Insecta,Diptera,Brachycera,#N/C,#N/C,#N/C,#N/C,#N/C,#N/C,8.4004979253112,5.45134854771784,1.7163070539419094
ID4_0786,ID,ID4,Site4,Meadow,IDxMeadow,2023-09-11 19:21:24.392,2023-09-11 19:23:43.364,00:02:18.972000,fly,Insecta,Diptera,Brachycera,#N/C,#N/C,#N/C,#N/C,#N/C,#N/C,8.4004979253112,5.45134854771784,1.7163070539419094
ID4_0787,ID,ID4,Site4,Meadow,IDxMeadow,2023-09-11 19:23:30.522,2023-09-11 19:23:50.527,00:00:20.005000,fly,Insecta,Diptera,Brachycera,#N/C,#N/C,#N/C,#N/C,#N/C,#N/C,8.4004979253112,5.45134854771784,1.7163070539419094
ID4_0789,ID,ID4,Site4,Meadow,IDxMeadow,2023-09-11 19:30:22.375,2023-09-11 19:30:46.491,00:00:24.116000,fly,Insecta,Diptera,Brachycera,#N/C,#N/C,#N/C,#N/C,#N/C,#N/C,8.4004979253112,5.45134854771784,1.7163070539419094
ID4_0790,ID,ID4,Site4,Meadow,IDxMeadow,2023-09-11 19:38:05.496,2023-09-11 19:38:15.420,00:00:09.924000,ladybug,Insecta,Coleoptera,Polyphaga,Cucujiformia,Coccinelloidea,Coccinellidae,#N/C,#N/C,#N/C,8.395714285714286,4.155,2.3153571428571422
ID4_0791,ID,ID4,Site4,Meadow,IDxMeadow,2023-09-11 19:39:56.656,2023-09-11 19:40:15.270,00:00:18.614000,ladybug,Insecta,Coleoptera,Polyphaga,Cucujiformia,Coccinelloidea,Coccinellidae,#N/C,#N/C,#N/C,8.395714285714286,4.155,2.3153571428571422
ID4_0794,ID,ID4,Site4,Meadow,IDxMeadow,2023-09-12 08:35:24.438,2023-09-12 08:35:57.202,00:00:32.764000,fly,Insecta,Diptera,Brachycera,#N/C,#N/C,#N/C,#N/C,#N/C,#N/C,8.4004979253112,5.45134854771784,1.7163070539419094
ID4_0795,ID,ID4,Site4,Meadow,IDxMeadow,2023-09-12 09:18:19.452,2023-09-12 09:18:43.953,00:00:24.501000,fly,Insecta,Diptera,Brachycera,#N/C,#N/C,#N/C,#N/C,#N/C,#N/C,8.4004979253112,5.45134854771784,1.7163070539419094
ID4_0796,ID,ID4,Site4,Meadow,IDxMeadow,2023-09-12 09:18:28.050,2023-09-12 09:18:42.535,00:00:14.485000,hoverfly,Insecta,Diptera,Brachycera,Muscomorpha,Syrphoidea,Syrphidae,Syrphinae,Episyrphus,balteatus,12.29572580645161,7.508467741935483,2.1483064516129025
ID4_0800,ID,ID4,Site4,Meadow,IDxMeadow,2023-09-12 14:21:18.599,2023-09-12 14:21:50.106,00:00:31.507000,fly_empi,Insecta,Diptera,Brachycera,Asilomorpha,Empidoidea,Empididae,#N/C,#N/C,#N/C,19.676666666666666,7.57,1.8933333333333333
ID4_0801,ID,ID4,Site4,Meadow,IDxMeadow,2023-09-12 17:30:58.515,2023-09-12 17:31:32.755,00:00:34.240000,fly,Insecta,Diptera,Brachycera,#N/C,#N/C,#N/C,#N/C,#N/C,#N/C,8.4004979253112,5.45134854771784,1.7163070539419094
ID4_0802,ID,ID4,Site4,Meadow,IDxMeadow,2023-09-12 18:00:53.465,2023-09-12 18:01:04.899,00:00:11.434000,fly,Insecta,Diptera,Brachycera,#N/C,#N/C,#N/C,#N/C,#N/C,#N/C,8.4004979253112,5.45134854771784,1.7163070539419094
ID4_0804,ID,ID4,Site4,Meadow,IDxMeadow,2023-09-12 18:04:55.684,2023-09-12 18:05:01.443,00:00:05.759000,fly,Insecta,Diptera,Brachycera,#N/C,#N/C,#N/C,#N/C,#N/C,#N/C,8.4004979253112,5.45134854771784,1.7163070539419094
ID4_0805,ID,ID4,Site4,Meadow,IDxMeadow,2023-09-12 18:05:11.343,2023-09-12 18:05:14.148,00:00:02.805000,fly,Insecta,Diptera,Brachycera,#N/C,#N/C,#N/C,#N/C,#N/C,#N/C,8.4004979253112,5.45134854771784,1.7163070539419094
ID4_0806,ID,ID4,Site4,Meadow,IDxMeadow,2023-09-12 18:05:23.999,2023-09-12 18:06:15.326,00:00:51.327000,fly,Insecta,Diptera,Brachycera,#N/C,#N/C,#N/C,#N/C,#N/C,#N/C,8.4004979253112,5.45134854771784,1.7163070539419094
ID4_0807,ID,ID4,Site4,Meadow,IDxMeadow,2023-09-12 18:06:21.015,2023-09-12 18:06:48.087,00:00:27.072000,fly,Insecta,Diptera,Brachycera,#N/C,#N/C,#N/C,#N/C,#N/C,#N/C,8.4004979253112,5.45134854771784,1.7163070539419094
ID4_0808,ID,ID4,Site4,Meadow,IDxMeadow,2023-09-12 18:07:02.245,2023-09-12 18:07:05.111,00:00:02.866000,fly,Insecta,Diptera,Brachycera,#N/C,#N/C,#N/C,#N/C,#N/C,#N/C,8.4004979253112,5.45134854771784,1.7163070539419094
ID4_0809,ID,ID4,Site4,Meadow,IDxMeadow,2023-09-12 18:07:45.992,2023-09-12 18:07:51.764,00:00:05.772000,fly,Insecta,Diptera,Brachycera,#N/C,#N/C,#N/C,#N/C,#N/C,#N/C,8.4004979253112,5.45134854771784,1.7163070539419094
ID4_0810,ID,ID4,Site4,Meadow,IDxMeadow,2023-09-12 18:07:57.450,2023-09-12 18:08:18.976,00:00:21.526000,fly,Insecta,Diptera,Brachycera,#N/C,#N/C,#N/C,#N/C,#N/C,#N/C,8.4004979253112,5.45134854771784,1.7163070539419094
ID4_0813,ID,ID4,Site4,Meadow,IDxMeadow,2023-09-12 18:09:03.064,2023-09-12 18:09:16.049,00:00:12.985000,fly,Insecta,Diptera,Brachycera,#N/C,#N/C,#N/C,#N/C,#N/C,#N/C,8.4004979253112,5.45134854771784,1.7163070539419094
ID4_0814,ID,ID4,Site4,Meadow,IDxMeadow,2023-09-12 18:09:26.011,2023-09-12 18:09:46.005,00:00:19.994000,beetle,Insecta,Coleoptera,#N/C,#N/C,#N/C,#N/C,#N/C,#N/C,#N/C,60.96164921465981,8.591989528795812,2.924581151832462
ID4_0816,ID,ID4,Site4,Meadow,IDxMeadow,2023-09-12 18:10:25.611,2023-09-12 18:10:35.543,00:00:09.932000,fly,Insecta,Diptera,Brachycera,#N/C,#N/C,#N/C,#N/C,#N/C,#N/C,8.4004979253112,5.45134854771784,1.7163070539419094
ID4_0817,ID,ID4,Site4,Meadow,IDxMeadow,2023-09-12 18:12:01.254,2023-09-12 18:12:05.513,00:00:04.259000,fly,Insecta,Diptera,Brachycera,#N/C,#N/C,#N/C,#N/C,#N/C,#N/C,8.4004979253112,5.45134854771784,1.7163070539419094
ID4_0818,ID,ID4,Site4,Meadow,IDxMeadow,2023-09-12 18:12:09.766,2023-09-12 18:12:14.049,00:00:04.283000,fly,Insecta,Diptera,Brachycera,#N/C,#N/C,#N/C,#N/C,#N/C,#N/C,8.4004979253112,5.45134854771784,1.7163070539419094
ID4_0819,ID,ID4,Site4,Meadow,IDxMeadow,2023-09-12 18:12:43.812,2023-09-12 18:12:52.484,00:00:08.672000,flesh_fly,Insecta,Diptera,Brachycera,Muscomorpha,Oestroidea,Sarcophagidae,#N/C,#N/C,#N/C,8.696344827586204,5.522551724137931,1.7546666666666675
ID4_0820,ID,ID4,Site4,Meadow,IDxMeadow,2023-09-12 18:12:46.750,2023-09-12 18:13:18.296,00:00:31.546000,fly,Insecta,Diptera,Brachycera,#N/C,#N/C,#N/C,#N/C,#N/C,#N/C,8.4004979253112,5.45134854771784,1.7163070539419094
ID4_0821,ID,ID4,Site4,Meadow,IDxMeadow,2023-09-12 18:12:49.640,2023-09-12 18:13:26.822,00:00:37.182000,fly,Insecta,Diptera,Brachycera,#N/C,#N/C,#N/C,#N/C,#N/C,#N/C,8.4004979253112,5.45134854771784,1.7163070539419094
ID4_0822,ID,ID4,Site4,Meadow,IDxMeadow,2023-09-12 18:13:43.745,2023-09-12 18:14:16.432,00:00:32.687000,fly,Insecta,Diptera,Brachycera,#N/C,#N/C,#N/C,#N/C,#N/C,#N/C,8.4004979253112,5.45134854771784,1.7163070539419094
ID4_0823,ID,ID4,Site4,Meadow,IDxMeadow,2023-09-12 18:15:12.835,2023-09-12 18:15:30.022,00:00:17.187000,fly,Insecta,Diptera,Brachycera,#N/C,#N/C,#N/C,#N/C,#N/C,#N/C,8.4004979253112,5.45134854771784,1.7163070539419094
ID4_0824,ID,ID4,Site4,Meadow,IDxMeadow,2023-09-12 18:15:31.418,2023-09-12 18:15:52.811,00:00:21.393000,fly,Insecta,Diptera,Brachycera,#N/C,#N/C,#N/C,#N/C,#N/C,#N/C,8.4004979253112,5.45134854771784,1.7163070539419094
ID4_0825,ID,ID4,Site4,Meadow,IDxMeadow,2023-09-12 18:15:54.242,2023-09-12 18:16:26.162,00:00:31.920000,fly,Insecta,Diptera,Brachycera,#N/C,#N/C,#N/C,#N/C,#N/C,#N/C,8.4004979253112,5.45134854771784,1.7163070539419094
ID4_0826,ID,ID4,Site4,Meadow,IDxMeadow,2023-09-12 18:15:54.261,2023-09-12 18:16:26.177,00:00:31.916000,fly,Insecta,Diptera,Brachycera,#N/C,#N/C,#N/C,#N/C,#N/C,#N/C,8.4004979253112,5.45134854771784,1.7163070539419094
ID4_0827,ID,ID4,Site4,Meadow,IDxMeadow,2023-09-12 18:16:31.866,2023-09-12 18:16:47.525,00:00:15.659000,fly,Insecta,Diptera,Brachycera,#N/C,#N/C,#N/C,#N/C,#N/C,#N/C,8.4004979253112,5.45134854771784,1.7163070539419094
ID4_0828,ID,ID4,Site4,Meadow,IDxMeadow,2023-09-12 18:17:48.221,2023-09-12 18:18:02.723,00:00:14.502000,fly,Insecta,Diptera,Brachycera,#N/C,#N/C,#N/C,#N/C,#N/C,#N/C,8.4004979253112,5.45134854771784,1.7163070539419094
ID4_0830,ID,ID4,Site4,Meadow,IDxMeadow,2023-09-12 18:18:05.554,2023-09-12 18:18:24.131,00:00:18.577000,fly,Insecta,Diptera,Brachycera,#N/C,#N/C,#N/C,#N/C,#N/C,#N/C,8.4004979253112,5.45134854771784,1.7163070539419094
ID4_0831,ID,ID4,Site4,Meadow,IDxMeadow,2023-09-12 18:18:26.909,2023-09-12 18:18:32.624,00:00:05.715000,fly,Insecta,Diptera,Brachycera,#N/C,#N/C,#N/C,#N/C,#N/C,#N/C,8.4004979253112,5.45134854771784,1.7163070539419094
ID4_0832,ID,ID4,Site4,Meadow,IDxMeadow,2023-09-12 18:18:34.053,2023-09-12 18:18:41.238,00:00:07.185000,fly,Insecta,Diptera,Brachycera,#N/C,#N/C,#N/C,#N/C,#N/C,#N/C,8.4004979253112,5.45134854771784,1.7163070539419094
ID4_0833,ID,ID4,Site4,Meadow,IDxMeadow,2023-09-12 18:19:37.555,2023-09-12 18:19:49.063,00:00:11.508000,fly,Insecta,Diptera,Brachycera,#N/C,#N/C,#N/C,#N/C,#N/C,#N/C,8.4004979253112,5.45134854771784,1.7163070539419094
ID4_0834,ID,ID4,Site4,Meadow,IDxMeadow,2023-09-12 18:20:06.047,2023-09-12 18:20:10.374,00:00:04.327000,fly,Insecta,Diptera,Brachycera,#N/C,#N/C,#N/C,#N/C,#N/C,#N/C,8.4004979253112,5.45134854771784,1.7163070539419094
ID4_0835,ID,ID4,Site4,Meadow,IDxMeadow,2023-09-12 18:21:27.993,2023-09-12 18:21:39.374,00:00:11.381000,fly,Insecta,Diptera,Brachycera,#N/C,#N/C,#N/C,#N/C,#N/C,#N/C,8.4004979253112,5.45134854771784,1.7163070539419094
ID4_0836,ID,ID4,Site4,Meadow,IDxMeadow,2023-09-12 18:21:40.888,2023-09-12 18:21:52.253,00:00:11.365000,fly,Insecta,Diptera,Brachycera,#N/C,#N/C,#N/C,#N/C,#N/C,#N/C,8.4004979253112,5.45134854771784,1.7163070539419094
ID4_0837,ID,ID4,Site4,Meadow,IDxMeadow,2023-09-12 18:22:14.719,2023-09-12 18:22:23.244,00:00:08.525000,fly,Insecta,Diptera,Brachycera,#N/C,#N/C,#N/C,#N/C,#N/C,#N/C,8.4004979253112,5.45134854771784,1.7163070539419094
ID4_0838,ID,ID4,Site4,Meadow,IDxMeadow,2023-09-12 18:22:43.102,2023-09-12 18:23:01.464,00:00:18.362000,fly,Insecta,Diptera,Brachycera,#N/C,#N/C,#N/C,#N/C,#N/C,#N/C,8.4004979253112,5.45134854771784,1.7163070539419094
ID4_0839,ID,ID4,Site4,Meadow,IDxMeadow,2023-09-12 18:23:08.504,2023-09-12 18:23:28.573,00:00:20.069000,fly,Insecta,Diptera,Brachycera,#N/C,#N/C,#N/C,#N/C,#N/C,#N/C,8.4004979253112,5.45134854771784,1.7163070539419094
ID4_0840,ID,ID4,Site4,Meadow,IDxMeadow,2023-09-12 18:23:31.451,2023-09-12 18:23:43.043,00:00:11.592000,fly,Insecta,Diptera,Brachycera,#N/C,#N/C,#N/C,#N/C,#N/C,#N/C,8.4004979253112,5.45134854771784,1.7163070539419094
ID4_0841,ID,ID4,Site4,Meadow,IDxMeadow,2023-09-12 18:23:35.733,2023-09-12 18:23:41.590,00:00:05.857000,fly,Insecta,Diptera,Brachycera,#N/C,#N/C,#N/C,#N/C,#N/C,#N/C,8.4004979253112,5.45134854771784,1.7163070539419094
ID4_0842,ID,ID4,Site4,Meadow,IDxMeadow,2023-09-12 18:23:44.444,2023-09-12 18:23:53.125,00:00:08.681000,fly,Insecta,Diptera,Brachycera,#N/C,#N/C,#N/C,#N/C,#N/C,#N/C,8.4004979253112,5.45134854771784,1.7163070539419094
ID4_0843,ID,ID4,Site4,Meadow,IDxMeadow,2023-09-12 18:23:44.462,2023-09-12 18:23:53.145,00:00:08.683000,fly,Insecta,Diptera,Brachycera,#N/C,#N/C,#N/C,#N/C,#N/C,#N/C,8.4004979253112,5.45134854771784,1.7163070539419094
ID4_0844,ID,ID4,Site4,Meadow,IDxMeadow,2023-09-12 18:23:55.983,2023-09-12 18:23:58.864,00:00:02.881000,fly,Insecta,Diptera,Brachycera,#N/C,#N/C,#N/C,#N/C,#N/C,#N/C,8.4004979253112,5.45134854771784,1.7163070539419094
ID4_0845,ID,ID4,Site4,Meadow,IDxMeadow,2023-09-12 18:23:57.432,2023-09-12 18:24:17.529,00:00:20.097000,fly,Insecta,Diptera,Brachycera,#N/C,#N/C,#N/C,#N/C,#N/C,#N/C,8.4004979253112,5.45134854771784,1.7163070539419094
ID4_0846,ID,ID4,Site4,Meadow,IDxMeadow,2023-09-12 18:24:23.204,2023-09-12 18:24:28.876,00:00:05.672000,fly,Insecta,Diptera,Brachycera,#N/C,#N/C,#N/C,#N/C,#N/C,#N/C,8.4004979253112,5.45134854771784,1.7163070539419094
ID4_0847,ID,ID4,Site4,Meadow,IDxMeadow,2023-09-12 18:24:31.676,2023-09-12 18:25:42.616,00:01:10.940000,fly,Insecta,Diptera,Brachycera,#N/C,#N/C,#N/C,#N/C,#N/C,#N/C,8.4004979253112,5.45134854771784,1.7163070539419094
ID4_0848,ID,ID4,Site4,Meadow,IDxMeadow,2023-09-12 18:24:31.698,2023-09-12 18:25:29.840,00:00:58.142000,fly,Insecta,Diptera,Brachycera,#N/C,#N/C,#N/C,#N/C,#N/C,#N/C,8.4004979253112,5.45134854771784,1.7163070539419094
ID4_0849,ID,ID4,Site4,Meadow,IDxMeadow,2023-09-12 18:25:44.076,2023-09-12 18:26:04.153,00:00:20.077000,fly,Insecta,Diptera,Brachycera,#N/C,#N/C,#N/C,#N/C,#N/C,#N/C,8.4004979253112,5.45134854771784,1.7163070539419094
ID4_0851,ID,ID4,Site4,Meadow,IDxMeadow,2023-09-12 18:26:46.625,2023-09-12 18:26:59.565,00:00:12.940000,fly,Insecta,Diptera,Brachycera,#N/C,#N/C,#N/C,#N/C,#N/C,#N/C,8.4004979253112,5.45134854771784,1.7163070539419094
ID4_0852,ID,ID4,Site4,Meadow,IDxMeadow,2023-09-12 18:26:53.829,2023-09-12 18:26:59.600,00:00:05.771000,hoverfly,Insecta,Diptera,Brachycera,Muscomorpha,Syrphoidea,Syrphidae,Syrphinae,Episyrphus,balteatus,12.29572580645161,7.508467741935483,2.1483064516129025
ID4_0853,ID,ID4,Site4,Meadow,IDxMeadow,2023-09-12 18:27:34.839,2023-09-12 18:27:46.289,00:00:11.450000,hoverfly,Insecta,Diptera,Brachycera,Muscomorpha,Syrphoidea,Syrphidae,Syrphinae,Episyrphus,balteatus,12.29572580645161,7.508467741935483,2.1483064516129025
ID4_0854,ID,ID4,Site4,Meadow,IDxMeadow,2023-09-12 18:27:58.971,2023-09-12 18:28:08.970,00:00:09.999000,fly,Insecta,Diptera,Brachycera,#N/C,#N/C,#N/C,#N/C,#N/C,#N/C,8.4004979253112,5.45134854771784,1.7163070539419094
ID4_0855,ID,ID4,Site4,Meadow,IDxMeadow,2023-09-12 18:28:03.213,2023-09-12 18:28:10.499,00:00:07.286000,hoverfly,Insecta,Diptera,Brachycera,Muscomorpha,Syrphoidea,Syrphidae,Syrphinae,Episyrphus,balteatus,12.29572580645161,7.508467741935483,2.1483064516129025
ID4_0857,ID,ID4,Site4,Meadow,IDxMeadow,2023-09-12 18:28:27.670,2023-09-12 18:28:33.328,00:00:05.658000,hoverfly,Insecta,Diptera,Brachycera,Muscomorpha,Syrphoidea,Syrphidae,Syrphinae,Episyrphus,balteatus,12.29572580645161,7.508467741935483,2.1483064516129025
ID4_0858,ID,ID4,Site4,Meadow,IDxMeadow,2023-09-12 18:28:38.986,2023-09-12 18:28:51.847,00:00:12.861000,hoverfly,Insecta,Diptera,Brachycera,Muscomorpha,Syrphoidea,Syrphidae,Syrphinae,Episyrphus,balteatus,12.29572580645161,7.508467741935483,2.1483064516129025
ID4_0859,ID,ID4,Site4,Meadow,IDxMeadow,2023-09-12 18:30:06.483,2023-09-12 18:30:19.465,00:00:12.982000,fly,Insecta,Diptera,Brachycera,#N/C,#N/C,#N/C,#N/C,#N/C,#N/C,8.4004979253112,5.45134854771784,1.7163070539419094
ID4_0860,ID,ID4,Site4,Meadow,IDxMeadow,2023-09-12 18:31:31.319,2023-09-12 18:31:37.045,00:00:05.726000,fly,Insecta,Diptera,Brachycera,#N/C,#N/C,#N/C,#N/C,#N/C,#N/C,8.4004979253112,5.45134854771784,1.7163070539419094
ID4_0861,ID,ID4,Site4,Meadow,IDxMeadow,2023-09-12 18:32:05.127,2023-09-12 18:32:12.324,00:00:07.197000,fly,Insecta,Diptera,Brachycera,#N/C,#N/C,#N/C,#N/C,#N/C,#N/C,8.4004979253112,5.45134854771784,1.7163070539419094
ID4_0862,ID,ID4,Site4,Meadow,IDxMeadow,2023-09-12 18:32:06.553,2023-09-12 18:33:38.973,00:01:32.420000,fly,Insecta,Diptera,Brachycera,#N/C,#N/C,#N/C,#N/C,#N/C,#N/C,8.4004979253112,5.45134854771784,1.7163070539419094
ID4_0863,ID,ID4,Site4,Meadow,IDxMeadow,2023-09-12 18:32:15.264,2023-09-12 18:32:35.598,00:00:20.334000,fly,Insecta,Diptera,Brachycera,#N/C,#N/C,#N/C,#N/C,#N/C,#N/C,8.4004979253112,5.45134854771784,1.7163070539419094
ID4_0864,ID,ID4,Site4,Meadow,IDxMeadow,2023-09-12 18:32:49.896,2023-09-12 18:33:37.573,00:00:47.677000,fly,Insecta,Diptera,Brachycera,#N/C,#N/C,#N/C,#N/C,#N/C,#N/C,8.4004979253112,5.45134854771784,1.7163070539419094
ID4_0865,ID,ID4,Site4,Meadow,IDxMeadow,2023-09-12 18:33:41.840,2023-09-12 18:33:49.186,00:00:07.346000,fly,Insecta,Diptera,Brachycera,#N/C,#N/C,#N/C,#N/C,#N/C,#N/C,8.4004979253112,5.45134854771784,1.7163070539419094
ID4_0866,ID,ID4,Site4,Meadow,IDxMeadow,2023-09-12 18:33:41.868,2023-09-12 18:33:56.300,00:00:14.432000,fly,Insecta,Diptera,Brachycera,#N/C,#N/C,#N/C,#N/C,#N/C,#N/C,8.4004979253112,5.45134854771784,1.7163070539419094
ID4_0867,ID,ID4,Site4,Meadow,IDxMeadow,2023-09-12 18:34:34.432,2023-09-12 18:35:04.399,00:00:29.967000,fly,Insecta,Diptera,Brachycera,#N/C,#N/C,#N/C,#N/C,#N/C,#N/C,8.4004979253112,5.45134854771784,1.7163070539419094
ID4_0868,ID,ID4,Site4,Meadow,IDxMeadow,2023-09-12 18:35:19.914,2023-09-12 18:36:09.796,00:00:49.882000,fly,Insecta,Diptera,Brachycera,#N/C,#N/C,#N/C,#N/C,#N/C,#N/C,8.4004979253112,5.45134854771784,1.7163070539419094
ID4_0869,ID,ID4,Site4,Meadow,IDxMeadow,2023-09-12 18:37:34.387,2023-09-12 18:37:54.492,00:00:20.105000,fly,Insecta,Diptera,Brachycera,#N/C,#N/C,#N/C,#N/C,#N/C,#N/C,8.4004979253112,5.45134854771784,1.7163070539419094
ID4_0870,ID,ID4,Site4,Meadow,IDxMeadow,2023-09-12 18:38:18.488,2023-09-12 18:38:55.739,00:00:37.251000,fly,Insecta,Diptera,Brachycera,#N/C,#N/C,#N/C,#N/C,#N/C,#N/C,8.4004979253112,5.45134854771784,1.7163070539419094
ID4_0871,ID,ID4,Site4,Meadow,IDxMeadow,2023-09-12 18:39:53.741,2023-09-12 18:39:56.615,00:00:02.874000,fly,Insecta,Diptera,Brachycera,#N/C,#N/C,#N/C,#N/C,#N/C,#N/C,8.4004979253112,5.45134854771784,1.7163070539419094
ID4_0872,ID,ID4,Site4,Meadow,IDxMeadow,2023-09-12 18:39:59.524,2023-09-12 18:40:10.993,00:00:11.469000,fly,Insecta,Diptera,Brachycera,#N/C,#N/C,#N/C,#N/C,#N/C,#N/C,8.4004979253112,5.45134854771784,1.7163070539419094
ID4_0874,ID,ID4,Site4,Meadow,IDxMeadow,2023-09-12 19:14:45.509,2023-09-12 19:15:31.364,00:00:45.855000,fly,Insecta,Diptera,Brachycera,#N/C,#N/C,#N/C,#N/C,#N/C,#N/C,8.4004979253112,5.45134854771784,1.7163070539419094
ID4_0877,ID,ID4,Site4,Meadow,IDxMeadow,2023-09-13 07:03:45.046,2023-09-13 07:06:03.947,00:02:18.901000,fly,Insecta,Diptera,Brachycera,#N/C,#N/C,#N/C,#N/C,#N/C,#N/C,8.4004979253112,5.45134854771784,1.7163070539419094
ID4_0878,ID,ID4,Site4,Meadow,IDxMeadow,2023-09-13 07:07:04.472,2023-09-13 07:07:07.299,00:00:02.827000,fly,Insecta,Diptera,Brachycera,#N/C,#N/C,#N/C,#N/C,#N/C,#N/C,8.4004979253112,5.45134854771784,1.7163070539419094
ID4_0879,ID,ID4,Site4,Meadow,IDxMeadow,2023-09-13 07:07:32.613,2023-09-13 07:08:40.982,00:01:08.369000,fly,Insecta,Diptera,Brachycera,#N/C,#N/C,#N/C,#N/C,#N/C,#N/C,8.4004979253112,5.45134854771784,1.7163070539419094
ID4_0880,ID,ID4,Site4,Meadow,IDxMeadow,2023-09-13 07:14:01.758,2023-09-13 07:14:04.612,00:00:02.854000,fly,Insecta,Diptera,Brachycera,#N/C,#N/C,#N/C,#N/C,#N/C,#N/C,8.4004979253112,5.45134854771784,1.7163070539419094
ID4_0881,ID,ID4,Site4,Meadow,IDxMeadow,2023-09-13 08:27:12.235,2023-09-13 08:27:46.233,00:00:33.998000,fly,Insecta,Diptera,Brachycera,#N/C,#N/C,#N/C,#N/C,#N/C,#N/C,8.4004979253112,5.45134854771784,1.7163070539419094
ID4_0882,ID,ID4,Site4,Meadow,IDxMeadow,2023-09-13 09:02:01.128,2023-09-13 09:03:28.124,00:01:26.996000,fly,Insecta,Diptera,Brachycera,#N/C,#N/C,#N/C,#N/C,#N/C,#N/C,8.4004979253112,5.45134854771784,1.7163070539419094
ID4_0883,ID,ID4,Site4,Meadow,IDxMeadow,2023-09-13 09:04:11.751,2023-09-13 09:04:38.883,00:00:27.132000,fly,Insecta,Diptera,Brachycera,#N/C,#N/C,#N/C,#N/C,#N/C,#N/C,8.4004979253112,5.45134854771784,1.7163070539419094
ID4_0884,ID,ID4,Site4,Meadow,IDxMeadow,2023-09-13 09:08:05.889,2023-09-13 09:09:59.978,00:01:54.089000,fly,Insecta,Diptera,Brachycera,#N/C,#N/C,#N/C,#N/C,#N/C,#N/C,8.4004979253112,5.45134854771784,1.7163070539419094
ID4_0885,ID,ID4,Site4,Meadow,IDxMeadow,2023-09-13 09:10:02.786,2023-09-13 09:20:24.113,00:10:21.327000,fly,Insecta,Diptera,Brachycera,#N/C,#N/C,#N/C,#N/C,#N/C,#N/C,8.4004979253112,5.45134854771784,1.7163070539419094
ID4_0886,ID,ID4,Site4,Meadow,IDxMeadow,2023-09-13 09:20:25.583,2023-09-13 09:22:23.922,00:01:58.339000,fly,Insecta,Diptera,Brachycera,#N/C,#N/C,#N/C,#N/C,#N/C,#N/C,8.4004979253112,5.45134854771784,1.7163070539419094
ID4_0887,ID,ID4,Site4,Meadow,IDxMeadow,2023-09-13 09:22:26.685,2023-09-13 09:23:06.820,00:00:40.135000,fly,Insecta,Diptera,Brachycera,#N/C,#N/C,#N/C,#N/C,#N/C,#N/C,8.4004979253112,5.45134854771784,1.7163070539419094
ID4_0888,ID,ID4,Site4,Meadow,IDxMeadow,2023-09-13 09:23:08.229,2023-09-13 09:26:10.852,00:03:02.623000,fly,Insecta,Diptera,Brachycera,#N/C,#N/C,#N/C,#N/C,#N/C,#N/C,8.4004979253112,5.45134854771784,1.7163070539419094
ID4_0889,ID,ID4,Site4,Meadow,IDxMeadow,2023-09-13 09:26:15.074,2023-09-13 09:30:57.263,00:04:42.189000,fly,Insecta,Diptera,Brachycera,#N/C,#N/C,#N/C,#N/C,#N/C,#N/C,8.4004979253112,5.45134854771784,1.7163070539419094
ID4_0890,ID,ID4,Site4,Meadow,IDxMeadow,2023-09-13 09:31:01.532,2023-09-13 09:31:14.369,00:00:12.837000,fly,Insecta,Diptera,Brachycera,#N/C,#N/C,#N/C,#N/C,#N/C,#N/C,8.4004979253112,5.45134854771784,1.7163070539419094
ID4_0891,ID,ID4,Site4,Meadow,IDxMeadow,2023-09-13 09:31:15.793,2023-09-13 09:31:18.654,00:00:02.861000,fly,Insecta,Diptera,Brachycera,#N/C,#N/C,#N/C,#N/C,#N/C,#N/C,8.4004979253112,5.45134854771784,1.7163070539419094
ID4_0892,ID,ID4,Site4,Meadow,IDxMeadow,2023-09-13 09:31:24.282,2023-09-13 09:32:21.133,00:00:56.851000,fly,Insecta,Diptera,Brachycera,#N/C,#N/C,#N/C,#N/C,#N/C,#N/C,8.4004979253112,5.45134854771784,1.7163070539419094
ID4_0893,ID,ID4,Site4,Meadow,IDxMeadow,2023-09-13 09:32:23.953,2023-09-13 09:33:37.933,00:01:13.980000,fly,Insecta,Diptera,Brachycera,#N/C,#N/C,#N/C,#N/C,#N/C,#N/C,8.4004979253112,5.45134854771784,1.7163070539419094
ID4_0894,ID,ID4,Site4,Meadow,IDxMeadow,2023-09-13 09:33:40.781,2023-09-13 09:37:30.570,00:03:49.789000,fly,Insecta,Diptera,Brachycera,#N/C,#N/C,#N/C,#N/C,#N/C,#N/C,8.4004979253112,5.45134854771784,1.7163070539419094
ID4_0895,ID,ID4,Site4,Meadow,IDxMeadow,2023-09-13 09:37:33.404,2023-09-13 09:39:07.618,00:01:34.214000,fly,Insecta,Diptera,Brachycera,#N/C,#N/C,#N/C,#N/C,#N/C,#N/C,8.4004979253112,5.45134854771784,1.7163070539419094
ID4_0896,ID,ID4,Site4,Meadow,IDxMeadow,2023-09-13 12:00:55.494,2023-09-13 12:01:39.732,00:00:44.238000,hoverfly,Insecta,Diptera,Brachycera,Muscomorpha,Syrphoidea,Syrphidae,Syrphinae,Episyrphus,balteatus,12.29572580645161,7.508467741935483,2.1483064516129025
ID4_0897,ID,ID4,Site4,Meadow,IDxMeadow,2023-09-13 12:24:28.035,2023-09-13 12:24:46.547,00:00:18.512000,fly,Insecta,Diptera,Brachycera,#N/C,#N/C,#N/C,#N/C,#N/C,#N/C,8.4004979253112,5.45134854771784,1.7163070539419094
ID4_0898,ID,ID4,Site4,Meadow,IDxMeadow,2023-09-13 12:40:35.851,2023-09-13 12:40:51.604,00:00:15.753000,fly,Insecta,Diptera,Brachycera,#N/C,#N/C,#N/C,#N/C,#N/C,#N/C,8.4004979253112,5.45134854771784,1.7163070539419094
ID4_0899,ID,ID4,Site4,Meadow,IDxMeadow,2023-09-13 13:19:35.309,2023-09-13 13:19:42.376,00:00:07.067000,noth,Insecta,Lepidoptera,#N/C,#N/C,#N/C,#N/C,#N/C,#N/C,#N/C,17.31275862068966,8.628275862068964,1.9603448275862072
ID4_0900,ID,ID4,Site4,Meadow,IDxMeadow,2023-09-13 13:20:51.564,2023-09-13 13:21:03.095,00:00:11.531000,noth,Insecta,Lepidoptera,#N/C,#N/C,#N/C,#N/C,#N/C,#N/C,#N/C,17.31275862068966,8.628275862068964,1.9603448275862072
ID4_0901,ID,ID4,Site4,Meadow,IDxMeadow,2023-09-13 13:21:31.416,2023-09-13 13:21:42.781,00:00:11.365000,noth,Insecta,Lepidoptera,#N/C,#N/C,#N/C,#N/C,#N/C,#N/C,#N/C,17.31275862068966,8.628275862068964,1.9603448275862072
ID4_0902,ID,ID4,Site4,Meadow,IDxMeadow,2023-09-13 13:22:03.892,2023-09-13 13:22:26.655,00:00:22.763000,noth,Insecta,Lepidoptera,#N/C,#N/C,#N/C,#N/C,#N/C,#N/C,#N/C,17.31275862068966,8.628275862068964,1.9603448275862072
ID4_0903,ID,ID4,Site4,Meadow,IDxMeadow,2023-09-13 14:07:54.020,2023-09-13 14:08:39.691,00:00:45.671000,flesh_fly,Insecta,Diptera,Brachycera,Muscomorpha,Oestroidea,Sarcophagidae,#N/C,#N/C,#N/C,8.696344827586204,5.522551724137931,1.7546666666666675
ID4_0906,ID,ID4,Site4,Meadow,IDxMeadow,2023-09-13 14:17:23.291,2023-09-13 14:17:37.423,00:00:14.132000,fly,Insecta,Diptera,Brachycera,#N/C,#N/C,#N/C,#N/C,#N/C,#N/C,8.4004979253112,5.45134854771784,1.7163070539419094
ID4_0907,ID,ID4,Site4,Meadow,IDxMeadow,2023-09-13 14:30:53.596,2023-09-13 14:31:49.434,00:00:55.838000,fly,Insecta,Diptera,Brachycera,#N/C,#N/C,#N/C,#N/C,#N/C,#N/C,8.4004979253112,5.45134854771784,1.7163070539419094
ID4_0908,ID,ID4,Site4,Meadow,IDxMeadow,2023-09-13 14:31:50.866,2023-09-13 14:32:10.897,00:00:20.031000,fly,Insecta,Diptera,Brachycera,#N/C,#N/C,#N/C,#N/C,#N/C,#N/C,8.4004979253112,5.45134854771784,1.7163070539419094
ID4_0909,ID,ID4,Site4,Meadow,IDxMeadow,2023-09-13 17:00:53.974,2023-09-13 17:04:02.058,00:03:08.084000,fly,Insecta,Diptera,Brachycera,#N/C,#N/C,#N/C,#N/C,#N/C,#N/C,8.4004979253112,5.45134854771784,1.7163070539419094
ID4_0910,ID,ID4,Site4,Meadow,IDxMeadow,2023-09-13 17:04:04.901,2023-09-13 17:07:05.799,00:03:00.898000,fly,Insecta,Diptera,Brachycera,#N/C,#N/C,#N/C,#N/C,#N/C,#N/C,8.4004979253112,5.45134854771784,1.7163070539419094
ID4_0911,ID,ID4,Site4,Meadow,IDxMeadow,2023-09-13 17:04:04.911,2023-09-13 17:05:14.461,00:01:09.550000,hoverfly,Insecta,Diptera,Brachycera,Muscomorpha,Syrphoidea,Syrphidae,Syrphinae,Episyrphus,balteatus,12.29572580645161,7.508467741935483,2.1483064516129025
ID4_0912,ID,ID4,Site4,Meadow,IDxMeadow,2023-09-13 17:07:08.620,2023-09-13 17:10:24.089,00:03:15.469000,fly,Insecta,Diptera,Brachycera,#N/C,#N/C,#N/C,#N/C,#N/C,#N/C,8.4004979253112,5.45134854771784,1.7163070539419094
ID4_0913,ID,ID4,Site4,Meadow,IDxMeadow,2023-09-13 17:10:26.959,2023-09-13 17:11:41.221,00:01:14.262000,fly,Insecta,Diptera,Brachycera,#N/C,#N/C,#N/C,#N/C,#N/C,#N/C,8.4004979253112,5.45134854771784,1.7163070539419094
ID4_0914,ID,ID4,Site4,Meadow,IDxMeadow,2023-09-13 17:11:45.428,2023-09-13 17:16:26.620,00:04:41.192000,fly,Insecta,Diptera,Brachycera,#N/C,#N/C,#N/C,#N/C,#N/C,#N/C,8.4004979253112,5.45134854771784,1.7163070539419094
ID4_0916,ID,ID4,Site4,Meadow,IDxMeadow,2023-09-13 17:14:38.106,2023-09-13 17:16:25.181,00:01:47.075000,fly,Insecta,Diptera,Brachycera,#N/C,#N/C,#N/C,#N/C,#N/C,#N/C,8.4004979253112,5.45134854771784,1.7163070539419094
ID4_0917,ID,ID4,Site4,Meadow,IDxMeadow,2023-09-13 17:16:29.449,2023-09-13 17:18:37.952,00:02:08.503000,fly,Insecta,Diptera,Brachycera,#N/C,#N/C,#N/C,#N/C,#N/C,#N/C,8.4004979253112,5.45134854771784,1.7163070539419094
ID4_0918,ID,ID4,Site4,Meadow,IDxMeadow,2023-09-13 17:18:40.833,2023-09-13 17:20:08.766,00:01:27.933000,fly,Insecta,Diptera,Brachycera,#N/C,#N/C,#N/C,#N/C,#N/C,#N/C,8.4004979253112,5.45134854771784,1.7163070539419094
ID4_0919,ID,ID4,Site4,Meadow,IDxMeadow,2023-09-13 17:19:22.293,2023-09-13 17:20:11.595,00:00:49.302000,fly,Insecta,Diptera,Brachycera,#N/C,#N/C,#N/C,#N/C,#N/C,#N/C,8.4004979253112,5.45134854771784,1.7163070539419094
ID4_0920,ID,ID4,Site4,Meadow,IDxMeadow,2023-09-13 17:20:13.025,2023-09-13 17:20:27.321,00:00:14.296000,fly,Insecta,Diptera,Brachycera,#N/C,#N/C,#N/C,#N/C,#N/C,#N/C,8.4004979253112,5.45134854771784,1.7163070539419094
ID4_0921,ID,ID4,Site4,Meadow,IDxMeadow,2023-09-13 17:20:30.163,2023-09-13 17:21:39.702,00:01:09.539000,fly,Insecta,Diptera,Brachycera,#N/C,#N/C,#N/C,#N/C,#N/C,#N/C,8.4004979253112,5.45134854771784,1.7163070539419094
ID4_0922,ID,ID4,Site4,Meadow,IDxMeadow,2023-09-13 17:21:41.130,2023-09-13 17:25:20.916,00:03:39.786000,fly,Insecta,Diptera,Brachycera,#N/C,#N/C,#N/C,#N/C,#N/C,#N/C,8.4004979253112,5.45134854771784,1.7163070539419094
ID4_0923,ID,ID4,Site4,Meadow,IDxMeadow,2023-09-13 17:21:55.461,2023-09-13 17:22:19.866,00:00:24.405000,fly,Insecta,Diptera,Brachycera,#N/C,#N/C,#N/C,#N/C,#N/C,#N/C,8.4004979253112,5.45134854771784,1.7163070539419094
ID4_0924,ID,ID4,Site4,Meadow,IDxMeadow,2023-09-13 17:23:26.991,2023-09-13 17:25:03.686,00:01:36.695000,fly,Insecta,Diptera,Brachycera,#N/C,#N/C,#N/C,#N/C,#N/C,#N/C,8.4004979253112,5.45134854771784,1.7163070539419094
ID4_0925,ID,ID4,Site4,Meadow,IDxMeadow,2023-09-13 17:25:06.572,2023-09-13 17:28:42.253,00:03:35.681000,fly,Insecta,Diptera,Brachycera,#N/C,#N/C,#N/C,#N/C,#N/C,#N/C,8.4004979253112,5.45134854771784,1.7163070539419094
ID4_0926,ID,ID4,Site4,Meadow,IDxMeadow,2023-09-13 17:25:22.403,2023-09-13 17:28:39.440,00:03:17.037000,fly,Insecta,Diptera,Brachycera,#N/C,#N/C,#N/C,#N/C,#N/C,#N/C,8.4004979253112,5.45134854771784,1.7163070539419094
ID4_0927,ID,ID4,Site4,Meadow,IDxMeadow,2023-09-13 17:28:45.102,2023-09-13 17:33:14.386,00:04:29.284000,fly,Insecta,Diptera,Brachycera,#N/C,#N/C,#N/C,#N/C,#N/C,#N/C,8.4004979253112,5.45134854771784,1.7163070539419094
ID4_0928,ID,ID4,Site4,Meadow,IDxMeadow,2023-09-13 17:28:45.144,2023-09-13 17:39:07.754,00:10:22.610000,fly,Insecta,Diptera,Brachycera,#N/C,#N/C,#N/C,#N/C,#N/C,#N/C,8.4004979253112,5.45134854771784,1.7163070539419094
ID4_0929,ID,ID4,Site4,Meadow,IDxMeadow,2023-09-13 17:33:17.294,2023-09-13 17:33:24.530,00:00:07.236000,fly,Insecta,Diptera,Brachycera,#N/C,#N/C,#N/C,#N/C,#N/C,#N/C,8.4004979253112,5.45134854771784,1.7163070539419094
ID4_0930,ID,ID4,Site4,Meadow,IDxMeadow,2023-09-13 17:33:27.366,2023-09-13 17:39:07.776,00:05:40.410000,fly,Insecta,Diptera,Brachycera,#N/C,#N/C,#N/C,#N/C,#N/C,#N/C,8.4004979253112,5.45134854771784,1.7163070539419094
ID4_0931,ID,ID4,Site4,Meadow,IDxMeadow,2023-09-13 17:39:10.620,2023-09-13 17:39:54.874,00:00:44.254000,fly,Insecta,Diptera,Brachycera,#N/C,#N/C,#N/C,#N/C,#N/C,#N/C,8.4004979253112,5.45134854771784,1.7163070539419094
ID4_0932,ID,ID4,Site4,Meadow,IDxMeadow,2023-09-13 17:40:32.989,2023-09-13 17:40:37.319,00:00:04.330000,bug,Insecta,Hemiptera,Heteroptera,#N/C,#N/C,#N/C,#N/C,#N/C,#N/C,13.876018306636158,6.149816933638447,2.2683752860411897
ID4_0933,ID,ID4,Site4,Meadow,IDxMeadow,2023-09-13 18:01:52.797,2023-09-13 18:02:36.728,00:00:43.931000,fly,Insecta,Diptera,Brachycera,#N/C,#N/C,#N/C,#N/C,#N/C,#N/C,8.4004979253112,5.45134854771784,1.7163070539419094
ID4_0935,ID,ID4,Site4,Meadow,IDxMeadow,2023-09-13 18:34:28.612,2023-09-13 18:34:50.084,00:00:21.472000,fly,Insecta,Diptera,Brachycera,#N/C,#N/C,#N/C,#N/C,#N/C,#N/C,8.4004979253112,5.45134854771784,1.7163070539419094
