Date,Device_ID,Device_type,Device,Site,Ambient,Class,Order,Suborder,Infraorder,Superfamily,Family,Subfamily,Genus,Species,Live_mass,Body_length,Body_width,Count
2023-08-23,AMMOD1_0001,AMMOD,AMMOD1,Site1,Maize,Insecta,Diptera,Nematocera,Culicomorpha,Culicoidea,Ceratopogonidae,Forcipomyiinae,Forcipomyia,bipunctata,0.9550000000000001,3.165,0.7849999999999999,85
2023-08-23,AMMOD1_0002,AMMOD,AMMOD1,Site1,Maize,Insecta,Diptera,Nematocera,Bibionomorpha,Bibionoidea,Bibionidae,Bibioninae,Dilophus,febrilis,1.8561538461538463,3.6023076923076927,0.9615384615384617,1
2023-08-23,AMMOD1_0003,AMMOD,AMMOD1,Site1,Maize,Insecta,Diptera,Brachycera,Muscomorpha,Oestroidea,Tachinidae,Tachininae,Siphona,geniculata,8.696344827586204,5.522551724137931,1.7546666666666675,1211
2023-08-23,AMMOD1_0004,AMMOD,AMMOD1,Site1,Maize,Insecta,Hymenoptera,Apocrita,Aculeata,Vespoidea,Vespidae,Vespinae,Vespula,germanica,71.46,13.613333333333335,4.026666666666666,18
2023-08-23,AMMOD1_0005,AMMOD,AMMOD1,Site1,Maize,Insecta,Diptera,Brachycera,Muscomorpha,Opomyzoidea,Agromyzidae,Agromyzinae,Agromyza,paralucida,1.27,3.23,0.8766666666666666,12
2023-08-23,AMMOD1_0006,AMMOD,AMMOD1,Site1,Maize,Insecta,Diptera,Brachycera,Muscomorpha,Muscoidea,Anthomyiidae,Anthomyiinae,Delia,radicum,4.8100000000000005,4.535,1.6749999999999998,88
2023-08-23,AMMOD1_0007,AMMOD,AMMOD1,Site1,Maize,Insecta,Lepidoptera,Glossata,Heterocera,Noctuoidea,Noctuidae,Noctuinae,Hoplodrina,ambigua,1.95,3.9666666666666663,1.0333333333333334,1286
2023-08-23,AMMOD1_0008,AMMOD,AMMOD1,Site1,Maize,Insecta,Diptera,Brachycera,Muscomorpha,Muscoidea,Anthomyiidae,Anthomyiinae,Botanophila,fugax,4.8100000000000005,4.535,1.6749999999999998,228
2023-08-23,AMMOD1_0009,AMMOD,AMMOD1,Site1,Maize,Insecta,Diptera,Nematocera,Bibionomorpha,Sciaroidea,Sciaridae,Sciarinae,Schwenckfeldina,carbonaria,3.12,4.300000000000001,1.165,294
2023-08-23,AMMOD1_0010,AMMOD,AMMOD1,Site1,Maize,Insecta,Diptera,Brachycera,Muscomorpha,Phoroidea,Phoridae,Phorinae,Diplonevra,nitidula,1.2314285714285715,2.912857142857143,0.89,482
2023-08-23,AMMOD1_0011,AMMOD,AMMOD1,Site1,Maize,Insecta,Diptera,Brachycera,Muscomorpha,Phoroidea,Phoridae,Phorinae,Triphleba,nudipalpis,1.2314285714285715,2.912857142857143,0.89,2494
2023-08-23,AMMOD1_0012,AMMOD,AMMOD1,Site1,Maize,Insecta,Diptera,Brachycera,Muscomorpha,Carnoidea,Chloropidae,Oscinellinae,Incertella,albipalpis,2.167586206896551,3.907931034482758,1.0355172413793103,9
2023-08-23,AMMOD1_0013,AMMOD,AMMOD1,Site1,Maize,Insecta,Diptera,Brachycera,Muscomorpha,Syrphoidea,Syrphidae,Syrphinae,Episyrphus,balteatus,12.29572580645161,7.508467741935483,2.1483064516129025,379
2023-08-23,AMMOD1_0014,AMMOD,AMMOD1,Site1,Maize,Insecta,Coleoptera,Adephaga,Geadephaga,Caraboidea,Carabidae,Platyninae,Calathus,fuscipes,185.01216216216224,15.843693693693686,5.774954954954958,57
2023-08-23,AMMOD1_0015,AMMOD,AMMOD1,Site1,Maize,Insecta,Diptera,Brachycera,Muscomorpha,Muscoidea,Anthomyiidae,Anthomyiinae,Delia,florilega,4.8100000000000005,4.535,1.6749999999999998,1867
2023-08-23,AMMOD1_0016,AMMOD,AMMOD1,Site1,Maize,Insecta,Hymenoptera,Apocrita,Parasitica,Ichneumonoidea,Ichneumonidae,Phygadeuontinae,Phygadeuon,trichops,5.311379310344828,5.228275862068966,1.1537931034482758,181
2023-08-23,AMMOD1_0017,AMMOD,AMMOD1,Site1,Maize,Insecta,Diptera,Brachycera,Muscomorpha,Oestroidea,Tachinidae,Exoristinae,Lydella,grisescens,8.696344827586204,5.522551724137931,1.7546666666666675,120
2023-08-23,AMMOD1_0018,AMMOD,AMMOD1,Site1,Maize,Insecta,Diptera,Brachycera,Muscomorpha,Muscoidea,Muscidae,Limnophorini (Tribu),Limnophora,tigrina,13.525750000000013,5.991083333333332,2.2562500000000005,108
2023-08-23,AMMOD1_0019,AMMOD,AMMOD1,Site1,Maize,Arachnida,Opiliones,Palpatores,#child.Palpatores,Phalangioidea,Phalangiidae,Phalangiinae,Phalangium,opilio,24.274390243902445,4.291219512195122,2.517317073170732,2
2023-08-23,AMMOD1_0020,AMMOD,AMMOD1,Site1,Maize,Insecta,Diptera,Nematocera,Bibionomorpha,Sciaroidea,Sciaridae,Megalosphyinae,Bradysia,urticae,3.12,4.300000000000001,1.165,12
2023-08-23,AMMOD1_0021,AMMOD,AMMOD1,Site1,Maize,Insecta,Diptera,Brachycera,Muscomorpha,Opomyzoidea,Agromyzidae,Phytomyzinae,Phytomyza,rufipes,1.27,3.23,0.8766666666666666,34
2023-08-23,AMMOD1_0022,AMMOD,AMMOD1,Site1,Maize,Insecta,Diptera,Brachycera,Muscomorpha,Oestroidea,Calliphoridae,Luciliinae,Lucilia,caesar,8.696344827586204,5.522551724137931,1.7546666666666675,527
2023-08-23,AMMOD1_0023,AMMOD,AMMOD1,Site1,Maize,Insecta,Diptera,Brachycera,Muscomorpha,Syrphoidea,Syrphidae,Syrphinae,Eupeodes,corollae,12.29572580645161,7.508467741935483,2.1483064516129025,144
2023-08-23,AMMOD1_0024,AMMOD,AMMOD1,Site1,Maize,Insecta,Coleoptera,Polyphaga,Staphyliniformia,Staphylinoidea,Staphylinidae,Aleocharinae,Aleochara,bilineata,22.330000000000005,10.233272727272729,2.0220000000000002,17
2023-08-23,AMMOD1_0025,AMMOD,AMMOD1,Site1,Maize,Insecta,Diptera,Brachycera,Muscomorpha,Opomyzoidea,Agromyzidae,Phytomyzinae,Amauromyza,karli,1.27,3.23,0.8766666666666666,4
2023-08-23,AMMOD1_0026,AMMOD,AMMOD1,Site1,Maize,Insecta,Diptera,Nematocera,Culicomorpha,Chironomoidea,Chironomidae,Chironominae,Chironomus,nuditarsis,0.9550000000000001,3.165,0.7849999999999999,8
2023-08-23,AMMOD1_0027,AMMOD,AMMOD1,Site1,Maize,Insecta,Diptera,Brachycera,Muscomorpha,Ephydroidea,Drosophilidae,Drosophilinae,Scaptomyza,flava,8.696344827586204,5.522551724137931,1.7546666666666675,77
2023-08-23,AMMOD1_0028,AMMOD,AMMOD1,Site1,Maize,Insecta,Diptera,Nematocera,Culicomorpha,Chironomoidea,Chironomidae,Chironominae,Chironomus,dorsalis,0.9550000000000001,3.165,0.7849999999999999,3
2023-08-23,AMMOD1_0029,AMMOD,AMMOD1,Site1,Maize,Arachnida,Araneae,Opisthothelae,Araneomorphae,Araneoidea,Linyphiidae,Linyphiinae,Porrhomma,microphthalmum,1.8317105263157896,2.26736842105263,0.9770394736842106,6
2023-08-23,AMMOD1_0030,AMMOD,AMMOD1,Site1,Maize,Insecta,Diptera,Brachycera,Muscomorpha,Oestroidea,Sarcophagidae,Sarcophaginae,Sarcophaga,crassimargo,8.696344827586204,5.522551724137931,1.7546666666666675,3
2023-08-23,AMMOD1_0031,AMMOD,AMMOD1,Site1,Maize,Insecta,Hymenoptera,Apocrita,Aculeata,Apoidea,Crabronidae,Crabroninae,Crossocerus,annulipes,64.4823076923077,8.925897435897436,3.27948717948718,34
2023-08-23,AMMOD1_0032,AMMOD,AMMOD1,Site1,Maize,Insecta,Diptera,Brachycera,Muscomorpha,Opomyzoidea,Agromyzidae,Agromyzinae,Ophiomyia,nasuta,1.27,3.23,0.8766666666666666,32
2023-08-23,AMMOD1_0033,AMMOD,AMMOD1,Site1,Maize,Insecta,Diptera,Brachycera,Tabanomorpha,Tabanoidea,Tabanidae,Tabaninae,Tabanus,bromius,2.56,4.18,1.21,19
2023-08-23,AMMOD1_0034,AMMOD,AMMOD1,Site1,Maize,Insecta,Hymenoptera,Apocrita,Parasitica,Ichneumonoidea,Ichneumonidae,Campopleginae,Campoletis,annulata,5.311379310344828,5.228275862068966,1.1537931034482758,9
2023-08-24,AMMOD1_0035,AMMOD,AMMOD1,Site1,Maize,Insecta,Diptera,Nematocera,Bibionomorpha,Sciaroidea,Sciaridae,#child.Sciaridae,Lycoriella,sativae,3.12,4.300000000000001,1.165,10
2023-08-24,AMMOD1_0036,AMMOD,AMMOD1,Site1,Maize,Insecta,Diptera,Nematocera,Culicomorpha,Culicoidea,Ceratopogonidae,Forcipomyiinae,Forcipomyia,bipunctata,0.9550000000000001,3.165,0.7849999999999999,130
2023-08-24,AMMOD1_0037,AMMOD,AMMOD1,Site1,Maize,Insecta,Diptera,Nematocera,Bibionomorpha,Bibionoidea,Bibionidae,Bibioninae,Dilophus,febrilis,1.8561538461538463,3.6023076923076927,0.9615384615384617,65
2023-08-24,AMMOD1_0038,AMMOD,AMMOD1,Site1,Maize,Insecta,Diptera,Brachycera,Muscomorpha,Oestroidea,Tachinidae,Tachininae,Siphona,geniculata,8.696344827586204,5.522551724137931,1.7546666666666675,204
2023-08-24,AMMOD1_0039,AMMOD,AMMOD1,Site1,Maize,Insecta,Hymenoptera,Apocrita,Aculeata,Vespoidea,Vespidae,Vespinae,Vespula,germanica,71.46,13.613333333333335,4.026666666666666,60
2023-08-24,AMMOD1_0040,AMMOD,AMMOD1,Site1,Maize,Insecta,Diptera,Nematocera,Bibionomorpha,Sciaroidea,Sciaridae,Sciarinae,Peyerimhoffia,vagabunda,3.12,4.300000000000001,1.165,53
2023-08-24,AMMOD1_0041,AMMOD,AMMOD1,Site1,Maize,Insecta,Diptera,Brachycera,Muscomorpha,Muscoidea,Anthomyiidae,Anthomyiinae,Delia,radicum,4.8100000000000005,4.535,1.6749999999999998,148
2023-08-24,AMMOD1_0042,AMMOD,AMMOD1,Site1,Maize,Insecta,Diptera,Brachycera,Muscomorpha,Ephydroidea,Drosophilidae,Drosophilinae,Drosophila,suzukii,8.696344827586204,5.522551724137931,1.7546666666666675,57
2023-08-24,AMMOD1_0043,AMMOD,AMMOD1,Site1,Maize,Insecta,Lepidoptera,Glossata,Heterocera,Noctuoidea,Noctuidae,Noctuinae,Hoplodrina,ambigua,1.95,3.9666666666666663,1.0333333333333334,2966
2023-08-24,AMMOD1_0044,AMMOD,AMMOD1,Site1,Maize,Insecta,Diptera,Nematocera,Bibionomorpha,Sciaroidea,Sciaridae,Sciarinae,Schwenckfeldina,carbonaria,3.12,4.300000000000001,1.165,125
2023-08-24,AMMOD1_0045,AMMOD,AMMOD1,Site1,Maize,Insecta,Diptera,Brachycera,Muscomorpha,Phoroidea,Phoridae,Phorinae,Diplonevra,nitidula,1.2314285714285715,2.912857142857143,0.89,139
2023-08-24,AMMOD1_0046,AMMOD,AMMOD1,Site1,Maize,Insecta,Diptera,Brachycera,Muscomorpha,Phoroidea,Phoridae,Phorinae,Triphleba,nudipalpis,1.2314285714285715,2.912857142857143,0.89,529
2023-08-24,AMMOD1_0047,AMMOD,AMMOD1,Site1,Maize,Insecta,Diptera,Brachycera,Muscomorpha,Syrphoidea,Syrphidae,Syrphinae,Episyrphus,balteatus,12.29572580645161,7.508467741935483,2.1483064516129025,1415
2023-08-24,AMMOD1_0048,AMMOD,AMMOD1,Site1,Maize,Insecta,Coleoptera,Adephaga,Geadephaga,Caraboidea,Carabidae,Platyninae,Calathus,fuscipes,185.01216216216224,15.843693693693686,5.774954954954958,15
2023-08-24,AMMOD1_0049,AMMOD,AMMOD1,Site1,Maize,Insecta,Diptera,Brachycera,Muscomorpha,Oestroidea,Rhinophoridae,Rhinophorinae,Tricogena,rubricosa,8.696344827586204,5.522551724137931,1.7546666666666675,18
2023-08-24,AMMOD1_0050,AMMOD,AMMOD1,Site1,Maize,Insecta,Diptera,Brachycera,Muscomorpha,Muscoidea,Anthomyiidae,Anthomyiinae,Delia,florilega,4.8100000000000005,4.535,1.6749999999999998,405
2023-08-24,AMMOD1_0051,AMMOD,AMMOD1,Site1,Maize,Insecta,Diptera,Brachycera,Muscomorpha,Oestroidea,Sarcophagidae,Sarcophaginae,Sarcophaga,variegata,8.696344827586204,5.522551724137931,1.7546666666666675,1723
2023-08-24,AMMOD1_0052,AMMOD,AMMOD1,Site1,Maize,Insecta,Hymenoptera,Apocrita,Parasitica,Ichneumonoidea,Ichneumonidae,Phygadeuontinae,Phygadeuon,trichops,5.311379310344828,5.228275862068966,1.1537931034482758,612
2023-08-24,AMMOD1_0053,AMMOD,AMMOD1,Site1,Maize,Insecta,Diptera,Nematocera,Bibionomorpha,Sciaroidea,Sciaridae,Megalosphyinae,Bradysia,trivittata,3.12,4.300000000000001,1.165,15
2023-08-24,AMMOD1_0054,AMMOD,AMMOD1,Site1,Maize,Insecta,Diptera,Brachycera,Muscomorpha,Phoroidea,Phoridae,Metopininae,Megaselia,emarginata,1.2314285714285715,2.912857142857143,0.89,15
2023-08-24,AMMOD1_0055,AMMOD,AMMOD1,Site1,Maize,Insecta,Diptera,Brachycera,Muscomorpha,Opomyzoidea,Agromyzidae,Phytomyzinae,Phytomyza,rufipes,1.27,3.23,0.8766666666666666,13
2023-08-24,AMMOD1_0056,AMMOD,AMMOD1,Site1,Maize,Insecta,Diptera,Brachycera,Muscomorpha,Ephydroidea,Drosophilidae,Drosophilinae,Scaptomyza,pallida,8.696344827586204,5.522551724137931,1.7546666666666675,1
2023-08-24,AMMOD1_0057,AMMOD,AMMOD1,Site1,Maize,Insecta,Hymenoptera,Apocrita,Parasitica,Ichneumonoidea,Ichneumonidae,Campopleginae,Diadegma,semiclausum,5.311379310344828,5.228275862068966,1.1537931034482758,143
2023-08-24,AMMOD1_0058,AMMOD,AMMOD1,Site1,Maize,Insecta,Diptera,Brachycera,Muscomorpha,Syrphoidea,Syrphidae,Syrphinae,Eupeodes,corollae,12.29572580645161,7.508467741935483,2.1483064516129025,19
2023-08-24,AMMOD1_0059,AMMOD,AMMOD1,Site1,Maize,Insecta,Diptera,Nematocera,Culicomorpha,Culicoidea,Culicidae,Culicinae,Culex,pipiens,1.84,4.54,0.99,52
2023-08-24,AMMOD1_0060,AMMOD,AMMOD1,Site1,Maize,Insecta,Coleoptera,Polyphaga,Staphyliniformia,Staphylinoidea,Staphylinidae,Aleocharinae,Aleochara,bilineata,22.330000000000005,10.233272727272729,2.0220000000000002,11
2023-08-24,AMMOD1_0061,AMMOD,AMMOD1,Site1,Maize,Insecta,Diptera,Brachycera,Muscomorpha,Opomyzoidea,Agromyzidae,Phytomyzinae,Amauromyza,karli,1.27,3.23,0.8766666666666666,2
2023-08-24,AMMOD1_0062,AMMOD,AMMOD1,Site1,Maize,Insecta,Diptera,Nematocera,Psychodomorpha,Psychodoidea,Psychodidae,Psychodinae,Clytocerus,ocellaris,7.582499999999999,5.904,1.128,5
2023-08-24,AMMOD1_0063,AMMOD,AMMOD1,Site1,Maize,Insecta,Diptera,Nematocera,Bibionomorpha,Sciaroidea,Sciaridae,Megalosphyinae,Bradysia,vagans,3.12,4.300000000000001,1.165,9
2023-08-24,AMMOD1_0064,AMMOD,AMMOD1,Site1,Maize,Insecta,Diptera,Brachycera,Muscomorpha,Phoroidea,Phoridae,Metopininae,Megaselia,berndseni,1.2314285714285715,2.912857142857143,0.89,3
2023-08-24,AMMOD1_0065,AMMOD,AMMOD1,Site1,Maize,Insecta,Diptera,Brachycera,Asilomorpha,Empidoidea,Hybotidae,Tachydromiinae,Platypalpus,interstinctus,5.423030303030302,4.323939393939395,1.3303030303030303,3
2023-08-24,AMMOD1_0066,AMMOD,AMMOD1,Site1,Maize,Insecta,Hymenoptera,Apocrita,Parasitica,Ichneumonoidea,Ichneumonidae,Diplazontinae,Sussaba,aciculata,5.311379310344828,5.228275862068966,1.1537931034482758,84
2023-08-24,AMMOD1_0067,AMMOD,AMMOD1,Site1,Maize,Insecta,Diptera,Brachycera,Muscomorpha,Oestroidea,Tachinidae,Phasiinae,Leucostoma,simplex,8.696344827586204,5.522551724137931,1.7546666666666675,9
2023-08-24,AMMOD1_0068,AMMOD,AMMOD1,Site1,Maize,Insecta,Diptera,Nematocera,Culicomorpha,Chironomoidea,Chironomidae,Chironominae,Chironomus,dorsalis,0.9550000000000001,3.165,0.7849999999999999,9
2023-08-24,AMMOD1_0069,AMMOD,AMMOD1,Site1,Maize,Insecta,Diptera,Brachycera,Muscomorpha,Muscoidea,Muscidae,Phaoniinae,Phaonia,pallida,13.525750000000013,5.991083333333332,2.2562500000000005,10
2023-08-24,AMMOD1_0070,AMMOD,AMMOD1,Site1,Maize,Insecta,Diptera,Brachycera,Muscomorpha,Oestroidea,Tachinidae,Exoristinae,Exorista,rustica,8.696344827586204,5.522551724137931,1.7546666666666675,2
2023-08-24,AMMOD1_0071,AMMOD,AMMOD1,Site1,Maize,Insecta,Diptera,Brachycera,Muscomorpha,Opomyzoidea,Agromyzidae,Phytomyzinae,Liriomyza,strigata,1.27,3.23,0.8766666666666666,8
2023-08-24,AMMOD1_0072,AMMOD,AMMOD1,Site1,Maize,Insecta,Lepidoptera,Glossata,Heterocera,Gelechioidea,Gelechiidae,Anomologinae,Chrysoesthia,sexguttella,1.95,3.9666666666666663,1.0333333333333334,30
2023-08-25,AMMOD1_0073,AMMOD,AMMOD1,Site1,Maize,Insecta,Diptera,Brachycera,Muscomorpha,Oestroidea,Tachinidae,Tachininae,Siphona,geniculata,8.696344827586204,5.522551724137931,1.7546666666666675,63
2023-08-25,AMMOD1_0074,AMMOD,AMMOD1,Site1,Maize,Insecta,Hymenoptera,Apocrita,Aculeata,Vespoidea,Vespidae,Vespinae,Vespula,germanica,71.46,13.613333333333335,4.026666666666666,66
2023-08-25,AMMOD1_0075,AMMOD,AMMOD1,Site1,Maize,Insecta,Hymenoptera,Apocrita,Parasitica,Ichneumonoidea,Ichneumonidae,Pimplinae,Pimpla,contemplator,5.311379310344828,5.228275862068966,1.1537931034482758,19
2023-08-25,AMMOD1_0076,AMMOD,AMMOD1,Site1,Maize,Insecta,Diptera,Brachycera,Muscomorpha,Muscoidea,Anthomyiidae,Anthomyiinae,Delia,radicum,4.8100000000000005,4.535,1.6749999999999998,1082
2023-08-25,AMMOD1_0077,AMMOD,AMMOD1,Site1,Maize,Insecta,Diptera,Brachycera,Muscomorpha,Muscoidea,Muscidae,Phaoniinae,Phaonia,tuguriorum,13.525750000000013,5.991083333333332,2.2562500000000005,51
2023-08-25,AMMOD1_0078,AMMOD,AMMOD1,Site1,Maize,Insecta,Lepidoptera,Glossata,Heterocera,Noctuoidea,Noctuidae,Noctuinae,Hoplodrina,ambigua,1.95,3.9666666666666663,1.0333333333333334,9
2023-08-25,AMMOD1_0079,AMMOD,AMMOD1,Site1,Maize,Insecta,Diptera,Brachycera,Muscomorpha,Phoroidea,Phoridae,Phorinae,Triphleba,nudipalpis,1.2314285714285715,2.912857142857143,0.89,62
2023-08-25,AMMOD1_0080,AMMOD,AMMOD1,Site1,Maize,Insecta,Lepidoptera,Glossata,Heterocera,Noctuoidea,Noctuidae,Noctuinae,Mythimna,pallens,1.95,3.9666666666666663,1.0333333333333334,79
2023-08-25,AMMOD1_0081,AMMOD,AMMOD1,Site1,Maize,Insecta,Diptera,Brachycera,Muscomorpha,Syrphoidea,Syrphidae,Syrphinae,Episyrphus,balteatus,12.29572580645161,7.508467741935483,2.1483064516129025,111
2023-08-25,AMMOD1_0082,AMMOD,AMMOD1,Site1,Maize,Insecta,Diptera,Brachycera,Muscomorpha,Ephydroidea,Drosophilidae,Drosophilinae,Drosophila,subobscura,8.696344827586204,5.522551724137931,1.7546666666666675,2
2023-08-25,AMMOD1_0083,AMMOD,AMMOD1,Site1,Maize,Insecta,Diptera,Brachycera,Muscomorpha,Muscoidea,Anthomyiidae,Anthomyiinae,Delia,florilega,4.8100000000000005,4.535,1.6749999999999998,1204
2023-08-25,AMMOD1_0084,AMMOD,AMMOD1,Site1,Maize,Insecta,Diptera,Brachycera,Muscomorpha,Oestroidea,Sarcophagidae,Sarcophaginae,Sarcophaga,variegata,8.696344827586204,5.522551724137931,1.7546666666666675,24
2023-08-25,AMMOD1_0085,AMMOD,AMMOD1,Site1,Maize,Insecta,Diptera,Brachycera,Muscomorpha,Oestroidea,Sarcophagidae,Sarcophaginae,Sarcophaga,aratrix,8.696344827586204,5.522551724137931,1.7546666666666675,46
2023-08-25,AMMOD1_0086,AMMOD,AMMOD1,Site1,Maize,Insecta,Diptera,Brachycera,Muscomorpha,Muscoidea,Muscidae,Limnophorini (Tribu),Limnophora,tigrina,13.525750000000013,5.991083333333332,2.2562500000000005,5
2023-08-25,AMMOD1_0087,AMMOD,AMMOD1,Site1,Maize,Insecta,Diptera,Nematocera,Bibionomorpha,Sciaroidea,Sciaridae,Megalosphyinae,Bradysia,urticae,3.12,4.300000000000001,1.165,3
2023-08-25,AMMOD1_0088,AMMOD,AMMOD1,Site1,Maize,Insecta,Hymenoptera,Apocrita,Aculeata,Formicoidea,Formicidae,Ponerinae,Ponera,coarctata,3.0777551020408147,4.416530612244895,1.2977551020408162,507
2023-08-25,AMMOD1_0089,AMMOD,AMMOD1,Site1,Maize,Insecta,Diptera,Brachycera,Muscomorpha,Sphaeroceroidea,Sphaeroceridae,Limosininae,Trachyopella,lineafrons,8.696344827586204,5.522551724137931,1.7546666666666675,532
2023-08-25,AMMOD1_0090,AMMOD,AMMOD1,Site1,Maize,Insecta,Diptera,Brachycera,Muscomorpha,Ephydroidea,Drosophilidae,Drosophilinae,Scaptomyza,pallida,8.696344827586204,5.522551724137931,1.7546666666666675,9
2023-08-25,AMMOD1_0091,AMMOD,AMMOD1,Site1,Maize,Insecta,Diptera,Brachycera,Asilomorpha,Empidoidea,Dolichopodidae,Diaphorinae,Chrysotus,gramineus,3.9976666666666674,3.9993333333333334,1.274,169
2023-08-25,AMMOD1_0092,AMMOD,AMMOD1,Site1,Maize,Insecta,Diptera,Brachycera,Muscomorpha,Carnoidea,Chloropidae,Oscinellinae,Aphanotrigonum,trilineatum,2.167586206896551,3.907931034482758,1.0355172413793103,10
2023-08-25,AMMOD1_0093,AMMOD,AMMOD1,Site1,Maize,Insecta,Coleoptera,Polyphaga,Cucujiformia,Curculionoidea,Curculionidae,Lixinae,Lixus,brevirostris,2.59962962962963,3.2672222222222227,1.1698148148148149,105
2023-08-25,AMMOD1_0094,AMMOD,AMMOD1,Site1,Maize,Insecta,Diptera,Nematocera,Bibionomorpha,Sciaroidea,Mycetophilidae,Gnoristinae,Monoclona,rufilatera,1.8561538461538463,3.6023076923076927,0.9615384615384617,57
2023-08-25,AMMOD1_0095,AMMOD,AMMOD1,Site1,Maize,Insecta,Lepidoptera,Glossata,Heterocera,Noctuoidea,Noctuidae,Noctuinae,Mythimna,oxygala,1.95,3.9666666666666663,1.0333333333333334,27
2023-08-26,AMMOD1_0096,AMMOD,AMMOD1,Site1,Maize,Insecta,Diptera,Nematocera,Bibionomorpha,Sciaroidea,Sciaridae,Sciarinae,Peyerimhoffia,vagabunda,3.12,4.300000000000001,1.165,30
2023-08-26,AMMOD1_0097,AMMOD,AMMOD1,Site1,Maize,Insecta,Diptera,Brachycera,Muscomorpha,Opomyzoidea,Agromyzidae,Agromyzinae,Agromyza,paralucida,1.27,3.23,0.8766666666666666,7
2023-08-26,AMMOD1_0098,AMMOD,AMMOD1,Site1,Maize,Insecta,Diptera,Brachycera,Muscomorpha,Muscoidea,Anthomyiidae,Anthomyiinae,Delia,radicum,4.8100000000000005,4.535,1.6749999999999998,583
2023-08-26,AMMOD1_0099,AMMOD,AMMOD1,Site1,Maize,Insecta,Diptera,Brachycera,Muscomorpha,Ephydroidea,Drosophilidae,Drosophilinae,Drosophila,suzukii,8.696344827586204,5.522551724137931,1.7546666666666675,1
2023-08-26,AMMOD1_0100,AMMOD,AMMOD1,Site1,Maize,Insecta,Diptera,Brachycera,Muscomorpha,Muscoidea,Muscidae,Phaoniinae,Phaonia,tuguriorum,13.525750000000013,5.991083333333332,2.2562500000000005,1598
2023-08-26,AMMOD1_0101,AMMOD,AMMOD1,Site1,Maize,Insecta,Diptera,Brachycera,Muscomorpha,Muscoidea,Anthomyiidae,Anthomyiinae,Botanophila,fugax,4.8100000000000005,4.535,1.6749999999999998,209
2023-08-26,AMMOD1_0102,AMMOD,AMMOD1,Site1,Maize,Insecta,Diptera,Brachycera,Muscomorpha,Phoroidea,Phoridae,Phorinae,Diplonevra,nitidula,1.2314285714285715,2.912857142857143,0.89,94
2023-08-26,AMMOD1_0103,AMMOD,AMMOD1,Site1,Maize,Insecta,Diptera,Brachycera,Muscomorpha,Syrphoidea,Syrphidae,Syrphinae,Episyrphus,balteatus,12.29572580645161,7.508467741935483,2.1483064516129025,874
2023-08-26,AMMOD1_0104,AMMOD,AMMOD1,Site1,Maize,Insecta,Diptera,Brachycera,Muscomorpha,Ephydroidea,Drosophilidae,Drosophilinae,Drosophila,subobscura,8.696344827586204,5.522551724137931,1.7546666666666675,11
2023-08-26,AMMOD1_0105,AMMOD,AMMOD1,Site1,Maize,Insecta,Lepidoptera,Glossata,Heterocera,Noctuoidea,Noctuidae,Plusiinae,Autographa,gamma,1.95,3.9666666666666663,1.0333333333333334,42
2023-08-26,AMMOD1_0106,AMMOD,AMMOD1,Site1,Maize,Insecta,Coleoptera,Adephaga,Geadephaga,Caraboidea,Carabidae,Platyninae,Calathus,fuscipes,185.01216216216224,15.843693693693686,5.774954954954958,2575
2023-08-26,AMMOD1_0107,AMMOD,AMMOD1,Site1,Maize,Insecta,Diptera,Brachycera,Muscomorpha,Muscoidea,Anthomyiidae,#child.Anthomyiidae,Phorbia,fumigata,4.8100000000000005,4.535,1.6749999999999998,136
2023-08-26,AMMOD1_0108,AMMOD,AMMOD1,Site1,Maize,Insecta,Diptera,Brachycera,Muscomorpha,Muscoidea,Anthomyiidae,Anthomyiinae,Delia,florilega,4.8100000000000005,4.535,1.6749999999999998,2512
2023-08-26,AMMOD1_0109,AMMOD,AMMOD1,Site1,Maize,Insecta,Diptera,Brachycera,Muscomorpha,Oestroidea,Sarcophagidae,Sarcophaginae,Sarcophaga,variegata,8.696344827586204,5.522551724137931,1.7546666666666675,2927
2023-08-26,AMMOD1_0110,AMMOD,AMMOD1,Site1,Maize,Insecta,Diptera,Brachycera,Muscomorpha,Muscoidea,Fanniidae,#child.Fanniidae,Fannia,latipalpis,6.208333333333333,3.9266666666666663,1.413333333333333,131
2023-08-26,AMMOD1_0111,AMMOD,AMMOD1,Site1,Maize,Insecta,Hymenoptera,Apocrita,Parasitica,Ichneumonoidea,Braconidae,Blacinae,Blacus,stelfoxi,2.5116216216216225,3.7481081081081076,1.0197297297297299,20
2023-08-26,AMMOD1_0112,AMMOD,AMMOD1,Site1,Maize,Insecta,Hymenoptera,Apocrita,Parasitica,Ichneumonoidea,Ichneumonidae,Phygadeuontinae,Phygadeuon,trichops,5.311379310344828,5.228275862068966,1.1537931034482758,43
2023-08-26,AMMOD1_0113,AMMOD,AMMOD1,Site1,Maize,Insecta,Diptera,Brachycera,Muscomorpha,Muscoidea,Muscidae,Limnophorini (Tribu),Limnophora,triangula,13.525750000000013,5.991083333333332,2.2562500000000005,3
2023-08-26,AMMOD1_0114,AMMOD,AMMOD1,Site1,Maize,Arachnida,Opiliones,Palpatores,#child.Palpatores,Phalangioidea,Phalangiidae,Phalangiinae,Phalangium,opilio,24.274390243902445,4.291219512195122,2.517317073170732,763
2023-08-26,AMMOD1_0115,AMMOD,AMMOD1,Site1,Maize,Insecta,Diptera,Brachycera,Muscomorpha,Muscoidea,Muscidae,Phaoniinae,Helina,reversio,13.525750000000013,5.991083333333332,2.2562500000000005,696
2023-08-26,AMMOD1_0116,AMMOD,AMMOD1,Site1,Maize,Insecta,Diptera,Brachycera,Muscomorpha,Muscoidea,Fanniidae,#child.Fanniidae,Fannia,canicularis,6.208333333333333,3.9266666666666663,1.413333333333333,201
2023-08-26,AMMOD1_0117,AMMOD,AMMOD1,Site1,Maize,Insecta,Hymenoptera,Apocrita,Parasitica,Ichneumonoidea,Ichneumonidae,Campopleginae,Diadegma,semiclausum,5.311379310344828,5.228275862068966,1.1537931034482758,82
2023-08-26,AMMOD1_0118,AMMOD,AMMOD1,Site1,Maize,Insecta,Diptera,Brachycera,Muscomorpha,Ephydroidea,Drosophilidae,Drosophilinae,Drosophila,funebris,8.696344827586204,5.522551724137931,1.7546666666666675,161
2023-08-26,AMMOD1_0119,AMMOD,AMMOD1,Site1,Maize,Insecta,Diptera,Brachycera,Muscomorpha,Syrphoidea,Pipunculidae,Pipunculinae,Eudorylas,zermattensis,1.6675,3.1899999999999995,1.1375,2
2023-08-26,AMMOD1_0120,AMMOD,AMMOD1,Site1,Maize,Insecta,Diptera,Brachycera,Muscomorpha,Oestroidea,Sarcophagidae,Sarcophaginae,Ravinia,pernix,8.696344827586204,5.522551724137931,1.7546666666666675,117
2023-08-26,AMMOD1_0121,AMMOD,AMMOD1,Site1,Maize,Insecta,Hemiptera,Sternorrhyncha,Aphidomorpha,Aphidoidea,Aphididae,Aphidinae,Rhopalosiphum,padi,2.648,2.9159999999999995,1.342,3
2023-08-26,AMMOD1_0122,AMMOD,AMMOD1,Site1,Maize,Insecta,Hymenoptera,Apocrita,Parasitica,Ichneumonoidea,Braconidae,Aphidiinae,Praon,gallicum,2.5116216216216225,3.7481081081081076,1.0197297297297299,9
2023-08-26,AMMOD1_0123,AMMOD,AMMOD1,Site1,Maize,Insecta,Lepidoptera,Glossata,Heterocera,Noctuoidea,Erebidae,Hypeninae,Coenipeta,medina,1.95,3.9666666666666663,1.0333333333333334,23
2023-08-26,AMMOD1_0124,AMMOD,AMMOD1,Site1,Maize,Insecta,Hymenoptera,Apocrita,Proctotrupomorpha,Proctotrupoidea,Proctotrupidae,Proctotrupinae,Proctotrupes,bistriatus,2.6033333333333335,5.04,1.1933333333333334,28
2023-08-26,AMMOD1_0125,AMMOD,AMMOD1,Site1,Maize,Insecta,Hymenoptera,Apocrita,Parasitica,Ichneumonoidea,Ichneumonidae,Pimplinae,Clistopyga,incitator,5.311379310344828,5.228275862068966,1.1537931034482758,6
2023-08-26,AMMOD1_0126,AMMOD,AMMOD1,Site1,Maize,Insecta,Diptera,Nematocera,Bibionomorpha,Sciaroidea,Sciaridae,Sciarinae,Epidapus,absconditus,3.12,4.300000000000001,1.165,1
2023-08-27,AMMOD1_0127,AMMOD,AMMOD1,Site1,Maize,Insecta,Diptera,Nematocera,Bibionomorpha,Sciaroidea,Sciaridae,Sciarinae,Peyerimhoffia,vagabunda,3.12,4.300000000000001,1.165,13
2023-08-27,AMMOD1_0128,AMMOD,AMMOD1,Site1,Maize,Insecta,Diptera,Brachycera,Muscomorpha,Muscoidea,Anthomyiidae,Anthomyiinae,Delia,radicum,4.8100000000000005,4.535,1.6749999999999998,426
2023-08-27,AMMOD1_0129,AMMOD,AMMOD1,Site1,Maize,Insecta,Diptera,Brachycera,Muscomorpha,Phoroidea,Phoridae,Phorinae,Diplonevra,nitidula,1.2314285714285715,2.912857142857143,0.89,3
2023-08-27,AMMOD1_0130,AMMOD,AMMOD1,Site1,Maize,Insecta,Diptera,Brachycera,Muscomorpha,Syrphoidea,Syrphidae,Syrphinae,Melanostoma,mellinum,12.29572580645161,7.508467741935483,2.1483064516129025,893
2023-08-27,AMMOD1_0131,AMMOD,AMMOD1,Site1,Maize,Insecta,Diptera,Brachycera,Muscomorpha,Muscoidea,Muscidae,Phaoniinae,Helina,evecta,13.525750000000013,5.991083333333332,2.2562500000000005,24
2023-08-27,AMMOD1_0132,AMMOD,AMMOD1,Site1,Maize,Insecta,Diptera,Brachycera,Muscomorpha,Ephydroidea,Drosophilidae,Drosophilinae,Drosophila,subobscura,8.696344827586204,5.522551724137931,1.7546666666666675,21
2023-08-27,AMMOD1_0133,AMMOD,AMMOD1,Site1,Maize,Insecta,Diptera,Brachycera,Muscomorpha,Muscoidea,Anthomyiidae,#child.Anthomyiidae,Phorbia,fumigata,4.8100000000000005,4.535,1.6749999999999998,167
2023-08-27,AMMOD1_0134,AMMOD,AMMOD1,Site1,Maize,Insecta,Diptera,Brachycera,Muscomorpha,Muscoidea,Anthomyiidae,Anthomyiinae,Delia,florilega,4.8100000000000005,4.535,1.6749999999999998,2857
2023-08-27,AMMOD1_0135,AMMOD,AMMOD1,Site1,Maize,Insecta,Diptera,Brachycera,Muscomorpha,Oestroidea,Sarcophagidae,Sarcophaginae,Sarcophaga,variegata,8.696344827586204,5.522551724137931,1.7546666666666675,261
2023-08-27,AMMOD1_0136,AMMOD,AMMOD1,Site1,Maize,Insecta,Diptera,Brachycera,Muscomorpha,Muscoidea,Fanniidae,#child.Fanniidae,Fannia,latipalpis,6.208333333333333,3.9266666666666663,1.413333333333333,2447
2023-08-27,AMMOD1_0137,AMMOD,AMMOD1,Site1,Maize,Insecta,Diptera,Brachycera,Muscomorpha,Muscoidea,Fanniidae,#child.Fanniidae,Fannia,canicularis,6.208333333333333,3.9266666666666663,1.413333333333333,82
2023-08-27,AMMOD1_0138,AMMOD,AMMOD1,Site1,Maize,Insecta,Diptera,Brachycera,Muscomorpha,Muscoidea,Muscidae,Phaoniinae,Phaonia,rufipalpis,13.525750000000013,5.991083333333332,2.2562500000000005,459
2023-08-27,AMMOD1_0139,AMMOD,AMMOD1,Site1,Maize,Insecta,Diptera,Brachycera,Muscomorpha,Ephydroidea,Drosophilidae,Drosophilinae,Scaptomyza,pallida,8.696344827586204,5.522551724137931,1.7546666666666675,3
2023-08-27,AMMOD1_0140,AMMOD,AMMOD1,Site1,Maize,Insecta,Coleoptera,Polyphaga,Staphyliniformia,Staphylinoidea,Staphylinidae,Aleocharinae,Acrotona,orbata,22.330000000000005,10.233272727272729,2.0220000000000002,22
2023-08-28,AMMOD1_0141,AMMOD,AMMOD1,Site1,Maize,Insecta,Diptera,Nematocera,Bibionomorpha,Sciaroidea,Sciaridae,#child.Sciaridae,Lycoriella,sativae,3.12,4.300000000000001,1.165,39
2023-08-28,AMMOD1_0142,AMMOD,AMMOD1,Site1,Maize,Insecta,Diptera,Nematocera,Bibionomorpha,Sciaroidea,Sciaridae,Sciarinae,Peyerimhoffia,vagabunda,3.12,4.300000000000001,1.165,1790
2023-08-28,AMMOD1_0143,AMMOD,AMMOD1,Site1,Maize,Insecta,Diptera,Brachycera,Muscomorpha,Muscoidea,Anthomyiidae,Anthomyiinae,Delia,radicum,4.8100000000000005,4.535,1.6749999999999998,127
2023-08-28,AMMOD1_0144,AMMOD,AMMOD1,Site1,Maize,Insecta,Diptera,Brachycera,Muscomorpha,Muscoidea,Anthomyiidae,Anthomyiinae,Botanophila,fugax,4.8100000000000005,4.535,1.6749999999999998,1
2023-08-28,AMMOD1_0145,AMMOD,AMMOD1,Site1,Maize,Insecta,Diptera,Brachycera,Muscomorpha,Phoroidea,Phoridae,Phorinae,Diplonevra,nitidula,1.2314285714285715,2.912857142857143,0.89,2
2023-08-28,AMMOD1_0146,AMMOD,AMMOD1,Site1,Maize,Insecta,Diptera,Brachycera,Muscomorpha,Muscoidea,Anthomyiidae,Anthomyiinae,Delia,florilega,4.8100000000000005,4.535,1.6749999999999998,1006
2023-08-28,AMMOD1_0147,AMMOD,AMMOD1,Site1,Maize,Insecta,Lepidoptera,Glossata,Heterocera,Noctuoidea,Noctuidae,Noctuinae,Phlogophora,meticulosa,1.95,3.9666666666666663,1.0333333333333334,1
2023-08-28,AMMOD1_0148,AMMOD,AMMOD1,Site1,Maize,Arachnida,Opiliones,Palpatores,#child.Palpatores,Phalangioidea,Phalangiidae,Phalangiinae,Phalangium,opilio,24.274390243902445,4.291219512195122,2.517317073170732,64
2023-08-28,AMMOD1_0149,AMMOD,AMMOD1,Site1,Maize,Insecta,Diptera,Nematocera,Bibionomorpha,Sciaroidea,Mycetophilidae,Mycetophilinae,Mycetophila,caudata,1.8561538461538463,3.6023076923076927,0.9615384615384617,15
2023-08-28,AMMOD1_0150,AMMOD,AMMOD1,Site1,Maize,Insecta,Diptera,Nematocera,Bibionomorpha,Sciaroidea,Mycetophilidae,Mycetophilinae,Mycetophila,lunata,1.8561538461538463,3.6023076923076927,0.9615384615384617,33
2023-08-28,AMMOD1_0151,AMMOD,AMMOD1,Site1,Maize,Insecta,Diptera,Brachycera,Muscomorpha,Ephydroidea,Drosophilidae,Drosophilinae,Scaptomyza,graminum,8.696344827586204,5.522551724137931,1.7546666666666675,8
2023-08-28,AMMOD1_0152,AMMOD,AMMOD1,Site1,Maize,Insecta,Coleoptera,Polyphaga,Cucujiformia,Curculionoidea,Curculionidae,Entiminae,Naupactus,cervinus,2.59962962962963,3.2672222222222227,1.1698148148148149,2
2023-08-28,AMMOD1_0153,AMMOD,AMMOD1,Site1,Maize,Insecta,Lepidoptera,Glossata,Heterocera,Noctuoidea,Erebidae,Hypeninae,Coenipeta,medina,1.95,3.9666666666666663,1.0333333333333334,2
2023-08-29,AMMOD1_0154,AMMOD,AMMOD1,Site1,Maize,Insecta,Diptera,Nematocera,Bibionomorpha,Sciaroidea,Sciaridae,#child.Sciaridae,Lycoriella,sativae,3.12,4.300000000000001,1.165,156
2023-08-29,AMMOD1_0155,AMMOD,AMMOD1,Site1,Maize,Insecta,Diptera,Nematocera,Bibionomorpha,Sciaroidea,Sciaridae,Sciarinae,Peyerimhoffia,vagabunda,3.12,4.300000000000001,1.165,5347
2023-08-29,AMMOD1_0156,AMMOD,AMMOD1,Site1,Maize,Insecta,Diptera,Brachycera,Muscomorpha,Muscoidea,Anthomyiidae,Anthomyiinae,Delia,radicum,4.8100000000000005,4.535,1.6749999999999998,1507
2023-08-29,AMMOD1_0157,AMMOD,AMMOD1,Site1,Maize,Insecta,Diptera,Nematocera,Bibionomorpha,Sciaroidea,Sciaridae,Sciarinae,Schwenckfeldina,carbonaria,3.12,4.300000000000001,1.165,4
2023-08-29,AMMOD1_0158,AMMOD,AMMOD1,Site1,Maize,Insecta,Diptera,Brachycera,Muscomorpha,Ephydroidea,Drosophilidae,Drosophilinae,Drosophila,subobscura,8.696344827586204,5.522551724137931,1.7546666666666675,405
2023-08-29,AMMOD1_0159,AMMOD,AMMOD1,Site1,Maize,Insecta,Diptera,Nematocera,Bibionomorpha,Sciaroidea,Sciaridae,Megalosphyinae,Bradysia,trivittata,3.12,4.300000000000001,1.165,111
2023-08-29,AMMOD1_0160,AMMOD,AMMOD1,Site1,Maize,Insecta,Diptera,Brachycera,Muscomorpha,Muscoidea,Anthomyiidae,Anthomyiinae,Hylemya,partita,4.8100000000000005,4.535,1.6749999999999998,1
2023-08-29,AMMOD1_0161,AMMOD,AMMOD1,Site1,Maize,Insecta,Diptera,Brachycera,Muscomorpha,Ephydroidea,Drosophilidae,Drosophilinae,Scaptomyza,pallida,8.696344827586204,5.522551724137931,1.7546666666666675,28
2023-08-29,AMMOD1_0162,AMMOD,AMMOD1,Site1,Maize,Insecta,Diptera,Nematocera,Anisopodoidea,Anisopodoidea,Anisopodidae,Anisopodinae,Sylvicola,cinctus,7.582499999999999,5.904,1.128,10
2023-08-29,AMMOD1_0163,AMMOD,AMMOD1,Site1,Maize,Insecta,Diptera,Nematocera,Bibionomorpha,Sciaroidea,Mycetophilidae,Mycetophilinae,Mycetophila,lunata,1.8561538461538463,3.6023076923076927,0.9615384615384617,12
2023-08-29,AMMOD1_0164,AMMOD,AMMOD1,Site1,Maize,Insecta,Diptera,Brachycera,Asilomorpha,Empidoidea,Dolichopodidae,Dolichopodinae,Dolichopus,nubilus,3.9976666666666674,3.9993333333333334,1.274,5
2023-08-29,AMMOD1_0165,AMMOD,AMMOD1,Site1,Maize,Insecta,Coleoptera,Polyphaga,Staphyliniformia,Staphylinoidea,Leiodidae,Cholevinae,Sciodrepoides,watsoni,1.908181818181818,2.6868181818181816,1.3063636363636362,2
2023-08-30,AMMOD1_0167,AMMOD,AMMOD1,Site1,Maize,Insecta,Diptera,Nematocera,Bibionomorpha,Sciaroidea,Sciaridae,#child.Sciaridae,Lycoriella,sativae,3.12,4.300000000000001,1.165,65
2023-08-30,AMMOD1_0168,AMMOD,AMMOD1,Site1,Maize,Insecta,Diptera,Nematocera,Bibionomorpha,Bibionoidea,Bibionidae,Bibioninae,Dilophus,febrilis,1.8561538461538463,3.6023076923076927,0.9615384615384617,544
2023-08-30,AMMOD1_0169,AMMOD,AMMOD1,Site1,Maize,Insecta,Hymenoptera,Apocrita,Aculeata,Vespoidea,Vespidae,Vespinae,Vespula,germanica,71.46,13.613333333333335,4.026666666666666,502
2023-08-30,AMMOD1_0170,AMMOD,AMMOD1,Site1,Maize,Insecta,Diptera,Nematocera,Bibionomorpha,Sciaroidea,Sciaridae,Sciarinae,Peyerimhoffia,vagabunda,3.12,4.300000000000001,1.165,494
2023-08-30,AMMOD1_0171,AMMOD,AMMOD1,Site1,Maize,Insecta,Diptera,Brachycera,Muscomorpha,Muscoidea,Anthomyiidae,Anthomyiinae,Delia,radicum,4.8100000000000005,4.535,1.6749999999999998,552
2023-08-30,AMMOD1_0172,AMMOD,AMMOD1,Site1,Maize,Insecta,Diptera,Nematocera,Bibionomorpha,Sciaroidea,Sciaridae,Sciarinae,Schwenckfeldina,carbonaria,3.12,4.300000000000001,1.165,143
2023-08-30,AMMOD1_0173,AMMOD,AMMOD1,Site1,Maize,Insecta,Diptera,Brachycera,Asilomorpha,Empidoidea,Dolichopodidae,Medeterinae,Medetera,jacula,3.9976666666666674,3.9993333333333334,1.274,35
2023-08-30,AMMOD1_0174,AMMOD,AMMOD1,Site1,Maize,Insecta,Diptera,Brachycera,Muscomorpha,Phoroidea,Phoridae,Phorinae,Diplonevra,nitidula,1.2314285714285715,2.912857142857143,0.89,277
2023-08-30,AMMOD1_0175,AMMOD,AMMOD1,Site1,Maize,Insecta,Diptera,Brachycera,Muscomorpha,Syrphoidea,Syrphidae,Syrphinae,Melanostoma,mellinum,12.29572580645161,7.508467741935483,2.1483064516129025,1234
2023-08-30,AMMOD1_0176,AMMOD,AMMOD1,Site1,Maize,Insecta,Diptera,Brachycera,Muscomorpha,Phoroidea,Phoridae,Phorinae,Triphleba,nudipalpis,1.2314285714285715,2.912857142857143,0.89,995
2023-08-30,AMMOD1_0177,AMMOD,AMMOD1,Site1,Maize,Insecta,Diptera,Brachycera,Muscomorpha,Syrphoidea,Syrphidae,Syrphinae,Episyrphus,balteatus,12.29572580645161,7.508467741935483,2.1483064516129025,35
2023-08-30,AMMOD1_0178,AMMOD,AMMOD1,Site1,Maize,Insecta,Diptera,Brachycera,Muscomorpha,Muscoidea,Anthomyiidae,Anthomyiinae,Delia,florilega,4.8100000000000005,4.535,1.6749999999999998,4104
2023-08-30,AMMOD1_0179,AMMOD,AMMOD1,Site1,Maize,Insecta,Diptera,Brachycera,Muscomorpha,Sphaeroceroidea,Sphaeroceridae,Limosininae,Opacifrons,coxata,8.696344827586204,5.522551724137931,1.7546666666666675,426
2023-08-30,AMMOD1_0180,AMMOD,AMMOD1,Site1,Maize,Insecta,Coleoptera,Polyphaga,Staphyliniformia,Staphylinoidea,Staphylinidae,Aleocharinae,Acrotona,orbata,22.330000000000005,10.233272727272729,2.0220000000000002,3
2023-08-30,AMMOD1_0181,AMMOD,AMMOD1,Site1,Maize,Insecta,Hymenoptera,Apocrita,Parasitica,Ichneumonoidea,Ichneumonidae,Campopleginae,Meloboris,collector,5.311379310344828,5.228275862068966,1.1537931034482758,95
2023-08-30,AMMOD1_0182,AMMOD,AMMOD1,Site1,Maize,Insecta,Diptera,Brachycera,Muscomorpha,Ephydroidea,Ephydridae,Hydrelliinae,Notiphila,cinerea,8.696344827586204,5.522551724137931,1.7546666666666675,162
2023-08-30,AMMOD1_0183,AMMOD,AMMOD1,Site1,Maize,Insecta,Diptera,Brachycera,Muscomorpha,Phoroidea,Phoridae,Metopininae,Megaselia,albicans,1.2314285714285715,2.912857142857143,0.89,20
2023-08-30,AMMOD1_0184,AMMOD,AMMOD1,Site1,Maize,Insecta,Diptera,Brachycera,Asilomorpha,Empidoidea,Hybotidae,Tachydromiinae,Platypalpus,interstinctus,5.423030303030302,4.323939393939395,1.3303030303030303,3
2023-08-30,AMMOD1_0185,AMMOD,AMMOD1,Site1,Maize,Arachnida,Araneae,Opisthothelae,Araneomorphae,Araneoidea,Linyphiidae,Linyphiinae,Porrhomma,microphthalmum,1.8317105263157896,2.26736842105263,0.9770394736842106,4
2023-08-30,AMMOD1_0186,AMMOD,AMMOD1,Site1,Maize,Insecta,Hymenoptera,Apocrita,Aculeata,Apoidea,Apidae,Apinae,Apis,mellifera,64.4823076923077,8.925897435897436,3.27948717948718,9
2023-08-30,AMMOD1_0187,AMMOD,AMMOD1,Site1,Maize,Insecta,Diptera,Nematocera,Bibionomorpha,Sciaroidea,Mycetophilidae,Mycetophilinae,Mycetophila,caudata,1.8561538461538463,3.6023076923076927,0.9615384615384617,25
2023-08-30,AMMOD1_0188,AMMOD,AMMOD1,Site1,Maize,Insecta,Lepidoptera,Glossata,Heterocera,Noctuoidea,Erebidae,Hypeninae,Coenipeta,medina,1.95,3.9666666666666663,1.0333333333333334,10
2023-08-30,AMMOD1_0189,AMMOD,AMMOD1,Site1,Maize,Insecta,Hymenoptera,Apocrita,Aculeata,Apoidea,Crabronidae,Mellininae,Mellinus,arvensis,64.4823076923077,8.925897435897436,3.27948717948718,13
2023-08-30,AMMOD1_0190,AMMOD,AMMOD1,Site1,Maize,Insecta,Diptera,Brachycera,Muscomorpha,Muscoidea,Muscidae,Muscinae,Polietes,lardarius,13.525750000000013,5.991083333333332,2.2562500000000005,4
2023-08-30,AMMOD1_0191,AMMOD,AMMOD1,Site1,Maize,Insecta,Hymenoptera,Apocrita,Proctotrupomorpha,Diaprioidea,Diapriidae,Diapriinae,Trichopria,suspecta,0.13,1.83,0.435,1
2023-08-31,AMMOD1_0192,AMMOD,AMMOD1,Site1,Maize,Insecta,Diptera,Brachycera,Muscomorpha,Oestroidea,Tachinidae,Tachininae,Siphona,geniculata,8.696344827586204,5.522551724137931,1.7546666666666675,1703
2023-08-31,AMMOD1_0193,AMMOD,AMMOD1,Site1,Maize,Insecta,Hymenoptera,Apocrita,Aculeata,Vespoidea,Vespidae,Vespinae,Vespula,germanica,71.46,13.613333333333335,4.026666666666666,460
2023-08-31,AMMOD1_0194,AMMOD,AMMOD1,Site1,Maize,Insecta,Diptera,Brachycera,Muscomorpha,Muscoidea,Anthomyiidae,Anthomyiinae,Delia,radicum,4.8100000000000005,4.535,1.6749999999999998,54
2023-08-31,AMMOD1_0195,AMMOD,AMMOD1,Site1,Maize,Insecta,Diptera,Nematocera,Tipulomorpha,Tipuloidea,Tipulidae,Tipulinae,Tipula,paludosa,25.121999999999996,12.984,1.698,6
2023-08-31,AMMOD1_0196,AMMOD,AMMOD1,Site1,Maize,Insecta,Lepidoptera,Glossata,Heterocera,Noctuoidea,Noctuidae,Noctuinae,Noctua,pronuba,1.95,3.9666666666666663,1.0333333333333334,230
2023-08-31,AMMOD1_0197,AMMOD,AMMOD1,Site1,Maize,Insecta,Diptera,Brachycera,Muscomorpha,Muscoidea,Muscidae,Phaoniinae,Phaonia,tuguriorum,13.525750000000013,5.991083333333332,2.2562500000000005,417
2023-08-31,AMMOD1_0198,AMMOD,AMMOD1,Site1,Maize,Insecta,Diptera,Brachycera,Asilomorpha,Empidoidea,Dolichopodidae,Medeterinae,Medetera,jacula,3.9976666666666674,3.9993333333333334,1.274,12
2023-08-31,AMMOD1_0199,AMMOD,AMMOD1,Site1,Maize,Insecta,Diptera,Brachycera,Muscomorpha,Phoroidea,Phoridae,Phorinae,Diplonevra,nitidula,1.2314285714285715,2.912857142857143,0.89,668
2023-08-31,AMMOD1_0200,AMMOD,AMMOD1,Site1,Maize,Insecta,Diptera,Brachycera,Muscomorpha,Syrphoidea,Syrphidae,Syrphinae,Melanostoma,mellinum,12.29572580645161,7.508467741935483,2.1483064516129025,4
2023-08-31,AMMOD1_0201,AMMOD,AMMOD1,Site1,Maize,Insecta,Diptera,Brachycera,Muscomorpha,Phoroidea,Phoridae,Phorinae,Triphleba,nudipalpis,1.2314285714285715,2.912857142857143,0.89,2432
2023-08-31,AMMOD1_0202,AMMOD,AMMOD1,Site1,Maize,Insecta,Diptera,Brachycera,Muscomorpha,Syrphoidea,Syrphidae,Syrphinae,Episyrphus,balteatus,12.29572580645161,7.508467741935483,2.1483064516129025,4
2023-08-31,AMMOD1_0203,AMMOD,AMMOD1,Site1,Maize,Insecta,Lepidoptera,Glossata,Heterocera,Noctuoidea,Noctuidae,Plusiinae,Autographa,gamma,1.95,3.9666666666666663,1.0333333333333334,150
2023-08-31,AMMOD1_0204,AMMOD,AMMOD1,Site1,Maize,Insecta,Diptera,Brachycera,Muscomorpha,Muscoidea,Muscidae,Phaoniinae,Helina,lasiophthalma,13.525750000000013,5.991083333333332,2.2562500000000005,27
2023-08-31,AMMOD1_0205,AMMOD,AMMOD1,Site1,Maize,Insecta,Coleoptera,Adephaga,Geadephaga,Caraboidea,Carabidae,Platyninae,Calathus,fuscipes,185.01216216216224,15.843693693693686,5.774954954954958,57
2023-08-31,AMMOD1_0206,AMMOD,AMMOD1,Site1,Maize,Insecta,Diptera,Brachycera,Muscomorpha,Muscoidea,Anthomyiidae,Anthomyiinae,Delia,florilega,4.8100000000000005,4.535,1.6749999999999998,817
2023-08-31,AMMOD1_0207,AMMOD,AMMOD1,Site1,Maize,Insecta,Diptera,Brachycera,Muscomorpha,Oestroidea,Polleniidae,#child.Polleniidae,Pollenia,rudis,8.696344827586204,5.522551724137931,1.7546666666666675,3
2023-08-31,AMMOD1_0208,AMMOD,AMMOD1,Site1,Maize,Insecta,Diptera,Brachycera,Muscomorpha,Muscoidea,Muscidae,Limnophorini (Tribu),Limnophora,triangula,13.525750000000013,5.991083333333332,2.2562500000000005,130
2023-08-31,AMMOD1_0209,AMMOD,AMMOD1,Site1,Maize,Insecta,Diptera,Brachycera,Muscomorpha,Sphaeroceroidea,Sphaeroceridae,Limosininae,Opacifrons,coxata,8.696344827586204,5.522551724137931,1.7546666666666675,999
2023-08-31,AMMOD1_0210,AMMOD,AMMOD1,Site1,Maize,Insecta,Diptera,Nematocera,Bibionomorpha,Sciaroidea,Sciaridae,Megalosphyinae,Bradysia,trivittata,3.12,4.300000000000001,1.165,7
2023-08-31,AMMOD1_0211,AMMOD,AMMOD1,Site1,Maize,Insecta,Diptera,Brachycera,Muscomorpha,Oestroidea,Tachinidae,Exoristinae,Lydella,grisescens,8.696344827586204,5.522551724137931,1.7546666666666675,28
2023-08-31,AMMOD1_0212,AMMOD,AMMOD1,Site1,Maize,Insecta,Diptera,Brachycera,Muscomorpha,Muscoidea,Muscidae,Phaoniinae,Phaonia,trimaculata,13.525750000000013,5.991083333333332,2.2562500000000005,26
2023-08-31,AMMOD1_0213,AMMOD,AMMOD1,Site1,Maize,Insecta,Diptera,Brachycera,Asilomorpha,Empidoidea,Hybotidae,Tachydromiinae,Platypalpus,interstinctus,5.423030303030302,4.323939393939395,1.3303030303030303,11
2023-08-31,AMMOD1_0214,AMMOD,AMMOD1,Site1,Maize,Insecta,Diptera,Brachycera,Muscomorpha,Sphaeroceroidea,Sphaeroceridae,Limosininae,Pullimosina,heteroneura,8.696344827586204,5.522551724137931,1.7546666666666675,5
2023-08-31,AMMOD1_0215,AMMOD,AMMOD1,Site1,Maize,Insecta,Diptera,Brachycera,Muscomorpha,Phoroidea,Lonchopteridae,#child.Lonchopteridae,Lonchoptera,bifurcata,0.8860000000000001,2.662,0.7869999999999999,43
2023-08-31,AMMOD1_0216,AMMOD,AMMOD1,Site1,Maize,Insecta,Orthoptera,Caelifera,Acrididea,Acridoidea,Acrididae,Gomphocerinae,Chorthippus,dorsatus,114.27214285714287,17.234285714285715,3.2835714285714284,8
2023-08-31,AMMOD1_0217,AMMOD,AMMOD1,Site1,Maize,Insecta,Diptera,Brachycera,Asilomorpha,Empidoidea,Dolichopodidae,Peloropeodinae,Micromorphus,albipes,3.9976666666666674,3.9993333333333334,1.274,22
2023-09-01,AMMOD1_0219,AMMOD,AMMOD1,Site1,Maize,Insecta,Diptera,Nematocera,Culicomorpha,Culicoidea,Ceratopogonidae,Forcipomyiinae,Forcipomyia,bipunctata,0.9550000000000001,3.165,0.7849999999999999,959
2023-09-01,AMMOD1_0220,AMMOD,AMMOD1,Site1,Maize,Insecta,Hymenoptera,Apocrita,Aculeata,Vespoidea,Vespidae,Vespinae,Vespula,germanica,71.46,13.613333333333335,4.026666666666666,431
2023-09-01,AMMOD1_0221,AMMOD,AMMOD1,Site1,Maize,Insecta,Diptera,Brachycera,Muscomorpha,Muscoidea,Anthomyiidae,Anthomyiinae,Delia,radicum,4.8100000000000005,4.535,1.6749999999999998,67
2023-09-01,AMMOD1_0222,AMMOD,AMMOD1,Site1,Maize,Insecta,Diptera,Brachycera,Muscomorpha,Muscoidea,Muscidae,Phaoniinae,Phaonia,tuguriorum,13.525750000000013,5.991083333333332,2.2562500000000005,3082
2023-09-01,AMMOD1_0223,AMMOD,AMMOD1,Site1,Maize,Insecta,Diptera,Brachycera,Muscomorpha,Phoroidea,Phoridae,Phorinae,Diplonevra,nitidula,1.2314285714285715,2.912857142857143,0.89,428
2023-09-01,AMMOD1_0224,AMMOD,AMMOD1,Site1,Maize,Insecta,Diptera,Brachycera,Muscomorpha,Phoroidea,Phoridae,Phorinae,Triphleba,nudipalpis,1.2314285714285715,2.912857142857143,0.89,480
2023-09-01,AMMOD1_0225,AMMOD,AMMOD1,Site1,Maize,Insecta,Diptera,Brachycera,Muscomorpha,Ephydroidea,Drosophilidae,Drosophilinae,Drosophila,subobscura,8.696344827586204,5.522551724137931,1.7546666666666675,16
2023-09-01,AMMOD1_0226,AMMOD,AMMOD1,Site1,Maize,Insecta,Diptera,Brachycera,Muscomorpha,Muscoidea,Muscidae,Phaoniinae,Helina,lasiophthalma,13.525750000000013,5.991083333333332,2.2562500000000005,2967
2023-09-01,AMMOD1_0227,AMMOD,AMMOD1,Site1,Maize,Insecta,Diptera,Brachycera,Muscomorpha,Muscoidea,Anthomyiidae,Anthomyiinae,Delia,florilega,4.8100000000000005,4.535,1.6749999999999998,669
2023-09-01,AMMOD1_0228,AMMOD,AMMOD1,Site1,Maize,Insecta,Diptera,Brachycera,Muscomorpha,Muscoidea,Muscidae,Coenosiinae,Coenosia,testacea,13.525750000000013,5.991083333333332,2.2562500000000005,396
2023-09-01,AMMOD1_0229,AMMOD,AMMOD1,Site1,Maize,Insecta,Diptera,Brachycera,Asilomorpha,Empidoidea,Dolichopodidae,Rhaphiinae,Rhaphium,micans,3.9976666666666674,3.9993333333333334,1.274,1444
2023-09-01,AMMOD1_0230,AMMOD,AMMOD1,Site1,Maize,Insecta,Diptera,Nematocera,Bibionomorpha,Sciaroidea,Sciaridae,Megalosphyinae,Bradysia,trivittata,3.12,4.300000000000001,1.165,45
2023-09-01,AMMOD1_0231,AMMOD,AMMOD1,Site1,Maize,Insecta,Diptera,Brachycera,Muscomorpha,Muscoidea,Muscidae,Limnophorini (Tribu),Limnophora,tigrina,13.525750000000013,5.991083333333332,2.2562500000000005,90
2023-09-01,AMMOD1_0232,AMMOD,AMMOD1,Site1,Maize,Arachnida,Opiliones,Palpatores,#child.Palpatores,Phalangioidea,Phalangiidae,Phalangiinae,Phalangium,opilio,24.274390243902445,4.291219512195122,2.517317073170732,21
2023-09-01,AMMOD1_0233,AMMOD,AMMOD1,Site1,Maize,Insecta,Diptera,Brachycera,Muscomorpha,Muscoidea,Fanniidae,#child.Fanniidae,Fannia,canicularis,6.208333333333333,3.9266666666666663,1.413333333333333,97
2023-09-01,AMMOD1_0234,AMMOD,AMMOD1,Site1,Maize,Insecta,Diptera,Nematocera,Culicomorpha,Chironomoidea,Chironomidae,Chironominae,Glyptotendipes,pallens,0.9550000000000001,3.165,0.7849999999999999,24
2023-09-01,AMMOD1_0235,AMMOD,AMMOD1,Site1,Maize,Insecta,Coleoptera,Polyphaga,Staphyliniformia,Staphylinoidea,Staphylinidae,Tachyporinae,Tachyporus,nitidulus,22.330000000000005,10.233272727272729,2.0220000000000002,1
2023-09-01,AMMOD1_0236,AMMOD,AMMOD1,Site1,Maize,Insecta,Hymenoptera,Apocrita,Parasitica,Chalcidoidea,Mymaridae,#child.Mymaridae,Anagrus,atomus,1.214,2.9839999999999995,0.8020000000000002,1
2023-09-01,AMMOD1_0237,AMMOD,AMMOD1,Site1,Maize,Insecta,Coleoptera,Polyphaga,Cucujiformia,Curculionoidea,Curculionidae,Cryptorhynchinae,Ficusacalles,ficvorator,2.59962962962963,3.2672222222222227,1.1698148148148149,4
2023-09-02,AMMOD1_0238,AMMOD,AMMOD1,Site1,Maize,Insecta,Diptera,Nematocera,Bibionomorpha,Sciaroidea,Sciaridae,#child.Sciaridae,Lycoriella,sativae,3.12,4.300000000000001,1.165,5
2023-09-02,AMMOD1_0239,AMMOD,AMMOD1,Site1,Maize,Insecta,Diptera,Brachycera,Muscomorpha,Oestroidea,Tachinidae,Tachininae,Siphona,geniculata,8.696344827586204,5.522551724137931,1.7546666666666675,915
2023-09-02,AMMOD1_0240,AMMOD,AMMOD1,Site1,Maize,Insecta,Hymenoptera,Apocrita,Aculeata,Vespoidea,Vespidae,Vespinae,Vespula,germanica,71.46,13.613333333333335,4.026666666666666,1916
2023-09-02,AMMOD1_0241,AMMOD,AMMOD1,Site1,Maize,Insecta,Diptera,Nematocera,Bibionomorpha,Sciaroidea,Sciaridae,Sciarinae,Peyerimhoffia,vagabunda,3.12,4.300000000000001,1.165,14
2023-09-02,AMMOD1_0242,AMMOD,AMMOD1,Site1,Maize,Insecta,Diptera,Brachycera,Muscomorpha,Muscoidea,Anthomyiidae,Anthomyiinae,Delia,radicum,4.8100000000000005,4.535,1.6749999999999998,411
2023-09-02,AMMOD1_0243,AMMOD,AMMOD1,Site1,Maize,Insecta,Coleoptera,Polyphaga,Staphyliniformia,Staphylinoidea,Staphylinidae,Staphylininae,Xantholinus,longiventris,22.330000000000005,10.233272727272729,2.0220000000000002,1
2023-09-02,AMMOD1_0244,AMMOD,AMMOD1,Site1,Maize,Insecta,Diptera,Brachycera,Muscomorpha,Ephydroidea,Drosophilidae,Drosophilinae,Drosophila,suzukii,8.696344827586204,5.522551724137931,1.7546666666666675,94
2023-09-02,AMMOD1_0245,AMMOD,AMMOD1,Site1,Maize,Insecta,Diptera,Brachycera,Muscomorpha,Muscoidea,Anthomyiidae,Anthomyiinae,Botanophila,fugax,4.8100000000000005,4.535,1.6749999999999998,186
2023-09-02,AMMOD1_0246,AMMOD,AMMOD1,Site1,Maize,Insecta,Diptera,Nematocera,Bibionomorpha,Sciaroidea,Sciaridae,Sciarinae,Schwenckfeldina,carbonaria,3.12,4.300000000000001,1.165,68
2023-09-02,AMMOD1_0247,AMMOD,AMMOD1,Site1,Maize,Insecta,Diptera,Brachycera,Muscomorpha,Phoroidea,Phoridae,Phorinae,Diplonevra,nitidula,1.2314285714285715,2.912857142857143,0.89,654
2023-09-02,AMMOD1_0248,AMMOD,AMMOD1,Site1,Maize,Insecta,Diptera,Brachycera,Muscomorpha,Phoroidea,Phoridae,Phorinae,Triphleba,nudipalpis,1.2314285714285715,2.912857142857143,0.89,5138
2023-09-02,AMMOD1_0249,AMMOD,AMMOD1,Site1,Maize,Insecta,Diptera,Brachycera,Muscomorpha,Syrphoidea,Syrphidae,Syrphinae,Episyrphus,balteatus,12.29572580645161,7.508467741935483,2.1483064516129025,231
2023-09-02,AMMOD1_0250,AMMOD,AMMOD1,Site1,Maize,Insecta,Diptera,Brachycera,Muscomorpha,Ephydroidea,Drosophilidae,Drosophilinae,Drosophila,subobscura,8.696344827586204,5.522551724137931,1.7546666666666675,41
2023-09-02,AMMOD1_0251,AMMOD,AMMOD1,Site1,Maize,Insecta,Diptera,Brachycera,Muscomorpha,Muscoidea,Anthomyiidae,Anthomyiinae,Delia,florilega,4.8100000000000005,4.535,1.6749999999999998,1644
2023-09-02,AMMOD1_0252,AMMOD,AMMOD1,Site1,Maize,Insecta,Diptera,Brachycera,Muscomorpha,Oestroidea,Sarcophagidae,Sarcophaginae,Sarcophaga,variegata,8.696344827586204,5.522551724137931,1.7546666666666675,248
2023-09-02,AMMOD1_0253,AMMOD,AMMOD1,Site1,Maize,Insecta,Hymenoptera,Apocrita,Parasitica,Ichneumonoidea,Braconidae,Blacinae,Blacus,stelfoxi,2.5116216216216225,3.7481081081081076,1.0197297297297299,55
2023-09-02,AMMOD1_0254,AMMOD,AMMOD1,Site1,Maize,Insecta,Hymenoptera,Apocrita,Parasitica,Ichneumonoidea,Ichneumonidae,Phygadeuontinae,Phygadeuon,trichops,5.311379310344828,5.228275862068966,1.1537931034482758,9
2023-09-02,AMMOD1_0255,AMMOD,AMMOD1,Site1,Maize,Insecta,Diptera,Brachycera,Muscomorpha,Oestroidea,Tachinidae,Exoristinae,Lydella,grisescens,8.696344827586204,5.522551724137931,1.7546666666666675,38
2023-09-02,AMMOD1_0256,AMMOD,AMMOD1,Site1,Maize,Insecta,Diptera,Brachycera,Muscomorpha,Muscoidea,Muscidae,Limnophorini (Tribu),Limnophora,tigrina,13.525750000000013,5.991083333333332,2.2562500000000005,1
2023-09-02,AMMOD1_0257,AMMOD,AMMOD1,Site1,Maize,Insecta,Diptera,Brachycera,Muscomorpha,Opomyzoidea,Agromyzidae,Phytomyzinae,Phytomyza,rufipes,1.27,3.23,0.8766666666666666,124
2023-09-02,AMMOD1_0258,AMMOD,AMMOD1,Site1,Maize,Insecta,Diptera,Brachycera,Aschiza,Platypezoidea,Platypezidae,Platypezinae,Lindneromyia,dorsalis,0.8575,2.715,0.7625,4
2023-09-02,AMMOD1_0259,AMMOD,AMMOD1,Site1,Maize,Insecta,Diptera,Nematocera,Bibionomorpha,Sciaroidea,Sciaridae,Sciarinae,Corynoptera,perpusilla,3.12,4.300000000000001,1.165,2
2023-09-02,AMMOD1_0260,AMMOD,AMMOD1,Site1,Maize,Insecta,Diptera,Brachycera,Muscomorpha,Muscoidea,Muscidae,Stomoxyinae,Stomoxys,calcitrans,13.525750000000013,5.991083333333332,2.2562500000000005,248
2023-09-02,AMMOD1_0261,AMMOD,AMMOD1,Site1,Maize,Insecta,Diptera,Brachycera,Muscomorpha,Ephydroidea,Drosophilidae,Drosophilinae,Scaptomyza,pallida,8.696344827586204,5.522551724137931,1.7546666666666675,1
2023-09-02,AMMOD1_0262,AMMOD,AMMOD1,Site1,Maize,Insecta,Diptera,Brachycera,Muscomorpha,Syrphoidea,Syrphidae,Syrphinae,Platycheirus,clypeatus,12.29572580645161,7.508467741935483,2.1483064516129025,216
2023-09-02,AMMOD1_0263,AMMOD,AMMOD1,Site1,Maize,Insecta,Diptera,Brachycera,Muscomorpha,Ephydroidea,Ephydridae,Ephydrinae,Limnellia,quadrata,8.696344827586204,5.522551724137931,1.7546666666666675,57
2023-09-02,AMMOD1_0264,AMMOD,AMMOD1,Site1,Maize,Insecta,Coleoptera,Polyphaga,Staphyliniformia,Staphylinoidea,Staphylinidae,Aleocharinae,Acrotona,orbata,22.330000000000005,10.233272727272729,2.0220000000000002,24
2023-09-02,AMMOD1_0265,AMMOD,AMMOD1,Site1,Maize,Insecta,Diptera,Brachycera,Muscomorpha,Sphaeroceroidea,Sphaeroceridae,Limosininae,Pullimosina,pullula,8.696344827586204,5.522551724137931,1.7546666666666675,168
2023-09-02,AMMOD1_0266,AMMOD,AMMOD1,Site1,Maize,Insecta,Coleoptera,Polyphaga,Staphyliniformia,Staphylinoidea,Staphylinidae,Aleocharinae,Aleochara,bilineata,22.330000000000005,10.233272727272729,2.0220000000000002,33
2023-09-02,AMMOD1_0267,AMMOD,AMMOD1,Site1,Maize,Insecta,Diptera,Brachycera,Asilomorpha,Empidoidea,Dolichopodidae,Diaphorinae,Chrysotus,pulchellus,3.9976666666666674,3.9993333333333334,1.274,9
2023-09-02,AMMOD1_0268,AMMOD,AMMOD1,Site1,Maize,Insecta,Diptera,Nematocera,Bibionomorpha,Sciaroidea,Sciaridae,Megalosphyinae,Bradysia,vagans,3.12,4.300000000000001,1.165,3
2023-09-02,AMMOD1_0269,AMMOD,AMMOD1,Site1,Maize,Insecta,Diptera,Brachycera,Muscomorpha,Carnoidea,Chloropidae,Oscinellinae,Aphanotrigonum,trilineatum,2.167586206896551,3.907931034482758,1.0355172413793103,42
2023-09-02,AMMOD1_0270,AMMOD,AMMOD1,Site1,Maize,Insecta,Diptera,Brachycera,Muscomorpha,Phoroidea,Phoridae,Metopininae,Megaselia,gregaria,1.2314285714285715,2.912857142857143,0.89,1
2023-09-02,AMMOD1_0271,AMMOD,AMMOD1,Site1,Maize,Insecta,Diptera,Brachycera,Muscomorpha,Phoroidea,Phoridae,Phorinae,Phora,atra,1.2314285714285715,2.912857142857143,0.89,16
2023-09-02,AMMOD1_0272,AMMOD,AMMOD1,Site1,Maize,Insecta,Hymenoptera,Apocrita,Aculeata,Apoidea,Crabronidae,Crabroninae,Crossocerus,annulipes,64.4823076923077,8.925897435897436,3.27948717948718,7
2023-09-02,AMMOD1_0273,AMMOD,AMMOD1,Site1,Maize,Insecta,Diptera,Brachycera,Muscomorpha,Oestroidea,Calliphoridae,Melanomyinae,Melinda,viridicyanea,8.696344827586204,5.522551724137931,1.7546666666666675,51
2023-09-02,AMMOD1_0274,AMMOD,AMMOD1,Site1,Maize,Insecta,Diptera,Brachycera,Asilomorpha,Empidoidea,Dolichopodidae,Dolichopodinae,Dolichopus,nubilus,3.9976666666666674,3.9993333333333334,1.274,9
2023-09-02,AMMOD1_0275,AMMOD,AMMOD1,Site1,Maize,Insecta,Diptera,Brachycera,Asilomorpha,Empidoidea,Hybotidae,Tachydromiinae,Tachypeza,nubila,5.423030303030302,4.323939393939395,1.3303030303030303,16
2023-09-02,AMMOD1_0276,AMMOD,AMMOD1,Site1,Maize,Insecta,Coleoptera,Adephaga,Geadephaga,Caraboidea,Carabidae,Pterostichinae,Poecilus,cupreus,185.01216216216224,15.843693693693686,5.774954954954958,7
2023-09-02,AMMOD1_0277,AMMOD,AMMOD1,Site1,Maize,Insecta,Diptera,Brachycera,Muscomorpha,Phoroidea,Phoridae,Phorinae,Phora,holosericea,1.2314285714285715,2.912857142857143,0.89,2
2023-09-03,AMMOD1_0278,AMMOD,AMMOD1,Site1,Maize,Insecta,Diptera,Nematocera,Bibionomorpha,Sciaroidea,Sciaridae,#child.Sciaridae,Lycoriella,sativae,3.12,4.300000000000001,1.165,144
2023-09-03,AMMOD1_0279,AMMOD,AMMOD1,Site1,Maize,Insecta,Diptera,Brachycera,Muscomorpha,Oestroidea,Tachinidae,Tachininae,Siphona,geniculata,8.696344827586204,5.522551724137931,1.7546666666666675,2742
2023-09-03,AMMOD1_0280,AMMOD,AMMOD1,Site1,Maize,Insecta,Diptera,Nematocera,Bibionomorpha,Sciaroidea,Sciaridae,Sciarinae,Peyerimhoffia,vagabunda,3.12,4.300000000000001,1.165,539
2023-09-03,AMMOD1_0281,AMMOD,AMMOD1,Site1,Maize,Insecta,Hymenoptera,Apocrita,Aculeata,Formicoidea,Formicidae,Formicinae,Lasius,niger,3.0777551020408147,4.416530612244895,1.2977551020408162,55
2023-09-03,AMMOD1_0282,AMMOD,AMMOD1,Site1,Maize,Insecta,Diptera,Brachycera,Muscomorpha,Muscoidea,Anthomyiidae,Anthomyiinae,Delia,radicum,4.8100000000000005,4.535,1.6749999999999998,1568
2023-09-03,AMMOD1_0283,AMMOD,AMMOD1,Site1,Maize,Insecta,Coleoptera,Polyphaga,Staphyliniformia,Staphylinoidea,Staphylinidae,Staphylininae,Xantholinus,longiventris,22.330000000000005,10.233272727272729,2.0220000000000002,4
2023-09-03,AMMOD1_0284,AMMOD,AMMOD1,Site1,Maize,Insecta,Diptera,Brachycera,Muscomorpha,Ephydroidea,Drosophilidae,Drosophilinae,Drosophila,suzukii,8.696344827586204,5.522551724137931,1.7546666666666675,460
2023-09-03,AMMOD1_0285,AMMOD,AMMOD1,Site1,Maize,Insecta,Diptera,Nematocera,Bibionomorpha,Sciaroidea,Sciaridae,Sciarinae,Schwenckfeldina,carbonaria,3.12,4.300000000000001,1.165,419
2023-09-03,AMMOD1_0286,AMMOD,AMMOD1,Site1,Maize,Insecta,Diptera,Brachycera,Muscomorpha,Phoroidea,Phoridae,Phorinae,Diplonevra,nitidula,1.2314285714285715,2.912857142857143,0.89,417
2023-09-03,AMMOD1_0287,AMMOD,AMMOD1,Site1,Maize,Insecta,Diptera,Brachycera,Muscomorpha,Phoroidea,Phoridae,Phorinae,Triphleba,nudipalpis,1.2314285714285715,2.912857142857143,0.89,2005
2023-09-03,AMMOD1_0288,AMMOD,AMMOD1,Site1,Maize,Insecta,Diptera,Brachycera,Muscomorpha,Syrphoidea,Syrphidae,Syrphinae,Episyrphus,balteatus,12.29572580645161,7.508467741935483,2.1483064516129025,28
2023-09-03,AMMOD1_0289,AMMOD,AMMOD1,Site1,Maize,Insecta,Diptera,Brachycera,Muscomorpha,Ephydroidea,Drosophilidae,Drosophilinae,Drosophila,subobscura,8.696344827586204,5.522551724137931,1.7546666666666675,1
2023-09-03,AMMOD1_0290,AMMOD,AMMOD1,Site1,Maize,Insecta,Diptera,Brachycera,Muscomorpha,Muscoidea,Muscidae,Phaoniinae,Helina,lasiophthalma,13.525750000000013,5.991083333333332,2.2562500000000005,171
2023-09-03,AMMOD1_0291,AMMOD,AMMOD1,Site1,Maize,Insecta,Diptera,Brachycera,Muscomorpha,Muscoidea,Anthomyiidae,Anthomyiinae,Delia,florilega,4.8100000000000005,4.535,1.6749999999999998,469
2023-09-03,AMMOD1_0292,AMMOD,AMMOD1,Site1,Maize,Insecta,Diptera,Brachycera,Muscomorpha,Oestroidea,Polleniidae,#child.Polleniidae,Pollenia,rudis,8.696344827586204,5.522551724137931,1.7546666666666675,129
2023-09-03,AMMOD1_0293,AMMOD,AMMOD1,Site1,Maize,Insecta,Diptera,Brachycera,Muscomorpha,Lonchaeoidea,Lonchaeidae,Dasiopinae,Silba,fumosa,8.696344827586204,5.522551724137931,1.7546666666666675,5
2023-09-03,AMMOD1_0294,AMMOD,AMMOD1,Site1,Maize,Insecta,Diptera,Nematocera,Bibionomorpha,Sciaroidea,Sciaridae,Megalosphyinae,Bradysia,urticae,3.12,4.300000000000001,1.165,293
2023-09-03,AMMOD1_0295,AMMOD,AMMOD1,Site1,Maize,Insecta,Diptera,Nematocera,Bibionomorpha,Sciaroidea,Sciaridae,Sciarinae,Corynoptera,perpusilla,3.12,4.300000000000001,1.165,5
2023-09-03,AMMOD1_0296,AMMOD,AMMOD1,Site1,Maize,Insecta,Hemiptera,Cicadomorpha,Cicadomorpha,Membracoidea,Cicadellidae,Typhlocybinae,Ribautiana,debilis,5.600163934426228,4.548524590163934,1.525737704918033,3
2023-09-03,AMMOD1_0297,AMMOD,AMMOD1,Site1,Maize,Insecta,Hymenoptera,Symphyta,#child.Symphyta,Tenthredinoidea,Athaliidae,Athaliinae,Athalia,cordata,7.853333333333333,6.3500000000000005,1.89,39
2023-09-03,AMMOD1_0298,AMMOD,AMMOD1,Site1,Maize,Insecta,Diptera,Brachycera,Muscomorpha,Ephydroidea,Ephydridae,Ephydrinae,Limnellia,quadrata,8.696344827586204,5.522551724137931,1.7546666666666675,204
2023-09-03,AMMOD1_0299,AMMOD,AMMOD1,Site1,Maize,Insecta,Diptera,Brachycera,Muscomorpha,Ephydroidea,Ephydridae,Ilytheinae,Nostima,picta,8.696344827586204,5.522551724137931,1.7546666666666675,241
2023-09-03,AMMOD1_0300,AMMOD,AMMOD1,Site1,Maize,Insecta,Coleoptera,Polyphaga,Staphyliniformia,Staphylinoidea,Staphylinidae,Aleocharinae,Aleochara,bilineata,22.330000000000005,10.233272727272729,2.0220000000000002,27
2023-09-03,AMMOD1_0301,AMMOD,AMMOD1,Site1,Maize,Insecta,Hymenoptera,Apocrita,Parasitica,Ichneumonoidea,Ichneumonidae,Campopleginae,Meloboris,collector,5.311379310344828,5.228275862068966,1.1537931034482758,45
2023-09-03,AMMOD1_0302,AMMOD,AMMOD1,Site1,Maize,Insecta,Diptera,Brachycera,Muscomorpha,Carnoidea,Chloropidae,Oscinellinae,Aphanotrigonum,trilineatum,2.167586206896551,3.907931034482758,1.0355172413793103,15
2023-09-03,AMMOD1_0303,AMMOD,AMMOD1,Site1,Maize,Insecta,Diptera,Brachycera,Muscomorpha,Tephritoidea,Pallopteridae,Pallopteridae,Palloptera,ustulata,8.696344827586204,5.522551724137931,1.7546666666666675,43
2023-09-03,AMMOD1_0304,AMMOD,AMMOD1,Site1,Maize,Insecta,Diptera,Brachycera,Muscomorpha,Sphaeroceroidea,Sphaeroceridae,Limosininae,Apteromyia,claviventris,8.696344827586204,5.522551724137931,1.7546666666666675,71
2023-09-03,AMMOD1_0305,AMMOD,AMMOD1,Site1,Maize,Insecta,Diptera,Brachycera,Asilomorpha,Empidoidea,Dolichopodidae,Dolichopodinae,Dolichopus,nubilus,3.9976666666666674,3.9993333333333334,1.274,6
2023-09-03,AMMOD1_0306,AMMOD,AMMOD1,Site1,Maize,Insecta,Diptera,Brachycera,Muscomorpha,Opomyzoidea,Agromyzidae,Agromyzinae,Ophiomyia,nasuta,1.27,3.23,0.8766666666666666,8
2023-09-03,AMMOD1_0307,AMMOD,AMMOD1,Site1,Maize,Insecta,Diptera,Nematocera,Culicomorpha,Chironomoidea,Chironomidae,Tanypodinae,Xenopelopia,nigricans,0.9550000000000001,3.165,0.7849999999999999,1
2023-09-03,AMMOD1_0308,AMMOD,AMMOD1,Site1,Maize,Insecta,Diptera,Brachycera,Muscomorpha,Muscoidea,Anthomyiidae,Anthomyiinae,Delia,platura,4.8100000000000005,4.535,1.6749999999999998,1
2023-09-03,AMMOD1_0309,AMMOD,AMMOD1,Site1,Maize,Insecta,Hymenoptera,Apocrita,Parasitica,Ichneumonoidea,Ichneumonidae,Phygadeuontinae,Isadelphus,coriarius,5.311379310344828,5.228275862068966,1.1537931034482758,20
2023-09-03,AMMOD1_0310,AMMOD,AMMOD1,Site1,Maize,Insecta,Diptera,Brachycera,Asilomorpha,Asiloidea,Asilidae,Asilinae,Eutolmus,rufibarbis,5.96,10.965,1.52,6
2023-09-03,AMMOD1_0311,AMMOD,AMMOD1,Site1,Maize,Insecta,Diptera,Nematocera,Culicomorpha,Culicoidea,Culicidae,Anophelinae,Anopheles,claviger,1.84,4.54,0.99,5
2023-09-03,AMMOD1_0312,AMMOD,AMMOD1,Site1,Maize,Insecta,Hymenoptera,Apocrita,Aculeata,Apoidea,Halictidae,Halictinae,Lasioglossum,morio,64.4823076923077,8.925897435897436,3.27948717948718,4
2023-08-23,AMMOD2_0313,AMMOD,AMMOD2,Site2,Maize,Insecta,Diptera,Nematocera,Bibionomorpha,Sciaroidea,Sciaridae,#child.Sciaridae,Lycoriella,sativae,3.12,4.300000000000001,1.165,21
2023-08-23,AMMOD2_0314,AMMOD,AMMOD2,Site2,Maize,Insecta,Diptera,Brachycera,Muscomorpha,Oestroidea,Tachinidae,Tachininae,Siphona,geniculata,8.696344827586204,5.522551724137931,1.7546666666666675,746
2023-08-23,AMMOD2_0315,AMMOD,AMMOD2,Site2,Maize,Insecta,Hymenoptera,Apocrita,Aculeata,Formicoidea,Formicidae,Formicinae,Lasius,niger,3.0777551020408147,4.416530612244895,1.2977551020408162,1
2023-08-23,AMMOD2_0316,AMMOD,AMMOD2,Site2,Maize,Insecta,Diptera,Brachycera,Muscomorpha,Muscoidea,Fanniidae,#child.Fanniidae,Fannia,armata,6.208333333333333,3.9266666666666663,1.413333333333333,105
2023-08-23,AMMOD2_0317,AMMOD,AMMOD2,Site2,Maize,Insecta,Diptera,Brachycera,Muscomorpha,Muscoidea,Anthomyiidae,Anthomyiinae,Delia,radicum,4.8100000000000005,4.535,1.6749999999999998,746
2023-08-23,AMMOD2_0318,AMMOD,AMMOD2,Site2,Maize,Insecta,Lepidoptera,Glossata,Heterocera,Noctuoidea,Noctuidae,Noctuinae,Hoplodrina,ambigua,1.95,3.9666666666666663,1.0333333333333334,765
2023-08-23,AMMOD2_0319,AMMOD,AMMOD2,Site2,Maize,Insecta,Diptera,Brachycera,Muscomorpha,Muscoidea,Anthomyiidae,Anthomyiinae,Botanophila,fugax,4.8100000000000005,4.535,1.6749999999999998,2125
2023-08-23,AMMOD2_0320,AMMOD,AMMOD2,Site2,Maize,Insecta,Diptera,Nematocera,Bibionomorpha,Sciaroidea,Sciaridae,Sciarinae,Schwenckfeldina,carbonaria,3.12,4.300000000000001,1.165,741
2023-08-23,AMMOD2_0321,AMMOD,AMMOD2,Site2,Maize,Insecta,Diptera,Brachycera,Muscomorpha,Phoroidea,Phoridae,Phorinae,Diplonevra,nitidula,1.2314285714285715,2.912857142857143,0.89,229
2023-08-23,AMMOD2_0322,AMMOD,AMMOD2,Site2,Maize,Insecta,Diptera,Brachycera,Muscomorpha,Syrphoidea,Syrphidae,Syrphinae,Melanostoma,mellinum,12.29572580645161,7.508467741935483,2.1483064516129025,4303
2023-08-23,AMMOD2_0323,AMMOD,AMMOD2,Site2,Maize,Insecta,Diptera,Brachycera,Muscomorpha,Phoroidea,Phoridae,Phorinae,Triphleba,nudipalpis,1.2314285714285715,2.912857142857143,0.89,821
2023-08-23,AMMOD2_0324,AMMOD,AMMOD2,Site2,Maize,Insecta,Diptera,Brachycera,Muscomorpha,Syrphoidea,Syrphidae,Syrphinae,Episyrphus,balteatus,12.29572580645161,7.508467741935483,2.1483064516129025,160
2023-08-23,AMMOD2_0325,AMMOD,AMMOD2,Site2,Maize,Insecta,Diptera,Brachycera,Muscomorpha,Ephydroidea,Drosophilidae,Drosophilinae,Drosophila,subobscura,8.696344827586204,5.522551724137931,1.7546666666666675,1
2023-08-23,AMMOD2_0326,AMMOD,AMMOD2,Site2,Maize,Insecta,Diptera,Brachycera,Muscomorpha,Muscoidea,Anthomyiidae,#child.Anthomyiidae,Phorbia,fumigata,4.8100000000000005,4.535,1.6749999999999998,112
2023-08-23,AMMOD2_0327,AMMOD,AMMOD2,Site2,Maize,Insecta,Diptera,Brachycera,Muscomorpha,Muscoidea,Anthomyiidae,Anthomyiinae,Delia,florilega,4.8100000000000005,4.535,1.6749999999999998,388
2023-08-23,AMMOD2_0328,AMMOD,AMMOD2,Site2,Maize,Insecta,Diptera,Brachycera,Muscomorpha,Oestroidea,Sarcophagidae,Sarcophaginae,Sarcophaga,variegata,8.696344827586204,5.522551724137931,1.7546666666666675,47
2023-08-23,AMMOD2_0329,AMMOD,AMMOD2,Site2,Maize,Insecta,Hymenoptera,Apocrita,Parasitica,Ichneumonoidea,Ichneumonidae,Phygadeuontinae,Phygadeuon,trichops,5.311379310344828,5.228275862068966,1.1537931034482758,60
2023-08-23,AMMOD2_0330,AMMOD,AMMOD2,Site2,Maize,Insecta,Diptera,Brachycera,Muscomorpha,Phoroidea,Phoridae,Metopininae,Megaselia,emarginata,1.2314285714285715,2.912857142857143,0.89,14
2023-08-23,AMMOD2_0331,AMMOD,AMMOD2,Site2,Maize,Insecta,Lepidoptera,Glossata,Rhopalocera,Papilionoidea,Pieridae,Pierinae,Pieris,napi,55.17333333333334,14.135,3.1950000000000003,503
2023-08-23,AMMOD2_0332,AMMOD,AMMOD2,Site2,Maize,Insecta,Diptera,Brachycera,Muscomorpha,Carnoidea,Chloropidae,Chloropinae,Thaumatomyia,notata,2.167586206896551,3.907931034482758,1.0355172413793103,15
2023-08-23,AMMOD2_0333,AMMOD,AMMOD2,Site2,Maize,Insecta,Coleoptera,Polyphaga,Cucujiformia,Coccinelloidea,Coccinellidae,Coccinellinae,Harmonia,axyridis,8.395714285714286,4.155,2.3153571428571422,7
2023-08-23,AMMOD2_0334,AMMOD,AMMOD2,Site2,Maize,Insecta,Lepidoptera,Glossata,Heterocera,Noctuoidea,Noctuidae,Noctuinae,Mythimna,albipuncta,1.95,3.9666666666666663,1.0333333333333334,25
2023-08-23,AMMOD2_0335,AMMOD,AMMOD2,Site2,Maize,Insecta,Diptera,Brachycera,Muscomorpha,Carnoidea,Chloropidae,Oscinellinae,Tricimba,cincta,2.167586206896551,3.907931034482758,1.0355172413793103,11
2023-08-23,AMMOD2_0336,AMMOD,AMMOD2,Site2,Maize,Insecta,Diptera,Brachycera,Tabanomorpha,Tabanoidea,Tabanidae,Tabaninae,Tabanus,autumnalis,2.56,4.18,1.21,287
2023-08-23,AMMOD2_0337,AMMOD,AMMOD2,Site2,Maize,Insecta,Coleoptera,Polyphaga,Staphyliniformia,Staphylinoidea,Staphylinidae,Aleocharinae,Aleochara,bilineata,22.330000000000005,10.233272727272729,2.0220000000000002,2
2023-08-23,AMMOD2_0338,AMMOD,AMMOD2,Site2,Maize,Insecta,Diptera,Brachycera,Muscomorpha,Ephydroidea,Ephydridae,Gymnomyzinae,Discocerina,obscurella,8.696344827586204,5.522551724137931,1.7546666666666675,79
2023-08-23,AMMOD2_0339,AMMOD,AMMOD2,Site2,Maize,Insecta,Diptera,Brachycera,Muscomorpha,Ephydroidea,Drosophilidae,Drosophilinae,Lordiphosa,fenestrarum,8.696344827586204,5.522551724137931,1.7546666666666675,13
2023-08-23,AMMOD2_0340,AMMOD,AMMOD2,Site2,Maize,Insecta,Diptera,Brachycera,Muscomorpha,Oestroidea,Tachinidae,Tachininae,Tachina,fera,8.696344827586204,5.522551724137931,1.7546666666666675,19
2023-08-23,AMMOD2_0341,AMMOD,AMMOD2,Site2,Maize,Insecta,Diptera,Brachycera,Muscomorpha,Muscoidea,Muscidae,Phaoniinae,Phaonia,valida,13.525750000000013,5.991083333333332,2.2562500000000005,112
2023-08-23,AMMOD2_0342,AMMOD,AMMOD2,Site2,Maize,Insecta,Diptera,Brachycera,Muscomorpha,Oestroidea,Tachinidae,Phasiinae,Phasia,barbifrons,8.696344827586204,5.522551724137931,1.7546666666666675,101
2023-08-23,AMMOD2_0343,AMMOD,AMMOD2,Site2,Maize,Insecta,Diptera,Brachycera,Asilomorpha,Empidoidea,Hybotidae,Tachydromiinae,Platypalpus,interstinctus,5.423030303030302,4.323939393939395,1.3303030303030303,2
2023-08-23,AMMOD2_0344,AMMOD,AMMOD2,Site2,Maize,Insecta,Psocoptera,Psocomorpha,Homilopsocidea,Lachesilloidea,Lachesillidae,Lachesillinae,Lachesilla,pedicularia,24.284088427947573,6.536784934497831,2.114448689956332,14
2023-08-23,AMMOD2_0345,AMMOD,AMMOD2,Site2,Maize,Insecta,Diptera,Brachycera,Muscomorpha,Oestroidea,Tachinidae,Phasiinae,Leucostoma,simplex,8.696344827586204,5.522551724137931,1.7546666666666675,10
2023-08-23,AMMOD2_0346,AMMOD,AMMOD2,Site2,Maize,Insecta,Diptera,Brachycera,Muscomorpha,Syrphoidea,Syrphidae,Syrphinae,Syrphus,vitripennis,12.29572580645161,7.508467741935483,2.1483064516129025,57
2023-08-23,AMMOD2_0347,AMMOD,AMMOD2,Site2,Maize,Insecta,Diptera,Brachycera,Muscomorpha,Oestroidea,Sarcophagidae,Sarcophaginae,Sarcophaga,crassimargo,8.696344827586204,5.522551724137931,1.7546666666666675,57
2023-08-23,AMMOD2_0348,AMMOD,AMMOD2,Site2,Maize,Insecta,Diptera,Nematocera,Bibionomorpha,Sciaroidea,Sciaridae,Megalosphyinae,Scatopsciara,atomaria,3.12,4.300000000000001,1.165,49
2023-08-23,AMMOD2_0349,AMMOD,AMMOD2,Site2,Maize,Insecta,Diptera,Nematocera,Bibionomorpha,Sciaroidea,Mycetophilidae,Mycetophilinae,Exechia,spinuligera,1.8561538461538463,3.6023076923076927,0.9615384615384617,9
2023-08-23,AMMOD2_0350,AMMOD,AMMOD2,Site2,Maize,Insecta,Diptera,Brachycera,Muscomorpha,Muscoidea,Muscidae,Mydaeinae,Graphomya,maculata,13.525750000000013,5.991083333333332,2.2562500000000005,41
2023-08-23,AMMOD2_0351,AMMOD,AMMOD2,Site2,Maize,Insecta,Diptera,Brachycera,Muscomorpha,Phoroidea,Phoridae,Metopininae,Metopina,galeata,1.2314285714285715,2.912857142857143,0.89,7
2023-08-23,AMMOD2_0352,AMMOD,AMMOD2,Site2,Maize,Insecta,Diptera,Brachycera,Muscomorpha,Sciomyzoidea,Sepsidae,Sepsinae,Sepsis,punctum,1.5423809523809524,3.3747619047619057,0.9642857142857143,16
2023-08-24,AMMOD2_0353,AMMOD,AMMOD2,Site2,Maize,Insecta,Diptera,Nematocera,Bibionomorpha,Sciaroidea,Sciaridae,#child.Sciaridae,Lycoriella,sativae,3.12,4.300000000000001,1.165,4
2023-08-24,AMMOD2_0354,AMMOD,AMMOD2,Site2,Maize,Insecta,Hymenoptera,Apocrita,Aculeata,Vespoidea,Vespidae,Vespinae,Vespula,germanica,71.46,13.613333333333335,4.026666666666666,6
2023-08-24,AMMOD2_0355,AMMOD,AMMOD2,Site2,Maize,Insecta,Diptera,Brachycera,Muscomorpha,Muscoidea,Fanniidae,#child.Fanniidae,Fannia,armata,6.208333333333333,3.9266666666666663,1.413333333333333,438
2023-08-24,AMMOD2_0356,AMMOD,AMMOD2,Site2,Maize,Insecta,Diptera,Brachycera,Muscomorpha,Muscoidea,Anthomyiidae,Anthomyiinae,Delia,radicum,4.8100000000000005,4.535,1.6749999999999998,253
2023-08-24,AMMOD2_0357,AMMOD,AMMOD2,Site2,Maize,Insecta,Diptera,Brachycera,Muscomorpha,Muscoidea,Anthomyiidae,Anthomyiinae,Botanophila,fugax,4.8100000000000005,4.535,1.6749999999999998,412
2023-08-24,AMMOD2_0358,AMMOD,AMMOD2,Site2,Maize,Insecta,Diptera,Brachycera,Muscomorpha,Phoroidea,Phoridae,Phorinae,Diplonevra,nitidula,1.2314285714285715,2.912857142857143,0.89,593
2023-08-24,AMMOD2_0359,AMMOD,AMMOD2,Site2,Maize,Insecta,Diptera,Brachycera,Muscomorpha,Syrphoidea,Syrphidae,Syrphinae,Melanostoma,mellinum,12.29572580645161,7.508467741935483,2.1483064516129025,567
2023-08-24,AMMOD2_0360,AMMOD,AMMOD2,Site2,Maize,Insecta,Diptera,Brachycera,Muscomorpha,Phoroidea,Phoridae,Phorinae,Triphleba,nudipalpis,1.2314285714285715,2.912857142857143,0.89,2316
2023-08-24,AMMOD2_0361,AMMOD,AMMOD2,Site2,Maize,Insecta,Diptera,Brachycera,Muscomorpha,Syrphoidea,Syrphidae,Syrphinae,Episyrphus,balteatus,12.29572580645161,7.508467741935483,2.1483064516129025,122
2023-08-24,AMMOD2_0362,AMMOD,AMMOD2,Site2,Maize,Insecta,Diptera,Brachycera,Muscomorpha,Ephydroidea,Drosophilidae,Drosophilinae,Drosophila,subobscura,8.696344827586204,5.522551724137931,1.7546666666666675,6
2023-08-24,AMMOD2_0363,AMMOD,AMMOD2,Site2,Maize,Insecta,Coleoptera,Adephaga,Geadephaga,Caraboidea,Carabidae,Platyninae,Calathus,fuscipes,185.01216216216224,15.843693693693686,5.774954954954958,2
2023-08-24,AMMOD2_0364,AMMOD,AMMOD2,Site2,Maize,Insecta,Diptera,Brachycera,Muscomorpha,Muscoidea,Anthomyiidae,Anthomyiinae,Delia,florilega,4.8100000000000005,4.535,1.6749999999999998,1297
2023-08-24,AMMOD2_0365,AMMOD,AMMOD2,Site2,Maize,Insecta,Diptera,Brachycera,Muscomorpha,Muscoidea,Muscidae,Coenosiinae,Coenosia,testacea,13.525750000000013,5.991083333333332,2.2562500000000005,103
2023-08-24,AMMOD2_0366,AMMOD,AMMOD2,Site2,Maize,Insecta,Diptera,Nematocera,Bibionomorpha,Sciaroidea,Sciaridae,Megalosphyinae,Bradysia,trivittata,3.12,4.300000000000001,1.165,11
2023-08-24,AMMOD2_0367,AMMOD,AMMOD2,Site2,Maize,Insecta,Diptera,Brachycera,Muscomorpha,Muscoidea,Muscidae,Limnophorini (Tribu),Limnophora,tigrina,13.525750000000013,5.991083333333332,2.2562500000000005,8
2023-08-24,AMMOD2_0368,AMMOD,AMMOD2,Site2,Maize,Insecta,Hymenoptera,Apocrita,Parasitica,Ichneumonoidea,Braconidae,Aphidiinae,Ephedrus,nacheri,2.5116216216216225,3.7481081081081076,1.0197297297297299,9
2023-08-24,AMMOD2_0369,AMMOD,AMMOD2,Site2,Maize,Insecta,Coleoptera,Polyphaga,Cucujiformia,Coccinelloidea,Coccinellidae,Coccinellinae,Harmonia,axyridis,8.395714285714286,4.155,2.3153571428571422,1
2023-08-24,AMMOD2_0370,AMMOD,AMMOD2,Site2,Maize,Insecta,Diptera,Brachycera,Muscomorpha,Ephydroidea,Drosophilidae,Drosophilinae,Scaptomyza,pallida,8.696344827586204,5.522551724137931,1.7546666666666675,4
2023-08-24,AMMOD2_0371,AMMOD,AMMOD2,Site2,Maize,Insecta,Diptera,Brachycera,Muscomorpha,Opomyzoidea,Agromyzidae,Phytomyzinae,Amauromyza,karli,1.27,3.23,0.8766666666666666,96
2023-08-24,AMMOD2_0372,AMMOD,AMMOD2,Site2,Maize,Insecta,Hemiptera,Heteroptera,Leptopodomorpha,Saldoidea,Saldidae,Saldinae,Saldula,saltatoria,3.35,4.11,1.73,14
2023-08-24,AMMOD2_0373,AMMOD,AMMOD2,Site2,Maize,Insecta,Diptera,Brachycera,Muscomorpha,Opomyzoidea,Agromyzidae,Phytomyzinae,Cerodontha,muscina,1.27,3.23,0.8766666666666666,12
2023-08-24,AMMOD2_0374,AMMOD,AMMOD2,Site2,Maize,Insecta,Diptera,Brachycera,Muscomorpha,Ephydroidea,Ephydridae,Gymnomyzinae,Discocerina,obscurella,8.696344827586204,5.522551724137931,1.7546666666666675,108
2023-08-24,AMMOD2_0375,AMMOD,AMMOD2,Site2,Maize,Insecta,Diptera,Brachycera,Muscomorpha,Carnoidea,Chloropidae,Oscinellinae,Aphanotrigonum,trilineatum,2.167586206896551,3.907931034482758,1.0355172413793103,14
2023-08-24,AMMOD2_0376,AMMOD,AMMOD2,Site2,Maize,Insecta,Diptera,Brachycera,Muscomorpha,Oestroidea,Polleniidae,#child.Polleniidae,Pollenia,atramentaria,8.696344827586204,5.522551724137931,1.7546666666666675,108
2023-08-24,AMMOD2_0377,AMMOD,AMMOD2,Site2,Maize,Insecta,Diptera,Brachycera,Asilomorpha,Empidoidea,Hybotidae,Tachydromiinae,Platypalpus,interstinctus,5.423030303030302,4.323939393939395,1.3303030303030303,17
2023-08-24,AMMOD2_0378,AMMOD,AMMOD2,Site2,Maize,Insecta,Diptera,Brachycera,Muscomorpha,Phoroidea,Phoridae,Phorinae,Phora,atra,1.2314285714285715,2.912857142857143,0.89,4
2023-08-24,AMMOD2_0379,AMMOD,AMMOD2,Site2,Maize,Insecta,Diptera,Brachycera,Muscomorpha,Carnoidea,Chloropidae,Oscinellinae,Elachiptera,cornuta,2.167586206896551,3.907931034482758,1.0355172413793103,60
2023-08-24,AMMOD2_0380,AMMOD,AMMOD2,Site2,Maize,Insecta,Hymenoptera,Apocrita,Aculeata,Apoidea,Crabronidae,Crabroninae,Crossocerus,annulipes,64.4823076923077,8.925897435897436,3.27948717948718,2
2023-08-24,AMMOD2_0381,AMMOD,AMMOD2,Site2,Maize,Insecta,Diptera,Brachycera,Muscomorpha,Ephydroidea,Drosophilidae,Drosophilinae,Scaptomyza,graminum,8.696344827586204,5.522551724137931,1.7546666666666675,1
2023-08-24,AMMOD2_0382,AMMOD,AMMOD2,Site2,Maize,Insecta,Diptera,Brachycera,Muscomorpha,Oestroidea,Calliphoridae,Luciliinae,Lucilia,silvarum,8.696344827586204,5.522551724137931,1.7546666666666675,13
2023-08-24,AMMOD2_0383,AMMOD,AMMOD2,Site2,Maize,Insecta,Hymenoptera,Apocrita,Parasitica,Ichneumonoidea,Braconidae,Microgastrinae,Microplitis,kewleyi,2.5116216216216225,3.7481081081081076,1.0197297297297299,1
2023-08-25,AMMOD2_0384,AMMOD,AMMOD2,Site2,Maize,Insecta,Diptera,Nematocera,Bibionomorpha,Sciaroidea,Sciaridae,#child.Sciaridae,Lycoriella,sativae,3.12,4.300000000000001,1.165,11
2023-08-25,AMMOD2_0385,AMMOD,AMMOD2,Site2,Maize,Insecta,Hymenoptera,Apocrita,Aculeata,Formicoidea,Formicidae,Formicinae,Lasius,niger,3.0777551020408147,4.416530612244895,1.2977551020408162,1
2023-08-25,AMMOD2_0386,AMMOD,AMMOD2,Site2,Maize,Insecta,Diptera,Brachycera,Muscomorpha,Muscoidea,Anthomyiidae,Anthomyiinae,Delia,radicum,4.8100000000000005,4.535,1.6749999999999998,12
2023-08-25,AMMOD2_0387,AMMOD,AMMOD2,Site2,Maize,Insecta,Lepidoptera,Glossata,Heterocera,Noctuoidea,Noctuidae,Noctuinae,Hoplodrina,ambigua,1.95,3.9666666666666663,1.0333333333333334,58
2023-08-25,AMMOD2_0388,AMMOD,AMMOD2,Site2,Maize,Insecta,Diptera,Brachycera,Muscomorpha,Muscoidea,Anthomyiidae,Anthomyiinae,Botanophila,fugax,4.8100000000000005,4.535,1.6749999999999998,12
2023-08-25,AMMOD2_0389,AMMOD,AMMOD2,Site2,Maize,Insecta,Diptera,Brachycera,Muscomorpha,Phoroidea,Phoridae,Phorinae,Diplonevra,nitidula,1.2314285714285715,2.912857142857143,0.89,26
2023-08-25,AMMOD2_0390,AMMOD,AMMOD2,Site2,Maize,Insecta,Diptera,Brachycera,Muscomorpha,Phoroidea,Phoridae,Phorinae,Triphleba,nudipalpis,1.2314285714285715,2.912857142857143,0.89,46
2023-08-25,AMMOD2_0391,AMMOD,AMMOD2,Site2,Maize,Insecta,Diptera,Brachycera,Muscomorpha,Syrphoidea,Syrphidae,Syrphinae,Episyrphus,balteatus,12.29572580645161,7.508467741935483,2.1483064516129025,5
2023-08-25,AMMOD2_0392,AMMOD,AMMOD2,Site2,Maize,Insecta,Diptera,Brachycera,Muscomorpha,Ephydroidea,Drosophilidae,Drosophilinae,Drosophila,subobscura,8.696344827586204,5.522551724137931,1.7546666666666675,1
2023-08-25,AMMOD2_0393,AMMOD,AMMOD2,Site2,Maize,Insecta,Coleoptera,Adephaga,Geadephaga,Caraboidea,Carabidae,Platyninae,Calathus,fuscipes,185.01216216216224,15.843693693693686,5.774954954954958,13
2023-08-25,AMMOD2_0394,AMMOD,AMMOD2,Site2,Maize,Insecta,Diptera,Brachycera,Muscomorpha,Muscoidea,Anthomyiidae,Anthomyiinae,Delia,florilega,4.8100000000000005,4.535,1.6749999999999998,236
2023-08-25,AMMOD2_0395,AMMOD,AMMOD2,Site2,Maize,Insecta,Diptera,Brachycera,Muscomorpha,Oestroidea,Sarcophagidae,Sarcophaginae,Sarcophaga,variegata,8.696344827586204,5.522551724137931,1.7546666666666675,52
2023-08-25,AMMOD2_0396,AMMOD,AMMOD2,Site2,Maize,Insecta,Diptera,Nematocera,Bibionomorpha,Sciaroidea,Sciaridae,Megalosphyinae,Bradysia,trivittata,3.12,4.300000000000001,1.165,15
2023-08-25,AMMOD2_0397,AMMOD,AMMOD2,Site2,Maize,Insecta,Diptera,Nematocera,Bibionomorpha,Sciaroidea,Sciaridae,Sciarinae,Corynoptera,perpusilla,3.12,4.300000000000001,1.165,4
2023-08-25,AMMOD2_0398,AMMOD,AMMOD2,Site2,Maize,Insecta,Diptera,Brachycera,Muscomorpha,Carnoidea,Chloropidae,Oscinellinae,Aphanotrigonum,trilineatum,2.167586206896551,3.907931034482758,1.0355172413793103,1
2023-08-25,AMMOD2_0399,AMMOD,AMMOD2,Site2,Maize,Insecta,Diptera,Brachycera,Muscomorpha,Phoroidea,Phoridae,Phorinae,Conicera,dauci,1.2314285714285715,2.912857142857143,0.89,9
2023-08-26,AMMOD2_0400,AMMOD,AMMOD2,Site2,Maize,Insecta,Diptera,Brachycera,Muscomorpha,Oestroidea,Tachinidae,Tachininae,Siphona,geniculata,8.696344827586204,5.522551724137931,1.7546666666666675,160
2023-08-26,AMMOD2_0401,AMMOD,AMMOD2,Site2,Maize,Insecta,Hymenoptera,Apocrita,Aculeata,Vespoidea,Vespidae,Vespinae,Vespula,germanica,71.46,13.613333333333335,4.026666666666666,218
2023-08-26,AMMOD2_0402,AMMOD,AMMOD2,Site2,Maize,Insecta,Diptera,Brachycera,Muscomorpha,Muscoidea,Anthomyiidae,Anthomyiinae,Delia,radicum,4.8100000000000005,4.535,1.6749999999999998,714
2023-08-26,AMMOD2_0403,AMMOD,AMMOD2,Site2,Maize,Insecta,Lepidoptera,Glossata,Heterocera,Noctuoidea,Noctuidae,Noctuinae,Hoplodrina,ambigua,1.95,3.9666666666666663,1.0333333333333334,1
2023-08-26,AMMOD2_0404,AMMOD,AMMOD2,Site2,Maize,Arachnida,Araneae,Opisthothelae,Araneomorphae,Araneoidea,Araneidae,Argiopinae,Argiope,bruennichi,13.45741258741259,3.764475524475525,1.7009790209790208,19
2023-08-26,AMMOD2_0405,AMMOD,AMMOD2,Site2,Maize,Insecta,Diptera,Brachycera,Muscomorpha,Phoroidea,Phoridae,Phorinae,Diplonevra,nitidula,1.2314285714285715,2.912857142857143,0.89,118
2023-08-26,AMMOD2_0406,AMMOD,AMMOD2,Site2,Maize,Insecta,Diptera,Brachycera,Muscomorpha,Syrphoidea,Syrphidae,Syrphinae,Melanostoma,mellinum,12.29572580645161,7.508467741935483,2.1483064516129025,2
2023-08-26,AMMOD2_0407,AMMOD,AMMOD2,Site2,Maize,Insecta,Diptera,Brachycera,Muscomorpha,Phoroidea,Phoridae,Phorinae,Triphleba,nudipalpis,1.2314285714285715,2.912857142857143,0.89,433
2023-08-26,AMMOD2_0408,AMMOD,AMMOD2,Site2,Maize,Insecta,Diptera,Brachycera,Muscomorpha,Muscoidea,Muscidae,Phaoniinae,Helina,evecta,13.525750000000013,5.991083333333332,2.2562500000000005,365
2023-08-26,AMMOD2_0409,AMMOD,AMMOD2,Site2,Maize,Insecta,Lepidoptera,Glossata,Heterocera,Noctuoidea,Noctuidae,Noctuinae,Mythimna,pallens,1.95,3.9666666666666663,1.0333333333333334,923
2023-08-26,AMMOD2_0410,AMMOD,AMMOD2,Site2,Maize,Insecta,Lepidoptera,Glossata,Heterocera,Noctuoidea,Noctuidae,Plusiinae,Autographa,gamma,1.95,3.9666666666666663,1.0333333333333334,3
2023-08-26,AMMOD2_0411,AMMOD,AMMOD2,Site2,Maize,Insecta,Diptera,Brachycera,Muscomorpha,Muscoidea,Anthomyiidae,Anthomyiinae,Delia,florilega,4.8100000000000005,4.535,1.6749999999999998,1331
2023-08-26,AMMOD2_0412,AMMOD,AMMOD2,Site2,Maize,Insecta,Diptera,Brachycera,Muscomorpha,Oestroidea,Sarcophagidae,Sarcophaginae,Sarcophaga,variegata,8.696344827586204,5.522551724137931,1.7546666666666675,13
2023-08-26,AMMOD2_0413,AMMOD,AMMOD2,Site2,Maize,Insecta,Hymenoptera,Apocrita,Aculeata,Vespoidea,Vespidae,Vespinae,Vespula,vulgaris,71.46,13.613333333333335,4.026666666666666,1793
2023-08-26,AMMOD2_0414,AMMOD,AMMOD2,Site2,Maize,Insecta,Diptera,Brachycera,Muscomorpha,Muscoidea,Muscidae,Phaoniinae,Phaonia,trimaculata,13.525750000000013,5.991083333333332,2.2562500000000005,399
2023-08-26,AMMOD2_0415,AMMOD,AMMOD2,Site2,Maize,Insecta,Diptera,Brachycera,Muscomorpha,Carnoidea,Chloropidae,Oscinellinae,Tricimba,cincta,2.167586206896551,3.907931034482758,1.0355172413793103,42
2023-08-26,AMMOD2_0416,AMMOD,AMMOD2,Site2,Maize,Insecta,Diptera,Nematocera,Bibionomorpha,Sciaroidea,Mycetophilidae,Mycetophilinae,Mycetophila,distigma,1.8561538461538463,3.6023076923076927,0.9615384615384617,13
2023-08-26,AMMOD2_0417,AMMOD,AMMOD2,Site2,Maize,Insecta,Coleoptera,Polyphaga,Cucujiformia,Curculionoidea,Curculionidae,Entiminae,Naupactus,cervinus,2.59962962962963,3.2672222222222227,1.1698148148148149,34
2023-08-26,AMMOD2_0418,AMMOD,AMMOD2,Site2,Maize,Insecta,Hemiptera,Heteroptera,Cimicomorpha,Cimicoidea,Anthocoridae,Anthocorinae,Orius,majusculus,10.519285714285717,6.490535714285714,2.108392857142857,34
2023-08-27,AMMOD2_0419,AMMOD,AMMOD2,Site2,Maize,Insecta,Diptera,Brachycera,Muscomorpha,Muscoidea,Anthomyiidae,Anthomyiinae,Delia,radicum,4.8100000000000005,4.535,1.6749999999999998,575
2023-08-27,AMMOD2_0420,AMMOD,AMMOD2,Site2,Maize,Insecta,Diptera,Brachycera,Muscomorpha,Muscoidea,Anthomyiidae,Anthomyiinae,Botanophila,fugax,4.8100000000000005,4.535,1.6749999999999998,152
2023-08-27,AMMOD2_0421,AMMOD,AMMOD2,Site2,Maize,Insecta,Diptera,Brachycera,Muscomorpha,Phoroidea,Phoridae,Phorinae,Diplonevra,nitidula,1.2314285714285715,2.912857142857143,0.89,1
2023-08-27,AMMOD2_0422,AMMOD,AMMOD2,Site2,Maize,Insecta,Diptera,Brachycera,Muscomorpha,Syrphoidea,Syrphidae,Syrphinae,Melanostoma,mellinum,12.29572580645161,7.508467741935483,2.1483064516129025,287
2023-08-27,AMMOD2_0423,AMMOD,AMMOD2,Site2,Maize,Insecta,Diptera,Brachycera,Muscomorpha,Phoroidea,Phoridae,Phorinae,Triphleba,nudipalpis,1.2314285714285715,2.912857142857143,0.89,34
2023-08-27,AMMOD2_0424,AMMOD,AMMOD2,Site2,Maize,Insecta,Diptera,Brachycera,Muscomorpha,Ephydroidea,Drosophilidae,Drosophilinae,Drosophila,subobscura,8.696344827586204,5.522551724137931,1.7546666666666675,204
2023-08-27,AMMOD2_0425,AMMOD,AMMOD2,Site2,Maize,Insecta,Diptera,Brachycera,Muscomorpha,Muscoidea,Muscidae,Phaoniinae,Helina,lasiophthalma,13.525750000000013,5.991083333333332,2.2562500000000005,1
2023-08-27,AMMOD2_0426,AMMOD,AMMOD2,Site2,Maize,Insecta,Coleoptera,Adephaga,Geadephaga,Caraboidea,Carabidae,Platyninae,Calathus,fuscipes,185.01216216216224,15.843693693693686,5.774954954954958,57
2023-08-27,AMMOD2_0427,AMMOD,AMMOD2,Site2,Maize,Insecta,Diptera,Brachycera,Muscomorpha,Muscoidea,Anthomyiidae,Anthomyiinae,Delia,florilega,4.8100000000000005,4.535,1.6749999999999998,2610
2023-08-27,AMMOD2_0428,AMMOD,AMMOD2,Site2,Maize,Insecta,Diptera,Brachycera,Muscomorpha,Muscoidea,Muscidae,Limnophorini (Tribu),Limnophora,triangula,13.525750000000013,5.991083333333332,2.2562500000000005,24
2023-08-27,AMMOD2_0429,AMMOD,AMMOD2,Site2,Maize,Insecta,Diptera,Nematocera,Bibionomorpha,Sciaroidea,Sciaridae,Sciarinae,Corynoptera,perpusilla,3.12,4.300000000000001,1.165,3
2023-08-27,AMMOD2_0430,AMMOD,AMMOD2,Site2,Maize,Insecta,Diptera,Brachycera,Muscomorpha,Ephydroidea,Drosophilidae,Drosophilinae,Scaptomyza,pallida,8.696344827586204,5.522551724137931,1.7546666666666675,99
2023-08-27,AMMOD2_0431,AMMOD,AMMOD2,Site2,Maize,Insecta,Coleoptera,Polyphaga,Cucujiformia,Tenebrionoidea,Pyrochroidae,Pyrochroinae,Pyrochroa,coccinea,13.394999999999998,7.646249999999999,2.03375,1
2023-08-27,AMMOD2_0432,AMMOD,AMMOD2,Site2,Maize,Insecta,Diptera,Brachycera,Muscomorpha,Oestroidea,Polleniidae,#child.Polleniidae,Pollenia,pediculata,8.696344827586204,5.522551724137931,1.7546666666666675,94
2023-08-27,AMMOD2_0433,AMMOD,AMMOD2,Site2,Maize,Insecta,Orthoptera,Caelifera,Acrididea,Acridoidea,Acrididae,Gomphocerinae,Chorthippus,dorsatus,114.27214285714287,17.234285714285715,3.2835714285714284,14
2023-08-28,AMMOD2_0434,AMMOD,AMMOD2,Site2,Maize,Insecta,Diptera,Nematocera,Bibionomorpha,Sciaroidea,Sciaridae,#child.Sciaridae,Lycoriella,sativae,3.12,4.300000000000001,1.165,1
2023-08-28,AMMOD2_0435,AMMOD,AMMOD2,Site2,Maize,Insecta,Diptera,Nematocera,Bibionomorpha,Sciaroidea,Sciaridae,Sciarinae,Peyerimhoffia,vagabunda,3.12,4.300000000000001,1.165,447
2023-08-28,AMMOD2_0436,AMMOD,AMMOD2,Site2,Maize,Insecta,Diptera,Brachycera,Muscomorpha,Muscoidea,Anthomyiidae,Anthomyiinae,Delia,radicum,4.8100000000000005,4.535,1.6749999999999998,243
2023-08-28,AMMOD2_0437,AMMOD,AMMOD2,Site2,Maize,Insecta,Diptera,Brachycera,Muscomorpha,Phoroidea,Phoridae,Phorinae,Triphleba,nudipalpis,1.2314285714285715,2.912857142857143,0.89,432
2023-08-28,AMMOD2_0438,AMMOD,AMMOD2,Site2,Maize,Insecta,Diptera,Brachycera,Muscomorpha,Ephydroidea,Drosophilidae,Drosophilinae,Drosophila,subobscura,8.696344827586204,5.522551724137931,1.7546666666666675,114
2023-08-28,AMMOD2_0439,AMMOD,AMMOD2,Site2,Maize,Insecta,Diptera,Brachycera,Muscomorpha,Muscoidea,Anthomyiidae,#child.Anthomyiidae,Phorbia,fumigata,4.8100000000000005,4.535,1.6749999999999998,243
2023-08-28,AMMOD2_0440,AMMOD,AMMOD2,Site2,Maize,Insecta,Diptera,Brachycera,Muscomorpha,Muscoidea,Anthomyiidae,Anthomyiinae,Delia,florilega,4.8100000000000005,4.535,1.6749999999999998,5604
2023-08-28,AMMOD2_0441,AMMOD,AMMOD2,Site2,Maize,Insecta,Diptera,Brachycera,Muscomorpha,Oestroidea,Sarcophagidae,Sarcophaginae,Sarcophaga,variegata,8.696344827586204,5.522551724137931,1.7546666666666675,2351
2023-08-28,AMMOD2_0442,AMMOD,AMMOD2,Site2,Maize,Insecta,Diptera,Nematocera,Psychodomorpha,Psychodoidea,Psychodidae,Psychodinae,Clytocerus,ocellaris,7.582499999999999,5.904,1.128,193
2023-08-28,AMMOD2_0443,AMMOD,AMMOD2,Site2,Maize,Insecta,Diptera,Brachycera,Asilomorpha,Empidoidea,Hybotidae,Tachydromiinae,Platypalpus,pallidiventris,5.423030303030302,4.323939393939395,1.3303030303030303,107
2023-08-28,AMMOD2_0444,AMMOD,AMMOD2,Site2,Maize,Insecta,Diptera,Nematocera,Bibionomorpha,Sciaroidea,Keroplatidae,Macrocerinae,Macrocera,pusilla,1.8561538461538463,3.6023076923076927,0.9615384615384617,40
2023-08-29,AMMOD2_0445,AMMOD,AMMOD2,Site2,Maize,Insecta,Diptera,Nematocera,Bibionomorpha,Sciaroidea,Sciaridae,#child.Sciaridae,Lycoriella,sativae,3.12,4.300000000000001,1.165,17
2023-08-29,AMMOD2_0446,AMMOD,AMMOD2,Site2,Maize,Insecta,Diptera,Brachycera,Muscomorpha,Oestroidea,Tachinidae,Tachininae,Siphona,geniculata,8.696344827586204,5.522551724137931,1.7546666666666675,1
2023-08-29,AMMOD2_0447,AMMOD,AMMOD2,Site2,Maize,Insecta,Diptera,Nematocera,Bibionomorpha,Sciaroidea,Sciaridae,Sciarinae,Peyerimhoffia,vagabunda,3.12,4.300000000000001,1.165,58
2023-08-29,AMMOD2_0448,AMMOD,AMMOD2,Site2,Maize,Insecta,Diptera,Brachycera,Muscomorpha,Muscoidea,Anthomyiidae,Anthomyiinae,Delia,radicum,4.8100000000000005,4.535,1.6749999999999998,291
2023-08-29,AMMOD2_0449,AMMOD,AMMOD2,Site2,Maize,Insecta,Diptera,Brachycera,Muscomorpha,Phoroidea,Phoridae,Phorinae,Diplonevra,nitidula,1.2314285714285715,2.912857142857143,0.89,43
2023-08-29,AMMOD2_0450,AMMOD,AMMOD2,Site2,Maize,Insecta,Diptera,Brachycera,Muscomorpha,Ephydroidea,Drosophilidae,Drosophilinae,Drosophila,subobscura,8.696344827586204,5.522551724137931,1.7546666666666675,11
2023-08-29,AMMOD2_0451,AMMOD,AMMOD2,Site2,Maize,Insecta,Diptera,Brachycera,Muscomorpha,Muscoidea,Anthomyiidae,Anthomyiinae,Delia,florilega,4.8100000000000005,4.535,1.6749999999999998,1493
2023-08-29,AMMOD2_0452,AMMOD,AMMOD2,Site2,Maize,Insecta,Diptera,Brachycera,Muscomorpha,Sphaeroceroidea,Sphaeroceridae,Limosininae,Spelobia,luteilabris,8.696344827586204,5.522551724137931,1.7546666666666675,1755
2023-08-29,AMMOD2_0453,AMMOD,AMMOD2,Site2,Maize,Insecta,Coleoptera,Polyphaga,Staphyliniformia,Staphylinoidea,Staphylinidae,Aleocharinae,Acrotona,orbata,22.330000000000005,10.233272727272729,2.0220000000000002,211
2023-08-30,AMMOD2_0454,AMMOD,AMMOD2,Site2,Maize,Insecta,Diptera,Nematocera,Bibionomorpha,Sciaroidea,Sciaridae,#child.Sciaridae,Lycoriella,sativae,3.12,4.300000000000001,1.165,57
2023-08-30,AMMOD2_0455,AMMOD,AMMOD2,Site2,Maize,Insecta,Diptera,Nematocera,Bibionomorpha,Bibionoidea,Bibionidae,Bibioninae,Dilophus,febrilis,1.8561538461538463,3.6023076923076927,0.9615384615384617,1272
2023-08-30,AMMOD2_0456,AMMOD,AMMOD2,Site2,Maize,Insecta,Hymenoptera,Apocrita,Aculeata,Vespoidea,Vespidae,Vespinae,Vespula,germanica,71.46,13.613333333333335,4.026666666666666,330
2023-08-30,AMMOD2_0457,AMMOD,AMMOD2,Site2,Maize,Insecta,Diptera,Nematocera,Bibionomorpha,Sciaroidea,Sciaridae,Sciarinae,Peyerimhoffia,vagabunda,3.12,4.300000000000001,1.165,348
2023-08-30,AMMOD2_0458,AMMOD,AMMOD2,Site2,Maize,Insecta,Diptera,Brachycera,Muscomorpha,Muscoidea,Anthomyiidae,Anthomyiinae,Delia,radicum,4.8100000000000005,4.535,1.6749999999999998,254
2023-08-30,AMMOD2_0459,AMMOD,AMMOD2,Site2,Maize,Insecta,Diptera,Nematocera,Bibionomorpha,Sciaroidea,Sciaridae,Sciarinae,Schwenckfeldina,carbonaria,3.12,4.300000000000001,1.165,10
2023-08-30,AMMOD2_0460,AMMOD,AMMOD2,Site2,Maize,Insecta,Diptera,Brachycera,Muscomorpha,Phoroidea,Phoridae,Phorinae,Diplonevra,nitidula,1.2314285714285715,2.912857142857143,0.89,100
2023-08-30,AMMOD2_0461,AMMOD,AMMOD2,Site2,Maize,Insecta,Diptera,Brachycera,Muscomorpha,Phoroidea,Phoridae,Phorinae,Triphleba,nudipalpis,1.2314285714285715,2.912857142857143,0.89,147
2023-08-30,AMMOD2_0462,AMMOD,AMMOD2,Site2,Maize,Insecta,Diptera,Brachycera,Muscomorpha,Muscoidea,Muscidae,Phaoniinae,Helina,lasiophthalma,13.525750000000013,5.991083333333332,2.2562500000000005,13
2023-08-30,AMMOD2_0463,AMMOD,AMMOD2,Site2,Maize,Insecta,Diptera,Brachycera,Muscomorpha,Muscoidea,Anthomyiidae,Anthomyiinae,Delia,florilega,4.8100000000000005,4.535,1.6749999999999998,510
2023-08-30,AMMOD2_0464,AMMOD,AMMOD2,Site2,Maize,Insecta,Diptera,Nematocera,Bibionomorpha,Sciaroidea,Sciaridae,Megalosphyinae,Bradysia,urticae,3.12,4.300000000000001,1.165,7
2023-08-30,AMMOD2_0465,AMMOD,AMMOD2,Site2,Maize,Insecta,Diptera,Brachycera,Muscomorpha,Ephydroidea,Drosophilidae,Drosophilinae,Scaptomyza,pallida,8.696344827586204,5.522551724137931,1.7546666666666675,4
2023-08-30,AMMOD2_0466,AMMOD,AMMOD2,Site2,Maize,Insecta,Coleoptera,Polyphaga,Staphyliniformia,Staphylinoidea,Staphylinidae,Aleocharinae,Acrotona,orbata,22.330000000000005,10.233272727272729,2.0220000000000002,11
2023-08-30,AMMOD2_0467,AMMOD,AMMOD2,Site2,Maize,Insecta,Diptera,Nematocera,Bibionomorpha,Sciaroidea,Sciaridae,Megalosphyinae,Bradysia,vagans,3.12,4.300000000000001,1.165,13
2023-08-30,AMMOD2_0468,AMMOD,AMMOD2,Site2,Maize,Insecta,Diptera,Brachycera,Muscomorpha,Phoroidea,Phoridae,Metopininae,Megaselia,albicans,1.2314285714285715,2.912857142857143,0.89,1
2023-08-30,AMMOD2_0469,AMMOD,AMMOD2,Site2,Maize,Insecta,Diptera,Brachycera,Muscomorpha,Carnoidea,Chloropidae,Oscinellinae,Aphanotrigonum,trilineatum,2.167586206896551,3.907931034482758,1.0355172413793103,11
2023-08-30,AMMOD2_0470,AMMOD,AMMOD2,Site2,Maize,Insecta,Diptera,Brachycera,Muscomorpha,Ephydroidea,Drosophilidae,Drosophilinae,Drosophila,phalerata,8.696344827586204,5.522551724137931,1.7546666666666675,4
2023-08-31,AMMOD2_0471,AMMOD,AMMOD2,Site2,Maize,Insecta,Diptera,Nematocera,Bibionomorpha,Sciaroidea,Sciaridae,#child.Sciaridae,Lycoriella,sativae,3.12,4.300000000000001,1.165,150
2023-08-31,AMMOD2_0472,AMMOD,AMMOD2,Site2,Maize,Insecta,Hymenoptera,Apocrita,Aculeata,Vespoidea,Vespidae,Vespinae,Vespula,germanica,71.46,13.613333333333335,4.026666666666666,851
2023-08-31,AMMOD2_0473,AMMOD,AMMOD2,Site2,Maize,Insecta,Diptera,Brachycera,Muscomorpha,Lauxanioidea,Lauxaniidae,Lauxaniinae,Calliopum,aeneum,3.3925757575757585,4.098636363636362,1.2430303030303027,4508
2023-08-31,AMMOD2_0474,AMMOD,AMMOD2,Site2,Maize,Insecta,Diptera,Brachycera,Muscomorpha,Muscoidea,Anthomyiidae,Anthomyiinae,Delia,radicum,4.8100000000000005,4.535,1.6749999999999998,189
2023-08-31,AMMOD2_0475,AMMOD,AMMOD2,Site2,Maize,Insecta,Diptera,Brachycera,Muscomorpha,Phoroidea,Phoridae,Phorinae,Diplonevra,nitidula,1.2314285714285715,2.912857142857143,0.89,1
2023-08-31,AMMOD2_0476,AMMOD,AMMOD2,Site2,Maize,Insecta,Diptera,Brachycera,Muscomorpha,Phoroidea,Phoridae,Phorinae,Triphleba,nudipalpis,1.2314285714285715,2.912857142857143,0.89,753
2023-08-31,AMMOD2_0477,AMMOD,AMMOD2,Site2,Maize,Insecta,Diptera,Brachycera,Muscomorpha,Ephydroidea,Drosophilidae,Drosophilinae,Drosophila,subobscura,8.696344827586204,5.522551724137931,1.7546666666666675,1162
2023-08-31,AMMOD2_0478,AMMOD,AMMOD2,Site2,Maize,Insecta,Coleoptera,Adephaga,Geadephaga,Caraboidea,Carabidae,Platyninae,Calathus,fuscipes,185.01216216216224,15.843693693693686,5.774954954954958,36
2023-08-31,AMMOD2_0479,AMMOD,AMMOD2,Site2,Maize,Insecta,Diptera,Brachycera,Muscomorpha,Muscoidea,Anthomyiidae,Anthomyiinae,Delia,florilega,4.8100000000000005,4.535,1.6749999999999998,215
2023-08-31,AMMOD2_0480,AMMOD,AMMOD2,Site2,Maize,Insecta,Lepidoptera,Glossata,Heterocera,Noctuoidea,Noctuidae,Noctuinae,Phlogophora,meticulosa,1.95,3.9666666666666663,1.0333333333333334,1
2023-08-31,AMMOD2_0481,AMMOD,AMMOD2,Site2,Maize,Insecta,Hymenoptera,Apocrita,Parasitica,Ichneumonoidea,Braconidae,Blacinae,Blacus,stelfoxi,2.5116216216216225,3.7481081081081076,1.0197297297297299,3
2023-08-31,AMMOD2_0482,AMMOD,AMMOD2,Site2,Maize,Insecta,Hymenoptera,Apocrita,Aculeata,Vespoidea,Vespidae,Vespinae,Vespula,vulgaris,71.46,13.613333333333335,4.026666666666666,7
2023-08-31,AMMOD2_0483,AMMOD,AMMOD2,Site2,Maize,Insecta,Hymenoptera,Apocrita,Parasitica,Ichneumonoidea,Ichneumonidae,Phygadeuontinae,Phygadeuon,trichops,5.311379310344828,5.228275862068966,1.1537931034482758,104
2023-08-31,AMMOD2_0484,AMMOD,AMMOD2,Site2,Maize,Insecta,Diptera,Nematocera,Bibionomorpha,Sciaroidea,Sciaridae,Megalosphyinae,Bradysia,trivittata,3.12,4.300000000000001,1.165,9
2023-08-31,AMMOD2_0485,AMMOD,AMMOD2,Site2,Maize,Insecta,Diptera,Nematocera,Bibionomorpha,Sciaroidea,Sciaridae,Megalosphyinae,Bradysia,urticae,3.12,4.300000000000001,1.165,21
2023-08-31,AMMOD2_0486,AMMOD,AMMOD2,Site2,Maize,Insecta,Diptera,Brachycera,Muscomorpha,Ephydroidea,Drosophilidae,Drosophilinae,Scaptomyza,pallida,8.696344827586204,5.522551724137931,1.7546666666666675,27
2023-08-31,AMMOD2_0487,AMMOD,AMMOD2,Site2,Maize,Insecta,Coleoptera,Polyphaga,Staphyliniformia,Staphylinoidea,Staphylinidae,Aleocharinae,Acrotona,orbata,22.330000000000005,10.233272727272729,2.0220000000000002,7
2023-08-31,AMMOD2_0488,AMMOD,AMMOD2,Site2,Maize,Insecta,Diptera,Brachycera,Muscomorpha,Phoroidea,Phoridae,Metopininae,Megaselia,angusta,1.2314285714285715,2.912857142857143,0.89,85
2023-08-31,AMMOD2_0489,AMMOD,AMMOD2,Site2,Maize,Insecta,Hymenoptera,Apocrita,Parasitica,Ichneumonoidea,Braconidae,Alysiinae,Asobara,rufescens,2.5116216216216225,3.7481081081081076,1.0197297297297299,10
2023-08-31,AMMOD2_0490,AMMOD,AMMOD2,Site2,Maize,Insecta,Diptera,Brachycera,Asilomorpha,Empidoidea,Dolichopodidae,Dolichopodinae,Dolichopus,nubilus,3.9976666666666674,3.9993333333333334,1.274,6
2023-09-01,AMMOD2_0491,AMMOD,AMMOD2,Site2,Maize,Insecta,Diptera,Nematocera,Bibionomorpha,Sciaroidea,Sciaridae,#child.Sciaridae,Lycoriella,sativae,3.12,4.300000000000001,1.165,2
2023-09-01,AMMOD2_0492,AMMOD,AMMOD2,Site2,Maize,Insecta,Diptera,Nematocera,Bibionomorpha,Bibionoidea,Bibionidae,Bibioninae,Dilophus,febrilis,1.8561538461538463,3.6023076923076927,0.9615384615384617,3
2023-09-01,AMMOD2_0493,AMMOD,AMMOD2,Site2,Maize,Insecta,Diptera,Brachycera,Muscomorpha,Muscoidea,Anthomyiidae,Anthomyiinae,Delia,radicum,4.8100000000000005,4.535,1.6749999999999998,293
2023-09-01,AMMOD2_0494,AMMOD,AMMOD2,Site2,Maize,Insecta,Diptera,Brachycera,Muscomorpha,Muscoidea,Anthomyiidae,Anthomyiinae,Botanophila,fugax,4.8100000000000005,4.535,1.6749999999999998,258
2023-09-01,AMMOD2_0495,AMMOD,AMMOD2,Site2,Maize,Insecta,Diptera,Brachycera,Muscomorpha,Phoroidea,Phoridae,Phorinae,Diplonevra,nitidula,1.2314285714285715,2.912857142857143,0.89,521
2023-09-01,AMMOD2_0496,AMMOD,AMMOD2,Site2,Maize,Insecta,Diptera,Brachycera,Muscomorpha,Phoroidea,Phoridae,Phorinae,Triphleba,nudipalpis,1.2314285714285715,2.912857142857143,0.89,140
2023-09-01,AMMOD2_0497,AMMOD,AMMOD2,Site2,Maize,Insecta,Diptera,Brachycera,Muscomorpha,Syrphoidea,Syrphidae,Syrphinae,Episyrphus,balteatus,12.29572580645161,7.508467741935483,2.1483064516129025,440
2023-09-01,AMMOD2_0498,AMMOD,AMMOD2,Site2,Maize,Insecta,Diptera,Brachycera,Muscomorpha,Ephydroidea,Drosophilidae,Drosophilinae,Drosophila,subobscura,8.696344827586204,5.522551724137931,1.7546666666666675,1044
2023-09-01,AMMOD2_0499,AMMOD,AMMOD2,Site2,Maize,Insecta,Diptera,Brachycera,Muscomorpha,Muscoidea,Muscidae,Phaoniinae,Helina,lasiophthalma,13.525750000000013,5.991083333333332,2.2562500000000005,6
2023-09-01,AMMOD2_0500,AMMOD,AMMOD2,Site2,Maize,Insecta,Diptera,Brachycera,Muscomorpha,Muscoidea,Anthomyiidae,Anthomyiinae,Delia,florilega,4.8100000000000005,4.535,1.6749999999999998,179
2023-09-01,AMMOD2_0501,AMMOD,AMMOD2,Site2,Maize,Insecta,Hymenoptera,Apocrita,Parasitica,Ichneumonoidea,Braconidae,Blacinae,Blacus,stelfoxi,2.5116216216216225,3.7481081081081076,1.0197297297297299,3
2023-09-01,AMMOD2_0502,AMMOD,AMMOD2,Site2,Maize,Insecta,Diptera,Brachycera,Muscomorpha,Phoroidea,Phoridae,Metopininae,Megaselia,pleuralis,1.2314285714285715,2.912857142857143,0.89,36
2023-09-01,AMMOD2_0503,AMMOD,AMMOD2,Site2,Maize,Insecta,Coleoptera,Polyphaga,Staphyliniformia,Staphylinoidea,Staphylinidae,Aleocharinae,Amischa,decipiens,22.330000000000005,10.233272727272729,2.0220000000000002,10
2023-09-01,AMMOD2_0504,AMMOD,AMMOD2,Site2,Maize,Arachnida,Opiliones,Palpatores,#child.Palpatores,Phalangioidea,Phalangiidae,Phalangiinae,Phalangium,opilio,24.274390243902445,4.291219512195122,2.517317073170732,1
2023-09-01,AMMOD2_0505,AMMOD,AMMOD2,Site2,Maize,Insecta,Diptera,Brachycera,Muscomorpha,Muscoidea,Anthomyiidae,Anthomyiinae,Hylemya,partita,4.8100000000000005,4.535,1.6749999999999998,76
2023-09-01,AMMOD2_0506,AMMOD,AMMOD2,Site2,Maize,Insecta,Diptera,Brachycera,Muscomorpha,Ephydroidea,Drosophilidae,Drosophilinae,Scaptomyza,pallida,8.696344827586204,5.522551724137931,1.7546666666666675,14
2023-09-01,AMMOD2_0507,AMMOD,AMMOD2,Site2,Maize,Insecta,Coleoptera,Polyphaga,Staphyliniformia,Staphylinoidea,Staphylinidae,Aleocharinae,Acrotona,orbata,22.330000000000005,10.233272727272729,2.0220000000000002,8
2023-09-01,AMMOD2_0508,AMMOD,AMMOD2,Site2,Maize,Insecta,Coleoptera,Polyphaga,Cucujiformia,Cucujoidea,Latridiidae,Corticariinae,Cortinicara,gibbosa,1.4413333333333331,2.594666666666667,1.15,175
2023-09-01,AMMOD2_0509,AMMOD,AMMOD2,Site2,Maize,Insecta,Coleoptera,Adephaga,Geadephaga,Caraboidea,Carabidae,Trechinae,Trechus,quadristriatus,185.01216216216224,15.843693693693686,5.774954954954958,9
2023-09-01,AMMOD2_0510,AMMOD,AMMOD2,Site2,Maize,Insecta,Diptera,Nematocera,Culicomorpha,Chironomoidea,Chironomidae,Chironominae,Chironomus,dorsalis,0.9550000000000001,3.165,0.7849999999999999,15
2023-09-01,AMMOD2_0511,AMMOD,AMMOD2,Site2,Maize,Insecta,Diptera,Brachycera,Asilomorpha,Empidoidea,Dolichopodidae,Dolichopodinae,Dolichopus,nubilus,3.9976666666666674,3.9993333333333334,1.274,11
2023-09-01,AMMOD2_0512,AMMOD,AMMOD2,Site2,Maize,Insecta,Hymenoptera,Apocrita,Aculeata,Cynipoidea,Figitidae,Eucoilinae,Kleidotoma,tetratoma,21.5063829787234,5.856666666666664,1.9010638297872344,42
2023-09-01,AMMOD2_0513,AMMOD,AMMOD2,Site2,Maize,Insecta,Hemiptera,Heteroptera,Pentatomomorpha,Miroidea,Miridae,Mirinae,Trigonotylus,caelestialium,7.53303886925795,5.821802120141343,1.8166077738515907,32
2023-09-01,AMMOD2_0514,AMMOD,AMMOD2,Site2,Maize,Insecta,Coleoptera,Polyphaga,Staphyliniformia,Staphylinoidea,Staphylinidae,Tachyporinae,Tachyporus,nitidulus,22.330000000000005,10.233272727272729,2.0220000000000002,2
2023-09-01,AMMOD2_0515,AMMOD,AMMOD2,Site2,Maize,Insecta,Diptera,Brachycera,Muscomorpha,Phoroidea,Phoridae,Metopininae,Metopina,galeata,1.2314285714285715,2.912857142857143,0.89,1
2023-09-01,AMMOD2_0516,AMMOD,AMMOD2,Site2,Maize,Insecta,Hymenoptera,Apocrita,Parasitica,Chalcidoidea,Mymaridae,#child.Mymaridae,Anagrus,atomus,1.214,2.9839999999999995,0.8020000000000002,1
2023-09-01,AMMOD2_0517,AMMOD,AMMOD2,Site2,Maize,Insecta,Hemiptera,Cicadomorpha,Cicadomorpha,Membracoidea,Cicadellidae,Typhlocybinae,Zyginidia,pullula,5.600163934426228,4.548524590163934,1.525737704918033,3
2023-09-02,AMMOD2_0518,AMMOD,AMMOD2,Site2,Maize,Insecta,Diptera,Nematocera,Bibionomorpha,Sciaroidea,Sciaridae,#child.Sciaridae,Lycoriella,sativae,3.12,4.300000000000001,1.165,224
2023-09-02,AMMOD2_0519,AMMOD,AMMOD2,Site2,Maize,Insecta,Hymenoptera,Apocrita,Aculeata,Formicoidea,Formicidae,Formicinae,Lasius,niger,3.0777551020408147,4.416530612244895,1.2977551020408162,40
2023-09-02,AMMOD2_0520,AMMOD,AMMOD2,Site2,Maize,Insecta,Diptera,Brachycera,Muscomorpha,Lauxanioidea,Lauxaniidae,Lauxaniinae,Calliopum,aeneum,3.3925757575757585,4.098636363636362,1.2430303030303027,268
2023-09-02,AMMOD2_0521,AMMOD,AMMOD2,Site2,Maize,Insecta,Diptera,Brachycera,Muscomorpha,Muscoidea,Anthomyiidae,Anthomyiinae,Delia,radicum,4.8100000000000005,4.535,1.6749999999999998,5
2023-09-02,AMMOD2_0522,AMMOD,AMMOD2,Site2,Maize,Insecta,Diptera,Nematocera,Tipulomorpha,Tipuloidea,Tipulidae,Tipulinae,Tipula,paludosa,25.121999999999996,12.984,1.698,179
2023-09-02,AMMOD2_0523,AMMOD,AMMOD2,Site2,Maize,Insecta,Diptera,Brachycera,Muscomorpha,Phoroidea,Phoridae,Phorinae,Diplonevra,nitidula,1.2314285714285715,2.912857142857143,0.89,236
2023-09-02,AMMOD2_0524,AMMOD,AMMOD2,Site2,Maize,Insecta,Diptera,Brachycera,Muscomorpha,Phoroidea,Phoridae,Phorinae,Triphleba,nudipalpis,1.2314285714285715,2.912857142857143,0.89,3893
2023-09-02,AMMOD2_0525,AMMOD,AMMOD2,Site2,Maize,Insecta,Diptera,Brachycera,Muscomorpha,Syrphoidea,Syrphidae,Syrphinae,Episyrphus,balteatus,12.29572580645161,7.508467741935483,2.1483064516129025,62
2023-09-02,AMMOD2_0526,AMMOD,AMMOD2,Site2,Maize,Insecta,Diptera,Brachycera,Muscomorpha,Ephydroidea,Drosophilidae,Drosophilinae,Drosophila,subobscura,8.696344827586204,5.522551724137931,1.7546666666666675,222
2023-09-02,AMMOD2_0527,AMMOD,AMMOD2,Site2,Maize,Insecta,Coleoptera,Adephaga,Geadephaga,Caraboidea,Carabidae,Platyninae,Calathus,fuscipes,185.01216216216224,15.843693693693686,5.774954954954958,9
2023-09-02,AMMOD2_0528,AMMOD,AMMOD2,Site2,Maize,Insecta,Diptera,Brachycera,Muscomorpha,Muscoidea,Anthomyiidae,Anthomyiinae,Delia,florilega,4.8100000000000005,4.535,1.6749999999999998,382
2023-09-02,AMMOD2_0529,AMMOD,AMMOD2,Site2,Maize,Insecta,Diptera,Brachycera,Muscomorpha,Oestroidea,Sarcophagidae,Sarcophaginae,Sarcophaga,variegata,8.696344827586204,5.522551724137931,1.7546666666666675,197
2023-09-02,AMMOD2_0530,AMMOD,AMMOD2,Site2,Maize,Insecta,Hymenoptera,Apocrita,Parasitica,Ichneumonoidea,Braconidae,Blacinae,Blacus,stelfoxi,2.5116216216216225,3.7481081081081076,1.0197297297297299,88
2023-09-02,AMMOD2_0531,AMMOD,AMMOD2,Site2,Maize,Insecta,Hymenoptera,Apocrita,Parasitica,Ichneumonoidea,Ichneumonidae,Phygadeuontinae,Phygadeuon,trichops,5.311379310344828,5.228275862068966,1.1537931034482758,45
2023-09-02,AMMOD2_0532,AMMOD,AMMOD2,Site2,Maize,Insecta,Diptera,Brachycera,Muscomorpha,Muscoidea,Anthomyiidae,Anthomyiinae,Anthomyia,liturata,4.8100000000000005,4.535,1.6749999999999998,4
2023-09-02,AMMOD2_0533,AMMOD,AMMOD2,Site2,Maize,Insecta,Diptera,Brachycera,Muscomorpha,Sphaeroceroidea,Sphaeroceridae,Limosininae,Opacifrons,coxata,8.696344827586204,5.522551724137931,1.7546666666666675,10
2023-09-02,AMMOD2_0534,AMMOD,AMMOD2,Site2,Maize,Insecta,Diptera,Nematocera,Bibionomorpha,Sciaroidea,Sciaridae,Megalosphyinae,Bradysia,trivittata,3.12,4.300000000000001,1.165,12
2023-09-02,AMMOD2_0535,AMMOD,AMMOD2,Site2,Maize,Insecta,Coleoptera,Polyphaga,Cucujiformia,Tenebrionoidea,Anthicidae,Anthicinae,Anthicus,antherinus,13.394999999999998,7.646249999999999,2.03375,5
2023-09-02,AMMOD2_0536,AMMOD,AMMOD2,Site2,Maize,Insecta,Diptera,Brachycera,Muscomorpha,Phoroidea,Phoridae,Metopininae,Megaselia,emarginata,1.2314285714285715,2.912857142857143,0.89,35
2023-09-02,AMMOD2_0537,AMMOD,AMMOD2,Site2,Maize,Insecta,Diptera,Nematocera,Bibionomorpha,Sciaroidea,Sciaridae,Megalosphyinae,Bradysia,urticae,3.12,4.300000000000001,1.165,9
2023-09-02,AMMOD2_0538,AMMOD,AMMOD2,Site2,Maize,Insecta,Diptera,Brachycera,Muscomorpha,Opomyzoidea,Agromyzidae,Phytomyzinae,Phytomyza,rufipes,1.27,3.23,0.8766666666666666,344
2023-09-02,AMMOD2_0539,AMMOD,AMMOD2,Site2,Maize,Insecta,Diptera,Nematocera,Bibionomorpha,Sciaroidea,Sciaridae,Sciarinae,Corynoptera,perpusilla,3.12,4.300000000000001,1.165,23
2023-09-02,AMMOD2_0540,AMMOD,AMMOD2,Site2,Maize,Insecta,Diptera,Brachycera,Muscomorpha,Ephydroidea,Drosophilidae,Drosophilinae,Scaptomyza,pallida,8.696344827586204,5.522551724137931,1.7546666666666675,7
2023-09-02,AMMOD2_0541,AMMOD,AMMOD2,Site2,Maize,Insecta,Diptera,Brachycera,Muscomorpha,Muscoidea,Muscidae,Mydaeinae,Hebecnema,umbratica,13.525750000000013,5.991083333333332,2.2562500000000005,193
2023-09-02,AMMOD2_0542,AMMOD,AMMOD2,Site2,Maize,Insecta,Diptera,Brachycera,Muscomorpha,Ephydroidea,Ephydridae,Ephydrinae,Limnellia,quadrata,8.696344827586204,5.522551724137931,1.7546666666666675,1
2023-09-02,AMMOD2_0543,AMMOD,AMMOD2,Site2,Maize,Insecta,Diptera,Brachycera,Muscomorpha,Carnoidea,Chloropidae,Oscinellinae,Tricimba,cincta,2.167586206896551,3.907931034482758,1.0355172413793103,1
2023-09-02,AMMOD2_0544,AMMOD,AMMOD2,Site2,Maize,Insecta,Coleoptera,Polyphaga,Staphyliniformia,Staphylinoidea,Staphylinidae,Aleocharinae,Aleochara,bilineata,22.330000000000005,10.233272727272729,2.0220000000000002,62
2023-09-02,AMMOD2_0545,AMMOD,AMMOD2,Site2,Maize,Insecta,Diptera,Brachycera,Muscomorpha,Muscoidea,Anthomyiidae,Anthomyiinae,Hylemya,urbica,4.8100000000000005,4.535,1.6749999999999998,69
2023-09-02,AMMOD2_0546,AMMOD,AMMOD2,Site2,Maize,Insecta,Diptera,Brachycera,Muscomorpha,Phoroidea,Phoridae,Metopininae,Megaselia,lucifrons,1.2314285714285715,2.912857142857143,0.89,69
2023-09-02,AMMOD2_0547,AMMOD,AMMOD2,Site2,Maize,Insecta,Diptera,Nematocera,Culicomorpha,Chironomoidea,Chironomidae,Tanypodinae,Procladius,rufovittatus,0.9550000000000001,3.165,0.7849999999999999,176
2023-09-02,AMMOD2_0548,AMMOD,AMMOD2,Site2,Maize,Insecta,Diptera,Brachycera,Muscomorpha,Opomyzoidea,Agromyzidae,Phytomyzinae,Liriomyza,bryoniae,1.27,3.23,0.8766666666666666,10
2023-09-02,AMMOD2_0549,AMMOD,AMMOD2,Site2,Maize,Insecta,Diptera,Nematocera,Bibionomorpha,Sciaroidea,Sciaridae,Megalosphyinae,Bradysia,vagans,3.12,4.300000000000001,1.165,24
2023-09-02,AMMOD2_0550,AMMOD,AMMOD2,Site2,Maize,Insecta,Diptera,Brachycera,Muscomorpha,Carnoidea,Chloropidae,Oscinellinae,Aphanotrigonum,trilineatum,2.167586206896551,3.907931034482758,1.0355172413793103,29
2023-09-02,AMMOD2_0551,AMMOD,AMMOD2,Site2,Maize,Insecta,Diptera,Brachycera,Muscomorpha,Phoroidea,Phoridae,Metopininae,Megaselia,angusta,1.2314285714285715,2.912857142857143,0.89,19
2023-09-02,AMMOD2_0552,AMMOD,AMMOD2,Site2,Maize,Insecta,Psocoptera,Psocomorpha,Homilopsocidea,Lachesilloidea,Lachesillidae,Lachesillinae,Lachesilla,pedicularia,24.284088427947573,6.536784934497831,2.114448689956332,1
2023-09-02,AMMOD2_0553,AMMOD,AMMOD2,Site2,Maize,Insecta,Diptera,Brachycera,Muscomorpha,Muscoidea,Anthomyiidae,Anthomyiinae,Delia,platura,4.8100000000000005,4.535,1.6749999999999998,3
2023-09-02,AMMOD2_0554,AMMOD,AMMOD2,Site2,Maize,Insecta,Diptera,Brachycera,Muscomorpha,Syrphoidea,Syrphidae,Eristalinae,Eumerus,strigatus,12.29572580645161,7.508467741935483,2.1483064516129025,31
2023-09-02,AMMOD2_0555,AMMOD,AMMOD2,Site2,Maize,Insecta,Coleoptera,Polyphaga,Staphyliniformia,Staphylinoidea,Staphylinidae,Tachyporinae,Tachyporus,nitidulus,22.330000000000005,10.233272727272729,2.0220000000000002,2
2023-09-03,AMMOD2_0556,AMMOD,AMMOD2,Site2,Maize,Insecta,Diptera,Nematocera,Bibionomorpha,Sciaroidea,Sciaridae,#child.Sciaridae,Lycoriella,sativae,3.12,4.300000000000001,1.165,941
2023-09-03,AMMOD2_0557,AMMOD,AMMOD2,Site2,Maize,Insecta,Diptera,Brachycera,Muscomorpha,Oestroidea,Tachinidae,Tachininae,Siphona,geniculata,8.696344827586204,5.522551724137931,1.7546666666666675,675
2023-09-03,AMMOD2_0558,AMMOD,AMMOD2,Site2,Maize,Insecta,Hymenoptera,Apocrita,Aculeata,Vespoidea,Vespidae,Vespinae,Vespula,germanica,71.46,13.613333333333335,4.026666666666666,123
2023-09-03,AMMOD2_0559,AMMOD,AMMOD2,Site2,Maize,Insecta,Diptera,Nematocera,Bibionomorpha,Sciaroidea,Sciaridae,Sciarinae,Peyerimhoffia,vagabunda,3.12,4.300000000000001,1.165,317
2023-09-03,AMMOD2_0560,AMMOD,AMMOD2,Site2,Maize,Insecta,Hymenoptera,Apocrita,Aculeata,Formicoidea,Formicidae,Formicinae,Lasius,niger,3.0777551020408147,4.416530612244895,1.2977551020408162,13
2023-09-03,AMMOD2_0561,AMMOD,AMMOD2,Site2,Maize,Insecta,Diptera,Brachycera,Muscomorpha,Muscoidea,Muscidae,Coenosiinae,Coenosia,tigrina,13.525750000000013,5.991083333333332,2.2562500000000005,12
2023-09-03,AMMOD2_0562,AMMOD,AMMOD2,Site2,Maize,Insecta,Diptera,Brachycera,Muscomorpha,Muscoidea,Anthomyiidae,Anthomyiinae,Delia,radicum,4.8100000000000005,4.535,1.6749999999999998,100
2023-09-03,AMMOD2_0563,AMMOD,AMMOD2,Site2,Maize,Insecta,Diptera,Nematocera,Tipulomorpha,Tipuloidea,Tipulidae,Tipulinae,Tipula,paludosa,25.121999999999996,12.984,1.698,227
2023-09-03,AMMOD2_0564,AMMOD,AMMOD2,Site2,Maize,Insecta,Diptera,Nematocera,Bibionomorpha,Sciaroidea,Sciaridae,Sciarinae,Schwenckfeldina,carbonaria,3.12,4.300000000000001,1.165,73
2023-09-03,AMMOD2_0565,AMMOD,AMMOD2,Site2,Maize,Insecta,Diptera,Brachycera,Muscomorpha,Phoroidea,Phoridae,Phorinae,Diplonevra,nitidula,1.2314285714285715,2.912857142857143,0.89,598
2023-09-03,AMMOD2_0566,AMMOD,AMMOD2,Site2,Maize,Insecta,Diptera,Brachycera,Muscomorpha,Syrphoidea,Syrphidae,Syrphinae,Melanostoma,mellinum,12.29572580645161,7.508467741935483,2.1483064516129025,1950
2023-09-03,AMMOD2_0567,AMMOD,AMMOD2,Site2,Maize,Insecta,Diptera,Brachycera,Muscomorpha,Phoroidea,Phoridae,Phorinae,Triphleba,nudipalpis,1.2314285714285715,2.912857142857143,0.89,3205
2023-09-03,AMMOD2_0568,AMMOD,AMMOD2,Site2,Maize,Insecta,Diptera,Brachycera,Muscomorpha,Syrphoidea,Syrphidae,Syrphinae,Episyrphus,balteatus,12.29572580645161,7.508467741935483,2.1483064516129025,175
2023-09-03,AMMOD2_0569,AMMOD,AMMOD2,Site2,Maize,Insecta,Diptera,Brachycera,Muscomorpha,Ephydroidea,Drosophilidae,Drosophilinae,Drosophila,subobscura,8.696344827586204,5.522551724137931,1.7546666666666675,134
2023-09-03,AMMOD2_0570,AMMOD,AMMOD2,Site2,Maize,Insecta,Diptera,Brachycera,Muscomorpha,Muscoidea,Anthomyiidae,Anthomyiinae,Delia,florilega,4.8100000000000005,4.535,1.6749999999999998,37
2023-09-03,AMMOD2_0571,AMMOD,AMMOD2,Site2,Maize,Insecta,Hymenoptera,Apocrita,Parasitica,Ichneumonoidea,Braconidae,Blacinae,Blacus,stelfoxi,2.5116216216216225,3.7481081081081076,1.0197297297297299,18
2023-09-03,AMMOD2_0572,AMMOD,AMMOD2,Site2,Maize,Insecta,Diptera,Brachycera,Muscomorpha,Muscoidea,Muscidae,Limnophorini (Tribu),Limnophora,tigrina,13.525750000000013,5.991083333333332,2.2562500000000005,22
2023-09-03,AMMOD2_0573,AMMOD,AMMOD2,Site2,Maize,Insecta,Diptera,Brachycera,Muscomorpha,Phoroidea,Phoridae,Metopininae,Megaselia,pleuralis,1.2314285714285715,2.912857142857143,0.89,307
2023-09-03,AMMOD2_0574,AMMOD,AMMOD2,Site2,Maize,Insecta,Diptera,Nematocera,Bibionomorpha,Sciaroidea,Sciaridae,Megalosphyinae,Bradysia,urticae,3.12,4.300000000000001,1.165,75
2023-09-03,AMMOD2_0575,AMMOD,AMMOD2,Site2,Maize,Insecta,Diptera,Nematocera,Culicomorpha,Culicoidea,Culicidae,Culicinae,Culiseta,annulata,1.84,4.54,0.99,14
2023-09-03,AMMOD2_0576,AMMOD,AMMOD2,Site2,Maize,Insecta,Diptera,Nematocera,Bibionomorpha,Sciaroidea,Sciaridae,Sciarinae,Corynoptera,perpusilla,3.12,4.300000000000001,1.165,127
2023-09-03,AMMOD2_0577,AMMOD,AMMOD2,Site2,Maize,Insecta,Hymenoptera,Apocrita,Parasitica,Ichneumonoidea,Braconidae,Aphidiinae,Ephedrus,nacheri,2.5116216216216225,3.7481081081081076,1.0197297297297299,2
2023-09-03,AMMOD2_0578,AMMOD,AMMOD2,Site2,Maize,Insecta,Diptera,Brachycera,Muscomorpha,Ephydroidea,Drosophilidae,Drosophilinae,Scaptomyza,pallida,8.696344827586204,5.522551724137931,1.7546666666666675,17
2023-09-03,AMMOD2_0579,AMMOD,AMMOD2,Site2,Maize,Insecta,Diptera,Nematocera,Bibionomorpha,Sciaroidea,Cecidomyiidae,Micromyinae,Aprionus,brachypterus,1.6263636363636365,3.475454545454545,0.9245454545454546,15
2023-09-03,AMMOD2_0580,AMMOD,AMMOD2,Site2,Maize,Insecta,Hemiptera,Cicadomorpha,Cicadomorpha,Membracoidea,Cicadellidae,Typhlocybinae,Ribautiana,debilis,5.600163934426228,4.548524590163934,1.525737704918033,80
2023-09-03,AMMOD2_0581,AMMOD,AMMOD2,Site2,Maize,Insecta,Diptera,Brachycera,Muscomorpha,Carnoidea,Chloropidae,Oscinellinae,Tricimba,cincta,2.167586206896551,3.907931034482758,1.0355172413793103,1
2023-09-03,AMMOD2_0582,AMMOD,AMMOD2,Site2,Maize,Insecta,Diptera,Brachycera,Muscomorpha,Sphaeroceroidea,Sphaeroceridae,Limosininae,Pullimosina,pullula,8.696344827586204,5.522551724137931,1.7546666666666675,7
2023-09-03,AMMOD2_0583,AMMOD,AMMOD2,Site2,Maize,Insecta,Diptera,Brachycera,Muscomorpha,Carnoidea,Chloropidae,Oscinellinae,Aphanotrigonum,trilineatum,2.167586206896551,3.907931034482758,1.0355172413793103,8
2023-09-03,AMMOD2_0584,AMMOD,AMMOD2,Site2,Maize,Insecta,Hymenoptera,Apocrita,Parasitica,Ichneumonoidea,Ichneumonidae,Ichneumoninae,Diadromus,collaris,5.311379310344828,5.228275862068966,1.1537931034482758,52
2023-09-03,AMMOD2_0585,AMMOD,AMMOD2,Site2,Maize,Insecta,Diptera,Nematocera,Bibionomorpha,Sciaroidea,Mycetophilidae,Mycetophilinae,Mycetophila,caudata,1.8561538461538463,3.6023076923076927,0.9615384615384617,1
2023-09-03,AMMOD2_0586,AMMOD,AMMOD2,Site2,Maize,Insecta,Hymenoptera,Apocrita,Aculeata,Cynipoidea,Figitidae,Eucoilinae,Kleidotoma,tetratoma,21.5063829787234,5.856666666666664,1.9010638297872344,3
2023-09-03,AMMOD2_0587,AMMOD,AMMOD2,Site2,Maize,Insecta,Diptera,Brachycera,Muscomorpha,Muscoidea,Anthomyiidae,Anthomyiinae,Delia,platura,4.8100000000000005,4.535,1.6749999999999998,1
2023-09-03,AMMOD2_0588,AMMOD,AMMOD2,Site2,Maize,Insecta,Hymenoptera,Apocrita,Parasitica,Chalcidoidea,Mymaridae,#child.Mymaridae,Anagrus,atomus,1.214,2.9839999999999995,0.8020000000000002,1
2023-08-23,AMMOD3_0589,AMMOD,AMMOD3,Site3,Meadow,Insecta,Diptera,Nematocera,Bibionomorpha,Sciaroidea,Sciaridae,#child.Sciaridae,Lycoriella,sativae,3.12,4.300000000000001,1.165,57
2023-08-23,AMMOD3_0590,AMMOD,AMMOD3,Site3,Meadow,Insecta,Diptera,Nematocera,Bibionomorpha,Bibionoidea,Bibionidae,Bibioninae,Dilophus,febrilis,1.8561538461538463,3.6023076923076927,0.9615384615384617,459
2023-08-23,AMMOD3_0591,AMMOD,AMMOD3,Site3,Meadow,Insecta,Diptera,Brachycera,Muscomorpha,Oestroidea,Tachinidae,Tachininae,Siphona,geniculata,8.696344827586204,5.522551724137931,1.7546666666666675,70
2023-08-23,AMMOD3_0592,AMMOD,AMMOD3,Site3,Meadow,Insecta,Diptera,Brachycera,Muscomorpha,Muscoidea,Anthomyiidae,Anthomyiinae,Delia,radicum,4.8100000000000005,4.535,1.6749999999999998,456
2023-08-23,AMMOD3_0593,AMMOD,AMMOD3,Site3,Meadow,Insecta,Lepidoptera,Glossata,Heterocera,Noctuoidea,Noctuidae,Noctuinae,Noctua,pronuba,1.95,3.9666666666666663,1.0333333333333334,355
2023-08-23,AMMOD3_0594,AMMOD,AMMOD3,Site3,Meadow,Insecta,Diptera,Brachycera,Muscomorpha,Muscoidea,Anthomyiidae,Anthomyiinae,Botanophila,fugax,4.8100000000000005,4.535,1.6749999999999998,154
2023-08-23,AMMOD3_0595,AMMOD,AMMOD3,Site3,Meadow,Insecta,Diptera,Nematocera,Bibionomorpha,Sciaroidea,Sciaridae,Sciarinae,Schwenckfeldina,carbonaria,3.12,4.300000000000001,1.165,397
2023-08-23,AMMOD3_0596,AMMOD,AMMOD3,Site3,Meadow,Insecta,Diptera,Brachycera,Muscomorpha,Phoroidea,Phoridae,Phorinae,Diplonevra,nitidula,1.2314285714285715,2.912857142857143,0.89,94
2023-08-23,AMMOD3_0597,AMMOD,AMMOD3,Site3,Meadow,Insecta,Diptera,Brachycera,Muscomorpha,Phoroidea,Phoridae,Phorinae,Triphleba,nudipalpis,1.2314285714285715,2.912857142857143,0.89,94
2023-08-23,AMMOD3_0598,AMMOD,AMMOD3,Site3,Meadow,Insecta,Diptera,Brachycera,Muscomorpha,Carnoidea,Chloropidae,Oscinellinae,Incertella,albipalpis,2.167586206896551,3.907931034482758,1.0355172413793103,166
2023-08-23,AMMOD3_0599,AMMOD,AMMOD3,Site3,Meadow,Insecta,Lepidoptera,Glossata,Heterocera,Noctuoidea,Noctuidae,Noctuinae,Mythimna,pallens,1.95,3.9666666666666663,1.0333333333333334,329
2023-08-23,AMMOD3_0600,AMMOD,AMMOD3,Site3,Meadow,Insecta,Diptera,Nematocera,Bibionomorpha,Sciaroidea,Cecidomyiidae,Cecidomyiinae,Anaretella,iola,1.6263636363636365,3.475454545454545,0.9245454545454546,19
2023-08-23,AMMOD3_0601,AMMOD,AMMOD3,Site3,Meadow,Insecta,Diptera,Brachycera,Muscomorpha,Syrphoidea,Syrphidae,Syrphinae,Episyrphus,balteatus,12.29572580645161,7.508467741935483,2.1483064516129025,142
2023-08-23,AMMOD3_0602,AMMOD,AMMOD3,Site3,Meadow,Insecta,Diptera,Brachycera,Muscomorpha,Muscoidea,Anthomyiidae,Anthomyiinae,Delia,florilega,4.8100000000000005,4.535,1.6749999999999998,42
2023-08-23,AMMOD3_0603,AMMOD,AMMOD3,Site3,Meadow,Insecta,Hymenoptera,Apocrita,Parasitica,Ichneumonoidea,Ichneumonidae,Phygadeuontinae,Phygadeuon,trichops,5.311379310344828,5.228275862068966,1.1537931034482758,41
2023-08-23,AMMOD3_0604,AMMOD,AMMOD3,Site3,Meadow,Insecta,Diptera,Brachycera,Muscomorpha,Oestroidea,Polleniidae,#child.Polleniidae,Pollenia,rudis,8.696344827586204,5.522551724137931,1.7546666666666675,22
2023-08-23,AMMOD3_0605,AMMOD,AMMOD3,Site3,Meadow,Insecta,Diptera,Brachycera,Asilomorpha,Empidoidea,Dolichopodidae,Medeterinae,Medetera,pallipes,3.9976666666666674,3.9993333333333334,1.274,34
2023-08-23,AMMOD3_0606,AMMOD,AMMOD3,Site3,Meadow,Insecta,Diptera,Brachycera,Muscomorpha,Oestroidea,Tachinidae,Exoristinae,Lydella,grisescens,8.696344827586204,5.522551724137931,1.7546666666666675,14
2023-08-23,AMMOD3_0607,AMMOD,AMMOD3,Site3,Meadow,Insecta,Diptera,Brachycera,Muscomorpha,Muscoidea,Muscidae,Limnophorini (Tribu),Limnophora,tigrina,13.525750000000013,5.991083333333332,2.2562500000000005,34
2023-08-23,AMMOD3_0608,AMMOD,AMMOD3,Site3,Meadow,Insecta,Diptera,Nematocera,Bibionomorpha,Sciaroidea,Sciaridae,Megalosphyinae,Bradysia,urticae,3.12,4.300000000000001,1.165,6
2023-08-23,AMMOD3_0609,AMMOD,AMMOD3,Site3,Meadow,Insecta,Diptera,Brachycera,Muscomorpha,Opomyzoidea,Agromyzidae,Phytomyzinae,Phytomyza,rufipes,1.27,3.23,0.8766666666666666,60
2023-08-23,AMMOD3_0610,AMMOD,AMMOD3,Site3,Meadow,Insecta,Diptera,Brachycera,Muscomorpha,Muscoidea,Scathophagidae,Scathophaginae,Scathophaga,stercoraria,3.1525,3.5658333333333325,1.1741666666666666,313
2023-08-23,AMMOD3_0611,AMMOD,AMMOD3,Site3,Meadow,Insecta,Diptera,Brachycera,Asilomorpha,Asiloidea,Asilidae,Asilinae,Tolmerus,atricapillus,5.96,10.965,1.52,42
2023-08-23,AMMOD3_0612,AMMOD,AMMOD3,Site3,Meadow,Insecta,Diptera,Brachycera,Muscomorpha,Muscoidea,Fanniidae,#child.Fanniidae,Fannia,canicularis,6.208333333333333,3.9266666666666663,1.413333333333333,54
2023-08-23,AMMOD3_0613,AMMOD,AMMOD3,Site3,Meadow,Insecta,Diptera,Brachycera,Muscomorpha,Phoroidea,Phoridae,Metopininae,Megaselia,manicata,1.2314285714285715,2.912857142857143,0.89,226
2023-08-23,AMMOD3_0614,AMMOD,AMMOD3,Site3,Meadow,Insecta,Diptera,Brachycera,Muscomorpha,Phoroidea,Lonchopteridae,#child.Lonchopteridae,Lonchoptera,lutea,0.8860000000000001,2.662,0.7869999999999999,5
2023-08-23,AMMOD3_0615,AMMOD,AMMOD3,Site3,Meadow,Insecta,Diptera,Nematocera,Culicomorpha,Culicoidea,Culicidae,Culicinae,Culex,pipiens,1.84,4.54,0.99,2
2023-08-23,AMMOD3_0616,AMMOD,AMMOD3,Site3,Meadow,Insecta,Diptera,Brachycera,Muscomorpha,Oestroidea,Tachinidae,Phasiinae,Cylindromyia,brassicaria,8.696344827586204,5.522551724137931,1.7546666666666675,107
2023-08-23,AMMOD3_0617,AMMOD,AMMOD3,Site3,Meadow,Insecta,Diptera,Brachycera,Muscomorpha,Phoroidea,Phoridae,Metopininae,Megaselia,albicans,1.2314285714285715,2.912857142857143,0.89,22
2023-08-23,AMMOD3_0618,AMMOD,AMMOD3,Site3,Meadow,Insecta,Diptera,Brachycera,Muscomorpha,Oestroidea,Tachinidae,Tachininae,Tachina,fera,8.696344827586204,5.522551724137931,1.7546666666666675,4
2023-08-23,AMMOD3_0619,AMMOD,AMMOD3,Site3,Meadow,Insecta,Lepidoptera,Glossata,Heterocera,Gracillarioidea,Gracillariidae,Gracillariinae,Phyllonorycter,rajella,1.95,3.9666666666666663,1.0333333333333334,4
2023-08-23,AMMOD3_0620,AMMOD,AMMOD3,Site3,Meadow,Insecta,Hymenoptera,Apocrita,Parasitica,Ichneumonoidea,Ichneumonidae,Anomaloninae,Erigorgus,cerinops,5.311379310344828,5.228275862068966,1.1537931034482758,89
2023-08-23,AMMOD3_0621,AMMOD,AMMOD3,Site3,Meadow,Insecta,Hymenoptera,Apocrita,Parasitica,Ichneumonoidea,Ichneumonidae,Phygadeuontinae,Ethelurgus,sodalis,5.311379310344828,5.228275862068966,1.1537931034482758,60
2023-08-23,AMMOD3_0622,AMMOD,AMMOD3,Site3,Meadow,Insecta,Diptera,Brachycera,Muscomorpha,Phoroidea,Phoridae,Phorinae,Phora,atra,1.2314285714285715,2.912857142857143,0.89,16
2023-08-23,AMMOD3_0623,AMMOD,AMMOD3,Site3,Meadow,Insecta,Hymenoptera,Apocrita,Aculeata,Apoidea,Halictidae,Halictinae,Lasioglossum,pauxillum,64.4823076923077,8.925897435897436,3.27948717948718,10
2023-08-23,AMMOD3_0624,AMMOD,AMMOD3,Site3,Meadow,Insecta,Diptera,Brachycera,Muscomorpha,Opomyzoidea,Agromyzidae,Agromyzinae,Ophiomyia,nasuta,1.27,3.23,0.8766666666666666,8
2023-08-23,AMMOD3_0625,AMMOD,AMMOD3,Site3,Meadow,Insecta,Hymenoptera,Apocrita,Aculeata,Pompiloidea,Mutillidae,Myrmosinae,Myrmosa,atra,21.5063829787234,5.856666666666664,1.9010638297872344,41
2023-08-23,AMMOD3_0626,AMMOD,AMMOD3,Site3,Meadow,Insecta,Hymenoptera,Apocrita,Parasitica,Ichneumonoidea,Ichneumonidae,Hybrizontinae,Hybrizon,buccatus,5.311379310344828,5.228275862068966,1.1537931034482758,40
2023-08-23,AMMOD3_0627,AMMOD,AMMOD3,Site3,Meadow,Insecta,Hymenoptera,Apocrita,Parasitica,Ichneumonoidea,Ichneumonidae,Campopleginae,Campoletis,annulata,5.311379310344828,5.228275862068966,1.1537931034482758,9
2023-08-23,AMMOD3_0628,AMMOD,AMMOD3,Site3,Meadow,Insecta,Hymenoptera,Apocrita,Aculeata,Chrysidoidea,Bethylidae,Epyrinae,Epyris,niger,1.59,4.02,0.89,2
2023-08-23,AMMOD3_0629,AMMOD,AMMOD3,Site3,Meadow,Insecta,Orthoptera,Caelifera,Acrididea,Acridoidea,Acrididae,Gomphocerinae,Chorthippus,albomarginatus,114.27214285714287,17.234285714285715,3.2835714285714284,22
2023-08-23,AMMOD3_0630,AMMOD,AMMOD3,Site3,Meadow,Malacostraca,Isopoda,Oniscidea,Holoverticata,#child.Holoverticata,Trachelipodidae,#child.Trachelipodidae,Trachelipus,rathkii,2.407777777777778,3.8177777777777777,1.458888888888889,1
2023-08-23,AMMOD3_0631,AMMOD,AMMOD3,Site3,Meadow,Insecta,Hymenoptera,Apocrita,Proctotrupomorpha,Platygastroidea,Scelionidae,Scelioninae,Triteleia,peyerimhoffi,0.21,1.7,0.49,7
2023-08-23,AMMOD3_0632,AMMOD,AMMOD3,Site3,Meadow,Insecta,Hymenoptera,Apocrita,Aculeata,Vespoidea,Vespidae,Eumeninae,Ancistrocerus,gazella,71.46,13.613333333333335,4.026666666666666,7
2023-08-23,AMMOD3_0633,AMMOD,AMMOD3,Site3,Meadow,Insecta,Diptera,Brachycera,Muscomorpha,Oestroidea,Tachinidae,Phasiinae,Phania,funesta,8.696344827586204,5.522551724137931,1.7546666666666675,5
2023-08-24,AMMOD3_0634,AMMOD,AMMOD3,Site3,Meadow,Insecta,Diptera,Nematocera,Bibionomorpha,Sciaroidea,Sciaridae,#child.Sciaridae,Lycoriella,sativae,3.12,4.300000000000001,1.165,3
2023-08-24,AMMOD3_0635,AMMOD,AMMOD3,Site3,Meadow,Insecta,Hymenoptera,Apocrita,Aculeata,Vespoidea,Vespidae,Vespinae,Vespula,germanica,71.46,13.613333333333335,4.026666666666666,3
2023-08-24,AMMOD3_0636,AMMOD,AMMOD3,Site3,Meadow,Insecta,Diptera,Brachycera,Muscomorpha,Muscoidea,Anthomyiidae,Anthomyiinae,Delia,radicum,4.8100000000000005,4.535,1.6749999999999998,732
2023-08-24,AMMOD3_0637,AMMOD,AMMOD3,Site3,Meadow,Insecta,Lepidoptera,Glossata,Heterocera,Noctuoidea,Noctuidae,Noctuinae,Noctua,pronuba,1.95,3.9666666666666663,1.0333333333333334,461
2023-08-24,AMMOD3_0638,AMMOD,AMMOD3,Site3,Meadow,Insecta,Diptera,Brachycera,Muscomorpha,Muscoidea,Muscidae,Phaoniinae,Phaonia,tuguriorum,13.525750000000013,5.991083333333332,2.2562500000000005,66
2023-08-24,AMMOD3_0639,AMMOD,AMMOD3,Site3,Meadow,Insecta,Lepidoptera,Glossata,Heterocera,Noctuoidea,Noctuidae,Noctuinae,Hoplodrina,ambigua,1.95,3.9666666666666663,1.0333333333333334,620
2023-08-24,AMMOD3_0640,AMMOD,AMMOD3,Site3,Meadow,Insecta,Diptera,Brachycera,Muscomorpha,Muscoidea,Anthomyiidae,Anthomyiinae,Botanophila,fugax,4.8100000000000005,4.535,1.6749999999999998,6
2023-08-24,AMMOD3_0641,AMMOD,AMMOD3,Site3,Meadow,Insecta,Diptera,Brachycera,Asilomorpha,Empidoidea,Dolichopodidae,Medeterinae,Medetera,jacula,3.9976666666666674,3.9993333333333334,1.274,78
2023-08-24,AMMOD3_0642,AMMOD,AMMOD3,Site3,Meadow,Insecta,Diptera,Brachycera,Muscomorpha,Syrphoidea,Syrphidae,Syrphinae,Melanostoma,mellinum,12.29572580645161,7.508467741935483,2.1483064516129025,54
2023-08-24,AMMOD3_0643,AMMOD,AMMOD3,Site3,Meadow,Insecta,Diptera,Brachycera,Muscomorpha,Phoroidea,Phoridae,Phorinae,Triphleba,nudipalpis,1.2314285714285715,2.912857142857143,0.89,108
2023-08-24,AMMOD3_0644,AMMOD,AMMOD3,Site3,Meadow,Insecta,Diptera,Brachycera,Muscomorpha,Carnoidea,Chloropidae,Oscinellinae,Incertella,albipalpis,2.167586206896551,3.907931034482758,1.0355172413793103,20
2023-08-24,AMMOD3_0645,AMMOD,AMMOD3,Site3,Meadow,Insecta,Lepidoptera,Glossata,Heterocera,Noctuoidea,Noctuidae,Noctuinae,Mythimna,pallens,1.95,3.9666666666666663,1.0333333333333334,248
2023-08-24,AMMOD3_0646,AMMOD,AMMOD3,Site3,Meadow,Insecta,Diptera,Brachycera,Muscomorpha,Syrphoidea,Syrphidae,Syrphinae,Episyrphus,balteatus,12.29572580645161,7.508467741935483,2.1483064516129025,327
2023-08-24,AMMOD3_0647,AMMOD,AMMOD3,Site3,Meadow,Insecta,Diptera,Brachycera,Muscomorpha,Muscoidea,Anthomyiidae,Anthomyiinae,Delia,florilega,4.8100000000000005,4.535,1.6749999999999998,87
2023-08-24,AMMOD3_0648,AMMOD,AMMOD3,Site3,Meadow,Insecta,Diptera,Brachycera,Muscomorpha,Oestroidea,Sarcophagidae,Sarcophaginae,Sarcophaga,variegata,8.696344827586204,5.522551724137931,1.7546666666666675,225
2023-08-24,AMMOD3_0649,AMMOD,AMMOD3,Site3,Meadow,Insecta,Diptera,Brachycera,Muscomorpha,Muscoidea,Fanniidae,#child.Fanniidae,Fannia,latipalpis,6.208333333333333,3.9266666666666663,1.413333333333333,3
2023-08-24,AMMOD3_0650,AMMOD,AMMOD3,Site3,Meadow,Insecta,Diptera,Brachycera,Muscomorpha,Lonchaeoidea,Lonchaeidae,Lonchaeinae,Lonchaea,sylvatica,8.696344827586204,5.522551724137931,1.7546666666666675,18
2023-08-24,AMMOD3_0651,AMMOD,AMMOD3,Site3,Meadow,Insecta,Diptera,Brachycera,Muscomorpha,Oestroidea,Polleniidae,#child.Polleniidae,Pollenia,rudis,8.696344827586204,5.522551724137931,1.7546666666666675,24
2023-08-24,AMMOD3_0652,AMMOD,AMMOD3,Site3,Meadow,Insecta,Diptera,Brachycera,Asilomorpha,Empidoidea,Dolichopodidae,Medeterinae,Medetera,pallipes,3.9976666666666674,3.9993333333333334,1.274,74
2023-08-24,AMMOD3_0653,AMMOD,AMMOD3,Site3,Meadow,Insecta,Diptera,Nematocera,Bibionomorpha,Sciaroidea,Mycetophilidae,Mycetophilinae,Platurocypta,punctum,1.8561538461538463,3.6023076923076927,0.9615384615384617,61
2023-08-24,AMMOD3_0654,AMMOD,AMMOD3,Site3,Meadow,Insecta,Diptera,Brachycera,Muscomorpha,Muscoidea,Muscidae,Limnophorini (Tribu),Limnophora,tigrina,13.525750000000013,5.991083333333332,2.2562500000000005,25
2023-08-24,AMMOD3_0655,AMMOD,AMMOD3,Site3,Meadow,Insecta,Diptera,Brachycera,Muscomorpha,Opomyzoidea,Opomyzidae,Opomyzinae,Opomyza,germinationis,1.27,3.23,0.8766666666666666,10
2023-08-24,AMMOD3_0656,AMMOD,AMMOD3,Site3,Meadow,Insecta,Diptera,Nematocera,Culicomorpha,Culicoidea,Culicidae,Culicinae,Aedes,vexans,1.84,4.54,0.99,17
2023-08-24,AMMOD3_0657,AMMOD,AMMOD3,Site3,Meadow,Insecta,Coleoptera,Polyphaga,Cucujiformia,Tenebrionoidea,Mordellidae,Mordellinae,Tomoxia,bucephala,13.394999999999998,7.646249999999999,2.03375,386
2023-08-24,AMMOD3_0658,AMMOD,AMMOD3,Site3,Meadow,Insecta,Dermaptera,Forficulina,Epidermaptera,Forficuloidea,Forficulidae,Forficulinae,Forficula,auricularia,17.54017241379311,7.183448275862067,1.789482758620689,144
2023-08-24,AMMOD3_0659,AMMOD,AMMOD3,Site3,Meadow,Insecta,Diptera,Brachycera,Muscomorpha,Oestroidea,Tachinidae,Tachininae,Tachina,fera,8.696344827586204,5.522551724137931,1.7546666666666675,39
2023-08-24,AMMOD3_0660,AMMOD,AMMOD3,Site3,Meadow,Insecta,Lepidoptera,Glossata,Heterocera,Tortricoidea,Tortricidae,Olethreutinae,Grapholita,compositella,1.95,3.9666666666666663,1.0333333333333334,76
2023-08-24,AMMOD3_0661,AMMOD,AMMOD3,Site3,Meadow,Insecta,Diptera,Brachycera,Muscomorpha,Oestroidea,Tachinidae,Tachininae,Linnaemya,tessellans,8.696344827586204,5.522551724137931,1.7546666666666675,61
2023-08-24,AMMOD3_0662,AMMOD,AMMOD3,Site3,Meadow,Insecta,Hemiptera,Heteroptera,Pentatomomorpha,Miroidea,Miridae,Mirinae,Lygus,pratensis,7.53303886925795,5.821802120141343,1.8166077738515907,56
2023-08-24,AMMOD3_0663,AMMOD,AMMOD3,Site3,Meadow,Insecta,Diptera,Brachycera,Muscomorpha,Oestroidea,Sarcophagidae,Sarcophaginae,Blaesoxipha,laticornis,8.696344827586204,5.522551724137931,1.7546666666666675,46
2023-08-24,AMMOD3_0664,AMMOD,AMMOD3,Site3,Meadow,Insecta,Diptera,Brachycera,Muscomorpha,Syrphoidea,Pipunculidae,Chalarinae,Chalarus,spurius,1.6675,3.1899999999999995,1.1375,36
2023-08-24,AMMOD3_0665,AMMOD,AMMOD3,Site3,Meadow,Insecta,Hymenoptera,Apocrita,Parasitica,Ichneumonoidea,Ichneumonidae,Campopleginae,Dusona,opaca,5.311379310344828,5.228275862068966,1.1537931034482758,8
2023-08-24,AMMOD3_0666,AMMOD,AMMOD3,Site3,Meadow,Insecta,Hymenoptera,Apocrita,Parasitica,Ichneumonoidea,Ichneumonidae,Campopleginae,Diadegma,chrysostictos,5.311379310344828,5.228275862068966,1.1537931034482758,25
2023-08-24,AMMOD3_0667,AMMOD,AMMOD3,Site3,Meadow,Insecta,Hemiptera,Heteroptera,Pentatomomorpha,Lygaeoidea,Rhyparochromidae,Rhyparochrominae,Rhyparochromus,vulgaris,4.595,3.9050000000000002,1.7349999999999999,15
2023-08-24,AMMOD3_0668,AMMOD,AMMOD3,Site3,Meadow,Insecta,Hymenoptera,Apocrita,Aculeata,Chrysidoidea,Bethylidae,Epyrinae,Epyris,niger,1.59,4.02,0.89,22
2023-08-24,AMMOD3_0669,AMMOD,AMMOD3,Site3,Meadow,Insecta,Diptera,Brachycera,Muscomorpha,Sciomyzoidea,Sepsidae,Sepsinae,Themira,putris,1.5423809523809524,3.3747619047619057,0.9642857142857143,24
2023-08-24,AMMOD3_0670,AMMOD,AMMOD3,Site3,Meadow,Insecta,Diptera,Brachycera,Muscomorpha,Oestroidea,Tachinidae,Tachininae,Actia,lamia,8.696344827586204,5.522551724137931,1.7546666666666675,6
2023-08-24,AMMOD3_0671,AMMOD,AMMOD3,Site3,Meadow,Insecta,Coleoptera,Polyphaga,Cucujiformia,Curculionoidea,Attelabidae,Rhynchitinae,Auletobius,anceps,2.59962962962963,3.2672222222222227,1.1698148148148149,1
2023-08-25,AMMOD3_0672,AMMOD,AMMOD3,Site3,Meadow,Insecta,Diptera,Nematocera,Bibionomorpha,Sciaroidea,Sciaridae,#child.Sciaridae,Lycoriella,sativae,3.12,4.300000000000001,1.165,61
2023-08-25,AMMOD3_0673,AMMOD,AMMOD3,Site3,Meadow,Insecta,Diptera,Brachycera,Muscomorpha,Oestroidea,Tachinidae,Tachininae,Siphona,geniculata,8.696344827586204,5.522551724137931,1.7546666666666675,117
2023-08-25,AMMOD3_0674,AMMOD,AMMOD3,Site3,Meadow,Insecta,Diptera,Brachycera,Asilomorpha,Empidoidea,Dolichopodidae,Diaphorinae,Argyra,leucocephala,3.9976666666666674,3.9993333333333334,1.274,23
2023-08-25,AMMOD3_0675,AMMOD,AMMOD3,Site3,Meadow,Insecta,Diptera,Brachycera,Muscomorpha,Lauxanioidea,Lauxaniidae,Lauxaniinae,Calliopum,aeneum,3.3925757575757585,4.098636363636362,1.2430303030303027,2319
2023-08-25,AMMOD3_0676,AMMOD,AMMOD3,Site3,Meadow,Insecta,Diptera,Brachycera,Muscomorpha,Muscoidea,Fanniidae,#child.Fanniidae,Fannia,armata,6.208333333333333,3.9266666666666663,1.413333333333333,643
2023-08-25,AMMOD3_0677,AMMOD,AMMOD3,Site3,Meadow,Insecta,Diptera,Brachycera,Muscomorpha,Muscoidea,Anthomyiidae,Anthomyiinae,Delia,radicum,4.8100000000000005,4.535,1.6749999999999998,532
2023-08-25,AMMOD3_0678,AMMOD,AMMOD3,Site3,Meadow,Insecta,Lepidoptera,Glossata,Heterocera,Noctuoidea,Noctuidae,Noctuinae,Noctua,pronuba,1.95,3.9666666666666663,1.0333333333333334,85
2023-08-25,AMMOD3_0679,AMMOD,AMMOD3,Site3,Meadow,Insecta,Diptera,Brachycera,Muscomorpha,Muscoidea,Muscidae,Phaoniinae,Phaonia,tuguriorum,13.525750000000013,5.991083333333332,2.2562500000000005,4
2023-08-25,AMMOD3_0680,AMMOD,AMMOD3,Site3,Meadow,Insecta,Diptera,Brachycera,Muscomorpha,Muscoidea,Anthomyiidae,Anthomyiinae,Botanophila,fugax,4.8100000000000005,4.535,1.6749999999999998,204
2023-08-25,AMMOD3_0681,AMMOD,AMMOD3,Site3,Meadow,Insecta,Diptera,Nematocera,Bibionomorpha,Sciaroidea,Sciaridae,Sciarinae,Schwenckfeldina,carbonaria,3.12,4.300000000000001,1.165,28
2023-08-25,AMMOD3_0682,AMMOD,AMMOD3,Site3,Meadow,Insecta,Diptera,Brachycera,Muscomorpha,Phoroidea,Phoridae,Phorinae,Diplonevra,nitidula,1.2314285714285715,2.912857142857143,0.89,38
2023-08-25,AMMOD3_0683,AMMOD,AMMOD3,Site3,Meadow,Insecta,Diptera,Brachycera,Muscomorpha,Phoroidea,Phoridae,Phorinae,Triphleba,nudipalpis,1.2314285714285715,2.912857142857143,0.89,4
2023-08-25,AMMOD3_0684,AMMOD,AMMOD3,Site3,Meadow,Insecta,Diptera,Brachycera,Muscomorpha,Carnoidea,Chloropidae,Oscinellinae,Incertella,albipalpis,2.167586206896551,3.907931034482758,1.0355172413793103,91
2023-08-25,AMMOD3_0685,AMMOD,AMMOD3,Site3,Meadow,Insecta,Lepidoptera,Glossata,Heterocera,Noctuoidea,Noctuidae,Noctuinae,Mythimna,pallens,1.95,3.9666666666666663,1.0333333333333334,24
2023-08-25,AMMOD3_0686,AMMOD,AMMOD3,Site3,Meadow,Insecta,Diptera,Brachycera,Muscomorpha,Syrphoidea,Syrphidae,Syrphinae,Episyrphus,balteatus,12.29572580645161,7.508467741935483,2.1483064516129025,133
2023-08-25,AMMOD3_0687,AMMOD,AMMOD3,Site3,Meadow,Insecta,Diptera,Brachycera,Muscomorpha,Oestroidea,Sarcophagidae,Sarcophaginae,Sarcophaga,variegata,8.696344827586204,5.522551724137931,1.7546666666666675,59
2023-08-25,AMMOD3_0688,AMMOD,AMMOD3,Site3,Meadow,Insecta,Diptera,Brachycera,Muscomorpha,Sphaeroceroidea,Heleomyzidae,Heleomyzinae,Tephrochlamys,rufiventris,8.696344827586204,5.522551724137931,1.7546666666666675,8
2023-08-25,AMMOD3_0689,AMMOD,AMMOD3,Site3,Meadow,Insecta,Diptera,Brachycera,Tabanomorpha,Tabanoidea,Tabanidae,Chrysopsinae,Chrysops,caecutiens,2.56,4.18,1.21,18
2023-08-25,AMMOD3_0690,AMMOD,AMMOD3,Site3,Meadow,Insecta,Hymenoptera,Apocrita,Parasitica,Ichneumonoidea,Ichneumonidae,Phygadeuontinae,Phygadeuon,trichops,5.311379310344828,5.228275862068966,1.1537931034482758,67
2023-08-25,AMMOD3_0691,AMMOD,AMMOD3,Site3,Meadow,Insecta,Diptera,Nematocera,Bibionomorpha,Sciaroidea,Sciaridae,Megalosphyinae,Bradysia,trivittata,3.12,4.300000000000001,1.165,104
2023-08-25,AMMOD3_0692,AMMOD,AMMOD3,Site3,Meadow,Insecta,Diptera,Nematocera,Bibionomorpha,Sciaroidea,Sciaridae,Megalosphyinae,Bradysia,urticae,3.12,4.300000000000001,1.165,23
2023-08-25,AMMOD3_0693,AMMOD,AMMOD3,Site3,Meadow,Insecta,Diptera,Brachycera,Muscomorpha,Opomyzoidea,Agromyzidae,Phytomyzinae,Phytomyza,rufipes,1.27,3.23,0.8766666666666666,3
2023-08-25,AMMOD3_0694,AMMOD,AMMOD3,Site3,Meadow,Insecta,Diptera,Brachycera,Muscomorpha,Muscoidea,Scathophagidae,Scathophaginae,Scathophaga,stercoraria,3.1525,3.5658333333333325,1.1741666666666666,37
2023-08-25,AMMOD3_0695,AMMOD,AMMOD3,Site3,Meadow,Insecta,Hymenoptera,Apocrita,Aculeata,Formicoidea,Formicidae,Formicinae,Lasius,flavus,3.0777551020408147,4.416530612244895,1.2977551020408162,18
2023-08-25,AMMOD3_0696,AMMOD,AMMOD3,Site3,Meadow,Insecta,Diptera,Nematocera,Bibionomorpha,Sciaroidea,Sciaridae,Sciarinae,Corynoptera,perpusilla,3.12,4.300000000000001,1.165,45
2023-08-25,AMMOD3_0697,AMMOD,AMMOD3,Site3,Meadow,Insecta,Lepidoptera,Glossata,Heterocera,Gracillarioidea,Gracillariidae,Gracillariinae,Phyllonorycter,tenerella,1.95,3.9666666666666663,1.0333333333333334,449
2023-08-25,AMMOD3_0698,AMMOD,AMMOD3,Site3,Meadow,Insecta,Lepidoptera,Glossata,Heterocera,Yponomeutoidea,Plutellidae,Plutellinae,Plutella,xylostella,1.95,3.9666666666666663,1.0333333333333334,15
2023-08-25,AMMOD3_0699,AMMOD,AMMOD3,Site3,Meadow,Insecta,Diptera,Brachycera,Muscomorpha,Muscoidea,Muscidae,Mydaeinae,Hebecnema,umbratica,13.525750000000013,5.991083333333332,2.2562500000000005,1
2023-08-25,AMMOD3_0700,AMMOD,AMMOD3,Site3,Meadow,Insecta,Diptera,Brachycera,Muscomorpha,Phoroidea,Lonchopteridae,#child.Lonchopteridae,Lonchoptera,lutea,0.8860000000000001,2.662,0.7869999999999999,21
2023-08-25,AMMOD3_0701,AMMOD,AMMOD3,Site3,Meadow,Insecta,Lepidoptera,Glossata,Heterocera,Noctuoidea,Noctuidae,Noctuinae,Mythimna,albipuncta,1.95,3.9666666666666663,1.0333333333333334,181
2023-08-25,AMMOD3_0702,AMMOD,AMMOD3,Site3,Meadow,Insecta,Diptera,Brachycera,Muscomorpha,Sphaeroceroidea,Sphaeroceridae,Limosininae,Pullimosina,pullula,8.696344827586204,5.522551724137931,1.7546666666666675,1
2023-08-25,AMMOD3_0703,AMMOD,AMMOD3,Site3,Meadow,Insecta,Diptera,Brachycera,Asilomorpha,Empidoidea,Dolichopodidae,Diaphorinae,Chrysotus,pulchellus,3.9976666666666674,3.9993333333333334,1.274,4
2023-08-25,AMMOD3_0704,AMMOD,AMMOD3,Site3,Meadow,Insecta,Diptera,Brachycera,Muscomorpha,Syrphoidea,Pipunculidae,Pipunculinae,Eudorylas,zermattensis,1.6675,3.1899999999999995,1.1375,29
2023-08-25,AMMOD3_0705,AMMOD,AMMOD3,Site3,Meadow,Insecta,Psocoptera,Psocomorpha,Caeciliusetae,Caeciliusoidea,Amphipsocidae,Amphipsocinae,Kolbia,quisquiliarum,24.284088427947573,6.536784934497831,2.114448689956332,13
2023-08-25,AMMOD3_0706,AMMOD,AMMOD3,Site3,Meadow,Insecta,Diptera,Brachycera,Muscomorpha,Phoroidea,Phoridae,Metopininae,Megaselia,albicans,1.2314285714285715,2.912857142857143,0.89,32
2023-08-25,AMMOD3_0707,AMMOD,AMMOD3,Site3,Meadow,Insecta,Lepidoptera,Glossata,Heterocera,Gracillarioidea,Gracillariidae,Gracillariinae,Phyllonorycter,rajella,1.95,3.9666666666666663,1.0333333333333334,121
2023-08-25,AMMOD3_0708,AMMOD,AMMOD3,Site3,Meadow,Insecta,Diptera,Brachycera,Muscomorpha,Oestroidea,Tachinidae,Phasiinae,Leucostoma,simplex,8.696344827586204,5.522551724137931,1.7546666666666675,63
2023-08-25,AMMOD3_0709,AMMOD,AMMOD3,Site3,Meadow,Insecta,Diptera,Nematocera,Psychodomorpha,Psychodoidea,Psychodidae,Psychodinae,Psychoda,alternata,7.582499999999999,5.904,1.128,16
2023-08-25,AMMOD3_0710,AMMOD,AMMOD3,Site3,Meadow,Insecta,Diptera,Nematocera,Bibionomorpha,Sciaroidea,Cecidomyiidae,Porricondylinae,Porricondyla,nigripennis,1.6263636363636365,3.475454545454545,0.9245454545454546,9
2023-08-25,AMMOD3_0711,AMMOD,AMMOD3,Site3,Meadow,Insecta,Diptera,Brachycera,Asilomorpha,Empidoidea,Hybotidae,Tachydromiinae,Elaphropeza,ephippiata,5.423030303030302,4.323939393939395,1.3303030303030303,19
2023-08-25,AMMOD3_0712,AMMOD,AMMOD3,Site3,Meadow,Insecta,Diptera,Brachycera,Asilomorpha,Empidoidea,Empididae,Empidinae,Empis,tessellata,19.676666666666666,7.57,1.8933333333333333,5
2023-08-26,AMMOD3_0713,AMMOD,AMMOD3,Site3,Meadow,Insecta,Diptera,Nematocera,Bibionomorpha,Sciaroidea,Sciaridae,#child.Sciaridae,Lycoriella,sativae,3.12,4.300000000000001,1.165,112
2023-08-26,AMMOD3_0714,AMMOD,AMMOD3,Site3,Meadow,Insecta,Diptera,Nematocera,Culicomorpha,Culicoidea,Ceratopogonidae,Forcipomyiinae,Forcipomyia,bipunctata,0.9550000000000001,3.165,0.7849999999999999,7
2023-08-26,AMMOD3_0715,AMMOD,AMMOD3,Site3,Meadow,Insecta,Diptera,Brachycera,Muscomorpha,Oestroidea,Tachinidae,Tachininae,Siphona,geniculata,8.696344827586204,5.522551724137931,1.7546666666666675,154
2023-08-26,AMMOD3_0716,AMMOD,AMMOD3,Site3,Meadow,Insecta,Hymenoptera,Apocrita,Aculeata,Vespoidea,Vespidae,Vespinae,Vespula,germanica,71.46,13.613333333333335,4.026666666666666,23
2023-08-26,AMMOD3_0717,AMMOD,AMMOD3,Site3,Meadow,Insecta,Diptera,Brachycera,Asilomorpha,Empidoidea,Dolichopodidae,Diaphorinae,Argyra,leucocephala,3.9976666666666674,3.9993333333333334,1.274,1
2023-08-26,AMMOD3_0718,AMMOD,AMMOD3,Site3,Meadow,Insecta,Diptera,Brachycera,Muscomorpha,Lauxanioidea,Lauxaniidae,Lauxaniinae,Calliopum,aeneum,3.3925757575757585,4.098636363636362,1.2430303030303027,184
2023-08-26,AMMOD3_0719,AMMOD,AMMOD3,Site3,Meadow,Insecta,Diptera,Brachycera,Muscomorpha,Muscoidea,Fanniidae,#child.Fanniidae,Fannia,armata,6.208333333333333,3.9266666666666663,1.413333333333333,144
2023-08-26,AMMOD3_0720,AMMOD,AMMOD3,Site3,Meadow,Insecta,Diptera,Brachycera,Muscomorpha,Muscoidea,Anthomyiidae,Anthomyiinae,Delia,radicum,4.8100000000000005,4.535,1.6749999999999998,306
2023-08-26,AMMOD3_0721,AMMOD,AMMOD3,Site3,Meadow,Insecta,Diptera,Nematocera,Tipulomorpha,Tipuloidea,Tipulidae,Tipulinae,Tipula,paludosa,25.121999999999996,12.984,1.698,338
2023-08-26,AMMOD3_0722,AMMOD,AMMOD3,Site3,Meadow,Insecta,Diptera,Brachycera,Muscomorpha,Muscoidea,Muscidae,Phaoniinae,Phaonia,tuguriorum,13.525750000000013,5.991083333333332,2.2562500000000005,1009
2023-08-26,AMMOD3_0723,AMMOD,AMMOD3,Site3,Meadow,Insecta,Lepidoptera,Glossata,Heterocera,Noctuoidea,Noctuidae,Noctuinae,Hoplodrina,ambigua,1.95,3.9666666666666663,1.0333333333333334,6
2023-08-26,AMMOD3_0724,AMMOD,AMMOD3,Site3,Meadow,Insecta,Diptera,Nematocera,Bibionomorpha,Sciaroidea,Sciaridae,Sciarinae,Schwenckfeldina,carbonaria,3.12,4.300000000000001,1.165,155
2023-08-26,AMMOD3_0725,AMMOD,AMMOD3,Site3,Meadow,Insecta,Diptera,Brachycera,Muscomorpha,Phoroidea,Phoridae,Phorinae,Diplonevra,nitidula,1.2314285714285715,2.912857142857143,0.89,134
2023-08-26,AMMOD3_0726,AMMOD,AMMOD3,Site3,Meadow,Insecta,Diptera,Brachycera,Muscomorpha,Syrphoidea,Syrphidae,Syrphinae,Melanostoma,mellinum,12.29572580645161,7.508467741935483,2.1483064516129025,1
2023-08-26,AMMOD3_0727,AMMOD,AMMOD3,Site3,Meadow,Insecta,Diptera,Brachycera,Muscomorpha,Carnoidea,Chloropidae,Oscinellinae,Incertella,albipalpis,2.167586206896551,3.907931034482758,1.0355172413793103,264
2023-08-26,AMMOD3_0728,AMMOD,AMMOD3,Site3,Meadow,Insecta,Lepidoptera,Glossata,Heterocera,Noctuoidea,Noctuidae,Noctuinae,Mythimna,pallens,1.95,3.9666666666666663,1.0333333333333334,522
2023-08-26,AMMOD3_0729,AMMOD,AMMOD3,Site3,Meadow,Insecta,Diptera,Brachycera,Muscomorpha,Syrphoidea,Syrphidae,Syrphinae,Episyrphus,balteatus,12.29572580645161,7.508467741935483,2.1483064516129025,200
2023-08-26,AMMOD3_0730,AMMOD,AMMOD3,Site3,Meadow,Insecta,Diptera,Brachycera,Muscomorpha,Muscoidea,Anthomyiidae,Anthomyiinae,Delia,florilega,4.8100000000000005,4.535,1.6749999999999998,818
2023-08-26,AMMOD3_0731,AMMOD,AMMOD3,Site3,Meadow,Insecta,Diptera,Brachycera,Muscomorpha,Oestroidea,Sarcophagidae,Sarcophaginae,Sarcophaga,variegata,8.696344827586204,5.522551724137931,1.7546666666666675,65
2023-08-26,AMMOD3_0732,AMMOD,AMMOD3,Site3,Meadow,Insecta,Hymenoptera,Apocrita,Parasitica,Ichneumonoidea,Ichneumonidae,Phygadeuontinae,Phygadeuon,trichops,5.311379310344828,5.228275862068966,1.1537931034482758,8
2023-08-26,AMMOD3_0733,AMMOD,AMMOD3,Site3,Meadow,Insecta,Diptera,Brachycera,Muscomorpha,Oestroidea,Sarcophagidae,Sarcophaginae,Sarcophaga,aratrix,8.696344827586204,5.522551724137931,1.7546666666666675,57
2023-08-26,AMMOD3_0734,AMMOD,AMMOD3,Site3,Meadow,Insecta,Diptera,Nematocera,Bibionomorpha,Sciaroidea,Sciaridae,Megalosphyinae,Bradysia,trivittata,3.12,4.300000000000001,1.165,2
2023-08-26,AMMOD3_0735,AMMOD,AMMOD3,Site3,Meadow,Insecta,Diptera,Brachycera,Muscomorpha,Muscoidea,Muscidae,Phaoniinae,Phaonia,trimaculata,13.525750000000013,5.991083333333332,2.2562500000000005,286
2023-08-26,AMMOD3_0736,AMMOD,AMMOD3,Site3,Meadow,Insecta,Hymenoptera,Apocrita,Aculeata,Formicoidea,Formicidae,Formicinae,Lasius,flavus,3.0777551020408147,4.416530612244895,1.2977551020408162,23
2023-08-26,AMMOD3_0737,AMMOD,AMMOD3,Site3,Meadow,Insecta,Diptera,Brachycera,Muscomorpha,Phoroidea,Phoridae,Metopininae,Megaselia,manicata,1.2314285714285715,2.912857142857143,0.89,1
2023-08-26,AMMOD3_0738,AMMOD,AMMOD3,Site3,Meadow,Insecta,Diptera,Brachycera,Muscomorpha,Ephydroidea,Drosophilidae,Drosophilinae,Scaptomyza,pallida,8.696344827586204,5.522551724137931,1.7546666666666675,1
2023-08-26,AMMOD3_0739,AMMOD,AMMOD3,Site3,Meadow,Insecta,Diptera,Brachycera,Muscomorpha,Muscoidea,Muscidae,Mydaeinae,Hebecnema,umbratica,13.525750000000013,5.991083333333332,2.2562500000000005,116
2023-08-26,AMMOD3_0740,AMMOD,AMMOD3,Site3,Meadow,Insecta,Hymenoptera,Symphyta,#child.Symphyta,Tenthredinoidea,Athaliidae,Athaliinae,Athalia,cordata,7.853333333333333,6.3500000000000005,1.89,21
2023-08-26,AMMOD3_0741,AMMOD,AMMOD3,Site3,Meadow,Insecta,Diptera,Brachycera,Muscomorpha,Carnoidea,Chloropidae,Oscinellinae,Tricimba,cincta,2.167586206896551,3.907931034482758,1.0355172413793103,5
2023-08-26,AMMOD3_0742,AMMOD,AMMOD3,Site3,Meadow,Insecta,Diptera,Nematocera,Culicomorpha,Culicoidea,Culicidae,Culicinae,Culex,pipiens,1.84,4.54,0.99,8
2023-08-26,AMMOD3_0743,AMMOD,AMMOD3,Site3,Meadow,Insecta,Diptera,Brachycera,Muscomorpha,Muscoidea,Anthomyiidae,Anthomyiinae,Adia,cinerella,4.8100000000000005,4.535,1.6749999999999998,4
2023-08-26,AMMOD3_0744,AMMOD,AMMOD3,Site3,Meadow,Insecta,Diptera,Nematocera,Psychodomorpha,Psychodoidea,Psychodidae,Psychodinae,Clytocerus,ocellaris,7.582499999999999,5.904,1.128,5
2023-08-26,AMMOD3_0745,AMMOD,AMMOD3,Site3,Meadow,Insecta,Diptera,Brachycera,Muscomorpha,Muscoidea,Anthomyiidae,Anthomyiinae,Hylemya,urbica,4.8100000000000005,4.535,1.6749999999999998,126
2023-08-26,AMMOD3_0746,AMMOD,AMMOD3,Site3,Meadow,Insecta,Diptera,Brachycera,Muscomorpha,Oestroidea,Calliphoridae,Luciliinae,Lucilia,ampullacea,8.696344827586204,5.522551724137931,1.7546666666666675,127
2023-08-26,AMMOD3_0747,AMMOD,AMMOD3,Site3,Meadow,Insecta,Diptera,Brachycera,Muscomorpha,Oestroidea,Tachinidae,Tachininae,Tachina,fera,8.696344827586204,5.522551724137931,1.7546666666666675,26
2023-08-26,AMMOD3_0748,AMMOD,AMMOD3,Site3,Meadow,Insecta,Diptera,Nematocera,Bibionomorpha,Sciaroidea,Mycetophilidae,Mycetophilinae,Mycetophila,caudata,1.8561538461538463,3.6023076923076927,0.9615384615384617,7
2023-08-26,AMMOD3_0749,AMMOD,AMMOD3,Site3,Meadow,Insecta,Diptera,Brachycera,Tabanomorpha,Tabanoidea,Tabanidae,Tabaninae,Haematopota,pluvialis,2.56,4.18,1.21,39
2023-08-26,AMMOD3_0750,AMMOD,AMMOD3,Site3,Meadow,Insecta,Diptera,Nematocera,Psychodomorpha,Psychodoidea,Psychodidae,Psychodinae,Psychoda,alternata,7.582499999999999,5.904,1.128,1
2023-08-26,AMMOD3_0751,AMMOD,AMMOD3,Site3,Meadow,Insecta,Orthoptera,Caelifera,Acrididea,Acridoidea,Acrididae,Gomphocerinae,Chorthippus,dorsatus,114.27214285714287,17.234285714285715,3.2835714285714284,1
2023-08-26,AMMOD3_0752,AMMOD,AMMOD3,Site3,Meadow,Insecta,Diptera,Brachycera,Muscomorpha,Ephydroidea,Ephydridae,Hydrelliinae,Hydrellia,griseola,8.696344827586204,5.522551724137931,1.7546666666666675,36
2023-08-26,AMMOD3_0753,AMMOD,AMMOD3,Site3,Meadow,Insecta,Diptera,Brachycera,Tabanomorpha,Tabanoidea,Tabanidae,Tabaninae,Tabanus,bromius,2.56,4.18,1.21,9
2023-08-26,AMMOD3_0754,AMMOD,AMMOD3,Site3,Meadow,Insecta,Diptera,Brachycera,Asilomorpha,Empidoidea,Hybotidae,Tachydromiinae,Elaphropeza,ephippiata,5.423030303030302,4.323939393939395,1.3303030303030303,2
2023-08-26,AMMOD3_0755,AMMOD,AMMOD3,Site3,Meadow,Insecta,Lepidoptera,Glossata,Heterocera,Gelechioidea,Coleophoridae,Coleophorinae,Coleophora,versurella,1.95,3.9666666666666663,1.0333333333333334,8
2023-08-26,AMMOD3_0756,AMMOD,AMMOD3,Site3,Meadow,Insecta,Coleoptera,Polyphaga,Cucujiformia,Tenebrionoidea,Pyrochroidae,Pyrochroinae,Schizotus,pectinicornis,13.394999999999998,7.646249999999999,2.03375,8
2023-08-26,AMMOD3_0757,AMMOD,AMMOD3,Site3,Meadow,Insecta,Diptera,Nematocera,Bibionomorpha,Sciaroidea,Mycetophilidae,Mycetophilinae,Mycetophila,trinotata,1.8561538461538463,3.6023076923076927,0.9615384615384617,22
2023-08-26,AMMOD3_0758,AMMOD,AMMOD3,Site3,Meadow,Insecta,Hymenoptera,Apocrita,Proctotrupomorpha,Diaprioidea,Diapriidae,Diapriinae,Trichopria,suspecta,0.13,1.83,0.435,3
2023-08-26,AMMOD3_0759,AMMOD,AMMOD3,Site3,Meadow,Insecta,Hymenoptera,Apocrita,Parasitica,Ichneumonoidea,Braconidae,Microgastrinae,Microplitis,kewleyi,2.5116216216216225,3.7481081081081076,1.0197297297297299,2
2023-08-27,AMMOD3_0760,AMMOD,AMMOD3,Site3,Meadow,Insecta,Diptera,Nematocera,Bibionomorpha,Sciaroidea,Sciaridae,#child.Sciaridae,Lycoriella,sativae,3.12,4.300000000000001,1.165,198
2023-08-27,AMMOD3_0761,AMMOD,AMMOD3,Site3,Meadow,Insecta,Hymenoptera,Apocrita,Aculeata,Formicoidea,Formicidae,Formicinae,Lasius,niger,3.0777551020408147,4.416530612244895,1.2977551020408162,256
2023-08-27,AMMOD3_0762,AMMOD,AMMOD3,Site3,Meadow,Insecta,Diptera,Brachycera,Muscomorpha,Muscoidea,Anthomyiidae,Anthomyiinae,Delia,radicum,4.8100000000000005,4.535,1.6749999999999998,421
2023-08-27,AMMOD3_0763,AMMOD,AMMOD3,Site3,Meadow,Insecta,Diptera,Nematocera,Tipulomorpha,Tipuloidea,Tipulidae,Tipulinae,Tipula,paludosa,25.121999999999996,12.984,1.698,154
2023-08-27,AMMOD3_0764,AMMOD,AMMOD3,Site3,Meadow,Insecta,Diptera,Nematocera,Bibionomorpha,Sciaroidea,Sciaridae,Sciarinae,Schwenckfeldina,carbonaria,3.12,4.300000000000001,1.165,56
2023-08-27,AMMOD3_0765,AMMOD,AMMOD3,Site3,Meadow,Insecta,Diptera,Brachycera,Muscomorpha,Phoroidea,Phoridae,Phorinae,Diplonevra,nitidula,1.2314285714285715,2.912857142857143,0.89,159
2023-08-27,AMMOD3_0766,AMMOD,AMMOD3,Site3,Meadow,Insecta,Diptera,Brachycera,Muscomorpha,Carnoidea,Chloropidae,Oscinellinae,Incertella,albipalpis,2.167586206896551,3.907931034482758,1.0355172413793103,1237
2023-08-27,AMMOD3_0767,AMMOD,AMMOD3,Site3,Meadow,Insecta,Diptera,Brachycera,Muscomorpha,Ephydroidea,Drosophilidae,Drosophilinae,Drosophila,subobscura,8.696344827586204,5.522551724137931,1.7546666666666675,186
2023-08-27,AMMOD3_0768,AMMOD,AMMOD3,Site3,Meadow,Insecta,Diptera,Brachycera,Muscomorpha,Opomyzoidea,Agromyzidae,Agromyzinae,Agromyza,nana,1.27,3.23,0.8766666666666666,986
2023-08-27,AMMOD3_0769,AMMOD,AMMOD3,Site3,Meadow,Insecta,Diptera,Brachycera,Muscomorpha,Muscoidea,Anthomyiidae,Anthomyiinae,Delia,florilega,4.8100000000000005,4.535,1.6749999999999998,600
2023-08-27,AMMOD3_0770,AMMOD,AMMOD3,Site3,Meadow,Insecta,Diptera,Brachycera,Muscomorpha,Oestroidea,Sarcophagidae,Sarcophaginae,Sarcophaga,variegata,8.696344827586204,5.522551724137931,1.7546666666666675,47
2023-08-27,AMMOD3_0771,AMMOD,AMMOD3,Site3,Meadow,Insecta,Lepidoptera,Glossata,Heterocera,Noctuoidea,Noctuidae,Noctuinae,Phlogophora,meticulosa,1.95,3.9666666666666663,1.0333333333333334,3159
2023-08-27,AMMOD3_0772,AMMOD,AMMOD3,Site3,Meadow,Insecta,Diptera,Brachycera,Muscomorpha,Sphaeroceroidea,Heleomyzidae,Heleomyzinae,Tephrochlamys,rufiventris,8.696344827586204,5.522551724137931,1.7546666666666675,2956
2023-08-27,AMMOD3_0773,AMMOD,AMMOD3,Site3,Meadow,Insecta,Hymenoptera,Apocrita,Parasitica,Ichneumonoidea,Ichneumonidae,Phygadeuontinae,Phygadeuon,trichops,5.311379310344828,5.228275862068966,1.1537931034482758,100
2023-08-27,AMMOD3_0774,AMMOD,AMMOD3,Site3,Meadow,Insecta,Diptera,Nematocera,Bibionomorpha,Sciaroidea,Sciaridae,Megalosphyinae,Bradysia,trivittata,3.12,4.300000000000001,1.165,42
2023-08-27,AMMOD3_0775,AMMOD,AMMOD3,Site3,Meadow,Insecta,Diptera,Brachycera,Muscomorpha,Phoroidea,Phoridae,Metopininae,Megaselia,emarginata,1.2314285714285715,2.912857142857143,0.89,462
2023-08-27,AMMOD3_0776,AMMOD,AMMOD3,Site3,Meadow,Insecta,Diptera,Nematocera,Bibionomorpha,Sciaroidea,Sciaridae,Megalosphyinae,Bradysia,urticae,3.12,4.300000000000001,1.165,127
2023-08-27,AMMOD3_0777,AMMOD,AMMOD3,Site3,Meadow,Insecta,Diptera,Nematocera,Culicomorpha,Culicoidea,Culicidae,Culicinae,Culiseta,annulata,1.84,4.54,0.99,251
2023-08-27,AMMOD3_0778,AMMOD,AMMOD3,Site3,Meadow,Insecta,Diptera,Brachycera,Muscomorpha,Ephydroidea,Drosophilidae,Drosophilinae,Scaptomyza,pallida,8.696344827586204,5.522551724137931,1.7546666666666675,1
2023-08-27,AMMOD3_0779,AMMOD,AMMOD3,Site3,Meadow,Insecta,Diptera,Brachycera,Muscomorpha,Muscoidea,Fanniidae,#child.Fanniidae,Fannia,polychaeta,6.208333333333333,3.9266666666666663,1.413333333333333,345
2023-08-27,AMMOD3_0780,AMMOD,AMMOD3,Site3,Meadow,Insecta,Hemiptera,Cicadomorpha,Cicadomorpha,Membracoidea,Cicadellidae,Typhlocybinae,Eupteryx,calcarata,5.600163934426228,4.548524590163934,1.525737704918033,35
2023-08-27,AMMOD3_0781,AMMOD,AMMOD3,Site3,Meadow,Insecta,Diptera,Nematocera,Culicomorpha,Chironomoidea,Chironomidae,Orthocladiinae,Psectrocladius,oxyura,0.9550000000000001,3.165,0.7849999999999999,46
2023-08-27,AMMOD3_0782,AMMOD,AMMOD3,Site3,Meadow,Insecta,Hemiptera,Cicadomorpha,Cicadomorpha,Membracoidea,Cicadellidae,Typhlocybinae,Eupteryx,urticae,5.600163934426228,4.548524590163934,1.525737704918033,2
2023-08-28,AMMOD3_0783,AMMOD,AMMOD3,Site3,Meadow,Insecta,Diptera,Nematocera,Bibionomorpha,Sciaroidea,Sciaridae,#child.Sciaridae,Lycoriella,sativae,3.12,4.300000000000001,1.165,112
2023-08-28,AMMOD3_0784,AMMOD,AMMOD3,Site3,Meadow,Insecta,Hymenoptera,Apocrita,Aculeata,Vespoidea,Vespidae,Vespinae,Vespula,germanica,71.46,13.613333333333335,4.026666666666666,81
2023-08-28,AMMOD3_0785,AMMOD,AMMOD3,Site3,Meadow,Insecta,Diptera,Brachycera,Muscomorpha,Muscoidea,Anthomyiidae,Anthomyiinae,Delia,radicum,4.8100000000000005,4.535,1.6749999999999998,1247
2023-08-28,AMMOD3_0786,AMMOD,AMMOD3,Site3,Meadow,Insecta,Diptera,Brachycera,Muscomorpha,Phoroidea,Phoridae,Phorinae,Diplonevra,nitidula,1.2314285714285715,2.912857142857143,0.89,387
2023-08-28,AMMOD3_0787,AMMOD,AMMOD3,Site3,Meadow,Insecta,Diptera,Brachycera,Muscomorpha,Carnoidea,Chloropidae,Oscinellinae,Incertella,albipalpis,2.167586206896551,3.907931034482758,1.0355172413793103,443
2023-08-28,AMMOD3_0788,AMMOD,AMMOD3,Site3,Meadow,Insecta,Coleoptera,Adephaga,Geadephaga,Caraboidea,Carabidae,Platyninae,Calathus,fuscipes,185.01216216216224,15.843693693693686,5.774954954954958,53
2023-08-28,AMMOD3_0789,AMMOD,AMMOD3,Site3,Meadow,Insecta,Diptera,Brachycera,Muscomorpha,Opomyzoidea,Agromyzidae,Agromyzinae,Agromyza,nana,1.27,3.23,0.8766666666666666,18
2023-08-28,AMMOD3_0790,AMMOD,AMMOD3,Site3,Meadow,Insecta,Diptera,Brachycera,Muscomorpha,Muscoidea,Muscidae,Coenosiinae,Coenosia,testacea,13.525750000000013,5.991083333333332,2.2562500000000005,814
2023-08-28,AMMOD3_0791,AMMOD,AMMOD3,Site3,Meadow,Insecta,Diptera,Nematocera,Bibionomorpha,Sciaroidea,Sciaridae,Megalosphyinae,Bradysia,trivittata,3.12,4.300000000000001,1.165,1
2023-08-28,AMMOD3_0792,AMMOD,AMMOD3,Site3,Meadow,Insecta,Lepidoptera,Glossata,Heterocera,Geometroidea,Geometridae,Larentiinae,Camptogramma,bilineatum,1.95,3.9666666666666663,1.0333333333333334,394
2023-08-28,AMMOD3_0793,AMMOD,AMMOD3,Site3,Meadow,Insecta,Diptera,Brachycera,Muscomorpha,Ephydroidea,Drosophilidae,Drosophilinae,Scaptomyza,pallida,8.696344827586204,5.522551724137931,1.7546666666666675,21
2023-08-28,AMMOD3_0794,AMMOD,AMMOD3,Site3,Meadow,Insecta,Diptera,Brachycera,Muscomorpha,Phoroidea,Lonchopteridae,#child.Lonchopteridae,Lonchoptera,lutea,0.8860000000000001,2.662,0.7869999999999999,272
2023-08-28,AMMOD3_0795,AMMOD,AMMOD3,Site3,Meadow,Insecta,Diptera,Nematocera,Tipulomorpha,Tipuloidea,Tipulidae,Tipulinae,Tipula,oleracea,25.121999999999996,12.984,1.698,177
2023-08-28,AMMOD3_0796,AMMOD,AMMOD3,Site3,Meadow,Insecta,Diptera,Nematocera,Bibionomorpha,Sciaroidea,Mycetophilidae,Sciophilinae,Sciophila,lutea,1.8561538461538463,3.6023076923076927,0.9615384615384617,147
2023-08-28,AMMOD3_0797,AMMOD,AMMOD3,Site3,Meadow,Insecta,Diptera,Nematocera,Psychodomorpha,Psychodoidea,Psychodidae,Psychodinae,Psychoda,alternata,7.582499999999999,5.904,1.128,23
2023-08-28,AMMOD3_0798,AMMOD,AMMOD3,Site3,Meadow,Insecta,Coleoptera,Polyphaga,Cucujiformia,Curculionoidea,Curculionidae,Cryptorhynchinae,Echinodera,pseudohystrix,2.59962962962963,3.2672222222222227,1.1698148148148149,5
2023-08-29,AMMOD3_0799,AMMOD,AMMOD3,Site3,Meadow,Insecta,Diptera,Nematocera,Bibionomorpha,Sciaroidea,Sciaridae,#child.Sciaridae,Lycoriella,sativae,3.12,4.300000000000001,1.165,42
2023-08-29,AMMOD3_0800,AMMOD,AMMOD3,Site3,Meadow,Insecta,Hymenoptera,Apocrita,Aculeata,Formicoidea,Formicidae,Formicinae,Lasius,niger,3.0777551020408147,4.416530612244895,1.2977551020408162,5
2023-08-29,AMMOD3_0801,AMMOD,AMMOD3,Site3,Meadow,Insecta,Diptera,Brachycera,Muscomorpha,Muscoidea,Muscidae,Coenosiinae,Coenosia,tigrina,13.525750000000013,5.991083333333332,2.2562500000000005,13
2023-08-29,AMMOD3_0802,AMMOD,AMMOD3,Site3,Meadow,Insecta,Diptera,Nematocera,Tipulomorpha,Tipuloidea,Tipulidae,Tipulinae,Tipula,paludosa,25.121999999999996,12.984,1.698,15
2023-08-29,AMMOD3_0803,AMMOD,AMMOD3,Site3,Meadow,Insecta,Diptera,Brachycera,Muscomorpha,Phoroidea,Phoridae,Phorinae,Diplonevra,nitidula,1.2314285714285715,2.912857142857143,0.89,13
2023-08-29,AMMOD3_0804,AMMOD,AMMOD3,Site3,Meadow,Insecta,Diptera,Brachycera,Muscomorpha,Carnoidea,Chloropidae,Oscinellinae,Incertella,albipalpis,2.167586206896551,3.907931034482758,1.0355172413793103,18
2023-08-29,AMMOD3_0805,AMMOD,AMMOD3,Site3,Meadow,Insecta,Diptera,Brachycera,Muscomorpha,Muscoidea,Fanniidae,#child.Fanniidae,Fannia,latipalpis,6.208333333333333,3.9266666666666663,1.413333333333333,37
2023-08-29,AMMOD3_0806,AMMOD,AMMOD3,Site3,Meadow,Insecta,Diptera,Nematocera,Bibionomorpha,Sciaroidea,Sciaridae,Megalosphyinae,Bradysia,trivittata,3.12,4.300000000000001,1.165,4
2023-08-29,AMMOD3_0807,AMMOD,AMMOD3,Site3,Meadow,Insecta,Diptera,Nematocera,Psychodomorpha,Psychodoidea,Psychodidae,Psychodinae,Psychoda,uniformata,7.582499999999999,5.904,1.128,1
2023-08-29,AMMOD3_0808,AMMOD,AMMOD3,Site3,Meadow,Insecta,Diptera,Brachycera,Muscomorpha,Ephydroidea,Drosophilidae,Drosophilinae,Scaptomyza,pallida,8.696344827586204,5.522551724137931,1.7546666666666675,1
2023-08-29,AMMOD3_0809,AMMOD,AMMOD3,Site3,Meadow,Insecta,Diptera,Nematocera,Culicomorpha,Chironomoidea,Chironomidae,Tanypodinae,Xenopelopia,nigricans,0.9550000000000001,3.165,0.7849999999999999,18
2023-08-30,AMMOD3_0810,AMMOD,AMMOD3,Site3,Meadow,Insecta,Diptera,Nematocera,Bibionomorpha,Sciaroidea,Sciaridae,#child.Sciaridae,Lycoriella,sativae,3.12,4.300000000000001,1.165,17
2023-08-30,AMMOD3_0811,AMMOD,AMMOD3,Site3,Meadow,Insecta,Diptera,Nematocera,Culicomorpha,Culicoidea,Ceratopogonidae,Forcipomyiinae,Forcipomyia,bipunctata,0.9550000000000001,3.165,0.7849999999999999,2
2023-08-30,AMMOD3_0812,AMMOD,AMMOD3,Site3,Meadow,Insecta,Diptera,Nematocera,Bibionomorpha,Bibionoidea,Bibionidae,Bibioninae,Dilophus,febrilis,1.8561538461538463,3.6023076923076927,0.9615384615384617,7
2023-08-30,AMMOD3_0813,AMMOD,AMMOD3,Site3,Meadow,Insecta,Hymenoptera,Apocrita,Aculeata,Formicoidea,Formicidae,Formicinae,Lasius,niger,3.0777551020408147,4.416530612244895,1.2977551020408162,15
2023-08-30,AMMOD3_0814,AMMOD,AMMOD3,Site3,Meadow,Insecta,Diptera,Brachycera,Muscomorpha,Muscoidea,Fanniidae,#child.Fanniidae,Fannia,armata,6.208333333333333,3.9266666666666663,1.413333333333333,3
2023-08-30,AMMOD3_0815,AMMOD,AMMOD3,Site3,Meadow,Insecta,Diptera,Brachycera,Muscomorpha,Muscoidea,Anthomyiidae,Anthomyiinae,Delia,radicum,4.8100000000000005,4.535,1.6749999999999998,23
2023-08-30,AMMOD3_0816,AMMOD,AMMOD3,Site3,Meadow,Insecta,Diptera,Nematocera,Tipulomorpha,Tipuloidea,Tipulidae,Tipulinae,Tipula,paludosa,25.121999999999996,12.984,1.698,48
2023-08-30,AMMOD3_0817,AMMOD,AMMOD3,Site3,Meadow,Insecta,Diptera,Brachycera,Muscomorpha,Phoroidea,Phoridae,Phorinae,Diplonevra,nitidula,1.2314285714285715,2.912857142857143,0.89,24
2023-08-30,AMMOD3_0818,AMMOD,AMMOD3,Site3,Meadow,Insecta,Diptera,Brachycera,Muscomorpha,Syrphoidea,Syrphidae,Syrphinae,Melanostoma,mellinum,12.29572580645161,7.508467741935483,2.1483064516129025,27
2023-08-30,AMMOD3_0819,AMMOD,AMMOD3,Site3,Meadow,Insecta,Diptera,Brachycera,Muscomorpha,Phoroidea,Phoridae,Phorinae,Triphleba,nudipalpis,1.2314285714285715,2.912857142857143,0.89,5
2023-08-30,AMMOD3_0820,AMMOD,AMMOD3,Site3,Meadow,Insecta,Diptera,Brachycera,Muscomorpha,Carnoidea,Chloropidae,Oscinellinae,Incertella,albipalpis,2.167586206896551,3.907931034482758,1.0355172413793103,6
2023-08-30,AMMOD3_0821,AMMOD,AMMOD3,Site3,Meadow,Insecta,Lepidoptera,Glossata,Heterocera,Noctuoidea,Noctuidae,Noctuinae,Mythimna,pallens,1.95,3.9666666666666663,1.0333333333333334,105
2023-08-30,AMMOD3_0822,AMMOD,AMMOD3,Site3,Meadow,Insecta,Diptera,Brachycera,Muscomorpha,Muscoidea,Anthomyiidae,Anthomyiinae,Delia,florilega,4.8100000000000005,4.535,1.6749999999999998,10
2023-08-30,AMMOD3_0823,AMMOD,AMMOD3,Site3,Meadow,Insecta,Diptera,Brachycera,Muscomorpha,Muscoidea,Fanniidae,#child.Fanniidae,Fannia,latipalpis,6.208333333333333,3.9266666666666663,1.413333333333333,3
2023-08-30,AMMOD3_0824,AMMOD,AMMOD3,Site3,Meadow,Insecta,Diptera,Nematocera,Bibionomorpha,Sciaroidea,Sciaridae,Megalosphyinae,Bradysia,trivittata,3.12,4.300000000000001,1.165,2
2023-08-30,AMMOD3_0825,AMMOD,AMMOD3,Site3,Meadow,Insecta,Diptera,Brachycera,Muscomorpha,Muscoidea,Scathophagidae,Scathophaginae,Scathophaga,stercoraria,3.1525,3.5658333333333325,1.1741666666666666,446
2023-08-30,AMMOD3_0826,AMMOD,AMMOD3,Site3,Meadow,Insecta,Diptera,Brachycera,Muscomorpha,Muscoidea,Muscidae,Stomoxyinae,Stomoxys,calcitrans,13.525750000000013,5.991083333333332,2.2562500000000005,41
2023-08-30,AMMOD3_0827,AMMOD,AMMOD3,Site3,Meadow,Insecta,Hymenoptera,Symphyta,#child.Symphyta,Tenthredinoidea,Athaliidae,Athaliinae,Athalia,cordata,7.853333333333333,6.3500000000000005,1.89,1
2023-08-30,AMMOD3_0828,AMMOD,AMMOD3,Site3,Meadow,Insecta,Diptera,Nematocera,Culicomorpha,Culicoidea,Culicidae,Culicinae,Culex,pipiens,1.84,4.54,0.99,3
2023-08-30,AMMOD3_0829,AMMOD,AMMOD3,Site3,Meadow,Insecta,Diptera,Nematocera,Tipulomorpha,Tipuloidea,Tipulidae,Tipulinae,Tipula,oleracea,25.121999999999996,12.984,1.698,66
2023-08-30,AMMOD3_0830,AMMOD,AMMOD3,Site3,Meadow,Insecta,Diptera,Nematocera,Psychodomorpha,Psychodoidea,Psychodidae,Psychodinae,Clytocerus,ocellaris,7.582499999999999,5.904,1.128,1
2023-08-30,AMMOD3_0831,AMMOD,AMMOD3,Site3,Meadow,Insecta,Diptera,Brachycera,Muscomorpha,Oestroidea,Calliphoridae,Luciliinae,Lucilia,ampullacea,8.696344827586204,5.522551724137931,1.7546666666666675,52
2023-08-30,AMMOD3_0832,AMMOD,AMMOD3,Site3,Meadow,Insecta,Lepidoptera,Glossata,Heterocera,Noctuoidea,Noctuidae,Noctuinae,Luperina,testacea,1.95,3.9666666666666663,1.0333333333333334,38
2023-08-30,AMMOD3_0833,AMMOD,AMMOD3,Site3,Meadow,Insecta,Diptera,Brachycera,Muscomorpha,Oestroidea,Tachinidae,Tachininae,Tachina,fera,8.696344827586204,5.522551724137931,1.7546666666666675,26
2023-08-30,AMMOD3_0834,AMMOD,AMMOD3,Site3,Meadow,Insecta,Diptera,Nematocera,Culicomorpha,Culicoidea,Culicidae,Culicinae,Aedes,cinereus,1.84,4.54,0.99,1
2023-08-30,AMMOD3_0835,AMMOD,AMMOD3,Site3,Meadow,Insecta,Diptera,Brachycera,Muscomorpha,Phoroidea,Lonchopteridae,#child.Lonchopteridae,Lonchoptera,bifurcata,0.8860000000000001,2.662,0.7869999999999999,2
2023-08-30,AMMOD3_0836,AMMOD,AMMOD3,Site3,Meadow,Insecta,Hymenoptera,Apocrita,Parasitica,Ichneumonoidea,Ichneumonidae,Cryptinae,Cryptus,viduatorius,5.311379310344828,5.228275862068966,1.1537931034482758,9
2023-08-30,AMMOD3_0837,AMMOD,AMMOD3,Site3,Meadow,Insecta,Diptera,Brachycera,Muscomorpha,Muscoidea,Muscidae,Azeliinae,Azelia,triquetra,13.525750000000013,5.991083333333332,2.2562500000000005,5
2023-08-30,AMMOD3_0838,AMMOD,AMMOD3,Site3,Meadow,Insecta,Coleoptera,Polyphaga,Cucujiformia,Curculionoidea,Attelabidae,Rhynchitinae,Auletobius,anceps,2.59962962962963,3.2672222222222227,1.1698148148148149,3
2023-08-31,AMMOD3_0839,AMMOD,AMMOD3,Site3,Meadow,Insecta,Diptera,Nematocera,Bibionomorpha,Sciaroidea,Sciaridae,#child.Sciaridae,Lycoriella,sativae,3.12,4.300000000000001,1.165,8
2023-08-31,AMMOD3_0840,AMMOD,AMMOD3,Site3,Meadow,Insecta,Diptera,Brachycera,Muscomorpha,Oestroidea,Tachinidae,Tachininae,Siphona,geniculata,8.696344827586204,5.522551724137931,1.7546666666666675,14
2023-08-31,AMMOD3_0841,AMMOD,AMMOD3,Site3,Meadow,Insecta,Hymenoptera,Apocrita,Aculeata,Formicoidea,Formicidae,Formicinae,Lasius,niger,3.0777551020408147,4.416530612244895,1.2977551020408162,16
2023-08-31,AMMOD3_0842,AMMOD,AMMOD3,Site3,Meadow,Insecta,Lepidoptera,Glossata,Heterocera,Noctuoidea,Noctuidae,Noctuinae,Hoplodrina,ambigua,1.95,3.9666666666666663,1.0333333333333334,3
2023-08-31,AMMOD3_0843,AMMOD,AMMOD3,Site3,Meadow,Insecta,Diptera,Brachycera,Asilomorpha,Empidoidea,Dolichopodidae,Medeterinae,Medetera,jacula,3.9976666666666674,3.9993333333333334,1.274,140
2023-08-31,AMMOD3_0844,AMMOD,AMMOD3,Site3,Meadow,Insecta,Diptera,Brachycera,Muscomorpha,Phoroidea,Phoridae,Phorinae,Diplonevra,nitidula,1.2314285714285715,2.912857142857143,0.89,70
2023-08-31,AMMOD3_0845,AMMOD,AMMOD3,Site3,Meadow,Insecta,Diptera,Brachycera,Muscomorpha,Syrphoidea,Syrphidae,Syrphinae,Melanostoma,mellinum,12.29572580645161,7.508467741935483,2.1483064516129025,57
2023-08-31,AMMOD3_0846,AMMOD,AMMOD3,Site3,Meadow,Insecta,Diptera,Brachycera,Muscomorpha,Muscoidea,Anthomyiidae,Anthomyiinae,Delia,florilega,4.8100000000000005,4.535,1.6749999999999998,5
2023-08-31,AMMOD3_0847,AMMOD,AMMOD3,Site3,Meadow,Insecta,Diptera,Brachycera,Muscomorpha,Muscoidea,Muscidae,Limnophorini (Tribu),Limnophora,triangula,13.525750000000013,5.991083333333332,2.2562500000000005,8
2023-08-31,AMMOD3_0848,AMMOD,AMMOD3,Site3,Meadow,Insecta,Diptera,Nematocera,Bibionomorpha,Sciaroidea,Sciaridae,Megalosphyinae,Bradysia,trivittata,3.12,4.300000000000001,1.165,5
2023-08-31,AMMOD3_0849,AMMOD,AMMOD3,Site3,Meadow,Insecta,Hymenoptera,Apocrita,Aculeata,Formicoidea,Formicidae,Formicinae,Lasius,flavus,3.0777551020408147,4.416530612244895,1.2977551020408162,4
2023-08-31,AMMOD3_0850,AMMOD,AMMOD3,Site3,Meadow,Insecta,Diptera,Brachycera,Muscomorpha,Muscoidea,Muscidae,Coenosiinae,Coenosia,atra,13.525750000000013,5.991083333333332,2.2562500000000005,3
2023-08-31,AMMOD3_0851,AMMOD,AMMOD3,Site3,Meadow,Insecta,Hymenoptera,Apocrita,Parasitica,Ichneumonoidea,Ichneumonidae,Campopleginae,Diadegma,semiclausum,5.311379310344828,5.228275862068966,1.1537931034482758,4
2023-08-31,AMMOD3_0852,AMMOD,AMMOD3,Site3,Meadow,Insecta,Hymenoptera,Apocrita,Parasitica,Ichneumonoidea,Ichneumonidae,Campopleginae,Meloboris,collector,5.311379310344828,5.228275862068966,1.1537931034482758,4
2023-08-31,AMMOD3_0853,AMMOD,AMMOD3,Site3,Meadow,Insecta,Diptera,Brachycera,Muscomorpha,Phoroidea,Phoridae,Phorinae,Anevrina,thoracica,1.2314285714285715,2.912857142857143,0.89,29
2023-08-31,AMMOD3_0854,AMMOD,AMMOD3,Site3,Meadow,Insecta,Diptera,Brachycera,Muscomorpha,Opomyzoidea,Agromyzidae,Phytomyzinae,Phytomyza,continua,1.27,3.23,0.8766666666666666,7
2023-09-01,AMMOD3_0855,AMMOD,AMMOD3,Site3,Meadow,Insecta,Diptera,Nematocera,Bibionomorpha,Sciaroidea,Sciaridae,#child.Sciaridae,Lycoriella,sativae,3.12,4.300000000000001,1.165,8
2023-09-01,AMMOD3_0856,AMMOD,AMMOD3,Site3,Meadow,Insecta,Diptera,Nematocera,Bibionomorpha,Bibionoidea,Bibionidae,Bibioninae,Dilophus,febrilis,1.8561538461538463,3.6023076923076927,0.9615384615384617,39
2023-09-01,AMMOD3_0857,AMMOD,AMMOD3,Site3,Meadow,Insecta,Diptera,Brachycera,Muscomorpha,Oestroidea,Tachinidae,Tachininae,Siphona,geniculata,8.696344827586204,5.522551724137931,1.7546666666666675,16
2023-09-01,AMMOD3_0858,AMMOD,AMMOD3,Site3,Meadow,Insecta,Hymenoptera,Apocrita,Aculeata,Vespoidea,Vespidae,Vespinae,Vespula,germanica,71.46,13.613333333333335,4.026666666666666,1
2023-09-01,AMMOD3_0859,AMMOD,AMMOD3,Site3,Meadow,Insecta,Hymenoptera,Apocrita,Aculeata,Formicoidea,Formicidae,Formicinae,Lasius,niger,3.0777551020408147,4.416530612244895,1.2977551020408162,8
2023-09-01,AMMOD3_0860,AMMOD,AMMOD3,Site3,Meadow,Insecta,Diptera,Brachycera,Muscomorpha,Lauxanioidea,Lauxaniidae,Lauxaniinae,Calliopum,aeneum,3.3925757575757585,4.098636363636362,1.2430303030303027,38
2023-09-01,AMMOD3_0861,AMMOD,AMMOD3,Site3,Meadow,Insecta,Diptera,Brachycera,Muscomorpha,Muscoidea,Anthomyiidae,Anthomyiinae,Delia,radicum,4.8100000000000005,4.535,1.6749999999999998,27
2023-09-01,AMMOD3_0862,AMMOD,AMMOD3,Site3,Meadow,Insecta,Diptera,Nematocera,Tipulomorpha,Tipuloidea,Tipulidae,Tipulinae,Tipula,paludosa,25.121999999999996,12.984,1.698,2
2023-09-01,AMMOD3_0863,AMMOD,AMMOD3,Site3,Meadow,Insecta,Diptera,Brachycera,Asilomorpha,Empidoidea,Dolichopodidae,Medeterinae,Medetera,jacula,3.9976666666666674,3.9993333333333334,1.274,27
2023-09-01,AMMOD3_0864,AMMOD,AMMOD3,Site3,Meadow,Insecta,Diptera,Brachycera,Muscomorpha,Phoroidea,Phoridae,Phorinae,Diplonevra,nitidula,1.2314285714285715,2.912857142857143,0.89,239
2023-09-01,AMMOD3_0865,AMMOD,AMMOD3,Site3,Meadow,Insecta,Diptera,Brachycera,Muscomorpha,Syrphoidea,Syrphidae,Syrphinae,Melanostoma,mellinum,12.29572580645161,7.508467741935483,2.1483064516129025,27
2023-09-01,AMMOD3_0866,AMMOD,AMMOD3,Site3,Meadow,Insecta,Diptera,Brachycera,Muscomorpha,Carnoidea,Chloropidae,Oscinellinae,Incertella,albipalpis,2.167586206896551,3.907931034482758,1.0355172413793103,8
2023-09-01,AMMOD3_0867,AMMOD,AMMOD3,Site3,Meadow,Insecta,Diptera,Brachycera,Muscomorpha,Syrphoidea,Syrphidae,Syrphinae,Episyrphus,balteatus,12.29572580645161,7.508467741935483,2.1483064516129025,1
2023-09-01,AMMOD3_0868,AMMOD,AMMOD3,Site3,Meadow,Insecta,Diptera,Brachycera,Muscomorpha,Muscoidea,Muscidae,Phaoniinae,Helina,lasiophthalma,13.525750000000013,5.991083333333332,2.2562500000000005,8
2023-09-01,AMMOD3_0869,AMMOD,AMMOD3,Site3,Meadow,Insecta,Diptera,Brachycera,Muscomorpha,Oestroidea,Sarcophagidae,Sarcophaginae,Sarcophaga,variegata,8.696344827586204,5.522551724137931,1.7546666666666675,2
2023-09-01,AMMOD3_0870,AMMOD,AMMOD3,Site3,Meadow,Insecta,Hymenoptera,Apocrita,Parasitica,Ichneumonoidea,Braconidae,Blacinae,Blacus,stelfoxi,2.5116216216216225,3.7481081081081076,1.0197297297297299,2
2023-09-01,AMMOD3_0871,AMMOD,AMMOD3,Site3,Meadow,Insecta,Diptera,Brachycera,Muscomorpha,Oestroidea,Polleniidae,#child.Polleniidae,Pollenia,rudis,8.696344827586204,5.522551724137931,1.7546666666666675,8
2023-09-01,AMMOD3_0872,AMMOD,AMMOD3,Site3,Meadow,Insecta,Diptera,Brachycera,Asilomorpha,Empidoidea,Dolichopodidae,Medeterinae,Medetera,pallipes,3.9976666666666674,3.9993333333333334,1.274,2
2023-09-01,AMMOD3_0873,AMMOD,AMMOD3,Site3,Meadow,Insecta,Diptera,Brachycera,Muscomorpha,Oestroidea,Sarcophagidae,Sarcophaginae,Sarcophaga,aratrix,8.696344827586204,5.522551724137931,1.7546666666666675,358
2023-09-01,AMMOD3_0874,AMMOD,AMMOD3,Site3,Meadow,Insecta,Diptera,Nematocera,Bibionomorpha,Sciaroidea,Sciaridae,Megalosphyinae,Bradysia,trivittata,3.12,4.300000000000001,1.165,1
2023-09-01,AMMOD3_0875,AMMOD,AMMOD3,Site3,Meadow,Insecta,Diptera,Brachycera,Muscomorpha,Muscoidea,Muscidae,Phaoniinae,Phaonia,trimaculata,13.525750000000013,5.991083333333332,2.2562500000000005,3
2023-09-01,AMMOD3_0876,AMMOD,AMMOD3,Site3,Meadow,Insecta,Diptera,Brachycera,Muscomorpha,Phoroidea,Phoridae,Metopininae,Megaselia,pleuralis,1.2314285714285715,2.912857142857143,0.89,3
2023-09-01,AMMOD3_0877,AMMOD,AMMOD3,Site3,Meadow,Insecta,Diptera,Nematocera,Psychodomorpha,Psychodoidea,Psychodidae,Psychodinae,Psychoda,uniformata,7.582499999999999,5.904,1.128,1
2023-09-01,AMMOD3_0878,AMMOD,AMMOD3,Site3,Meadow,Insecta,Diptera,Brachycera,Muscomorpha,Muscoidea,Fanniidae,#child.Fanniidae,Fannia,canicularis,6.208333333333333,3.9266666666666663,1.413333333333333,4
2023-09-01,AMMOD3_0879,AMMOD,AMMOD3,Site3,Meadow,Insecta,Hemiptera,Cicadomorpha,Cicadomorpha,Membracoidea,Cicadellidae,Typhlocybinae,Ribautiana,debilis,5.600163934426228,4.548524590163934,1.525737704918033,2
2023-09-01,AMMOD3_0880,AMMOD,AMMOD3,Site3,Meadow,Insecta,Diptera,Brachycera,Muscomorpha,Phoroidea,Phoridae,Metopininae,Megaselia,ruficornis,1.2314285714285715,2.912857142857143,0.89,1
2023-09-01,AMMOD3_0881,AMMOD,AMMOD3,Site3,Meadow,Insecta,Diptera,Brachycera,Muscomorpha,Phoroidea,Phoridae,Metopininae,Megaselia,albicans,1.2314285714285715,2.912857142857143,0.89,1
2023-09-01,AMMOD3_0882,AMMOD,AMMOD3,Site3,Meadow,Insecta,Lepidoptera,Glossata,Heterocera,Gelechioidea,Depressariidae,Oecophorinae,Carcina,quercana,1.95,3.9666666666666663,1.0333333333333334,9
2023-09-01,AMMOD3_0883,AMMOD,AMMOD3,Site3,Meadow,Insecta,Hemiptera,Cicadomorpha,Cicadomorpha,Membracoidea,Cicadellidae,Typhlocybinae,Kybos,butleri,5.600163934426228,4.548524590163934,1.525737704918033,7
2023-09-01,AMMOD3_0884,AMMOD,AMMOD3,Site3,Meadow,Insecta,Coleoptera,Polyphaga,Cucujiformia,Curculionoidea,Curculionidae,Cryptorhynchinae,Ficusacalles,ficvorator,2.59962962962963,3.2672222222222227,1.1698148148148149,1
2023-09-02,AMMOD3_0885,AMMOD,AMMOD3,Site3,Meadow,Insecta,Diptera,Nematocera,Bibionomorpha,Sciaroidea,Sciaridae,#child.Sciaridae,Lycoriella,sativae,3.12,4.300000000000001,1.165,108
2023-09-02,AMMOD3_0886,AMMOD,AMMOD3,Site3,Meadow,Insecta,Diptera,Nematocera,Culicomorpha,Culicoidea,Ceratopogonidae,Forcipomyiinae,Forcipomyia,bipunctata,0.9550000000000001,3.165,0.7849999999999999,6
2023-09-02,AMMOD3_0887,AMMOD,AMMOD3,Site3,Meadow,Insecta,Diptera,Nematocera,Bibionomorpha,Bibionoidea,Bibionidae,Bibioninae,Dilophus,febrilis,1.8561538461538463,3.6023076923076927,0.9615384615384617,7
2023-09-02,AMMOD3_0888,AMMOD,AMMOD3,Site3,Meadow,Insecta,Diptera,Brachycera,Muscomorpha,Oestroidea,Tachinidae,Tachininae,Siphona,geniculata,8.696344827586204,5.522551724137931,1.7546666666666675,501
2023-09-02,AMMOD3_0889,AMMOD,AMMOD3,Site3,Meadow,Insecta,Hymenoptera,Apocrita,Aculeata,Vespoidea,Vespidae,Vespinae,Vespula,germanica,71.46,13.613333333333335,4.026666666666666,3
2023-09-02,AMMOD3_0890,AMMOD,AMMOD3,Site3,Meadow,Insecta,Hymenoptera,Apocrita,Aculeata,Formicoidea,Formicidae,Formicinae,Lasius,niger,3.0777551020408147,4.416530612244895,1.2977551020408162,948
2023-09-02,AMMOD3_0891,AMMOD,AMMOD3,Site3,Meadow,Insecta,Diptera,Brachycera,Asilomorpha,Empidoidea,Dolichopodidae,Diaphorinae,Argyra,leucocephala,3.9976666666666674,3.9993333333333334,1.274,1
2023-09-02,AMMOD3_0892,AMMOD,AMMOD3,Site3,Meadow,Insecta,Diptera,Brachycera,Muscomorpha,Muscoidea,Anthomyiidae,Anthomyiinae,Delia,radicum,4.8100000000000005,4.535,1.6749999999999998,83
2023-09-02,AMMOD3_0893,AMMOD,AMMOD3,Site3,Meadow,Insecta,Diptera,Brachycera,Muscomorpha,Muscoidea,Anthomyiidae,Anthomyiinae,Botanophila,fugax,4.8100000000000005,4.535,1.6749999999999998,293
2023-09-02,AMMOD3_0894,AMMOD,AMMOD3,Site3,Meadow,Insecta,Diptera,Brachycera,Asilomorpha,Empidoidea,Dolichopodidae,Medeterinae,Medetera,jacula,3.9976666666666674,3.9993333333333334,1.274,921
2023-09-02,AMMOD3_0895,AMMOD,AMMOD3,Site3,Meadow,Insecta,Diptera,Brachycera,Muscomorpha,Phoroidea,Phoridae,Phorinae,Diplonevra,nitidula,1.2314285714285715,2.912857142857143,0.89,1599
2023-09-02,AMMOD3_0896,AMMOD,AMMOD3,Site3,Meadow,Insecta,Diptera,Brachycera,Muscomorpha,Syrphoidea,Syrphidae,Syrphinae,Melanostoma,mellinum,12.29572580645161,7.508467741935483,2.1483064516129025,2416
2023-09-02,AMMOD3_0897,AMMOD,AMMOD3,Site3,Meadow,Insecta,Diptera,Brachycera,Muscomorpha,Phoroidea,Phoridae,Phorinae,Triphleba,nudipalpis,1.2314285714285715,2.912857142857143,0.89,144
2023-09-02,AMMOD3_0898,AMMOD,AMMOD3,Site3,Meadow,Insecta,Diptera,Brachycera,Muscomorpha,Carnoidea,Chloropidae,Oscinellinae,Incertella,albipalpis,2.167586206896551,3.907931034482758,1.0355172413793103,202
2023-09-02,AMMOD3_0899,AMMOD,AMMOD3,Site3,Meadow,Insecta,Diptera,Brachycera,Muscomorpha,Muscoidea,Muscidae,Phaoniinae,Helina,lasiophthalma,13.525750000000013,5.991083333333332,2.2562500000000005,3
2023-09-02,AMMOD3_0900,AMMOD,AMMOD3,Site3,Meadow,Insecta,Diptera,Brachycera,Muscomorpha,Muscoidea,Anthomyiidae,Anthomyiinae,Delia,florilega,4.8100000000000005,4.535,1.6749999999999998,110
2023-09-02,AMMOD3_0901,AMMOD,AMMOD3,Site3,Meadow,Insecta,Diptera,Brachycera,Muscomorpha,Oestroidea,Sarcophagidae,Sarcophaginae,Sarcophaga,variegata,8.696344827586204,5.522551724137931,1.7546666666666675,50
2023-09-02,AMMOD3_0902,AMMOD,AMMOD3,Site3,Meadow,Insecta,Hymenoptera,Apocrita,Parasitica,Ichneumonoidea,Braconidae,Blacinae,Blacus,stelfoxi,2.5116216216216225,3.7481081081081076,1.0197297297297299,1
2023-09-02,AMMOD3_0903,AMMOD,AMMOD3,Site3,Meadow,Insecta,Hymenoptera,Apocrita,Parasitica,Ichneumonoidea,Ichneumonidae,Phygadeuontinae,Phygadeuon,trichops,5.311379310344828,5.228275862068966,1.1537931034482758,24
2023-09-02,AMMOD3_0904,AMMOD,AMMOD3,Site3,Meadow,Insecta,Diptera,Brachycera,Muscomorpha,Sphaeroceroidea,Sphaeroceridae,Limosininae,Opacifrons,coxata,8.696344827586204,5.522551724137931,1.7546666666666675,141
2023-09-02,AMMOD3_0905,AMMOD,AMMOD3,Site3,Meadow,Insecta,Diptera,Nematocera,Bibionomorpha,Sciaroidea,Sciaridae,Megalosphyinae,Bradysia,trivittata,3.12,4.300000000000001,1.165,5
2023-09-02,AMMOD3_0906,AMMOD,AMMOD3,Site3,Meadow,Insecta,Diptera,Brachycera,Muscomorpha,Muscoidea,Muscidae,Limnophorini (Tribu),Limnophora,tigrina,13.525750000000013,5.991083333333332,2.2562500000000005,26
2023-09-02,AMMOD3_0907,AMMOD,AMMOD3,Site3,Meadow,Insecta,Coleoptera,Polyphaga,Cucujiformia,Chrysomeloidea,Chrysomelidae,Galerucinae,Psylliodes,chrysocephala,5.507142857142857,4.204821428571428,1.7330357142857147,2
2023-09-02,AMMOD3_0908,AMMOD,AMMOD3,Site3,Meadow,Insecta,Diptera,Brachycera,Muscomorpha,Opomyzoidea,Agromyzidae,Phytomyzinae,Phytomyza,rufipes,1.27,3.23,0.8766666666666666,5
2023-09-02,AMMOD3_0909,AMMOD,AMMOD3,Site3,Meadow,Insecta,Diptera,Brachycera,Muscomorpha,Muscoidea,Muscidae,Coenosiinae,Coenosia,atra,13.525750000000013,5.991083333333332,2.2562500000000005,89
2023-09-02,AMMOD3_0910,AMMOD,AMMOD3,Site3,Meadow,Insecta,Diptera,Brachycera,Muscomorpha,Phoroidea,Phoridae,Metopininae,Megaselia,manicata,1.2314285714285715,2.912857142857143,0.89,22
2023-09-02,AMMOD3_0911,AMMOD,AMMOD3,Site3,Meadow,Insecta,Diptera,Brachycera,Muscomorpha,Sphaeroceroidea,Sphaeroceridae,Limosininae,Pullimosina,pullula,8.696344827586204,5.522551724137931,1.7546666666666675,3
2023-09-02,AMMOD3_0912,AMMOD,AMMOD3,Site3,Meadow,Insecta,Diptera,Nematocera,Psychodomorpha,Psychodoidea,Psychodidae,Psychodinae,Clytocerus,ocellaris,7.582499999999999,5.904,1.128,1
2023-09-02,AMMOD3_0913,AMMOD,AMMOD3,Site3,Meadow,Insecta,Diptera,Brachycera,Muscomorpha,Muscoidea,Anthomyiidae,Anthomyiinae,Lasiomma,seminitidum,4.8100000000000005,4.535,1.6749999999999998,179
2023-09-02,AMMOD3_0914,AMMOD,AMMOD3,Site3,Meadow,Insecta,Hemiptera,Cicadomorpha,Cicadomorpha,Membracoidea,Cicadellidae,Deltocephalinae,Psammotettix,confinis,5.600163934426228,4.548524590163934,1.525737704918033,161
2023-09-02,AMMOD3_0915,AMMOD,AMMOD3,Site3,Meadow,Insecta,Hymenoptera,Apocrita,Aculeata,Apoidea,Crabronidae,Crabroninae,Ectemnius,cephalotes,64.4823076923077,8.925897435897436,3.27948717948718,1
2023-09-02,AMMOD3_0916,AMMOD,AMMOD3,Site3,Meadow,Insecta,Diptera,Nematocera,Bibionomorpha,Sciaroidea,Sciaridae,Megalosphyinae,Bradysia,vagans,3.12,4.300000000000001,1.165,47
2023-09-02,AMMOD3_0917,AMMOD,AMMOD3,Site3,Meadow,Insecta,Coleoptera,Adephaga,Geadephaga,Caraboidea,Carabidae,Trechinae,Trechus,quadristriatus,185.01216216216224,15.843693693693686,5.774954954954958,77
2023-09-02,AMMOD3_0918,AMMOD,AMMOD3,Site3,Meadow,Insecta,Diptera,Nematocera,Bibionomorpha,Sciaroidea,Cecidomyiidae,Micromyinae,Peromyia,impexa,1.6263636363636365,3.475454545454545,0.9245454545454546,1
2023-09-02,AMMOD3_0919,AMMOD,AMMOD3,Site3,Meadow,Insecta,Hymenoptera,Apocrita,Parasitica,Ichneumonoidea,Ichneumonidae,Phygadeuontinae,Bathythrix,formosa,5.311379310344828,5.228275862068966,1.1537931034482758,118
2023-09-02,AMMOD3_0920,AMMOD,AMMOD3,Site3,Meadow,Insecta,Diptera,Brachycera,Muscomorpha,Oestroidea,Polleniidae,#child.Polleniidae,Pollenia,atramentaria,8.696344827586204,5.522551724137931,1.7546666666666675,3
2023-09-02,AMMOD3_0921,AMMOD,AMMOD3,Site3,Meadow,Insecta,Coleoptera,Polyphaga,Elateriformia,Scirtoidea,Scirtidae,#child.Scirtidae,Contacyphon,variabilis,21.38548387096774,8.587741935483873,2.4232258064516126,12
2023-09-02,AMMOD3_0922,AMMOD,AMMOD3,Site3,Meadow,Insecta,Diptera,Brachycera,Muscomorpha,Sphaeroceroidea,Sphaeroceridae,Copromyzinae,Lotophila,atra,8.696344827586204,5.522551724137931,1.7546666666666675,109
2023-09-02,AMMOD3_0923,AMMOD,AMMOD3,Site3,Meadow,Insecta,Psocoptera,Psocomorpha,Homilopsocidea,Lachesilloidea,Lachesillidae,Lachesillinae,Lachesilla,pedicularia,24.284088427947573,6.536784934497831,2.114448689956332,5
2023-09-02,AMMOD3_0924,AMMOD,AMMOD3,Site3,Meadow,Insecta,Diptera,Nematocera,Bibionomorpha,Sciaroidea,Mycetophilidae,Mycetophilinae,Sceptonia,nigra,1.8561538461538463,3.6023076923076927,0.9615384615384617,6
2023-09-02,AMMOD3_0925,AMMOD,AMMOD3,Site3,Meadow,Arachnida,Araneae,Opisthothelae,Araneomorphae,Araneoidea,Linyphiidae,Linyphiinae,Agyneta,rurestris,1.8317105263157896,2.26736842105263,0.9770394736842106,2
2023-09-02,AMMOD3_0926,AMMOD,AMMOD3,Site3,Meadow,Insecta,Hemiptera,Cicadomorpha,Cicadomorpha,Membracoidea,Cicadellidae,Typhlocybinae,Eupteryx,urticae,5.600163934426228,4.548524590163934,1.525737704918033,4
2023-09-02,AMMOD3_0927,AMMOD,AMMOD3,Site3,Meadow,Insecta,Diptera,Brachycera,Muscomorpha,Oestroidea,Sarcophagidae,Sarcophaginae,Sarcophaga,incisilobata,8.696344827586204,5.522551724137931,1.7546666666666675,11
2023-09-02,AMMOD3_0928,AMMOD,AMMOD3,Site3,Meadow,Insecta,Hymenoptera,Apocrita,Parasitica,Ichneumonoidea,Ichneumonidae,Campopleginae,Campoletis,annulata,5.311379310344828,5.228275862068966,1.1537931034482758,4
2023-09-02,AMMOD3_0929,AMMOD,AMMOD3,Site3,Meadow,Insecta,Diptera,Brachycera,Muscomorpha,Opomyzoidea,Agromyzidae,Phytomyzinae,Amauromyza,flavifrons,1.27,3.23,0.8766666666666666,5
2023-09-02,AMMOD3_0930,AMMOD,AMMOD3,Site3,Meadow,Insecta,Hemiptera,Heteroptera,Pentatomomorpha,Lygaeoidea,Rhyparochromidae,Rhyparochrominae,Rhyparochromus,vulgaris,4.595,3.9050000000000002,1.7349999999999999,3
2023-09-02,AMMOD3_0931,AMMOD,AMMOD3,Site3,Meadow,Insecta,Coleoptera,Polyphaga,Staphyliniformia,Staphylinoidea,Staphylinidae,Tachyporinae,Tachyporus,nitidulus,22.330000000000005,10.233272727272729,2.0220000000000002,1
2023-09-02,AMMOD3_0932,AMMOD,AMMOD3,Site3,Meadow,Insecta,Hemiptera,Cicadomorpha,Cicadomorpha,Membracoidea,Cicadellidae,Typhlocybinae,Zyginidia,pullula,5.600163934426228,4.548524590163934,1.525737704918033,2
2023-09-02,AMMOD3_0933,AMMOD,AMMOD3,Site3,Meadow,Insecta,Coleoptera,Polyphaga,Cucujiformia,Curculionoidea,Curculionidae,Ceutorhynchinae,Hesperorrhynchus,hesperus,2.59962962962963,3.2672222222222227,1.1698148148148149,6
2023-09-02,AMMOD3_0934,AMMOD,AMMOD3,Site3,Meadow,Insecta,Diptera,Brachycera,Muscomorpha,Ephydroidea,Camillidae,#child.Camillidae,Camilla,atrimana,8.696344827586204,5.522551724137931,1.7546666666666675,6
2023-09-02,AMMOD3_0935,AMMOD,AMMOD3,Site3,Meadow,Insecta,Diptera,Nematocera,Bibionomorpha,Sciaroidea,Sciaridae,Sciarinae,Corynoptera,umbrata,3.12,4.300000000000001,1.165,6
2023-09-02,AMMOD3_0936,AMMOD,AMMOD3,Site3,Meadow,Insecta,Hymenoptera,Apocrita,Aculeata,Formicoidea,Formicidae,Formicinae,Camponotus,herculeanus,3.0777551020408147,4.416530612244895,1.2977551020408162,4
2023-09-03,AMMOD3_0937,AMMOD,AMMOD3,Site3,Meadow,Insecta,Diptera,Nematocera,Bibionomorpha,Sciaroidea,Sciaridae,#child.Sciaridae,Lycoriella,sativae,3.12,4.300000000000001,1.165,224
2023-09-03,AMMOD3_0938,AMMOD,AMMOD3,Site3,Meadow,Insecta,Diptera,Nematocera,Culicomorpha,Culicoidea,Ceratopogonidae,Forcipomyiinae,Forcipomyia,bipunctata,0.9550000000000001,3.165,0.7849999999999999,12
2023-09-03,AMMOD3_0939,AMMOD,AMMOD3,Site3,Meadow,Insecta,Diptera,Brachycera,Muscomorpha,Oestroidea,Tachinidae,Tachininae,Siphona,geniculata,8.696344827586204,5.522551724137931,1.7546666666666675,958
2023-09-03,AMMOD3_0940,AMMOD,AMMOD3,Site3,Meadow,Insecta,Hymenoptera,Apocrita,Aculeata,Formicoidea,Formicidae,Formicinae,Lasius,niger,3.0777551020408147,4.416530612244895,1.2977551020408162,139
2023-09-03,AMMOD3_0941,AMMOD,AMMOD3,Site3,Meadow,Insecta,Diptera,Brachycera,Muscomorpha,Muscoidea,Muscidae,Coenosiinae,Coenosia,tigrina,13.525750000000013,5.991083333333332,2.2562500000000005,12
2023-09-03,AMMOD3_0942,AMMOD,AMMOD3,Site3,Meadow,Insecta,Diptera,Brachycera,Asilomorpha,Empidoidea,Dolichopodidae,Diaphorinae,Argyra,leucocephala,3.9976666666666674,3.9993333333333334,1.274,385
2023-09-03,AMMOD3_0943,AMMOD,AMMOD3,Site3,Meadow,Insecta,Diptera,Brachycera,Muscomorpha,Lauxanioidea,Lauxaniidae,Lauxaniinae,Calliopum,aeneum,3.3925757575757585,4.098636363636362,1.2430303030303027,1
2023-09-03,AMMOD3_0944,AMMOD,AMMOD3,Site3,Meadow,Insecta,Diptera,Brachycera,Muscomorpha,Muscoidea,Anthomyiidae,Anthomyiinae,Delia,radicum,4.8100000000000005,4.535,1.6749999999999998,2
2023-09-03,AMMOD3_0945,AMMOD,AMMOD3,Site3,Meadow,Insecta,Diptera,Nematocera,Tipulomorpha,Tipuloidea,Tipulidae,Tipulinae,Tipula,paludosa,25.121999999999996,12.984,1.698,8
2023-09-03,AMMOD3_0946,AMMOD,AMMOD3,Site3,Meadow,Insecta,Lepidoptera,Glossata,Heterocera,Noctuoidea,Noctuidae,Noctuinae,Noctua,pronuba,1.95,3.9666666666666663,1.0333333333333334,7
2023-09-03,AMMOD3_0947,AMMOD,AMMOD3,Site3,Meadow,Insecta,Diptera,Brachycera,Muscomorpha,Phoroidea,Phoridae,Phorinae,Diplonevra,nitidula,1.2314285714285715,2.912857142857143,0.89,1034
2023-09-03,AMMOD3_0948,AMMOD,AMMOD3,Site3,Meadow,Insecta,Diptera,Brachycera,Muscomorpha,Syrphoidea,Syrphidae,Syrphinae,Melanostoma,mellinum,12.29572580645161,7.508467741935483,2.1483064516129025,2897
2023-09-03,AMMOD3_0949,AMMOD,AMMOD3,Site3,Meadow,Insecta,Diptera,Brachycera,Muscomorpha,Phoroidea,Phoridae,Phorinae,Triphleba,nudipalpis,1.2314285714285715,2.912857142857143,0.89,24
2023-09-03,AMMOD3_0950,AMMOD,AMMOD3,Site3,Meadow,Insecta,Diptera,Brachycera,Muscomorpha,Carnoidea,Chloropidae,Oscinellinae,Incertella,albipalpis,2.167586206896551,3.907931034482758,1.0355172413793103,10
2023-09-03,AMMOD3_0951,AMMOD,AMMOD3,Site3,Meadow,Insecta,Diptera,Brachycera,Muscomorpha,Syrphoidea,Syrphidae,Syrphinae,Episyrphus,balteatus,12.29572580645161,7.508467741935483,2.1483064516129025,11
2023-09-03,AMMOD3_0952,AMMOD,AMMOD3,Site3,Meadow,Insecta,Diptera,Brachycera,Muscomorpha,Oestroidea,Sarcophagidae,Sarcophaginae,Sarcophaga,variegata,8.696344827586204,5.522551724137931,1.7546666666666675,9
2023-09-03,AMMOD3_0953,AMMOD,AMMOD3,Site3,Meadow,Insecta,Diptera,Nematocera,Bibionomorpha,Sciaroidea,Sciaridae,Megalosphyinae,Bradysia,trivittata,3.12,4.300000000000001,1.165,3
2023-09-03,AMMOD3_0954,AMMOD,AMMOD3,Site3,Meadow,Insecta,Coleoptera,Polyphaga,Cucujiformia,Tenebrionoidea,Anthicidae,Anthicinae,Anthicus,antherinus,13.394999999999998,7.646249999999999,2.03375,3
2023-09-03,AMMOD3_0955,AMMOD,AMMOD3,Site3,Meadow,Insecta,Diptera,Brachycera,Muscomorpha,Phoroidea,Phoridae,Metopininae,Megaselia,emarginata,1.2314285714285715,2.912857142857143,0.89,28
2023-09-03,AMMOD3_0956,AMMOD,AMMOD3,Site3,Meadow,Insecta,Diptera,Brachycera,Muscomorpha,Muscoidea,Scathophagidae,Scathophaginae,Scathophaga,stercoraria,3.1525,3.5658333333333325,1.1741666666666666,3
2023-09-03,AMMOD3_0957,AMMOD,AMMOD3,Site3,Meadow,Insecta,Diptera,Brachycera,Muscomorpha,Muscoidea,Anthomyiidae,Anthomyiinae,Hylemya,partita,4.8100000000000005,4.535,1.6749999999999998,56
2023-09-03,AMMOD3_0958,AMMOD,AMMOD3,Site3,Meadow,Insecta,Diptera,Brachycera,Muscomorpha,Phoroidea,Phoridae,Metopininae,Megaselia,manicata,1.2314285714285715,2.912857142857143,0.89,17
2023-09-03,AMMOD3_0959,AMMOD,AMMOD3,Site3,Meadow,Insecta,Diptera,Brachycera,Asilomorpha,Empidoidea,Dolichopodidae,Diaphorinae,Chrysotus,gramineus,3.9976666666666674,3.9993333333333334,1.274,64
2023-09-03,AMMOD3_0960,AMMOD,AMMOD3,Site3,Meadow,Insecta,Diptera,Brachycera,Muscomorpha,Phoroidea,Lonchopteridae,#child.Lonchopteridae,Lonchoptera,lutea,0.8860000000000001,2.662,0.7869999999999999,8
2023-09-03,AMMOD3_0961,AMMOD,AMMOD3,Site3,Meadow,Insecta,Hymenoptera,Symphyta,#child.Symphyta,Tenthredinoidea,Athaliidae,Athaliinae,Athalia,cordata,7.853333333333333,6.3500000000000005,1.89,1
2023-09-03,AMMOD3_0962,AMMOD,AMMOD3,Site3,Meadow,Insecta,Diptera,Nematocera,Culicomorpha,Culicoidea,Culicidae,Culicinae,Culex,pipiens,1.84,4.54,0.99,5
2023-09-03,AMMOD3_0963,AMMOD,AMMOD3,Site3,Meadow,Insecta,Hymenoptera,Symphyta,#child.Symphyta,Tenthredinoidea,Athaliidae,Athaliinae,Athalia,liberta,7.853333333333333,6.3500000000000005,1.89,233
2023-09-03,AMMOD3_0964,AMMOD,AMMOD3,Site3,Meadow,Arachnida,Araneae,Opisthothelae,Araneomorphae,Lycosoidea,Lycosidae,Lycosinae,Pardosa,palustris,7.9725,3.709062499999999,1.4715625000000003,91
2023-09-03,AMMOD3_0965,AMMOD,AMMOD3,Site3,Meadow,Insecta,Diptera,Brachycera,Muscomorpha,Opomyzoidea,Agromyzidae,Phytomyzinae,Liriomyza,bryoniae,1.27,3.23,0.8766666666666666,2
2023-09-03,AMMOD3_0966,AMMOD,AMMOD3,Site3,Meadow,Insecta,Coleoptera,Adephaga,Geadephaga,Caraboidea,Carabidae,Trechinae,Trechus,quadristriatus,185.01216216216224,15.843693693693686,5.774954954954958,1
2023-09-03,AMMOD3_0967,AMMOD,AMMOD3,Site3,Meadow,Insecta,Diptera,Nematocera,Bibionomorpha,Sciaroidea,Cecidomyiidae,Micromyinae,Peromyia,impexa,1.6263636363636365,3.475454545454545,0.9245454545454546,1
2023-09-03,AMMOD3_0968,AMMOD,AMMOD3,Site3,Meadow,Insecta,Diptera,Nematocera,Culicomorpha,Chironomoidea,Chironomidae,Tanypodinae,Tanypus,punctipennis,0.9550000000000001,3.165,0.7849999999999999,28
2023-09-03,AMMOD3_0969,AMMOD,AMMOD3,Site3,Meadow,Insecta,Diptera,Brachycera,Muscomorpha,Phoroidea,Phoridae,Metopininae,Megaselia,berndseni,1.2314285714285715,2.912857142857143,0.89,9
2023-09-03,AMMOD3_0970,AMMOD,AMMOD3,Site3,Meadow,Insecta,Diptera,Brachycera,Muscomorpha,Phoroidea,Phoridae,Phorinae,Phora,atra,1.2314285714285715,2.912857142857143,0.89,8
2023-09-03,AMMOD3_0971,AMMOD,AMMOD3,Site3,Meadow,Insecta,Hemiptera,Sternorrhyncha,Aphidomorpha,Aphidoidea,Aphididae,Aphidinae,Rhopalosiphum,padi,2.648,2.9159999999999995,1.342,12
2023-09-03,AMMOD3_0972,AMMOD,AMMOD3,Site3,Meadow,Insecta,Diptera,Brachycera,Muscomorpha,Phoroidea,Phoridae,Phorinae,Spiniphora,bergenstammi,1.2314285714285715,2.912857142857143,0.89,44
2023-09-03,AMMOD3_0973,AMMOD,AMMOD3,Site3,Meadow,Insecta,Diptera,Brachycera,Asilomorpha,Empidoidea,Hybotidae,Tachydromiinae,Crossopalpus,nigritellus,5.423030303030302,4.323939393939395,1.3303030303030303,9
2023-09-03,AMMOD3_0974,AMMOD,AMMOD3,Site3,Meadow,Insecta,Diptera,Brachycera,Tabanomorpha,Tabanoidea,Tabanidae,Tabaninae,Tabanus,bromius,2.56,4.18,1.21,2
2023-09-03,AMMOD3_0975,AMMOD,AMMOD3,Site3,Meadow,Insecta,Diptera,Nematocera,Bibionomorpha,Sciaroidea,Cecidomyiidae,Cecidomyiinae,Mayetiola,destructor,1.6263636363636365,3.475454545454545,0.9245454545454546,7
2023-09-03,AMMOD3_0976,AMMOD,AMMOD3,Site3,Meadow,Insecta,Diptera,Nematocera,Bibionomorpha,Sciaroidea,Mycetophilidae,Leiinae,Leia,fascipennis,1.8561538461538463,3.6023076923076927,0.9615384615384617,1
2023-08-23,AMMOD4_0977,AMMOD,AMMOD4,Site4,Meadow,Insecta,Diptera,Nematocera,Bibionomorpha,Sciaroidea,Sciaridae,#child.Sciaridae,Lycoriella,sativae,3.12,4.300000000000001,1.165,1
2023-08-23,AMMOD4_0978,AMMOD,AMMOD4,Site4,Meadow,Insecta,Diptera,Brachycera,Muscomorpha,Oestroidea,Tachinidae,Tachininae,Siphona,geniculata,8.696344827586204,5.522551724137931,1.7546666666666675,51
2023-08-23,AMMOD4_0979,AMMOD,AMMOD4,Site4,Meadow,Insecta,Hymenoptera,Apocrita,Aculeata,Vespoidea,Vespidae,Vespinae,Vespula,germanica,71.46,13.613333333333335,4.026666666666666,6
2023-08-23,AMMOD4_0980,AMMOD,AMMOD4,Site4,Meadow,Insecta,Diptera,Brachycera,Muscomorpha,Muscoidea,Fanniidae,#child.Fanniidae,Fannia,armata,6.208333333333333,3.9266666666666663,1.413333333333333,4
2023-08-23,AMMOD4_0981,AMMOD,AMMOD4,Site4,Meadow,Insecta,Diptera,Brachycera,Muscomorpha,Muscoidea,Anthomyiidae,Anthomyiinae,Delia,radicum,4.8100000000000005,4.535,1.6749999999999998,298
2023-08-23,AMMOD4_0982,AMMOD,AMMOD4,Site4,Meadow,Insecta,Lepidoptera,Glossata,Heterocera,Noctuoidea,Noctuidae,Noctuinae,Hoplodrina,ambigua,1.95,3.9666666666666663,1.0333333333333334,1
2023-08-23,AMMOD4_0983,AMMOD,AMMOD4,Site4,Meadow,Insecta,Diptera,Brachycera,Muscomorpha,Muscoidea,Anthomyiidae,Anthomyiinae,Botanophila,fugax,4.8100000000000005,4.535,1.6749999999999998,68
2023-08-23,AMMOD4_0984,AMMOD,AMMOD4,Site4,Meadow,Insecta,Diptera,Nematocera,Bibionomorpha,Sciaroidea,Sciaridae,Sciarinae,Schwenckfeldina,carbonaria,3.12,4.300000000000001,1.165,14
2023-08-23,AMMOD4_0985,AMMOD,AMMOD4,Site4,Meadow,Insecta,Diptera,Brachycera,Asilomorpha,Empidoidea,Dolichopodidae,Medeterinae,Medetera,jacula,3.9976666666666674,3.9993333333333334,1.274,9
2023-08-23,AMMOD4_0986,AMMOD,AMMOD4,Site4,Meadow,Insecta,Diptera,Brachycera,Muscomorpha,Syrphoidea,Syrphidae,Syrphinae,Melanostoma,mellinum,12.29572580645161,7.508467741935483,2.1483064516129025,239
2023-08-23,AMMOD4_0987,AMMOD,AMMOD4,Site4,Meadow,Insecta,Diptera,Brachycera,Muscomorpha,Phoroidea,Phoridae,Phorinae,Triphleba,nudipalpis,1.2314285714285715,2.912857142857143,0.89,939
2023-08-23,AMMOD4_0988,AMMOD,AMMOD4,Site4,Meadow,Insecta,Diptera,Brachycera,Muscomorpha,Carnoidea,Chloropidae,Oscinellinae,Incertella,albipalpis,2.167586206896551,3.907931034482758,1.0355172413793103,10
2023-08-23,AMMOD4_0989,AMMOD,AMMOD4,Site4,Meadow,Insecta,Diptera,Brachycera,Muscomorpha,Syrphoidea,Syrphidae,Syrphinae,Episyrphus,balteatus,12.29572580645161,7.508467741935483,2.1483064516129025,83
2023-08-23,AMMOD4_0990,AMMOD,AMMOD4,Site4,Meadow,Insecta,Diptera,Brachycera,Muscomorpha,Muscoidea,Anthomyiidae,Anthomyiinae,Delia,florilega,4.8100000000000005,4.535,1.6749999999999998,46
2023-08-23,AMMOD4_0991,AMMOD,AMMOD4,Site4,Meadow,Insecta,Hymenoptera,Apocrita,Parasitica,Ichneumonoidea,Ichneumonidae,Phygadeuontinae,Phygadeuon,trichops,5.311379310344828,5.228275862068966,1.1537931034482758,10
2023-08-23,AMMOD4_0992,AMMOD,AMMOD4,Site4,Meadow,Insecta,Diptera,Brachycera,Muscomorpha,Oestroidea,Polleniidae,#child.Polleniidae,Pollenia,rudis,8.696344827586204,5.522551724137931,1.7546666666666675,1
2023-08-23,AMMOD4_0993,AMMOD,AMMOD4,Site4,Meadow,Insecta,Diptera,Brachycera,Asilomorpha,Empidoidea,Dolichopodidae,Medeterinae,Medetera,pallipes,3.9976666666666674,3.9993333333333334,1.274,56
2023-08-23,AMMOD4_0994,AMMOD,AMMOD4,Site4,Meadow,Insecta,Diptera,Brachycera,Asilomorpha,Asiloidea,Therevidae,Therevinae,Thereva,nobilitata,2.23,6.17,1.35,18
2023-08-23,AMMOD4_0995,AMMOD,AMMOD4,Site4,Meadow,Insecta,Diptera,Nematocera,Bibionomorpha,Sciaroidea,Sciaridae,Megalosphyinae,Bradysia,trivittata,3.12,4.300000000000001,1.165,7
2023-08-23,AMMOD4_0996,AMMOD,AMMOD4,Site4,Meadow,Insecta,Diptera,Brachycera,Muscomorpha,Oestroidea,Tachinidae,Exoristinae,Lydella,grisescens,8.696344827586204,5.522551724137931,1.7546666666666675,26
2023-08-23,AMMOD4_0997,AMMOD,AMMOD4,Site4,Meadow,Insecta,Diptera,Brachycera,Muscomorpha,Muscoidea,Muscidae,Limnophorini (Tribu),Limnophora,tigrina,13.525750000000013,5.991083333333332,2.2562500000000005,4
2023-08-23,AMMOD4_0998,AMMOD,AMMOD4,Site4,Meadow,Insecta,Diptera,Brachycera,Muscomorpha,Opomyzoidea,Agromyzidae,Phytomyzinae,Phytomyza,rufipes,1.27,3.23,0.8766666666666666,1
2023-08-23,AMMOD4_0999,AMMOD,AMMOD4,Site4,Meadow,Insecta,Diptera,Brachycera,Muscomorpha,Muscoidea,Scathophagidae,Scathophaginae,Scathophaga,stercoraria,3.1525,3.5658333333333325,1.1741666666666666,32
2023-08-23,AMMOD4_1000,AMMOD,AMMOD4,Site4,Meadow,Insecta,Lepidoptera,Glossata,Rhopalocera,Papilionoidea,Pieridae,Pierinae,Pieris,napi,55.17333333333334,14.135,3.1950000000000003,2
2023-08-23,AMMOD4_1001,AMMOD,AMMOD4,Site4,Meadow,Insecta,Diptera,Brachycera,Muscomorpha,Syrphoidea,Syrphidae,Syrphinae,Platycheirus,clypeatus,12.29572580645161,7.508467741935483,2.1483064516129025,35
2023-08-23,AMMOD4_1002,AMMOD,AMMOD4,Site4,Meadow,Insecta,Diptera,Nematocera,Culicomorpha,Culicoidea,Culicidae,Culicinae,Culex,pipiens,1.84,4.54,0.99,2
2023-08-23,AMMOD4_1003,AMMOD,AMMOD4,Site4,Meadow,Insecta,Coleoptera,Polyphaga,Cucujiformia,Tenebrionoidea,Pyrochroidae,Pyrochroinae,Pyrochroa,coccinea,13.394999999999998,7.646249999999999,2.03375,4
2023-08-23,AMMOD4_1004,AMMOD,AMMOD4,Site4,Meadow,Insecta,Diptera,Nematocera,Culicomorpha,Chironomoidea,Chironomidae,Tanypodinae,Procladius,rufovittatus,0.9550000000000001,3.165,0.7849999999999999,4
2023-08-23,AMMOD4_1005,AMMOD,AMMOD4,Site4,Meadow,Insecta,Diptera,Brachycera,Muscomorpha,Oestroidea,Tachinidae,Exoristinae,Bessa,selecta,8.696344827586204,5.522551724137931,1.7546666666666675,113
2023-08-23,AMMOD4_1006,AMMOD,AMMOD4,Site4,Meadow,Insecta,Diptera,Brachycera,Muscomorpha,Oestroidea,Tachinidae,Phasiinae,Cylindromyia,brassicaria,8.696344827586204,5.522551724137931,1.7546666666666675,6
2023-08-23,AMMOD4_1007,AMMOD,AMMOD4,Site4,Meadow,Insecta,Odonata,Anisoptera,Anisoptera,Libelluloidea,Libellulidae,Sympetrinae,Sympetrum,sanguineum,24.284088427947573,6.536784934497831,2.114448689956332,64
2023-08-23,AMMOD4_1008,AMMOD,AMMOD4,Site4,Meadow,Insecta,Hemiptera,Cicadomorpha,Cicadomorpha,Membracoidea,Cicadellidae,Typhlocybinae,Eupteryx,atropunctata,5.600163934426228,4.548524590163934,1.525737704918033,5
2023-08-23,AMMOD4_1009,AMMOD,AMMOD4,Site4,Meadow,Insecta,Diptera,Brachycera,Muscomorpha,Oestroidea,Tachinidae,Tachininae,Tachina,fera,8.696344827586204,5.522551724137931,1.7546666666666675,3
2023-08-23,AMMOD4_1010,AMMOD,AMMOD4,Site4,Meadow,Insecta,Hymenoptera,Apocrita,Parasitica,Ichneumonoidea,Ichneumonidae,Anomaloninae,Erigorgus,cerinops,5.311379310344828,5.228275862068966,1.1537931034482758,7
2023-08-23,AMMOD4_1011,AMMOD,AMMOD4,Site4,Meadow,Insecta,Diptera,Brachycera,Muscomorpha,Phoroidea,Phoridae,Metopininae,Megaselia,berndseni,1.2314285714285715,2.912857142857143,0.89,1
2023-08-23,AMMOD4_1012,AMMOD,AMMOD4,Site4,Meadow,Insecta,Diptera,Brachycera,Muscomorpha,Muscoidea,Muscidae,Muscinae,Neomyia,cornicina,13.525750000000013,5.991083333333332,2.2562500000000005,37
2023-08-23,AMMOD4_1013,AMMOD,AMMOD4,Site4,Meadow,Insecta,Diptera,Brachycera,Muscomorpha,Opomyzoidea,Opomyzidae,Opomyzinae,Opomyza,florum,1.27,3.23,0.8766666666666666,34
2023-08-23,AMMOD4_1014,AMMOD,AMMOD4,Site4,Meadow,Insecta,Neuroptera,Hemerobiiformia,#child.Hemerobiiformia,Hemerobioidea,Chrysopidae,Chrysopinae,Chrysoperla,carnea,11.877999999999998,9.866,1.5950000000000002,8
2023-08-23,AMMOD4_1015,AMMOD,AMMOD4,Site4,Meadow,Insecta,Diptera,Brachycera,Muscomorpha,Oestroidea,Sarcophagidae,Sarcophaginae,Sarcophaga,melanura,8.696344827586204,5.522551724137931,1.7546666666666675,24
2023-08-23,AMMOD4_1016,AMMOD,AMMOD4,Site4,Meadow,Insecta,Diptera,Brachycera,Muscomorpha,Oestroidea,Tachinidae,Exoristinae,Eriothrix,rufomaculata,8.696344827586204,5.522551724137931,1.7546666666666675,23
2023-08-23,AMMOD4_1017,AMMOD,AMMOD4,Site4,Meadow,Insecta,Diptera,Brachycera,Muscomorpha,Tephritoidea,Tephritidae,Tephritinae,Ensina,sonchi,8.696344827586204,5.522551724137931,1.7546666666666675,2
2023-08-23,AMMOD4_1018,AMMOD,AMMOD4,Site4,Meadow,Malacostraca,Isopoda,Oniscidea,Holoverticata,#child.Holoverticata,Trachelipodidae,#child.Trachelipodidae,Trachelipus,rathkii,2.407777777777778,3.8177777777777777,1.458888888888889,6
2023-08-23,AMMOD4_1019,AMMOD,AMMOD4,Site4,Meadow,Insecta,Diptera,Brachycera,Muscomorpha,Sciomyzoidea,Sepsidae,Sepsinae,Sepsis,punctum,1.5423809523809524,3.3747619047619057,0.9642857142857143,3
2023-08-23,AMMOD4_1020,AMMOD,AMMOD4,Site4,Meadow,Insecta,Hymenoptera,Apocrita,Parasitica,Ichneumonoidea,Ichneumonidae,Diplazontinae,Sussaba,roberti,5.311379310344828,5.228275862068966,1.1537931034482758,6
2023-08-23,AMMOD4_1021,AMMOD,AMMOD4,Site4,Meadow,Insecta,Trichoptera,Integripalpia,Plenitentoria,Limnephiloidea,Limnephilidae,Limnephilinae,Limnephilus,extricatus,24.284088427947573,6.536784934497831,2.114448689956332,6
2023-08-23,AMMOD4_1022,AMMOD,AMMOD4,Site4,Meadow,Insecta,Hymenoptera,Apocrita,Parasitica,Ichneumonoidea,Braconidae,Microgastrinae,Microplitis,deprimator,2.5116216216216225,3.7481081081081076,1.0197297297297299,5
2023-08-24,AMMOD4_1023,AMMOD,AMMOD4,Site4,Meadow,Insecta,Diptera,Nematocera,Bibionomorpha,Sciaroidea,Sciaridae,#child.Sciaridae,Lycoriella,sativae,3.12,4.300000000000001,1.165,88
2023-08-24,AMMOD4_1024,AMMOD,AMMOD4,Site4,Meadow,Insecta,Diptera,Nematocera,Culicomorpha,Culicoidea,Ceratopogonidae,Forcipomyiinae,Forcipomyia,bipunctata,0.9550000000000001,3.165,0.7849999999999999,13
2023-08-24,AMMOD4_1025,AMMOD,AMMOD4,Site4,Meadow,Insecta,Diptera,Nematocera,Bibionomorpha,Bibionoidea,Bibionidae,Bibioninae,Dilophus,febrilis,1.8561538461538463,3.6023076923076927,0.9615384615384617,513
2023-08-24,AMMOD4_1026,AMMOD,AMMOD4,Site4,Meadow,Insecta,Diptera,Brachycera,Muscomorpha,Oestroidea,Tachinidae,Tachininae,Siphona,geniculata,8.696344827586204,5.522551724137931,1.7546666666666675,56
2023-08-24,AMMOD4_1027,AMMOD,AMMOD4,Site4,Meadow,Insecta,Diptera,Brachycera,Asilomorpha,Empidoidea,Dolichopodidae,Diaphorinae,Argyra,leucocephala,3.9976666666666674,3.9993333333333334,1.274,23
2023-08-24,AMMOD4_1028,AMMOD,AMMOD4,Site4,Meadow,Insecta,Diptera,Brachycera,Muscomorpha,Muscoidea,Fanniidae,#child.Fanniidae,Fannia,armata,6.208333333333333,3.9266666666666663,1.413333333333333,627
2023-08-24,AMMOD4_1029,AMMOD,AMMOD4,Site4,Meadow,Insecta,Diptera,Brachycera,Muscomorpha,Muscoidea,Anthomyiidae,Anthomyiinae,Delia,radicum,4.8100000000000005,4.535,1.6749999999999998,771
2023-08-24,AMMOD4_1030,AMMOD,AMMOD4,Site4,Meadow,Insecta,Diptera,Brachycera,Muscomorpha,Phoroidea,Phoridae,Phorinae,Diplonevra,nitidula,1.2314285714285715,2.912857142857143,0.89,73
2023-08-24,AMMOD4_1031,AMMOD,AMMOD4,Site4,Meadow,Insecta,Diptera,Brachycera,Muscomorpha,Syrphoidea,Syrphidae,Syrphinae,Melanostoma,mellinum,12.29572580645161,7.508467741935483,2.1483064516129025,24
2023-08-24,AMMOD4_1032,AMMOD,AMMOD4,Site4,Meadow,Insecta,Diptera,Brachycera,Muscomorpha,Phoroidea,Phoridae,Phorinae,Triphleba,nudipalpis,1.2314285714285715,2.912857142857143,0.89,83
2023-08-24,AMMOD4_1033,AMMOD,AMMOD4,Site4,Meadow,Insecta,Diptera,Brachycera,Muscomorpha,Syrphoidea,Syrphidae,Syrphinae,Episyrphus,balteatus,12.29572580645161,7.508467741935483,2.1483064516129025,81
2023-08-24,AMMOD4_1034,AMMOD,AMMOD4,Site4,Meadow,Insecta,Diptera,Brachycera,Muscomorpha,Ephydroidea,Drosophilidae,Drosophilinae,Drosophila,subobscura,8.696344827586204,5.522551724137931,1.7546666666666675,7
2023-08-24,AMMOD4_1035,AMMOD,AMMOD4,Site4,Meadow,Insecta,Diptera,Brachycera,Muscomorpha,Muscoidea,Anthomyiidae,#child.Anthomyiidae,Phorbia,fumigata,4.8100000000000005,4.535,1.6749999999999998,133
2023-08-24,AMMOD4_1036,AMMOD,AMMOD4,Site4,Meadow,Insecta,Diptera,Brachycera,Muscomorpha,Muscoidea,Anthomyiidae,Anthomyiinae,Delia,florilega,4.8100000000000005,4.535,1.6749999999999998,1183
2023-08-24,AMMOD4_1037,AMMOD,AMMOD4,Site4,Meadow,Insecta,Lepidoptera,Glossata,Rhopalocera,Papilionoidea,Lycaenidae,Lycaeninae,Lycaena,phlaeas,54.358000000000004,14.540000000000001,3.2,3023
2023-08-24,AMMOD4_1038,AMMOD,AMMOD4,Site4,Meadow,Insecta,Hymenoptera,Apocrita,Parasitica,Ichneumonoidea,Ichneumonidae,Phygadeuontinae,Phygadeuon,trichops,5.311379310344828,5.228275862068966,1.1537931034482758,18
2023-08-24,AMMOD4_1039,AMMOD,AMMOD4,Site4,Meadow,Insecta,Diptera,Brachycera,Asilomorpha,Empidoidea,Dolichopodidae,Medeterinae,Medetera,pallipes,3.9976666666666674,3.9993333333333334,1.274,7
2023-08-24,AMMOD4_1040,AMMOD,AMMOD4,Site4,Meadow,Insecta,Diptera,Nematocera,Bibionomorpha,Sciaroidea,Sciaridae,Megalosphyinae,Bradysia,trivittata,3.12,4.300000000000001,1.165,158
2023-08-24,AMMOD4_1041,AMMOD,AMMOD4,Site4,Meadow,Insecta,Diptera,Brachycera,Muscomorpha,Oestroidea,Tachinidae,Exoristinae,Lydella,grisescens,8.696344827586204,5.522551724137931,1.7546666666666675,7
2023-08-24,AMMOD4_1042,AMMOD,AMMOD4,Site4,Meadow,Insecta,Diptera,Brachycera,Muscomorpha,Muscoidea,Muscidae,Limnophorini (Tribu),Limnophora,tigrina,13.525750000000013,5.991083333333332,2.2562500000000005,1
2023-08-24,AMMOD4_1043,AMMOD,AMMOD4,Site4,Meadow,Insecta,Diptera,Nematocera,Bibionomorpha,Sciaroidea,Sciaridae,Sciarinae,Corynoptera,perpusilla,3.12,4.300000000000001,1.165,5
2023-08-24,AMMOD4_1044,AMMOD,AMMOD4,Site4,Meadow,Insecta,Trichoptera,Integripalpia,Plenitentoria,Limnephiloidea,Limnephilidae,Limnephilinae,Glyphotaelius,pellucidus,24.284088427947573,6.536784934497831,2.114448689956332,9
2023-08-24,AMMOD4_1045,AMMOD,AMMOD4,Site4,Meadow,Insecta,Diptera,Nematocera,Culicomorpha,Culicoidea,Culicidae,Culicinae,Culex,pipiens,1.84,4.54,0.99,31
2023-08-24,AMMOD4_1046,AMMOD,AMMOD4,Site4,Meadow,Insecta,Diptera,Nematocera,Culicomorpha,Chironomoidea,Chironomidae,Chironominae,Chironomus,annularius,0.9550000000000001,3.165,0.7849999999999999,14
2023-08-24,AMMOD4_1047,AMMOD,AMMOD4,Site4,Meadow,Insecta,Hymenoptera,Apocrita,Aculeata,Apoidea,Crabronidae,Crabroninae,Ectemnius,cephalotes,64.4823076923077,8.925897435897436,3.27948717948718,78
2023-08-24,AMMOD4_1048,AMMOD,AMMOD4,Site4,Meadow,Insecta,Diptera,Nematocera,Bibionomorpha,Sciaroidea,Sciaridae,Megalosphyinae,Bradysia,vagans,3.12,4.300000000000001,1.165,19
2023-08-24,AMMOD4_1049,AMMOD,AMMOD4,Site4,Meadow,Insecta,Diptera,Brachycera,Muscomorpha,Phoroidea,Phoridae,Metopininae,Megaselia,tama,1.2314285714285715,2.912857142857143,0.89,12
2023-08-24,AMMOD4_1050,AMMOD,AMMOD4,Site4,Meadow,Insecta,Lepidoptera,Glossata,Heterocera,Geometroidea,Geometridae,Larentiinae,Xanthorhoe,fluctuata,1.95,3.9666666666666663,1.0333333333333334,45
2023-08-24,AMMOD4_1051,AMMOD,AMMOD4,Site4,Meadow,Insecta,Diptera,Brachycera,Muscomorpha,Syrphoidea,Syrphidae,Eristalinae,Anasimyia,lineata,12.29572580645161,7.508467741935483,2.1483064516129025,37
2023-08-24,AMMOD4_1052,AMMOD,AMMOD4,Site4,Meadow,Insecta,Diptera,Brachycera,Muscomorpha,Phoroidea,Phoridae,Phorinae,Conicera,similis,1.2314285714285715,2.912857142857143,0.89,26
2023-08-24,AMMOD4_1053,AMMOD,AMMOD4,Site4,Meadow,Insecta,Diptera,Brachycera,Muscomorpha,Phoroidea,Phoridae,Metopininae,Metopina,galeata,1.2314285714285715,2.912857142857143,0.89,11
2023-08-24,AMMOD4_1054,AMMOD,AMMOD4,Site4,Meadow,Insecta,Diptera,Nematocera,Culicomorpha,Chironomoidea,Chironomidae,Chironominae,Tanytarsus,mendax,0.9550000000000001,3.165,0.7849999999999999,5
2023-08-25,AMMOD4_1055,AMMOD,AMMOD4,Site4,Meadow,Insecta,Diptera,Nematocera,Bibionomorpha,Sciaroidea,Sciaridae,#child.Sciaridae,Lycoriella,sativae,3.12,4.300000000000001,1.165,1
2023-08-25,AMMOD4_1056,AMMOD,AMMOD4,Site4,Meadow,Insecta,Diptera,Brachycera,Muscomorpha,Oestroidea,Tachinidae,Tachininae,Siphona,geniculata,8.696344827586204,5.522551724137931,1.7546666666666675,2
2023-08-25,AMMOD4_1057,AMMOD,AMMOD4,Site4,Meadow,Insecta,Hemiptera,Cicadomorpha,Cicadomorpha,Membracoidea,Cicadellidae,Typhlocybinae,Linnavuoriana,sexmaculata,5.600163934426228,4.548524590163934,1.525737704918033,51
2023-08-25,AMMOD4_1058,AMMOD,AMMOD4,Site4,Meadow,Insecta,Hymenoptera,Apocrita,Aculeata,Formicoidea,Formicidae,Formicinae,Lasius,niger,3.0777551020408147,4.416530612244895,1.2977551020408162,10
2023-08-25,AMMOD4_1059,AMMOD,AMMOD4,Site4,Meadow,Insecta,Diptera,Brachycera,Muscomorpha,Muscoidea,Anthomyiidae,Anthomyiinae,Delia,radicum,4.8100000000000005,4.535,1.6749999999999998,43
2023-08-25,AMMOD4_1060,AMMOD,AMMOD4,Site4,Meadow,Insecta,Diptera,Brachycera,Muscomorpha,Muscoidea,Muscidae,Phaoniinae,Phaonia,tuguriorum,13.525750000000013,5.991083333333332,2.2562500000000005,2
2023-08-25,AMMOD4_1061,AMMOD,AMMOD4,Site4,Meadow,Insecta,Diptera,Brachycera,Muscomorpha,Phoroidea,Phoridae,Phorinae,Diplonevra,nitidula,1.2314285714285715,2.912857142857143,0.89,39
2023-08-25,AMMOD4_1062,AMMOD,AMMOD4,Site4,Meadow,Insecta,Diptera,Brachycera,Muscomorpha,Phoroidea,Phoridae,Phorinae,Triphleba,nudipalpis,1.2314285714285715,2.912857142857143,0.89,2
2023-08-25,AMMOD4_1063,AMMOD,AMMOD4,Site4,Meadow,Insecta,Diptera,Brachycera,Muscomorpha,Carnoidea,Chloropidae,Oscinellinae,Incertella,albipalpis,2.167586206896551,3.907931034482758,1.0355172413793103,4
2023-08-25,AMMOD4_1064,AMMOD,AMMOD4,Site4,Meadow,Insecta,Diptera,Brachycera,Muscomorpha,Syrphoidea,Syrphidae,Syrphinae,Episyrphus,balteatus,12.29572580645161,7.508467741935483,2.1483064516129025,4
2023-08-25,AMMOD4_1065,AMMOD,AMMOD4,Site4,Meadow,Insecta,Diptera,Brachycera,Muscomorpha,Muscoidea,Anthomyiidae,Anthomyiinae,Delia,florilega,4.8100000000000005,4.535,1.6749999999999998,3
2023-08-25,AMMOD4_1066,AMMOD,AMMOD4,Site4,Meadow,Insecta,Diptera,Brachycera,Muscomorpha,Muscoidea,Fanniidae,#child.Fanniidae,Fannia,latipalpis,6.208333333333333,3.9266666666666663,1.413333333333333,17
2023-08-25,AMMOD4_1067,AMMOD,AMMOD4,Site4,Meadow,Insecta,Hymenoptera,Apocrita,Parasitica,Ichneumonoidea,Ichneumonidae,Phygadeuontinae,Phygadeuon,trichops,5.311379310344828,5.228275862068966,1.1537931034482758,1
2023-08-25,AMMOD4_1068,AMMOD,AMMOD4,Site4,Meadow,Insecta,Diptera,Brachycera,Muscomorpha,Oestroidea,Polleniidae,#child.Polleniidae,Pollenia,rudis,8.696344827586204,5.522551724137931,1.7546666666666675,16
2023-08-25,AMMOD4_1069,AMMOD,AMMOD4,Site4,Meadow,Insecta,Diptera,Brachycera,Asilomorpha,Empidoidea,Dolichopodidae,Medeterinae,Medetera,pallipes,3.9976666666666674,3.9993333333333334,1.274,7
2023-08-25,AMMOD4_1070,AMMOD,AMMOD4,Site4,Meadow,Insecta,Diptera,Brachycera,Muscomorpha,Muscoidea,Muscidae,Phaoniinae,Helina,reversio,13.525750000000013,5.991083333333332,2.2562500000000005,1
2023-08-25,AMMOD4_1071,AMMOD,AMMOD4,Site4,Meadow,Insecta,Diptera,Brachycera,Muscomorpha,Oestroidea,Calliphoridae,Luciliinae,Lucilia,ampullacea,8.696344827586204,5.522551724137931,1.7546666666666675,8
2023-08-25,AMMOD4_1072,AMMOD,AMMOD4,Site4,Meadow,Insecta,Lepidoptera,Glossata,Heterocera,Noctuoidea,Noctuidae,Noctuinae,Luperina,testacea,1.95,3.9666666666666663,1.0333333333333334,3
2023-08-25,AMMOD4_1073,AMMOD,AMMOD4,Site4,Meadow,Insecta,Lepidoptera,Glossata,Heterocera,Gracillarioidea,Gracillariidae,Gracillariinae,Phyllonorycter,rajella,1.95,3.9666666666666663,1.0333333333333334,2
2023-08-25,AMMOD4_1074,AMMOD,AMMOD4,Site4,Meadow,Insecta,Diptera,Brachycera,Muscomorpha,Phoroidea,Phoridae,Metopininae,Megaselia,angusta,1.2314285714285715,2.912857142857143,0.89,1
2023-08-25,AMMOD4_1075,AMMOD,AMMOD4,Site4,Meadow,Insecta,Diptera,Brachycera,Asilomorpha,Empidoidea,Dolichopodidae,Dolichopodinae,Dolichopus,festivus,3.9976666666666674,3.9993333333333334,1.274,39
2023-08-25,AMMOD4_1076,AMMOD,AMMOD4,Site4,Meadow,Insecta,Diptera,Brachycera,Muscomorpha,Tephritoidea,Tephritidae,Tephritinae,Ensina,sonchi,8.696344827586204,5.522551724137931,1.7546666666666675,1
2023-08-26,AMMOD4_1077,AMMOD,AMMOD4,Site4,Meadow,Insecta,Diptera,Nematocera,Bibionomorpha,Sciaroidea,Sciaridae,#child.Sciaridae,Lycoriella,sativae,3.12,4.300000000000001,1.165,1
2023-08-26,AMMOD4_1078,AMMOD,AMMOD4,Site4,Meadow,Insecta,Diptera,Nematocera,Culicomorpha,Culicoidea,Ceratopogonidae,Forcipomyiinae,Forcipomyia,bipunctata,0.9550000000000001,3.165,0.7849999999999999,2
2023-08-26,AMMOD4_1079,AMMOD,AMMOD4,Site4,Meadow,Insecta,Diptera,Nematocera,Bibionomorpha,Bibionoidea,Bibionidae,Bibioninae,Dilophus,febrilis,1.8561538461538463,3.6023076923076927,0.9615384615384617,9
2023-08-26,AMMOD4_1080,AMMOD,AMMOD4,Site4,Meadow,Insecta,Diptera,Brachycera,Muscomorpha,Oestroidea,Tachinidae,Tachininae,Siphona,geniculata,8.696344827586204,5.522551724137931,1.7546666666666675,52
2023-08-26,AMMOD4_1081,AMMOD,AMMOD4,Site4,Meadow,Insecta,Diptera,Brachycera,Muscomorpha,Lauxanioidea,Lauxaniidae,Lauxaniinae,Calliopum,aeneum,3.3925757575757585,4.098636363636362,1.2430303030303027,54
2023-08-26,AMMOD4_1082,AMMOD,AMMOD4,Site4,Meadow,Insecta,Diptera,Brachycera,Muscomorpha,Muscoidea,Anthomyiidae,Anthomyiinae,Delia,radicum,4.8100000000000005,4.535,1.6749999999999998,109
2023-08-26,AMMOD4_1083,AMMOD,AMMOD4,Site4,Meadow,Insecta,Diptera,Brachycera,Muscomorpha,Ephydroidea,Drosophilidae,Drosophilinae,Drosophila,suzukii,8.696344827586204,5.522551724137931,1.7546666666666675,1
2023-08-26,AMMOD4_1084,AMMOD,AMMOD4,Site4,Meadow,Insecta,Diptera,Nematocera,Bibionomorpha,Sciaroidea,Sciaridae,Sciarinae,Schwenckfeldina,carbonaria,3.12,4.300000000000001,1.165,2
2023-08-26,AMMOD4_1085,AMMOD,AMMOD4,Site4,Meadow,Insecta,Diptera,Brachycera,Asilomorpha,Empidoidea,Dolichopodidae,Medeterinae,Medetera,jacula,3.9976666666666674,3.9993333333333334,1.274,1
2023-08-26,AMMOD4_1086,AMMOD,AMMOD4,Site4,Meadow,Insecta,Diptera,Brachycera,Muscomorpha,Phoroidea,Phoridae,Phorinae,Diplonevra,nitidula,1.2314285714285715,2.912857142857143,0.89,3
2023-08-26,AMMOD4_1087,AMMOD,AMMOD4,Site4,Meadow,Insecta,Diptera,Brachycera,Muscomorpha,Syrphoidea,Syrphidae,Syrphinae,Melanostoma,mellinum,12.29572580645161,7.508467741935483,2.1483064516129025,1
2023-08-26,AMMOD4_1088,AMMOD,AMMOD4,Site4,Meadow,Insecta,Diptera,Brachycera,Muscomorpha,Carnoidea,Chloropidae,Oscinellinae,Incertella,albipalpis,2.167586206896551,3.907931034482758,1.0355172413793103,14
2023-08-26,AMMOD4_1089,AMMOD,AMMOD4,Site4,Meadow,Insecta,Lepidoptera,Glossata,Heterocera,Noctuoidea,Noctuidae,Noctuinae,Mythimna,pallens,1.95,3.9666666666666663,1.0333333333333334,4
2023-08-26,AMMOD4_1090,AMMOD,AMMOD4,Site4,Meadow,Insecta,Diptera,Brachycera,Muscomorpha,Syrphoidea,Syrphidae,Syrphinae,Episyrphus,balteatus,12.29572580645161,7.508467741935483,2.1483064516129025,178
2023-08-26,AMMOD4_1091,AMMOD,AMMOD4,Site4,Meadow,Insecta,Diptera,Brachycera,Muscomorpha,Ephydroidea,Drosophilidae,Drosophilinae,Drosophila,subobscura,8.696344827586204,5.522551724137931,1.7546666666666675,1
2023-08-26,AMMOD4_1092,AMMOD,AMMOD4,Site4,Meadow,Insecta,Diptera,Brachycera,Muscomorpha,Muscoidea,Muscidae,Mydaeinae,Myospila,meditabunda,13.525750000000013,5.991083333333332,2.2562500000000005,19
2023-08-26,AMMOD4_1093,AMMOD,AMMOD4,Site4,Meadow,Insecta,Diptera,Brachycera,Muscomorpha,Muscoidea,Anthomyiidae,#child.Anthomyiidae,Phorbia,fumigata,4.8100000000000005,4.535,1.6749999999999998,58
2023-08-26,AMMOD4_1094,AMMOD,AMMOD4,Site4,Meadow,Insecta,Diptera,Brachycera,Muscomorpha,Muscoidea,Anthomyiidae,Anthomyiinae,Delia,florilega,4.8100000000000005,4.535,1.6749999999999998,11
2023-08-26,AMMOD4_1095,AMMOD,AMMOD4,Site4,Meadow,Insecta,Diptera,Brachycera,Muscomorpha,Oestroidea,Sarcophagidae,Sarcophaginae,Sarcophaga,variegata,8.696344827586204,5.522551724137931,1.7546666666666675,22
2023-08-26,AMMOD4_1096,AMMOD,AMMOD4,Site4,Meadow,Insecta,Diptera,Brachycera,Muscomorpha,Oestroidea,Sarcophagidae,Sarcophaginae,Sarcophaga,aratrix,8.696344827586204,5.522551724137931,1.7546666666666675,103
2023-08-26,AMMOD4_1097,AMMOD,AMMOD4,Site4,Meadow,Insecta,Diptera,Nematocera,Bibionomorpha,Sciaroidea,Sciaridae,Megalosphyinae,Bradysia,trivittata,3.12,4.300000000000001,1.165,2
2023-08-26,AMMOD4_1098,AMMOD,AMMOD4,Site4,Meadow,Insecta,Diptera,Brachycera,Muscomorpha,Muscoidea,Anthomyiidae,Anthomyiinae,Hylemya,partita,4.8100000000000005,4.535,1.6749999999999998,3
2023-08-26,AMMOD4_1099,AMMOD,AMMOD4,Site4,Meadow,Insecta,Lepidoptera,Glossata,Heterocera,Gelechioidea,Gelechiidae,Dichomeridinae,Helcystogramma,triannulella,1.95,3.9666666666666663,1.0333333333333334,24
2023-08-26,AMMOD4_1100,AMMOD,AMMOD4,Site4,Meadow,Insecta,Diptera,Brachycera,Muscomorpha,Muscoidea,Muscidae,Stomoxyinae,Stomoxys,calcitrans,13.525750000000013,5.991083333333332,2.2562500000000005,28
2023-08-26,AMMOD4_1101,AMMOD,AMMOD4,Site4,Meadow,Insecta,Lepidoptera,Glossata,Heterocera,Noctuoidea,Noctuidae,Noctuinae,Mythimna,albipuncta,1.95,3.9666666666666663,1.0333333333333334,6
2023-08-26,AMMOD4_1102,AMMOD,AMMOD4,Site4,Meadow,Insecta,Hymenoptera,Apocrita,Parasitica,Ichneumonoidea,Ichneumonidae,Campopleginae,Meloboris,collector,5.311379310344828,5.228275862068966,1.1537931034482758,5
2023-08-26,AMMOD4_1103,AMMOD,AMMOD4,Site4,Meadow,Insecta,Diptera,Brachycera,Muscomorpha,Oestroidea,Polleniidae,#child.Polleniidae,Pollenia,pediculata,8.696344827586204,5.522551724137931,1.7546666666666675,45
2023-08-26,AMMOD4_1104,AMMOD,AMMOD4,Site4,Meadow,Insecta,Lepidoptera,Glossata,Heterocera,Noctuoidea,Noctuidae,Cuculliinae,Cucullia,umbratica,1.95,3.9666666666666663,1.0333333333333334,82
2023-08-26,AMMOD4_1105,AMMOD,AMMOD4,Site4,Meadow,Arachnida,Araneae,Opisthothelae,Araneomorphae,Araneoidea,Linyphiidae,Linyphiinae,Agyneta,rurestris,1.8317105263157896,2.26736842105263,0.9770394736842106,6
2023-08-26,AMMOD4_1106,AMMOD,AMMOD4,Site4,Meadow,Insecta,Hymenoptera,Apocrita,Parasitica,Ichneumonoidea,Braconidae,Microgastrinae,Protapanteles,fulvipes,2.5116216216216225,3.7481081081081076,1.0197297297297299,8
2023-08-27,AMMOD4_1107,AMMOD,AMMOD4,Site4,Meadow,Insecta,Diptera,Nematocera,Tipulomorpha,Tipuloidea,Tipulidae,Tipulinae,Tipula,paludosa,25.121999999999996,12.984,1.698,3
2023-08-27,AMMOD4_1108,AMMOD,AMMOD4,Site4,Meadow,Insecta,Diptera,Brachycera,Muscomorpha,Phoroidea,Phoridae,Phorinae,Diplonevra,nitidula,1.2314285714285715,2.912857142857143,0.89,6
2023-08-27,AMMOD4_1109,AMMOD,AMMOD4,Site4,Meadow,Insecta,Diptera,Brachycera,Muscomorpha,Carnoidea,Chloropidae,Oscinellinae,Incertella,albipalpis,2.167586206896551,3.907931034482758,1.0355172413793103,2
2023-08-27,AMMOD4_1110,AMMOD,AMMOD4,Site4,Meadow,Insecta,Diptera,Brachycera,Muscomorpha,Muscoidea,Anthomyiidae,Anthomyiinae,Delia,florilega,4.8100000000000005,4.535,1.6749999999999998,1
2023-08-27,AMMOD4_1111,AMMOD,AMMOD4,Site4,Meadow,Insecta,Diptera,Brachycera,Muscomorpha,Oestroidea,Sarcophagidae,Sarcophaginae,Sarcophaga,variegata,8.696344827586204,5.522551724137931,1.7546666666666675,3
2023-08-27,AMMOD4_1112,AMMOD,AMMOD4,Site4,Meadow,Insecta,Diptera,Nematocera,Culicomorpha,Culicoidea,Culicidae,Culicinae,Culiseta,annulata,1.84,4.54,0.99,8
2023-08-27,AMMOD4_1113,AMMOD,AMMOD4,Site4,Meadow,Insecta,Lepidoptera,Glossata,Heterocera,Noctuoidea,Noctuidae,Noctuinae,Mythimna,albipuncta,1.95,3.9666666666666663,1.0333333333333334,10
2023-08-28,AMMOD4_1114,AMMOD,AMMOD4,Site4,Meadow,Insecta,Diptera,Nematocera,Bibionomorpha,Sciaroidea,Sciaridae,#child.Sciaridae,Lycoriella,sativae,3.12,4.300000000000001,1.165,3
2023-08-28,AMMOD4_1115,AMMOD,AMMOD4,Site4,Meadow,Insecta,Diptera,Brachycera,Muscomorpha,Oestroidea,Tachinidae,Tachininae,Siphona,geniculata,8.696344827586204,5.522551724137931,1.7546666666666675,49
2023-08-28,AMMOD4_1116,AMMOD,AMMOD4,Site4,Meadow,Insecta,Diptera,Brachycera,Muscomorpha,Muscoidea,Muscidae,Coenosiinae,Coenosia,tigrina,13.525750000000013,5.991083333333332,2.2562500000000005,41
2023-08-28,AMMOD4_1117,AMMOD,AMMOD4,Site4,Meadow,Insecta,Diptera,Brachycera,Muscomorpha,Lauxanioidea,Lauxaniidae,Lauxaniinae,Calliopum,aeneum,3.3925757575757585,4.098636363636362,1.2430303030303027,43
2023-08-28,AMMOD4_1118,AMMOD,AMMOD4,Site4,Meadow,Insecta,Diptera,Brachycera,Muscomorpha,Muscoidea,Fanniidae,#child.Fanniidae,Fannia,armata,6.208333333333333,3.9266666666666663,1.413333333333333,3
2023-08-28,AMMOD4_1119,AMMOD,AMMOD4,Site4,Meadow,Insecta,Diptera,Brachycera,Muscomorpha,Muscoidea,Anthomyiidae,Anthomyiinae,Delia,radicum,4.8100000000000005,4.535,1.6749999999999998,360
2023-08-28,AMMOD4_1120,AMMOD,AMMOD4,Site4,Meadow,Insecta,Coleoptera,Polyphaga,Staphyliniformia,Staphylinoidea,Staphylinidae,Staphylininae,Xantholinus,longiventris,22.330000000000005,10.233272727272729,2.0220000000000002,14
2023-08-28,AMMOD4_1121,AMMOD,AMMOD4,Site4,Meadow,Insecta,Diptera,Brachycera,Muscomorpha,Ephydroidea,Drosophilidae,Drosophilinae,Drosophila,suzukii,8.696344827586204,5.522551724137931,1.7546666666666675,38
2023-08-28,AMMOD4_1122,AMMOD,AMMOD4,Site4,Meadow,Insecta,Diptera,Nematocera,Bibionomorpha,Sciaroidea,Sciaridae,Sciarinae,Schwenckfeldina,carbonaria,3.12,4.300000000000001,1.165,188
2023-08-28,AMMOD4_1123,AMMOD,AMMOD4,Site4,Meadow,Insecta,Diptera,Brachycera,Asilomorpha,Empidoidea,Dolichopodidae,Medeterinae,Medetera,jacula,3.9976666666666674,3.9993333333333334,1.274,268
2023-08-28,AMMOD4_1124,AMMOD,AMMOD4,Site4,Meadow,Insecta,Diptera,Brachycera,Muscomorpha,Phoroidea,Phoridae,Phorinae,Diplonevra,nitidula,1.2314285714285715,2.912857142857143,0.89,665
2023-08-28,AMMOD4_1125,AMMOD,AMMOD4,Site4,Meadow,Insecta,Diptera,Brachycera,Muscomorpha,Syrphoidea,Syrphidae,Syrphinae,Melanostoma,mellinum,12.29572580645161,7.508467741935483,2.1483064516129025,83
2023-08-28,AMMOD4_1126,AMMOD,AMMOD4,Site4,Meadow,Insecta,Diptera,Brachycera,Muscomorpha,Phoroidea,Phoridae,Phorinae,Triphleba,nudipalpis,1.2314285714285715,2.912857142857143,0.89,33
2023-08-28,AMMOD4_1127,AMMOD,AMMOD4,Site4,Meadow,Insecta,Diptera,Brachycera,Muscomorpha,Carnoidea,Chloropidae,Oscinellinae,Incertella,albipalpis,2.167586206896551,3.907931034482758,1.0355172413793103,7
2023-08-28,AMMOD4_1128,AMMOD,AMMOD4,Site4,Meadow,Insecta,Diptera,Brachycera,Muscomorpha,Syrphoidea,Syrphidae,Syrphinae,Episyrphus,balteatus,12.29572580645161,7.508467741935483,2.1483064516129025,24
2023-08-28,AMMOD4_1129,AMMOD,AMMOD4,Site4,Meadow,Insecta,Diptera,Brachycera,Muscomorpha,Muscoidea,Muscidae,Phaoniinae,Helina,lasiophthalma,13.525750000000013,5.991083333333332,2.2562500000000005,607
2023-08-28,AMMOD4_1130,AMMOD,AMMOD4,Site4,Meadow,Insecta,Diptera,Brachycera,Muscomorpha,Muscoidea,Anthomyiidae,Anthomyiinae,Delia,florilega,4.8100000000000005,4.535,1.6749999999999998,63
2023-08-28,AMMOD4_1131,AMMOD,AMMOD4,Site4,Meadow,Insecta,Diptera,Brachycera,Muscomorpha,Muscoidea,Fanniidae,#child.Fanniidae,Fannia,latipalpis,6.208333333333333,3.9266666666666663,1.413333333333333,50
2023-08-28,AMMOD4_1132,AMMOD,AMMOD4,Site4,Meadow,Insecta,Diptera,Brachycera,Muscomorpha,Oestroidea,Polleniidae,#child.Polleniidae,Pollenia,rudis,8.696344827586204,5.522551724137931,1.7546666666666675,91
2023-08-28,AMMOD4_1133,AMMOD,AMMOD4,Site4,Meadow,Insecta,Diptera,Brachycera,Asilomorpha,Empidoidea,Dolichopodidae,Medeterinae,Medetera,pallipes,3.9976666666666674,3.9993333333333334,1.274,37
2023-08-28,AMMOD4_1134,AMMOD,AMMOD4,Site4,Meadow,Insecta,Diptera,Nematocera,Bibionomorpha,Sciaroidea,Sciaridae,Megalosphyinae,Bradysia,trivittata,3.12,4.300000000000001,1.165,100
2023-08-28,AMMOD4_1135,AMMOD,AMMOD4,Site4,Meadow,Insecta,Diptera,Brachycera,Muscomorpha,Oestroidea,Tachinidae,Exoristinae,Lydella,grisescens,8.696344827586204,5.522551724137931,1.7546666666666675,33
2023-08-28,AMMOD4_1136,AMMOD,AMMOD4,Site4,Meadow,Insecta,Diptera,Brachycera,Muscomorpha,Muscoidea,Muscidae,Limnophorini (Tribu),Limnophora,tigrina,13.525750000000013,5.991083333333332,2.2562500000000005,29
2023-08-28,AMMOD4_1137,AMMOD,AMMOD4,Site4,Meadow,Insecta,Lepidoptera,Glossata,Heterocera,Tortricoidea,Tortricidae,Olethreutinae,Epinotia,tenerana,1.95,3.9666666666666663,1.0333333333333334,716
2023-08-28,AMMOD4_1138,AMMOD,AMMOD4,Site4,Meadow,Insecta,Diptera,Brachycera,Muscomorpha,Muscoidea,Fanniidae,#child.Fanniidae,Fannia,canicularis,6.208333333333333,3.9266666666666663,1.413333333333333,150
2023-08-28,AMMOD4_1139,AMMOD,AMMOD4,Site4,Meadow,Insecta,Diptera,Brachycera,Muscomorpha,Muscoidea,Muscidae,Mydaeinae,Hebecnema,umbratica,13.525750000000013,5.991083333333332,2.2562500000000005,32
2023-08-28,AMMOD4_1140,AMMOD,AMMOD4,Site4,Meadow,Insecta,Lepidoptera,Glossata,Heterocera,Yponomeutoidea,Ypsolophidae,Ypsolophinae,Ypsolopha,mucronella,1.95,3.9666666666666663,1.0333333333333334,299
2023-08-28,AMMOD4_1141,AMMOD,AMMOD4,Site4,Meadow,Insecta,Diptera,Nematocera,Culicomorpha,Culicoidea,Culicidae,Culicinae,Culex,pipiens,1.84,4.54,0.99,27
2023-08-28,AMMOD4_1142,AMMOD,AMMOD4,Site4,Meadow,Insecta,Diptera,Brachycera,Muscomorpha,Oestroidea,Rhinophoridae,#child.Rhinophoridae,Paykullia,maculata,8.696344827586204,5.522551724137931,1.7546666666666675,23
2023-08-28,AMMOD4_1143,AMMOD,AMMOD4,Site4,Meadow,Insecta,Diptera,Nematocera,Psychodomorpha,Psychodoidea,Psychodidae,Psychodinae,Psychoda,minuta,7.582499999999999,5.904,1.128,163
2023-08-28,AMMOD4_1144,AMMOD,AMMOD4,Site4,Meadow,Insecta,Diptera,Brachycera,Muscomorpha,Tephritoidea,Pallopteridae,Pallopteridae,Palloptera,ustulata,8.696344827586204,5.522551724137931,1.7546666666666675,90
2023-08-28,AMMOD4_1145,AMMOD,AMMOD4,Site4,Meadow,Insecta,Lepidoptera,Glossata,Heterocera,Tortricoidea,Tortricidae,Olethreutinae,Celypha,lacunana,1.95,3.9666666666666663,1.0333333333333334,124
2023-08-28,AMMOD4_1146,AMMOD,AMMOD4,Site4,Meadow,Insecta,Diptera,Brachycera,Muscomorpha,Sphaeroceroidea,Sphaeroceridae,Copromyzinae,Lotophila,atra,8.696344827586204,5.522551724137931,1.7546666666666675,2
2023-08-28,AMMOD4_1147,AMMOD,AMMOD4,Site4,Meadow,Insecta,Diptera,Brachycera,Aschiza,Platypezoidea,Platypezidae,Platypezinae,Lindneromyia,hungarica,0.8575,2.715,0.7625,94
2023-08-28,AMMOD4_1148,AMMOD,AMMOD4,Site4,Meadow,Insecta,Hymenoptera,Apocrita,Parasitica,Ichneumonoidea,Ichneumonidae,Phygadeuontinae,Ethelurgus,sodalis,5.311379310344828,5.228275862068966,1.1537931034482758,26
2023-08-28,AMMOD4_1149,AMMOD,AMMOD4,Site4,Meadow,Insecta,Diptera,Brachycera,Muscomorpha,Phoroidea,Lonchopteridae,#child.Lonchopteridae,Lonchoptera,bifurcata,0.8860000000000001,2.662,0.7869999999999999,10
2023-08-28,AMMOD4_1150,AMMOD,AMMOD4,Site4,Meadow,Insecta,Diptera,Brachycera,Muscomorpha,Oestroidea,Sarcophagidae,Sarcophaginae,Blaesoxipha,plumicornis,8.696344827586204,5.522551724137931,1.7546666666666675,53
2023-08-28,AMMOD4_1151,AMMOD,AMMOD4,Site4,Meadow,Insecta,Diptera,Nematocera,Culicomorpha,Chironomoidea,Chironomidae,Tanypodinae,Xenopelopia,nigricans,0.9550000000000001,3.165,0.7849999999999999,1
2023-08-28,AMMOD4_1152,AMMOD,AMMOD4,Site4,Meadow,Insecta,Diptera,Brachycera,Muscomorpha,Phoroidea,Phoridae,Phorinae,Diplonevra,florea,1.2314285714285715,2.912857142857143,0.89,9
2023-08-28,AMMOD4_1153,AMMOD,AMMOD4,Site4,Meadow,Insecta,Diptera,Nematocera,Tipulomorpha,Tipuloidea,Limoniidae,Chioneinae,Symplecta,stictica,25.121999999999996,12.984,1.698,9
2023-08-28,AMMOD4_1154,AMMOD,AMMOD4,Site4,Meadow,Arachnida,Mesostigmata,Parasitina,#child.Parasitina,Parasitoidea,Parasitidae,Parasitinae,Poecilochirus,carabi,10.618930921052629,3.6586842105263195,1.5732730263157897,33
2023-08-28,AMMOD4_1155,AMMOD,AMMOD4,Site4,Meadow,Insecta,Diptera,Brachycera,Asilomorpha,Empidoidea,Empididae,Empidinae,Empis,livida,19.676666666666666,7.57,1.8933333333333333,7
2023-08-29,AMMOD4_1156,AMMOD,AMMOD4,Site4,Meadow,Insecta,Diptera,Nematocera,Bibionomorpha,Sciaroidea,Sciaridae,#child.Sciaridae,Lycoriella,sativae,3.12,4.300000000000001,1.165,140
2023-08-29,AMMOD4_1157,AMMOD,AMMOD4,Site4,Meadow,Insecta,Diptera,Brachycera,Muscomorpha,Phoroidea,Phoridae,Phorinae,Diplonevra,nitidula,1.2314285714285715,2.912857142857143,0.89,195
2023-08-30,AMMOD4_1158,AMMOD,AMMOD4,Site4,Meadow,Insecta,Diptera,Brachycera,Muscomorpha,Phoroidea,Phoridae,Phorinae,Triphleba,nudipalpis,1.2314285714285715,2.912857142857143,0.89,284
2023-08-30,AMMOD4_1159,AMMOD,AMMOD4,Site4,Meadow,Insecta,Diptera,Brachycera,Muscomorpha,Carnoidea,Chloropidae,Oscinellinae,Incertella,albipalpis,2.167586206896551,3.907931034482758,1.0355172413793103,660
2023-08-30,AMMOD4_1160,AMMOD,AMMOD4,Site4,Meadow,Insecta,Diptera,Brachycera,Muscomorpha,Muscoidea,Anthomyiidae,Anthomyiinae,Delia,florilega,4.8100000000000005,4.535,1.6749999999999998,1
2023-08-30,AMMOD4_1161,AMMOD,AMMOD4,Site4,Meadow,Insecta,Hemiptera,Cicadomorpha,Cicadomorpha,Cercopoidea,Aphrophoridae,Aphrophorinae,Aphrophora,alni,11.884117647058824,5.946470588235295,2.3226470588235295,143
2023-08-31,AMMOD4_1162,AMMOD,AMMOD4,Site4,Meadow,Insecta,Diptera,Nematocera,Bibionomorpha,Sciaroidea,Sciaridae,#child.Sciaridae,Lycoriella,sativae,3.12,4.300000000000001,1.165,668
2023-08-31,AMMOD4_1163,AMMOD,AMMOD4,Site4,Meadow,Insecta,Coleoptera,Polyphaga,Cucujiformia,Tenebrionoidea,Pyrochroidae,Pyrochroinae,Pyrochroa,coccinea,13.394999999999998,7.646249999999999,2.03375,1
2023-08-31,AMMOD4_1164,AMMOD,AMMOD4,Site4,Meadow,Insecta,Coleoptera,Polyphaga,Cucujiformia,Curculionoidea,Curculionidae,Entiminae,Naupactus,cervinus,2.59962962962963,3.2672222222222227,1.1698148148148149,1
2023-09-01,AMMOD4_1165,AMMOD,AMMOD4,Site4,Meadow,Insecta,Diptera,Brachycera,Muscomorpha,Muscoidea,Anthomyiidae,Anthomyiinae,Delia,radicum,4.8100000000000005,4.535,1.6749999999999998,3
2023-09-01,AMMOD4_1166,AMMOD,AMMOD4,Site4,Meadow,Insecta,Coleoptera,Polyphaga,Cucujiformia,Coccinelloidea,Coccinellidae,Coccinellinae,Harmonia,axyridis,8.395714285714286,4.155,2.3153571428571422,289
2023-09-01,AMMOD4_1167,AMMOD,AMMOD4,Site4,Meadow,Insecta,Diptera,Nematocera,Bibionomorpha,Sciaroidea,Sciaridae,Sciarinae,Corynoptera,bicuspidata,3.12,4.300000000000001,1.165,36
2023-09-01,AMMOD4_1168,AMMOD,AMMOD4,Site4,Meadow,Insecta,Hymenoptera,Apocrita,Parasitica,Ichneumonoidea,Braconidae,Euphorinae,Dinocampus,coccinellae,2.5116216216216225,3.7481081081081076,1.0197297297297299,8
2023-09-02,AMMOD4_1169,AMMOD,AMMOD4,Site4,Meadow,Insecta,Diptera,Nematocera,Tipulomorpha,Tipuloidea,Tipulidae,Tipulinae,Tipula,paludosa,25.121999999999996,12.984,1.698,1
2023-09-03,AMMOD4_1170,AMMOD,AMMOD4,Site4,Meadow,Insecta,Diptera,Nematocera,Bibionomorpha,Sciaroidea,Sciaridae,#child.Sciaridae,Lycoriella,sativae,3.12,4.300000000000001,1.165,25
2023-09-03,AMMOD4_1171,AMMOD,AMMOD4,Site4,Meadow,Insecta,Diptera,Brachycera,Muscomorpha,Phoroidea,Phoridae,Phorinae,Diplonevra,nitidula,1.2314285714285715,2.912857142857143,0.89,16
2023-09-03,AMMOD4_1172,AMMOD,AMMOD4,Site4,Meadow,Insecta,Diptera,Brachycera,Muscomorpha,Muscoidea,Muscidae,Coenosiinae,Coenosia,testacea,13.525750000000013,5.991083333333332,2.2562500000000005,1
2023-09-05,AMMOD1_1173,AMMOD,AMMOD1,Site1,Maize,Insecta,Diptera,Nematocera,Bibionomorpha,Sciaroidea,Sciaridae,#child.Sciaridae,Lycoriella,sativae,3.12,4.300000000000001,1.165,8
2023-09-05,AMMOD1_1174,AMMOD,AMMOD1,Site1,Maize,Insecta,Diptera,Brachycera,Muscomorpha,Oestroidea,Tachinidae,Tachininae,Siphona,geniculata,8.696344827586204,5.522551724137931,1.7546666666666675,7
2023-09-05,AMMOD1_1175,AMMOD,AMMOD1,Site1,Maize,Insecta,Hymenoptera,Apocrita,Aculeata,Formicoidea,Formicidae,Formicinae,Lasius,niger,3.0777551020408147,4.416530612244895,1.2977551020408162,8
2023-09-05,AMMOD1_1176,AMMOD,AMMOD1,Site1,Maize,Insecta,Diptera,Nematocera,Tipulomorpha,Tipuloidea,Tipulidae,Tipulinae,Tipula,paludosa,25.121999999999996,12.984,1.698,2
2023-09-05,AMMOD1_1177,AMMOD,AMMOD1,Site1,Maize,Insecta,Diptera,Brachycera,Muscomorpha,Phoroidea,Phoridae,Phorinae,Diplonevra,nitidula,1.2314285714285715,2.912857142857143,0.89,21
2023-09-05,AMMOD1_1178,AMMOD,AMMOD1,Site1,Maize,Insecta,Diptera,Brachycera,Muscomorpha,Phoroidea,Phoridae,Phorinae,Triphleba,nudipalpis,1.2314285714285715,2.912857142857143,0.89,137
2023-09-05,AMMOD1_1179,AMMOD,AMMOD1,Site1,Maize,Insecta,Diptera,Brachycera,Muscomorpha,Syrphoidea,Syrphidae,Syrphinae,Episyrphus,balteatus,12.29572580645161,7.508467741935483,2.1483064516129025,6
2023-09-05,AMMOD1_1180,AMMOD,AMMOD1,Site1,Maize,Insecta,Diptera,Brachycera,Muscomorpha,Oestroidea,Sarcophagidae,Sarcophaginae,Sarcophaga,variegata,8.696344827586204,5.522551724137931,1.7546666666666675,5
2023-09-05,AMMOD1_1181,AMMOD,AMMOD1,Site1,Maize,Insecta,Diptera,Brachycera,Muscomorpha,Muscoidea,Muscidae,Limnophorini (Tribu),Limnophora,triangula,13.525750000000013,5.991083333333332,2.2562500000000005,3
2023-09-05,AMMOD1_1182,AMMOD,AMMOD1,Site1,Maize,Insecta,Diptera,Nematocera,Bibionomorpha,Sciaroidea,Sciaridae,Megalosphyinae,Bradysia,urticae,3.12,4.300000000000001,1.165,1
2023-09-05,AMMOD1_1183,AMMOD,AMMOD1,Site1,Maize,Insecta,Diptera,Brachycera,Muscomorpha,Carnoidea,Chloropidae,Oscinellinae,Tricimba,cincta,2.167586206896551,3.907931034482758,1.0355172413793103,1
2023-09-05,AMMOD1_1184,AMMOD,AMMOD1,Site1,Maize,Insecta,Diptera,Brachycera,Muscomorpha,Phoroidea,Phoridae,Metopininae,Megaselia,subtumida,1.2314285714285715,2.912857142857143,0.89,2
2023-09-05,AMMOD1_1185,AMMOD,AMMOD1,Site1,Maize,Insecta,Diptera,Brachycera,Muscomorpha,Phoroidea,Phoridae,Metopininae,Megaselia,gregaria,1.2314285714285715,2.912857142857143,0.89,3
2023-09-05,AMMOD1_1186,AMMOD,AMMOD1,Site1,Maize,Insecta,Diptera,Brachycera,Muscomorpha,Sphaeroceroidea,Sphaeroceridae,Limosininae,Pteremis,fenestralis,8.696344827586204,5.522551724137931,1.7546666666666675,7
2023-09-05,AMMOD1_1187,AMMOD,AMMOD1,Site1,Maize,Insecta,Diptera,Brachycera,Tabanomorpha,Tabanoidea,Tabanidae,Tabaninae,Haematopota,pluvialis,2.56,4.18,1.21,14
2023-09-05,AMMOD1_1188,AMMOD,AMMOD1,Site1,Maize,Insecta,Hymenoptera,Apocrita,Aculeata,Cynipoidea,Figitidae,Eucoilinae,Kleidotoma,tetratoma,21.5063829787234,5.856666666666664,1.9010638297872344,1
2023-09-05,AMMOD1_1189,AMMOD,AMMOD1,Site1,Maize,Insecta,Hymenoptera,Apocrita,Parasitica,Ichneumonoidea,Ichneumonidae,Pimplinae,Clistopyga,incitator,5.311379310344828,5.228275862068966,1.1537931034482758,3
2023-09-06,AMMOD1_1190,AMMOD,AMMOD1,Site1,Maize,Insecta,Diptera,Nematocera,Bibionomorpha,Sciaroidea,Sciaridae,#child.Sciaridae,Lycoriella,sativae,3.12,4.300000000000001,1.165,59
2023-09-06,AMMOD1_1191,AMMOD,AMMOD1,Site1,Maize,Insecta,Diptera,Brachycera,Muscomorpha,Oestroidea,Tachinidae,Tachininae,Siphona,geniculata,8.696344827586204,5.522551724137931,1.7546666666666675,207
2023-09-06,AMMOD1_1192,AMMOD,AMMOD1,Site1,Maize,Insecta,Diptera,Nematocera,Bibionomorpha,Sciaroidea,Sciaridae,Sciarinae,Peyerimhoffia,vagabunda,3.12,4.300000000000001,1.165,38
2023-09-06,AMMOD1_1193,AMMOD,AMMOD1,Site1,Maize,Insecta,Hymenoptera,Apocrita,Aculeata,Formicoidea,Formicidae,Formicinae,Lasius,niger,3.0777551020408147,4.416530612244895,1.2977551020408162,23
2023-09-06,AMMOD1_1194,AMMOD,AMMOD1,Site1,Maize,Insecta,Diptera,Brachycera,Asilomorpha,Empidoidea,Dolichopodidae,Diaphorinae,Argyra,leucocephala,3.9976666666666674,3.9993333333333334,1.274,147
2023-09-06,AMMOD1_1195,AMMOD,AMMOD1,Site1,Maize,Insecta,Diptera,Brachycera,Muscomorpha,Muscoidea,Anthomyiidae,Anthomyiinae,Delia,radicum,4.8100000000000005,4.535,1.6749999999999998,1
2023-09-06,AMMOD1_1196,AMMOD,AMMOD1,Site1,Maize,Insecta,Diptera,Brachycera,Muscomorpha,Muscoidea,Anthomyiidae,Anthomyiinae,Botanophila,fugax,4.8100000000000005,4.535,1.6749999999999998,6
2023-09-06,AMMOD1_1197,AMMOD,AMMOD1,Site1,Maize,Insecta,Diptera,Brachycera,Muscomorpha,Phoroidea,Phoridae,Phorinae,Diplonevra,nitidula,1.2314285714285715,2.912857142857143,0.89,117
2023-09-06,AMMOD1_1198,AMMOD,AMMOD1,Site1,Maize,Insecta,Diptera,Brachycera,Muscomorpha,Syrphoidea,Syrphidae,Syrphinae,Melanostoma,mellinum,12.29572580645161,7.508467741935483,2.1483064516129025,12
2023-09-06,AMMOD1_1199,AMMOD,AMMOD1,Site1,Maize,Insecta,Diptera,Brachycera,Muscomorpha,Phoroidea,Phoridae,Phorinae,Triphleba,nudipalpis,1.2314285714285715,2.912857142857143,0.89,430
2023-09-06,AMMOD1_1200,AMMOD,AMMOD1,Site1,Maize,Insecta,Diptera,Brachycera,Muscomorpha,Muscoidea,Muscidae,Phaoniinae,Helina,evecta,13.525750000000013,5.991083333333332,2.2562500000000005,664
2023-09-06,AMMOD1_1201,AMMOD,AMMOD1,Site1,Maize,Insecta,Diptera,Brachycera,Muscomorpha,Muscoidea,Anthomyiidae,Anthomyiinae,Delia,florilega,4.8100000000000005,4.535,1.6749999999999998,49
2023-09-06,AMMOD1_1202,AMMOD,AMMOD1,Site1,Maize,Insecta,Diptera,Brachycera,Muscomorpha,Oestroidea,Sarcophagidae,Sarcophaginae,Sarcophaga,variegata,8.696344827586204,5.522551724137931,1.7546666666666675,45
2023-09-06,AMMOD1_1203,AMMOD,AMMOD1,Site1,Maize,Insecta,Diptera,Brachycera,Muscomorpha,Muscoidea,Fanniidae,#child.Fanniidae,Fannia,latipalpis,6.208333333333333,3.9266666666666663,1.413333333333333,2
2023-09-06,AMMOD1_1204,AMMOD,AMMOD1,Site1,Maize,Insecta,Coleoptera,Polyphaga,Cucujiformia,Tenebrionoidea,Anthicidae,Anthicinae,Anthicus,antherinus,13.394999999999998,7.646249999999999,2.03375,3
2023-09-06,AMMOD1_1205,AMMOD,AMMOD1,Site1,Maize,Insecta,Diptera,Nematocera,Bibionomorpha,Sciaroidea,Sciaridae,Megalosphyinae,Bradysia,urticae,3.12,4.300000000000001,1.165,16
2023-09-06,AMMOD1_1206,AMMOD,AMMOD1,Site1,Maize,Insecta,Hymenoptera,Apocrita,Parasitica,Ichneumonoidea,Ichneumonidae,Diplazontinae,Syrphoctonus,signatus,5.311379310344828,5.228275862068966,1.1537931034482758,17
2023-09-06,AMMOD1_1207,AMMOD,AMMOD1,Site1,Maize,Insecta,Coleoptera,Polyphaga,Cucujiformia,Coccinelloidea,Coccinellidae,Coccinellinae,Harmonia,axyridis,8.395714285714286,4.155,2.3153571428571422,2
2023-09-06,AMMOD1_1208,AMMOD,AMMOD1,Site1,Maize,Insecta,Diptera,Brachycera,Muscomorpha,Ephydroidea,Drosophilidae,Drosophilinae,Scaptomyza,pallida,8.696344827586204,5.522551724137931,1.7546666666666675,1
2023-09-06,AMMOD1_1209,AMMOD,AMMOD1,Site1,Maize,Insecta,Hemiptera,Cicadomorpha,Cicadomorpha,Membracoidea,Cicadellidae,Typhlocybinae,Ribautiana,debilis,5.600163934426228,4.548524590163934,1.525737704918033,3
2023-09-06,AMMOD1_1210,AMMOD,AMMOD1,Site1,Maize,Insecta,Hymenoptera,Symphyta,#child.Symphyta,Tenthredinoidea,Athaliidae,Athaliinae,Athalia,cordata,7.853333333333333,6.3500000000000005,1.89,5
2023-09-06,AMMOD1_1211,AMMOD,AMMOD1,Site1,Maize,Insecta,Diptera,Brachycera,Muscomorpha,Ephydroidea,Ephydridae,Ephydrinae,Limnellia,quadrata,8.696344827586204,5.522551724137931,1.7546666666666675,23
2023-09-06,AMMOD1_1212,AMMOD,AMMOD1,Site1,Maize,Insecta,Coleoptera,Polyphaga,Staphyliniformia,Staphylinoidea,Staphylinidae,Aleocharinae,Aleochara,bilineata,22.330000000000005,10.233272727272729,2.0220000000000002,7
2023-09-06,AMMOD1_1213,AMMOD,AMMOD1,Site1,Maize,Insecta,Diptera,Brachycera,Muscomorpha,Phoroidea,Phoridae,Metopininae,Megaselia,subtumida,1.2314285714285715,2.912857142857143,0.89,12
2023-09-06,AMMOD1_1214,AMMOD,AMMOD1,Site1,Maize,Insecta,Lepidoptera,Glossata,Heterocera,Geometroidea,Geometridae,Larentiinae,Xanthorhoe,ferrugata,1.95,3.9666666666666663,1.0333333333333334,206
2023-09-06,AMMOD1_1215,AMMOD,AMMOD1,Site1,Maize,Insecta,Diptera,Nematocera,Bibionomorpha,Sciaroidea,Cecidomyiidae,Micromyinae,Peromyia,impexa,1.6263636363636365,3.475454545454545,0.9245454545454546,2
2023-09-06,AMMOD1_1216,AMMOD,AMMOD1,Site1,Maize,Insecta,Diptera,Brachycera,Muscomorpha,Opomyzoidea,Agromyzidae,Phytomyzinae,Cerodontha,fasciata,1.27,3.23,0.8766666666666666,3
2023-09-06,AMMOD1_1217,AMMOD,AMMOD1,Site1,Maize,Insecta,Diptera,Brachycera,Muscomorpha,Phoroidea,Phoridae,Metopininae,Megaselia,berndseni,1.2314285714285715,2.912857142857143,0.89,6
2023-09-06,AMMOD1_1218,AMMOD,AMMOD1,Site1,Maize,Insecta,Diptera,Brachycera,Muscomorpha,Opomyzoidea,Agromyzidae,Agromyzinae,Ophiomyia,cunctata,1.27,3.23,0.8766666666666666,57
2023-09-06,AMMOD1_1219,AMMOD,AMMOD1,Site1,Maize,Insecta,Diptera,Brachycera,Asilomorpha,Empidoidea,Dolichopodidae,Dolichopodinae,Dolichopus,nubilus,3.9976666666666674,3.9993333333333334,1.274,1
2023-09-06,AMMOD1_1220,AMMOD,AMMOD1,Site1,Maize,Insecta,Hymenoptera,Apocrita,Parasitica,Ichneumonoidea,Ichneumonidae,Orthocentrinae,Orthocentrus,spurius,5.311379310344828,5.228275862068966,1.1537931034482758,23
2023-09-06,AMMOD1_1221,AMMOD,AMMOD1,Site1,Maize,Arachnida,Trombidiformes,Prostigmata,Anystina,Trombidioidea,Microtrombidiidae,#child.Microtrombidiidae,Platytrombidium,fasciatum,10.618930921052629,3.6586842105263195,1.5732730263157897,4
2023-09-07,AMMOD1_1222,AMMOD,AMMOD1,Site1,Maize,Insecta,Diptera,Nematocera,Bibionomorpha,Sciaroidea,Sciaridae,#child.Sciaridae,Lycoriella,sativae,3.12,4.300000000000001,1.165,14
2023-09-07,AMMOD1_1223,AMMOD,AMMOD1,Site1,Maize,Insecta,Diptera,Brachycera,Muscomorpha,Oestroidea,Tachinidae,Tachininae,Siphona,geniculata,8.696344827586204,5.522551724137931,1.7546666666666675,88
2023-09-07,AMMOD1_1224,AMMOD,AMMOD1,Site1,Maize,Insecta,Hymenoptera,Apocrita,Aculeata,Vespoidea,Vespidae,Vespinae,Vespula,germanica,71.46,13.613333333333335,4.026666666666666,4
2023-09-07,AMMOD1_1225,AMMOD,AMMOD1,Site1,Maize,Insecta,Diptera,Nematocera,Bibionomorpha,Sciaroidea,Sciaridae,Sciarinae,Peyerimhoffia,vagabunda,3.12,4.300000000000001,1.165,3
2023-09-07,AMMOD1_1226,AMMOD,AMMOD1,Site1,Maize,Insecta,Diptera,Brachycera,Muscomorpha,Muscoidea,Anthomyiidae,Anthomyiinae,Delia,radicum,4.8100000000000005,4.535,1.6749999999999998,1
2023-09-07,AMMOD1_1227,AMMOD,AMMOD1,Site1,Maize,Insecta,Diptera,Brachycera,Muscomorpha,Phoroidea,Phoridae,Phorinae,Diplonevra,nitidula,1.2314285714285715,2.912857142857143,0.89,10
2023-09-07,AMMOD1_1228,AMMOD,AMMOD1,Site1,Maize,Insecta,Diptera,Brachycera,Muscomorpha,Syrphoidea,Syrphidae,Syrphinae,Melanostoma,mellinum,12.29572580645161,7.508467741935483,2.1483064516129025,100
2023-09-07,AMMOD1_1229,AMMOD,AMMOD1,Site1,Maize,Insecta,Diptera,Brachycera,Muscomorpha,Phoroidea,Phoridae,Phorinae,Triphleba,nudipalpis,1.2314285714285715,2.912857142857143,0.89,40
2023-09-07,AMMOD1_1230,AMMOD,AMMOD1,Site1,Maize,Insecta,Diptera,Brachycera,Muscomorpha,Syrphoidea,Syrphidae,Syrphinae,Episyrphus,balteatus,12.29572580645161,7.508467741935483,2.1483064516129025,19
2023-09-07,AMMOD1_1231,AMMOD,AMMOD1,Site1,Maize,Insecta,Diptera,Brachycera,Muscomorpha,Muscoidea,Anthomyiidae,#child.Anthomyiidae,Phorbia,fumigata,4.8100000000000005,4.535,1.6749999999999998,2
2023-09-07,AMMOD1_1232,AMMOD,AMMOD1,Site1,Maize,Insecta,Diptera,Nematocera,Bibionomorpha,Sciaroidea,Sciaridae,Megalosphyinae,Bradysia,trivittata,3.12,4.300000000000001,1.165,2
2023-09-07,AMMOD1_1233,AMMOD,AMMOD1,Site1,Maize,Insecta,Diptera,Brachycera,Muscomorpha,Phoroidea,Phoridae,Metopininae,Megaselia,subtumida,1.2314285714285715,2.912857142857143,0.89,1
2023-09-07,AMMOD1_1234,AMMOD,AMMOD1,Site1,Maize,Insecta,Diptera,Brachycera,Muscomorpha,Phoroidea,Phoridae,Metopininae,Megaselia,berndseni,1.2314285714285715,2.912857142857143,0.89,3
2023-09-07,AMMOD1_1235,AMMOD,AMMOD1,Site1,Maize,Insecta,Diptera,Brachycera,Asilomorpha,Empidoidea,Dolichopodidae,Dolichopodinae,Dolichopus,nubilus,3.9976666666666674,3.9993333333333334,1.274,1
2023-09-08,AMMOD1_1236,AMMOD,AMMOD1,Site1,Maize,Insecta,Diptera,Nematocera,Bibionomorpha,Sciaroidea,Sciaridae,#child.Sciaridae,Lycoriella,sativae,3.12,4.300000000000001,1.165,12
2023-09-08,AMMOD1_1237,AMMOD,AMMOD1,Site1,Maize,Insecta,Diptera,Brachycera,Muscomorpha,Oestroidea,Tachinidae,Tachininae,Siphona,geniculata,8.696344827586204,5.522551724137931,1.7546666666666675,475
2023-09-08,AMMOD1_1238,AMMOD,AMMOD1,Site1,Maize,Insecta,Diptera,Nematocera,Bibionomorpha,Sciaroidea,Sciaridae,Sciarinae,Peyerimhoffia,vagabunda,3.12,4.300000000000001,1.165,1
2023-09-08,AMMOD1_1239,AMMOD,AMMOD1,Site1,Maize,Insecta,Diptera,Brachycera,Asilomorpha,Empidoidea,Dolichopodidae,Diaphorinae,Argyra,leucocephala,3.9976666666666674,3.9993333333333334,1.274,415
2023-09-08,AMMOD1_1240,AMMOD,AMMOD1,Site1,Maize,Insecta,Diptera,Brachycera,Muscomorpha,Muscoidea,Anthomyiidae,Anthomyiinae,Delia,radicum,4.8100000000000005,4.535,1.6749999999999998,1
2023-09-08,AMMOD1_1241,AMMOD,AMMOD1,Site1,Maize,Insecta,Diptera,Brachycera,Muscomorpha,Muscoidea,Anthomyiidae,Anthomyiinae,Botanophila,fugax,4.8100000000000005,4.535,1.6749999999999998,32
2023-09-08,AMMOD1_1242,AMMOD,AMMOD1,Site1,Maize,Insecta,Diptera,Brachycera,Muscomorpha,Phoroidea,Phoridae,Phorinae,Diplonevra,nitidula,1.2314285714285715,2.912857142857143,0.89,9
2023-09-08,AMMOD1_1243,AMMOD,AMMOD1,Site1,Maize,Insecta,Diptera,Brachycera,Muscomorpha,Syrphoidea,Syrphidae,Syrphinae,Melanostoma,mellinum,12.29572580645161,7.508467741935483,2.1483064516129025,60
2023-09-08,AMMOD1_1244,AMMOD,AMMOD1,Site1,Maize,Insecta,Diptera,Brachycera,Muscomorpha,Phoroidea,Phoridae,Phorinae,Triphleba,nudipalpis,1.2314285714285715,2.912857142857143,0.89,191
2023-09-08,AMMOD1_1245,AMMOD,AMMOD1,Site1,Maize,Insecta,Diptera,Brachycera,Muscomorpha,Muscoidea,Muscidae,Phaoniinae,Helina,lasiophthalma,13.525750000000013,5.991083333333332,2.2562500000000005,2
2023-09-08,AMMOD1_1246,AMMOD,AMMOD1,Site1,Maize,Insecta,Diptera,Brachycera,Muscomorpha,Muscoidea,Anthomyiidae,Anthomyiinae,Delia,florilega,4.8100000000000005,4.535,1.6749999999999998,148
2023-09-08,AMMOD1_1247,AMMOD,AMMOD1,Site1,Maize,Insecta,Diptera,Brachycera,Muscomorpha,Oestroidea,Sarcophagidae,Sarcophaginae,Sarcophaga,variegata,8.696344827586204,5.522551724137931,1.7546666666666675,91
2023-09-08,AMMOD1_1248,AMMOD,AMMOD1,Site1,Maize,Arachnida,Opiliones,Palpatores,#child.Palpatores,Phalangioidea,Phalangiidae,Phalangiinae,Phalangium,opilio,24.274390243902445,4.291219512195122,2.517317073170732,9
2023-09-08,AMMOD1_1249,AMMOD,AMMOD1,Site1,Maize,Insecta,Diptera,Brachycera,Muscomorpha,Phoroidea,Phoridae,Metopininae,Megaselia,emarginata,1.2314285714285715,2.912857142857143,0.89,3
2023-09-08,AMMOD1_1250,AMMOD,AMMOD1,Site1,Maize,Insecta,Diptera,Nematocera,Bibionomorpha,Sciaroidea,Sciaridae,Megalosphyinae,Bradysia,urticae,3.12,4.300000000000001,1.165,4
2023-09-08,AMMOD1_1251,AMMOD,AMMOD1,Site1,Maize,Insecta,Diptera,Brachycera,Muscomorpha,Opomyzoidea,Agromyzidae,Phytomyzinae,Phytomyza,rufipes,1.27,3.23,0.8766666666666666,12
2023-09-08,AMMOD1_1252,AMMOD,AMMOD1,Site1,Maize,Insecta,Diptera,Brachycera,Muscomorpha,Opomyzoidea,Agromyzidae,Agromyzinae,Agromyza,albipennis,1.27,3.23,0.8766666666666666,14
2023-09-08,AMMOD1_1253,AMMOD,AMMOD1,Site1,Maize,Insecta,Coleoptera,Polyphaga,Cucujiformia,Coccinelloidea,Coccinellidae,Coccinellinae,Harmonia,axyridis,8.395714285714286,4.155,2.3153571428571422,3
2023-09-08,AMMOD1_1254,AMMOD,AMMOD1,Site1,Maize,Insecta,Hymenoptera,Apocrita,Parasitica,Ichneumonoidea,Ichneumonidae,Campopleginae,Diadegma,semiclausum,5.311379310344828,5.228275862068966,1.1537931034482758,8
2023-09-08,AMMOD1_1255,AMMOD,AMMOD1,Site1,Maize,Insecta,Diptera,Brachycera,Muscomorpha,Carnoidea,Chloropidae,Oscinellinae,Tricimba,cincta,2.167586206896551,3.907931034482758,1.0355172413793103,1
2023-09-08,AMMOD1_1256,AMMOD,AMMOD1,Site1,Maize,Insecta,Diptera,Brachycera,Muscomorpha,Phoroidea,Phoridae,Metopininae,Megaselia,lucifrons,1.2314285714285715,2.912857142857143,0.89,6
2023-09-08,AMMOD1_1257,AMMOD,AMMOD1,Site1,Maize,Insecta,Diptera,Brachycera,Muscomorpha,Phoroidea,Phoridae,Metopininae,Megaselia,gregaria,1.2314285714285715,2.912857142857143,0.89,3
2023-09-08,AMMOD1_1258,AMMOD,AMMOD1,Site1,Maize,Insecta,Hymenoptera,Apocrita,Aculeata,Apoidea,Crabronidae,Crabroninae,Crossocerus,annulipes,64.4823076923077,8.925897435897436,3.27948717948718,9
2023-09-08,AMMOD1_1259,AMMOD,AMMOD1,Site1,Maize,Insecta,Diptera,Nematocera,Culicomorpha,Culicoidea,Ceratopogonidae,Forcipomyiinae,Forcipomyia,alacris,0.9550000000000001,3.165,0.7849999999999999,5
2023-09-09,AMMOD1_1260,AMMOD,AMMOD1,Site1,Maize,Insecta,Diptera,Brachycera,Muscomorpha,Oestroidea,Tachinidae,Tachininae,Siphona,geniculata,8.696344827586204,5.522551724137931,1.7546666666666675,86
2023-09-09,AMMOD1_1261,AMMOD,AMMOD1,Site1,Maize,Insecta,Hymenoptera,Apocrita,Aculeata,Formicoidea,Formicidae,Formicinae,Lasius,niger,3.0777551020408147,4.416530612244895,1.2977551020408162,6
2023-09-09,AMMOD1_1262,AMMOD,AMMOD1,Site1,Maize,Insecta,Diptera,Brachycera,Muscomorpha,Phoroidea,Phoridae,Phorinae,Diplonevra,nitidula,1.2314285714285715,2.912857142857143,0.89,14
2023-09-09,AMMOD1_1263,AMMOD,AMMOD1,Site1,Maize,Insecta,Diptera,Brachycera,Muscomorpha,Syrphoidea,Syrphidae,Syrphinae,Melanostoma,mellinum,12.29572580645161,7.508467741935483,2.1483064516129025,9
2023-09-09,AMMOD1_1264,AMMOD,AMMOD1,Site1,Maize,Insecta,Diptera,Brachycera,Muscomorpha,Phoroidea,Phoridae,Phorinae,Triphleba,nudipalpis,1.2314285714285715,2.912857142857143,0.89,114
2023-09-09,AMMOD1_1265,AMMOD,AMMOD1,Site1,Maize,Insecta,Diptera,Brachycera,Muscomorpha,Syrphoidea,Syrphidae,Syrphinae,Episyrphus,balteatus,12.29572580645161,7.508467741935483,2.1483064516129025,1
2023-09-09,AMMOD1_1266,AMMOD,AMMOD1,Site1,Maize,Insecta,Diptera,Brachycera,Muscomorpha,Muscoidea,Anthomyiidae,Anthomyiinae,Delia,florilega,4.8100000000000005,4.535,1.6749999999999998,70
2023-09-09,AMMOD1_1267,AMMOD,AMMOD1,Site1,Maize,Insecta,Lepidoptera,Glossata,Rhopalocera,Papilionoidea,Lycaenidae,Lycaeninae,Lycaena,phlaeas,54.358000000000004,14.540000000000001,3.2,1
2023-09-09,AMMOD1_1268,AMMOD,AMMOD1,Site1,Maize,Insecta,Hymenoptera,Apocrita,Parasitica,Ichneumonoidea,Ichneumonidae,Phygadeuontinae,Phygadeuon,trichops,5.311379310344828,5.228275862068966,1.1537931034482758,1
2023-09-09,AMMOD1_1269,AMMOD,AMMOD1,Site1,Maize,Insecta,Diptera,Brachycera,Muscomorpha,Oestroidea,Polleniidae,#child.Polleniidae,Pollenia,rudis,8.696344827586204,5.522551724137931,1.7546666666666675,175
2023-09-09,AMMOD1_1270,AMMOD,AMMOD1,Site1,Maize,Insecta,Diptera,Brachycera,Muscomorpha,Muscoidea,Muscidae,Limnophorini (Tribu),Limnophora,triangula,13.525750000000013,5.991083333333332,2.2562500000000005,1
2023-09-09,AMMOD1_1271,AMMOD,AMMOD1,Site1,Maize,Insecta,Diptera,Brachycera,Muscomorpha,Ephydroidea,Ephydridae,Ilytheinae,Nostima,picta,8.696344827586204,5.522551724137931,1.7546666666666675,3
2023-09-09,AMMOD1_1272,AMMOD,AMMOD1,Site1,Maize,Insecta,Diptera,Brachycera,Muscomorpha,Phoroidea,Phoridae,Metopininae,Megaselia,lucifrons,1.2314285714285715,2.912857142857143,0.89,3
2023-09-09,AMMOD1_1273,AMMOD,AMMOD1,Site1,Maize,Insecta,Diptera,Brachycera,Muscomorpha,Phoroidea,Phoridae,Metopininae,Megaselia,gregaria,1.2314285714285715,2.912857142857143,0.89,1
2023-09-09,AMMOD1_1274,AMMOD,AMMOD1,Site1,Maize,Insecta,Diptera,Brachycera,Muscomorpha,Oestroidea,Calliphoridae,Luciliinae,Lucilia,silvarum,8.696344827586204,5.522551724137931,1.7546666666666675,16
2023-09-10,AMMOD1_1275,AMMOD,AMMOD1,Site1,Maize,Insecta,Diptera,Brachycera,Muscomorpha,Muscoidea,Muscidae,Coenosiinae,Coenosia,tigrina,13.525750000000013,5.991083333333332,2.2562500000000005,10
2023-09-10,AMMOD1_1276,AMMOD,AMMOD1,Site1,Maize,Insecta,Diptera,Brachycera,Asilomorpha,Empidoidea,Dolichopodidae,Diaphorinae,Argyra,leucocephala,3.9976666666666674,3.9993333333333334,1.274,9
2023-09-10,AMMOD1_1277,AMMOD,AMMOD1,Site1,Maize,Insecta,Diptera,Brachycera,Muscomorpha,Phoroidea,Phoridae,Phorinae,Diplonevra,nitidula,1.2314285714285715,2.912857142857143,0.89,2
2023-09-10,AMMOD1_1278,AMMOD,AMMOD1,Site1,Maize,Insecta,Diptera,Brachycera,Muscomorpha,Syrphoidea,Syrphidae,Syrphinae,Melanostoma,mellinum,12.29572580645161,7.508467741935483,2.1483064516129025,10
2023-09-10,AMMOD1_1279,AMMOD,AMMOD1,Site1,Maize,Insecta,Diptera,Brachycera,Muscomorpha,Phoroidea,Phoridae,Phorinae,Triphleba,nudipalpis,1.2314285714285715,2.912857142857143,0.89,75
2023-09-10,AMMOD1_1280,AMMOD,AMMOD1,Site1,Maize,Insecta,Lepidoptera,Glossata,Heterocera,Noctuoidea,Noctuidae,Noctuinae,Mythimna,pallens,1.95,3.9666666666666663,1.0333333333333334,37
2023-09-10,AMMOD1_1281,AMMOD,AMMOD1,Site1,Maize,Insecta,Diptera,Brachycera,Muscomorpha,Muscoidea,Anthomyiidae,Anthomyiinae,Delia,florilega,4.8100000000000005,4.535,1.6749999999999998,181
2023-09-10,AMMOD1_1282,AMMOD,AMMOD1,Site1,Maize,Insecta,Diptera,Brachycera,Muscomorpha,Muscoidea,Fanniidae,#child.Fanniidae,Fannia,latipalpis,6.208333333333333,3.9266666666666663,1.413333333333333,13
2023-09-10,AMMOD1_1283,AMMOD,AMMOD1,Site1,Maize,Insecta,Diptera,Brachycera,Muscomorpha,Muscoidea,Muscidae,Coenosiinae,Coenosia,atra,13.525750000000013,5.991083333333332,2.2562500000000005,1
2023-09-10,AMMOD1_1284,AMMOD,AMMOD1,Site1,Maize,Insecta,Hemiptera,Cicadomorpha,Cicadomorpha,Membracoidea,Cicadellidae,Typhlocybinae,Ribautiana,debilis,5.600163934426228,4.548524590163934,1.525737704918033,1
2023-09-10,AMMOD1_1285,AMMOD,AMMOD1,Site1,Maize,Insecta,Diptera,Brachycera,Muscomorpha,Ephydroidea,Ephydridae,Gymnomyzinae,Discocerina,obscurella,8.696344827586204,5.522551724137931,1.7546666666666675,3
2023-09-10,AMMOD1_1286,AMMOD,AMMOD1,Site1,Maize,Insecta,Diptera,Brachycera,Muscomorpha,Phoroidea,Phoridae,Metopininae,Megaselia,lucifrons,1.2314285714285715,2.912857142857143,0.89,1
2023-09-10,AMMOD1_1287,AMMOD,AMMOD1,Site1,Maize,Insecta,Diptera,Brachycera,Muscomorpha,Opomyzoidea,Agromyzidae,Phytomyzinae,Liriomyza,bryoniae,1.27,3.23,0.8766666666666666,1
2023-09-10,AMMOD1_1288,AMMOD,AMMOD1,Site1,Maize,Insecta,Diptera,Nematocera,Bibionomorpha,Sciaroidea,Cecidomyiidae,Micromyinae,Peromyia,impexa,1.6263636363636365,3.475454545454545,0.9245454545454546,1
2023-09-10,AMMOD1_1289,AMMOD,AMMOD1,Site1,Maize,Insecta,Diptera,Brachycera,Muscomorpha,Opomyzoidea,Agromyzidae,Agromyzinae,Agromyza,nigripes,1.27,3.23,0.8766666666666666,5
2023-09-11,AMMOD1_1290,AMMOD,AMMOD1,Site1,Maize,Insecta,Diptera,Nematocera,Bibionomorpha,Sciaroidea,Sciaridae,#child.Sciaridae,Lycoriella,sativae,3.12,4.300000000000001,1.165,3
2023-09-11,AMMOD1_1291,AMMOD,AMMOD1,Site1,Maize,Insecta,Diptera,Nematocera,Bibionomorpha,Bibionoidea,Bibionidae,Bibioninae,Dilophus,febrilis,1.8561538461538463,3.6023076923076927,0.9615384615384617,1
2023-09-11,AMMOD1_1292,AMMOD,AMMOD1,Site1,Maize,Insecta,Diptera,Brachycera,Muscomorpha,Oestroidea,Tachinidae,Tachininae,Siphona,geniculata,8.696344827586204,5.522551724137931,1.7546666666666675,324
2023-09-11,AMMOD1_1293,AMMOD,AMMOD1,Site1,Maize,Insecta,Hymenoptera,Apocrita,Aculeata,Vespoidea,Vespidae,Vespinae,Vespula,germanica,71.46,13.613333333333335,4.026666666666666,4
2023-09-11,AMMOD1_1294,AMMOD,AMMOD1,Site1,Maize,Insecta,Hymenoptera,Apocrita,Aculeata,Formicoidea,Formicidae,Formicinae,Lasius,niger,3.0777551020408147,4.416530612244895,1.2977551020408162,21
2023-09-11,AMMOD1_1295,AMMOD,AMMOD1,Site1,Maize,Insecta,Diptera,Brachycera,Muscomorpha,Muscoidea,Muscidae,Coenosiinae,Coenosia,tigrina,13.525750000000013,5.991083333333332,2.2562500000000005,25
2023-09-11,AMMOD1_1296,AMMOD,AMMOD1,Site1,Maize,Insecta,Diptera,Brachycera,Muscomorpha,Muscoidea,Anthomyiidae,Anthomyiinae,Delia,radicum,4.8100000000000005,4.535,1.6749999999999998,37
2023-09-11,AMMOD1_1297,AMMOD,AMMOD1,Site1,Maize,Insecta,Diptera,Nematocera,Tipulomorpha,Tipuloidea,Tipulidae,Tipulinae,Tipula,paludosa,25.121999999999996,12.984,1.698,117
2023-09-11,AMMOD1_1298,AMMOD,AMMOD1,Site1,Maize,Insecta,Diptera,Brachycera,Muscomorpha,Muscoidea,Anthomyiidae,Anthomyiinae,Botanophila,fugax,4.8100000000000005,4.535,1.6749999999999998,5
2023-09-11,AMMOD1_1299,AMMOD,AMMOD1,Site1,Maize,Insecta,Diptera,Brachycera,Muscomorpha,Phoroidea,Phoridae,Phorinae,Diplonevra,nitidula,1.2314285714285715,2.912857142857143,0.89,4
2023-09-11,AMMOD1_1300,AMMOD,AMMOD1,Site1,Maize,Insecta,Diptera,Brachycera,Muscomorpha,Syrphoidea,Syrphidae,Syrphinae,Melanostoma,mellinum,12.29572580645161,7.508467741935483,2.1483064516129025,24
2023-09-11,AMMOD1_1301,AMMOD,AMMOD1,Site1,Maize,Insecta,Diptera,Brachycera,Muscomorpha,Phoroidea,Phoridae,Phorinae,Triphleba,nudipalpis,1.2314285714285715,2.912857142857143,0.89,159
2023-09-11,AMMOD1_1302,AMMOD,AMMOD1,Site1,Maize,Insecta,Diptera,Brachycera,Muscomorpha,Muscoidea,Anthomyiidae,Anthomyiinae,Delia,florilega,4.8100000000000005,4.535,1.6749999999999998,78
2023-09-11,AMMOD1_1303,AMMOD,AMMOD1,Site1,Maize,Insecta,Diptera,Brachycera,Muscomorpha,Muscoidea,Muscidae,Coenosiinae,Coenosia,testacea,13.525750000000013,5.991083333333332,2.2562500000000005,13
2023-09-11,AMMOD1_1304,AMMOD,AMMOD1,Site1,Maize,Insecta,Diptera,Brachycera,Muscomorpha,Muscoidea,Fanniidae,#child.Fanniidae,Fannia,latipalpis,6.208333333333333,3.9266666666666663,1.413333333333333,24
2023-09-11,AMMOD1_1305,AMMOD,AMMOD1,Site1,Maize,Insecta,Diptera,Nematocera,Bibionomorpha,Sciaroidea,Sciaridae,Megalosphyinae,Bradysia,urticae,3.12,4.300000000000001,1.165,8
2023-09-11,AMMOD1_1306,AMMOD,AMMOD1,Site1,Maize,Insecta,Diptera,Brachycera,Muscomorpha,Opomyzoidea,Agromyzidae,Agromyzinae,Agromyza,albipennis,1.27,3.23,0.8766666666666666,4
2023-09-11,AMMOD1_1307,AMMOD,AMMOD1,Site1,Maize,Insecta,Diptera,Brachycera,Muscomorpha,Phoroidea,Phoridae,Metopininae,Megaselia,manicata,1.2314285714285715,2.912857142857143,0.89,1
2023-09-11,AMMOD1_1308,AMMOD,AMMOD1,Site1,Maize,Insecta,Coleoptera,Polyphaga,Cucujiformia,Coccinelloidea,Coccinellidae,Coccinellinae,Harmonia,axyridis,8.395714285714286,4.155,2.3153571428571422,3
2023-09-11,AMMOD1_1309,AMMOD,AMMOD1,Site1,Maize,Insecta,Hymenoptera,Apocrita,Parasitica,Ichneumonoidea,Ichneumonidae,Campopleginae,Meloboris,collector,5.311379310344828,5.228275862068966,1.1537931034482758,1
2023-09-11,AMMOD1_1310,AMMOD,AMMOD1,Site1,Maize,Insecta,Diptera,Brachycera,Muscomorpha,Phoroidea,Phoridae,Metopininae,Megaselia,albicans,1.2314285714285715,2.912857142857143,0.89,1
2023-09-11,AMMOD1_1311,AMMOD,AMMOD1,Site1,Maize,Insecta,Diptera,Nematocera,Bibionomorpha,Sciaroidea,Cecidomyiidae,Micromyinae,Peromyia,impexa,1.6263636363636365,3.475454545454545,0.9245454545454546,1
2023-09-12,AMMOD1_1312,AMMOD,AMMOD1,Site1,Maize,Insecta,Diptera,Nematocera,Bibionomorpha,Sciaroidea,Sciaridae,#child.Sciaridae,Lycoriella,sativae,3.12,4.300000000000001,1.165,5
2023-09-12,AMMOD1_1313,AMMOD,AMMOD1,Site1,Maize,Insecta,Diptera,Brachycera,Muscomorpha,Oestroidea,Tachinidae,Tachininae,Siphona,geniculata,8.696344827586204,5.522551724137931,1.7546666666666675,22
2023-09-12,AMMOD1_1314,AMMOD,AMMOD1,Site1,Maize,Insecta,Hemiptera,Cicadomorpha,Cicadomorpha,Membracoidea,Cicadellidae,Typhlocybinae,Linnavuoriana,sexmaculata,5.600163934426228,4.548524590163934,1.525737704918033,31
2023-09-12,AMMOD1_1315,AMMOD,AMMOD1,Site1,Maize,Insecta,Diptera,Nematocera,Bibionomorpha,Sciaroidea,Sciaridae,Sciarinae,Peyerimhoffia,vagabunda,3.12,4.300000000000001,1.165,1
2023-09-12,AMMOD1_1316,AMMOD,AMMOD1,Site1,Maize,Insecta,Diptera,Brachycera,Muscomorpha,Muscoidea,Muscidae,Phaoniinae,Phaonia,tuguriorum,13.525750000000013,5.991083333333332,2.2562500000000005,19
2023-09-12,AMMOD1_1317,AMMOD,AMMOD1,Site1,Maize,Insecta,Diptera,Brachycera,Muscomorpha,Muscoidea,Anthomyiidae,Anthomyiinae,Botanophila,fugax,4.8100000000000005,4.535,1.6749999999999998,2
2023-09-12,AMMOD1_1318,AMMOD,AMMOD1,Site1,Maize,Insecta,Diptera,Brachycera,Muscomorpha,Syrphoidea,Syrphidae,Syrphinae,Melanostoma,mellinum,12.29572580645161,7.508467741935483,2.1483064516129025,1
2023-09-12,AMMOD1_1319,AMMOD,AMMOD1,Site1,Maize,Insecta,Diptera,Brachycera,Muscomorpha,Phoroidea,Phoridae,Phorinae,Triphleba,nudipalpis,1.2314285714285715,2.912857142857143,0.89,52
2023-09-12,AMMOD1_1320,AMMOD,AMMOD1,Site1,Maize,Insecta,Diptera,Brachycera,Muscomorpha,Muscoidea,Anthomyiidae,Anthomyiinae,Delia,florilega,4.8100000000000005,4.535,1.6749999999999998,37
2023-09-12,AMMOD1_1321,AMMOD,AMMOD1,Site1,Maize,Insecta,Diptera,Brachycera,Muscomorpha,Oestroidea,Sarcophagidae,Sarcophaginae,Sarcophaga,variegata,8.696344827586204,5.522551724137931,1.7546666666666675,9
2023-09-12,AMMOD1_1322,AMMOD,AMMOD1,Site1,Maize,Insecta,Diptera,Brachycera,Muscomorpha,Muscoidea,Muscidae,Limnophorini (Tribu),Limnophora,triangula,13.525750000000013,5.991083333333332,2.2562500000000005,11
2023-09-12,AMMOD1_1323,AMMOD,AMMOD1,Site1,Maize,Insecta,Diptera,Nematocera,Bibionomorpha,Sciaroidea,Sciaridae,Megalosphyinae,Bradysia,urticae,3.12,4.300000000000001,1.165,1
2023-09-12,AMMOD1_1324,AMMOD,AMMOD1,Site1,Maize,Insecta,Diptera,Brachycera,Muscomorpha,Muscoidea,Anthomyiidae,Anthomyiinae,Hylemya,partita,4.8100000000000005,4.535,1.6749999999999998,4
2023-09-12,AMMOD1_1325,AMMOD,AMMOD1,Site1,Maize,Insecta,Diptera,Brachycera,Muscomorpha,Muscoidea,Muscidae,Phaoniinae,Phaonia,rufipalpis,13.525750000000013,5.991083333333332,2.2562500000000005,3
2023-09-12,AMMOD1_1326,AMMOD,AMMOD1,Site1,Maize,Insecta,Diptera,Brachycera,Muscomorpha,Carnoidea,Chloropidae,Oscinellinae,Tricimba,cincta,2.167586206896551,3.907931034482758,1.0355172413793103,1
2023-09-12,AMMOD1_1327,AMMOD,AMMOD1,Site1,Maize,Insecta,Diptera,Nematocera,Culicomorpha,Chironomoidea,Chironomidae,Chironominae,Chironomus,nuditarsis,0.9550000000000001,3.165,0.7849999999999999,3
2023-09-12,AMMOD1_1328,AMMOD,AMMOD1,Site1,Maize,Insecta,Diptera,Brachycera,Muscomorpha,Sphaeroceroidea,Sphaeroceridae,Limosininae,Leptocera,caenosa,8.696344827586204,5.522551724137931,1.7546666666666675,11
2023-09-12,AMMOD1_1329,AMMOD,AMMOD1,Site1,Maize,Insecta,Diptera,Nematocera,Culicomorpha,Culicoidea,Ceratopogonidae,Forcipomyiinae,Forcipomyia,alacris,0.9550000000000001,3.165,0.7849999999999999,1
2023-09-12,AMMOD1_1330,AMMOD,AMMOD1,Site1,Maize,Insecta,Diptera,Brachycera,Muscomorpha,Sciomyzoidea,Sepsidae,Sepsinae,Sepsis,punctum,1.5423809523809524,3.3747619047619057,0.9642857142857143,1
2023-09-13,AMMOD1_1331,AMMOD,AMMOD1,Site1,Maize,Insecta,Diptera,Brachycera,Muscomorpha,Oestroidea,Tachinidae,Tachininae,Siphona,geniculata,8.696344827586204,5.522551724137931,1.7546666666666675,24
2023-09-13,AMMOD1_1332,AMMOD,AMMOD1,Site1,Maize,Insecta,Hemiptera,Cicadomorpha,Cicadomorpha,Membracoidea,Cicadellidae,Typhlocybinae,Linnavuoriana,sexmaculata,5.600163934426228,4.548524590163934,1.525737704918033,102
2023-09-13,AMMOD1_1333,AMMOD,AMMOD1,Site1,Maize,Insecta,Diptera,Nematocera,Bibionomorpha,Sciaroidea,Sciaridae,Sciarinae,Peyerimhoffia,vagabunda,3.12,4.300000000000001,1.165,3
2023-09-13,AMMOD1_1334,AMMOD,AMMOD1,Site1,Maize,Insecta,Diptera,Brachycera,Muscomorpha,Muscoidea,Anthomyiidae,Anthomyiinae,Delia,radicum,4.8100000000000005,4.535,1.6749999999999998,41
2023-09-13,AMMOD1_1335,AMMOD,AMMOD1,Site1,Maize,Insecta,Diptera,Brachycera,Muscomorpha,Phoroidea,Phoridae,Phorinae,Diplonevra,nitidula,1.2314285714285715,2.912857142857143,0.89,1
2023-09-13,AMMOD1_1336,AMMOD,AMMOD1,Site1,Maize,Insecta,Diptera,Brachycera,Muscomorpha,Phoroidea,Phoridae,Phorinae,Triphleba,nudipalpis,1.2314285714285715,2.912857142857143,0.89,2
2023-09-13,AMMOD1_1337,AMMOD,AMMOD1,Site1,Maize,Insecta,Diptera,Brachycera,Muscomorpha,Muscoidea,Anthomyiidae,Anthomyiinae,Delia,florilega,4.8100000000000005,4.535,1.6749999999999998,276
2023-09-13,AMMOD1_1338,AMMOD,AMMOD1,Site1,Maize,Insecta,Diptera,Brachycera,Muscomorpha,Oestroidea,Sarcophagidae,Sarcophaginae,Sarcophaga,aratrix,8.696344827586204,5.522551724137931,1.7546666666666675,11
2023-09-13,AMMOD1_1339,AMMOD,AMMOD1,Site1,Maize,Arachnida,Opiliones,Palpatores,#child.Palpatores,Phalangioidea,Phalangiidae,Phalangiinae,Phalangium,opilio,24.274390243902445,4.291219512195122,2.517317073170732,2
2023-09-13,AMMOD1_1340,AMMOD,AMMOD1,Site1,Maize,Insecta,Diptera,Brachycera,Muscomorpha,Phoroidea,Lonchopteridae,#child.Lonchopteridae,Lonchoptera,lutea,0.8860000000000001,2.662,0.7869999999999999,37
2023-09-13,AMMOD1_1341,AMMOD,AMMOD1,Site1,Maize,Insecta,Hymenoptera,Symphyta,#child.Symphyta,Tenthredinoidea,Athaliidae,Athaliinae,Athalia,cordata,7.853333333333333,6.3500000000000005,1.89,4
2023-09-13,AMMOD1_1342,AMMOD,AMMOD1,Site1,Maize,Insecta,Diptera,Nematocera,Bibionomorpha,Sciaroidea,Cecidomyiidae,Micromyinae,Peromyia,impexa,1.6263636363636365,3.475454545454545,0.9245454545454546,1
2023-09-13,AMMOD1_1343,AMMOD,AMMOD1,Site1,Maize,Insecta,Hymenoptera,Apocrita,Aculeata,Apoidea,Apidae,Apinae,Apis,mellifera,64.4823076923077,8.925897435897436,3.27948717948718,1
2023-09-13,AMMOD1_1344,AMMOD,AMMOD1,Site1,Maize,Insecta,Diptera,Brachycera,Muscomorpha,Muscoidea,Anthomyiidae,Anthomyiinae,Delia,platura,4.8100000000000005,4.535,1.6749999999999998,1
2023-09-14,AMMOD1_1345,AMMOD,AMMOD1,Site1,Maize,Insecta,Diptera,Brachycera,Asilomorpha,Empidoidea,Dolichopodidae,Diaphorinae,Argyra,leucocephala,3.9976666666666674,3.9993333333333334,1.274,1052
2023-09-14,AMMOD1_1346,AMMOD,AMMOD1,Site1,Maize,Insecta,Diptera,Brachycera,Muscomorpha,Muscoidea,Anthomyiidae,Anthomyiinae,Delia,radicum,4.8100000000000005,4.535,1.6749999999999998,1
2023-09-14,AMMOD1_1347,AMMOD,AMMOD1,Site1,Maize,Insecta,Diptera,Brachycera,Muscomorpha,Muscoidea,Anthomyiidae,Anthomyiinae,Delia,florilega,4.8100000000000005,4.535,1.6749999999999998,298
2023-09-14,AMMOD1_1348,AMMOD,AMMOD1,Site1,Maize,Insecta,Hemiptera,Sternorrhyncha,Aphidomorpha,Aphidoidea,Aphididae,Aphidinae,Rhopalosiphum,padi,2.648,2.9159999999999995,1.342,2
2023-09-14,AMMOD1_1349,AMMOD,AMMOD1,Site1,Maize,Insecta,Diptera,Nematocera,Bibionomorpha,Sciaroidea,Mycetophilidae,Mycetophilinae,Mycetophila,caudata,1.8561538461538463,3.6023076923076927,0.9615384615384617,5
2023-09-14,AMMOD1_1350,AMMOD,AMMOD1,Site1,Maize,Insecta,Diptera,Nematocera,Culicomorpha,Chironomoidea,Chironomidae,Tanypodinae,Xenopelopia,nigricans,0.9550000000000001,3.165,0.7849999999999999,16
2023-09-15,AMMOD1_1351,AMMOD,AMMOD1,Site1,Maize,Insecta,Coleoptera,Polyphaga,Cucujiformia,Tenebrionoidea,Pyrochroidae,Pyrochroinae,Pyrochroa,coccinea,13.394999999999998,7.646249999999999,2.03375,182
2023-09-05,AMMOD2_1352,AMMOD,AMMOD2,Site2,Maize,Insecta,Diptera,Nematocera,Bibionomorpha,Sciaroidea,Sciaridae,#child.Sciaridae,Lycoriella,sativae,3.12,4.300000000000001,1.165,31
2023-09-05,AMMOD2_1353,AMMOD,AMMOD2,Site2,Maize,Insecta,Diptera,Nematocera,Culicomorpha,Culicoidea,Ceratopogonidae,Forcipomyiinae,Forcipomyia,bipunctata,0.9550000000000001,3.165,0.7849999999999999,21
2023-09-05,AMMOD2_1354,AMMOD,AMMOD2,Site2,Maize,Insecta,Diptera,Nematocera,Bibionomorpha,Sciaroidea,Sciaridae,Sciarinae,Peyerimhoffia,vagabunda,3.12,4.300000000000001,1.165,12
2023-09-05,AMMOD2_1355,AMMOD,AMMOD2,Site2,Maize,Insecta,Hymenoptera,Apocrita,Aculeata,Formicoidea,Formicidae,Formicinae,Lasius,niger,3.0777551020408147,4.416530612244895,1.2977551020408162,13
2023-09-05,AMMOD2_1356,AMMOD,AMMOD2,Site2,Maize,Insecta,Diptera,Brachycera,Muscomorpha,Phoroidea,Phoridae,Phorinae,Diplonevra,nitidula,1.2314285714285715,2.912857142857143,0.89,81
2023-09-05,AMMOD2_1357,AMMOD,AMMOD2,Site2,Maize,Insecta,Diptera,Brachycera,Muscomorpha,Syrphoidea,Syrphidae,Syrphinae,Melanostoma,mellinum,12.29572580645161,7.508467741935483,2.1483064516129025,99
2023-09-05,AMMOD2_1358,AMMOD,AMMOD2,Site2,Maize,Insecta,Diptera,Brachycera,Muscomorpha,Phoroidea,Phoridae,Phorinae,Triphleba,nudipalpis,1.2314285714285715,2.912857142857143,0.89,120
2023-09-05,AMMOD2_1359,AMMOD,AMMOD2,Site2,Maize,Insecta,Diptera,Brachycera,Muscomorpha,Syrphoidea,Syrphidae,Syrphinae,Episyrphus,balteatus,12.29572580645161,7.508467741935483,2.1483064516129025,49
2023-09-05,AMMOD2_1360,AMMOD,AMMOD2,Site2,Maize,Insecta,Diptera,Brachycera,Muscomorpha,Oestroidea,Polleniidae,#child.Polleniidae,Pollenia,rudis,8.696344827586204,5.522551724137931,1.7546666666666675,2
2023-09-05,AMMOD2_1361,AMMOD,AMMOD2,Site2,Maize,Insecta,Diptera,Brachycera,Muscomorpha,Muscoidea,Anthomyiidae,Anthomyiinae,Anthomyia,liturata,4.8100000000000005,4.535,1.6749999999999998,1
2023-09-05,AMMOD2_1362,AMMOD,AMMOD2,Site2,Maize,Insecta,Diptera,Nematocera,Bibionomorpha,Sciaroidea,Sciaridae,Megalosphyinae,Bradysia,urticae,3.12,4.300000000000001,1.165,3
2023-09-05,AMMOD2_1363,AMMOD,AMMOD2,Site2,Maize,Insecta,Diptera,Nematocera,Bibionomorpha,Sciaroidea,Sciaridae,Sciarinae,Corynoptera,perpusilla,3.12,4.300000000000001,1.165,1
2023-09-05,AMMOD2_1364,AMMOD,AMMOD2,Site2,Maize,Insecta,Diptera,Brachycera,Muscomorpha,Carnoidea,Chloropidae,Oscinellinae,Tricimba,cincta,2.167586206896551,3.907931034482758,1.0355172413793103,4
2023-09-05,AMMOD2_1365,AMMOD,AMMOD2,Site2,Maize,Insecta,Diptera,Brachycera,Muscomorpha,Phoroidea,Phoridae,Metopininae,Megaselia,lucifrons,1.2314285714285715,2.912857142857143,0.89,3
2023-09-05,AMMOD2_1366,AMMOD,AMMOD2,Site2,Maize,Insecta,Diptera,Nematocera,Psychodomorpha,Psychodoidea,Psychodidae,Psychodinae,Psychoda,minuta,7.582499999999999,5.904,1.128,3
2023-09-05,AMMOD2_1367,AMMOD,AMMOD2,Site2,Maize,Insecta,Diptera,Nematocera,Culicomorpha,Chironomoidea,Chironomidae,Chironominae,Chironomus,plumosus,0.9550000000000001,3.165,0.7849999999999999,11
2023-09-06,AMMOD2_1368,AMMOD,AMMOD2,Site2,Maize,Insecta,Diptera,Nematocera,Bibionomorpha,Sciaroidea,Sciaridae,#child.Sciaridae,Lycoriella,sativae,3.12,4.300000000000001,1.165,3
2023-09-06,AMMOD2_1369,AMMOD,AMMOD2,Site2,Maize,Insecta,Diptera,Nematocera,Culicomorpha,Culicoidea,Ceratopogonidae,Forcipomyiinae,Forcipomyia,bipunctata,0.9550000000000001,3.165,0.7849999999999999,7
2023-09-06,AMMOD2_1370,AMMOD,AMMOD2,Site2,Maize,Insecta,Diptera,Brachycera,Muscomorpha,Oestroidea,Tachinidae,Tachininae,Siphona,geniculata,8.696344827586204,5.522551724137931,1.7546666666666675,20
2023-09-06,AMMOD2_1371,AMMOD,AMMOD2,Site2,Maize,Insecta,Diptera,Brachycera,Muscomorpha,Muscoidea,Muscidae,Coenosiinae,Coenosia,tigrina,13.525750000000013,5.991083333333332,2.2562500000000005,83
2023-09-06,AMMOD2_1372,AMMOD,AMMOD2,Site2,Maize,Insecta,Diptera,Brachycera,Muscomorpha,Muscoidea,Anthomyiidae,Anthomyiinae,Botanophila,fugax,4.8100000000000005,4.535,1.6749999999999998,1
2023-09-06,AMMOD2_1373,AMMOD,AMMOD2,Site2,Maize,Insecta,Diptera,Brachycera,Muscomorpha,Phoroidea,Phoridae,Phorinae,Diplonevra,nitidula,1.2314285714285715,2.912857142857143,0.89,28
2023-09-06,AMMOD2_1374,AMMOD,AMMOD2,Site2,Maize,Insecta,Diptera,Brachycera,Muscomorpha,Syrphoidea,Syrphidae,Syrphinae,Melanostoma,mellinum,12.29572580645161,7.508467741935483,2.1483064516129025,153
2023-09-06,AMMOD2_1375,AMMOD,AMMOD2,Site2,Maize,Insecta,Diptera,Brachycera,Muscomorpha,Phoroidea,Phoridae,Phorinae,Triphleba,nudipalpis,1.2314285714285715,2.912857142857143,0.89,216
2023-09-06,AMMOD2_1376,AMMOD,AMMOD2,Site2,Maize,Insecta,Diptera,Brachycera,Muscomorpha,Ephydroidea,Drosophilidae,Drosophilinae,Drosophila,subobscura,8.696344827586204,5.522551724137931,1.7546666666666675,5
2023-09-06,AMMOD2_1377,AMMOD,AMMOD2,Site2,Maize,Insecta,Diptera,Brachycera,Muscomorpha,Muscoidea,Muscidae,Phaoniinae,Helina,lasiophthalma,13.525750000000013,5.991083333333332,2.2562500000000005,4
2023-09-06,AMMOD2_1378,AMMOD,AMMOD2,Site2,Maize,Insecta,Diptera,Brachycera,Muscomorpha,Muscoidea,Muscidae,Coenosiinae,Coenosia,testacea,13.525750000000013,5.991083333333332,2.2562500000000005,9
2023-09-06,AMMOD2_1379,AMMOD,AMMOD2,Site2,Maize,Insecta,Diptera,Brachycera,Muscomorpha,Oestroidea,Polleniidae,#child.Polleniidae,Pollenia,rudis,8.696344827586204,5.522551724137931,1.7546666666666675,53
2023-09-06,AMMOD2_1380,AMMOD,AMMOD2,Site2,Maize,Insecta,Diptera,Nematocera,Bibionomorpha,Sciaroidea,Mycetophilidae,Mycetophilinae,Platurocypta,punctum,1.8561538461538463,3.6023076923076927,0.9615384615384617,1
2023-09-06,AMMOD2_1381,AMMOD,AMMOD2,Site2,Maize,Insecta,Diptera,Nematocera,Bibionomorpha,Sciaroidea,Sciaridae,Megalosphyinae,Bradysia,trivittata,3.12,4.300000000000001,1.165,2
2023-09-06,AMMOD2_1382,AMMOD,AMMOD2,Site2,Maize,Insecta,Diptera,Brachycera,Muscomorpha,Phoroidea,Phoridae,Metopininae,Megaselia,emarginata,1.2314285714285715,2.912857142857143,0.89,1
2023-09-06,AMMOD2_1383,AMMOD,AMMOD2,Site2,Maize,Insecta,Diptera,Nematocera,Bibionomorpha,Sciaroidea,Sciaridae,Megalosphyinae,Bradysia,urticae,3.12,4.300000000000001,1.165,1
2023-09-06,AMMOD2_1384,AMMOD,AMMOD2,Site2,Maize,Insecta,Hemiptera,Cicadomorpha,Cicadomorpha,Membracoidea,Cicadellidae,Typhlocybinae,Ribautiana,debilis,5.600163934426228,4.548524590163934,1.525737704918033,5
2023-09-06,AMMOD2_1385,AMMOD,AMMOD2,Site2,Maize,Insecta,Diptera,Brachycera,Muscomorpha,Phoroidea,Phoridae,Metopininae,Megaselia,lucifrons,1.2314285714285715,2.912857142857143,0.89,7
2023-09-06,AMMOD2_1386,AMMOD,AMMOD2,Site2,Maize,Insecta,Diptera,Brachycera,Muscomorpha,Carnoidea,Chloropidae,Oscinellinae,Aphanotrigonum,trilineatum,2.167586206896551,3.907931034482758,1.0355172413793103,2
2023-09-06,AMMOD2_1387,AMMOD,AMMOD2,Site2,Maize,Insecta,Hymenoptera,Symphyta,#child.Symphyta,Tenthredinoidea,Tenthredinidae,Allantinae,Ametastegia,glabrata,7.853333333333333,6.3500000000000005,1.89,38
2023-09-07,AMMOD2_1388,AMMOD,AMMOD2,Site2,Maize,Insecta,Diptera,Nematocera,Bibionomorpha,Sciaroidea,Sciaridae,#child.Sciaridae,Lycoriella,sativae,3.12,4.300000000000001,1.165,520
2023-09-07,AMMOD2_1389,AMMOD,AMMOD2,Site2,Maize,Insecta,Diptera,Brachycera,Muscomorpha,Oestroidea,Tachinidae,Tachininae,Siphona,geniculata,8.696344827586204,5.522551724137931,1.7546666666666675,88
2023-09-07,AMMOD2_1390,AMMOD,AMMOD2,Site2,Maize,Insecta,Diptera,Nematocera,Bibionomorpha,Sciaroidea,Sciaridae,Sciarinae,Peyerimhoffia,vagabunda,3.12,4.300000000000001,1.165,112
2023-09-07,AMMOD2_1391,AMMOD,AMMOD2,Site2,Maize,Insecta,Hymenoptera,Apocrita,Aculeata,Formicoidea,Formicidae,Formicinae,Lasius,niger,3.0777551020408147,4.416530612244895,1.2977551020408162,81
2023-09-07,AMMOD2_1392,AMMOD,AMMOD2,Site2,Maize,Insecta,Diptera,Brachycera,Asilomorpha,Empidoidea,Dolichopodidae,Diaphorinae,Argyra,leucocephala,3.9976666666666674,3.9993333333333334,1.274,65
2023-09-07,AMMOD2_1393,AMMOD,AMMOD2,Site2,Maize,Insecta,Diptera,Brachycera,Muscomorpha,Phoroidea,Phoridae,Phorinae,Diplonevra,nitidula,1.2314285714285715,2.912857142857143,0.89,229
2023-09-07,AMMOD2_1394,AMMOD,AMMOD2,Site2,Maize,Insecta,Diptera,Brachycera,Muscomorpha,Syrphoidea,Syrphidae,Syrphinae,Melanostoma,mellinum,12.29572580645161,7.508467741935483,2.1483064516129025,95
2023-09-07,AMMOD2_1395,AMMOD,AMMOD2,Site2,Maize,Insecta,Diptera,Brachycera,Muscomorpha,Phoroidea,Phoridae,Phorinae,Triphleba,nudipalpis,1.2314285714285715,2.912857142857143,0.89,2125
2023-09-07,AMMOD2_1396,AMMOD,AMMOD2,Site2,Maize,Insecta,Diptera,Brachycera,Muscomorpha,Syrphoidea,Syrphidae,Syrphinae,Episyrphus,balteatus,12.29572580645161,7.508467741935483,2.1483064516129025,3055
2023-09-07,AMMOD2_1397,AMMOD,AMMOD2,Site2,Maize,Insecta,Diptera,Brachycera,Muscomorpha,Ephydroidea,Drosophilidae,Drosophilinae,Drosophila,subobscura,8.696344827586204,5.522551724137931,1.7546666666666675,21
2023-09-07,AMMOD2_1398,AMMOD,AMMOD2,Site2,Maize,Insecta,Diptera,Brachycera,Muscomorpha,Oestroidea,Sarcophagidae,Sarcophaginae,Sarcophaga,variegata,8.696344827586204,5.522551724137931,1.7546666666666675,34
2023-09-07,AMMOD2_1399,AMMOD,AMMOD2,Site2,Maize,Insecta,Hymenoptera,Apocrita,Parasitica,Ichneumonoidea,Braconidae,Blacinae,Blacus,stelfoxi,2.5116216216216225,3.7481081081081076,1.0197297297297299,1
2023-09-07,AMMOD2_1400,AMMOD,AMMOD2,Site2,Maize,Insecta,Hymenoptera,Apocrita,Parasitica,Ichneumonoidea,Ichneumonidae,Phygadeuontinae,Phygadeuon,trichops,5.311379310344828,5.228275862068966,1.1537931034482758,13
2023-09-07,AMMOD2_1401,AMMOD,AMMOD2,Site2,Maize,Insecta,Diptera,Nematocera,Bibionomorpha,Sciaroidea,Sciaridae,Megalosphyinae,Bradysia,trivittata,3.12,4.300000000000001,1.165,4
2023-09-07,AMMOD2_1402,AMMOD,AMMOD2,Site2,Maize,Insecta,Diptera,Brachycera,Muscomorpha,Phoroidea,Phoridae,Metopininae,Megaselia,pleuralis,1.2314285714285715,2.912857142857143,0.89,48
2023-09-07,AMMOD2_1403,AMMOD,AMMOD2,Site2,Maize,Insecta,Diptera,Nematocera,Bibionomorpha,Sciaroidea,Sciaridae,Megalosphyinae,Bradysia,urticae,3.12,4.300000000000001,1.165,39
2023-09-07,AMMOD2_1404,AMMOD,AMMOD2,Site2,Maize,Insecta,Diptera,Nematocera,Bibionomorpha,Sciaroidea,Sciaridae,Sciarinae,Corynoptera,perpusilla,3.12,4.300000000000001,1.165,85
2023-09-07,AMMOD2_1405,AMMOD,AMMOD2,Site2,Maize,Insecta,Coleoptera,Polyphaga,Cucujiformia,Coccinelloidea,Coccinellidae,Coccinellinae,Harmonia,axyridis,8.395714285714286,4.155,2.3153571428571422,5
2023-09-07,AMMOD2_1406,AMMOD,AMMOD2,Site2,Maize,Insecta,Hemiptera,Cicadomorpha,Cicadomorpha,Membracoidea,Cicadellidae,Typhlocybinae,Ribautiana,debilis,5.600163934426228,4.548524590163934,1.525737704918033,39
2023-09-07,AMMOD2_1407,AMMOD,AMMOD2,Site2,Maize,Insecta,Coleoptera,Polyphaga,Staphyliniformia,Staphylinoidea,Staphylinidae,Aleocharinae,Acrotona,orbata,22.330000000000005,10.233272727272729,2.0220000000000002,4
2023-09-07,AMMOD2_1408,AMMOD,AMMOD2,Site2,Maize,Insecta,Diptera,Brachycera,Muscomorpha,Carnoidea,Chloropidae,Oscinellinae,Tricimba,cincta,2.167586206896551,3.907931034482758,1.0355172413793103,15
2023-09-07,AMMOD2_1409,AMMOD,AMMOD2,Site2,Maize,Insecta,Diptera,Brachycera,Muscomorpha,Phoroidea,Phoridae,Metopininae,Megaselia,lucifrons,1.2314285714285715,2.912857142857143,0.89,5
2023-09-07,AMMOD2_1410,AMMOD,AMMOD2,Site2,Maize,Insecta,Coleoptera,Polyphaga,Cucujiformia,Tenebrionoidea,Pyrochroidae,Pyrochroinae,Pyrochroa,coccinea,13.394999999999998,7.646249999999999,2.03375,1
2023-09-07,AMMOD2_1411,AMMOD,AMMOD2,Site2,Maize,Insecta,Diptera,Nematocera,Bibionomorpha,Sciaroidea,Mycetophilidae,Mycetophilinae,Mycetophila,lunata,1.8561538461538463,3.6023076923076927,0.9615384615384617,1
2023-09-07,AMMOD2_1412,AMMOD,AMMOD2,Site2,Maize,Insecta,Diptera,Nematocera,Culicomorpha,Culicoidea,Ceratopogonidae,Forcipomyiinae,Forcipomyia,alacris,0.9550000000000001,3.165,0.7849999999999999,4
2023-09-07,AMMOD2_1413,AMMOD,AMMOD2,Site2,Maize,Insecta,Diptera,Brachycera,Asilomorpha,Empidoidea,Dolichopodidae,Dolichopodinae,Dolichopus,nubilus,3.9976666666666674,3.9993333333333334,1.274,2
2023-09-08,AMMOD2_1414,AMMOD,AMMOD2,Site2,Maize,Insecta,Diptera,Nematocera,Bibionomorpha,Sciaroidea,Sciaridae,#child.Sciaridae,Lycoriella,sativae,3.12,4.300000000000001,1.165,136
2023-09-08,AMMOD2_1415,AMMOD,AMMOD2,Site2,Maize,Insecta,Diptera,Brachycera,Muscomorpha,Oestroidea,Tachinidae,Tachininae,Siphona,geniculata,8.696344827586204,5.522551724137931,1.7546666666666675,136
2023-09-08,AMMOD2_1416,AMMOD,AMMOD2,Site2,Maize,Insecta,Hymenoptera,Apocrita,Aculeata,Vespoidea,Vespidae,Vespinae,Vespula,germanica,71.46,13.613333333333335,4.026666666666666,2
2023-09-08,AMMOD2_1417,AMMOD,AMMOD2,Site2,Maize,Insecta,Diptera,Brachycera,Muscomorpha,Lauxanioidea,Lauxaniidae,Lauxaniinae,Calliopum,aeneum,3.3925757575757585,4.098636363636362,1.2430303030303027,20
2023-09-08,AMMOD2_1418,AMMOD,AMMOD2,Site2,Maize,Insecta,Diptera,Brachycera,Muscomorpha,Muscoidea,Fanniidae,#child.Fanniidae,Fannia,armata,6.208333333333333,3.9266666666666663,1.413333333333333,508
2023-09-08,AMMOD2_1419,AMMOD,AMMOD2,Site2,Maize,Insecta,Diptera,Nematocera,Tipulomorpha,Tipuloidea,Tipulidae,Tipulinae,Tipula,paludosa,25.121999999999996,12.984,1.698,139
2023-09-08,AMMOD2_1420,AMMOD,AMMOD2,Site2,Maize,Insecta,Diptera,Brachycera,Muscomorpha,Phoroidea,Phoridae,Phorinae,Diplonevra,nitidula,1.2314285714285715,2.912857142857143,0.89,1553
2023-09-08,AMMOD2_1421,AMMOD,AMMOD2,Site2,Maize,Insecta,Diptera,Brachycera,Muscomorpha,Syrphoidea,Syrphidae,Syrphinae,Melanostoma,mellinum,12.29572580645161,7.508467741935483,2.1483064516129025,1306
2023-09-08,AMMOD2_1422,AMMOD,AMMOD2,Site2,Maize,Insecta,Diptera,Brachycera,Muscomorpha,Phoroidea,Phoridae,Phorinae,Triphleba,nudipalpis,1.2314285714285715,2.912857142857143,0.89,2182
2023-09-08,AMMOD2_1423,AMMOD,AMMOD2,Site2,Maize,Insecta,Diptera,Brachycera,Muscomorpha,Syrphoidea,Syrphidae,Syrphinae,Episyrphus,balteatus,12.29572580645161,7.508467741935483,2.1483064516129025,1604
2023-09-08,AMMOD2_1424,AMMOD,AMMOD2,Site2,Maize,Insecta,Diptera,Brachycera,Muscomorpha,Ephydroidea,Drosophilidae,Drosophilinae,Drosophila,subobscura,8.696344827586204,5.522551724137931,1.7546666666666675,93
2023-09-08,AMMOD2_1425,AMMOD,AMMOD2,Site2,Maize,Insecta,Diptera,Brachycera,Muscomorpha,Muscoidea,Anthomyiidae,#child.Anthomyiidae,Phorbia,fumigata,4.8100000000000005,4.535,1.6749999999999998,539
2023-09-08,AMMOD2_1426,AMMOD,AMMOD2,Site2,Maize,Insecta,Diptera,Brachycera,Muscomorpha,Muscoidea,Anthomyiidae,Anthomyiinae,Delia,florilega,4.8100000000000005,4.535,1.6749999999999998,55
2023-09-08,AMMOD2_1427,AMMOD,AMMOD2,Site2,Maize,Insecta,Diptera,Brachycera,Muscomorpha,Muscoidea,Muscidae,Coenosiinae,Coenosia,testacea,13.525750000000013,5.991083333333332,2.2562500000000005,911
2023-09-08,AMMOD2_1428,AMMOD,AMMOD2,Site2,Maize,Insecta,Hymenoptera,Apocrita,Parasitica,Ichneumonoidea,Ichneumonidae,Phygadeuontinae,Phygadeuon,trichops,5.311379310344828,5.228275862068966,1.1537931034482758,67
2023-09-08,AMMOD2_1429,AMMOD,AMMOD2,Site2,Maize,Insecta,Diptera,Nematocera,Bibionomorpha,Sciaroidea,Sciaridae,Megalosphyinae,Bradysia,trivittata,3.12,4.300000000000001,1.165,55
2023-09-08,AMMOD2_1430,AMMOD,AMMOD2,Site2,Maize,Insecta,Diptera,Brachycera,Muscomorpha,Phoroidea,Phoridae,Metopininae,Megaselia,pleuralis,1.2314285714285715,2.912857142857143,0.89,39
2023-09-08,AMMOD2_1431,AMMOD,AMMOD2,Site2,Maize,Arachnida,Opiliones,Palpatores,#child.Palpatores,Phalangioidea,Phalangiidae,Phalangiinae,Phalangium,opilio,24.274390243902445,4.291219512195122,2.517317073170732,14
2023-09-08,AMMOD2_1432,AMMOD,AMMOD2,Site2,Maize,Insecta,Diptera,Brachycera,Muscomorpha,Muscoidea,Muscidae,Phaoniinae,Helina,reversio,13.525750000000013,5.991083333333332,2.2562500000000005,150
2023-09-08,AMMOD2_1433,AMMOD,AMMOD2,Site2,Maize,Insecta,Diptera,Nematocera,Bibionomorpha,Sciaroidea,Sciaridae,Megalosphyinae,Bradysia,urticae,3.12,4.300000000000001,1.165,32
2023-09-08,AMMOD2_1434,AMMOD,AMMOD2,Site2,Maize,Insecta,Diptera,Nematocera,Bibionomorpha,Sciaroidea,Sciaridae,Sciarinae,Corynoptera,perpusilla,3.12,4.300000000000001,1.165,15
2023-09-08,AMMOD2_1435,AMMOD,AMMOD2,Site2,Maize,Insecta,Coleoptera,Polyphaga,Staphyliniformia,Staphylinoidea,Staphylinidae,Aleocharinae,Aleochara,bilineata,22.330000000000005,10.233272727272729,2.0220000000000002,50
2023-09-08,AMMOD2_1436,AMMOD,AMMOD2,Site2,Maize,Insecta,Diptera,Brachycera,Muscomorpha,Opomyzoidea,Agromyzidae,Phytomyzinae,Cerodontha,muscina,1.27,3.23,0.8766666666666666,1
2023-09-08,AMMOD2_1437,AMMOD,AMMOD2,Site2,Maize,Insecta,Diptera,Brachycera,Muscomorpha,Phoroidea,Phoridae,Metopininae,Megaselia,subtumida,1.2314285714285715,2.912857142857143,0.89,115
2023-09-08,AMMOD2_1438,AMMOD,AMMOD2,Site2,Maize,Insecta,Hymenoptera,Apocrita,Parasitica,Ichneumonoidea,Ichneumonidae,Campopleginae,Meloboris,collector,5.311379310344828,5.228275862068966,1.1537931034482758,24
2023-09-08,AMMOD2_1439,AMMOD,AMMOD2,Site2,Maize,Insecta,Diptera,Nematocera,Bibionomorpha,Sciaroidea,Sciaridae,Sciarinae,Epidapus,microthorax,3.12,4.300000000000001,1.165,10
2023-09-08,AMMOD2_1440,AMMOD,AMMOD2,Site2,Maize,Insecta,Diptera,Brachycera,Muscomorpha,Phoroidea,Phoridae,Metopininae,Megaselia,lucifrons,1.2314285714285715,2.912857142857143,0.89,9
2023-09-08,AMMOD2_1441,AMMOD,AMMOD2,Site2,Maize,Insecta,Diptera,Brachycera,Muscomorpha,Ephydroidea,Ephydridae,Discomyzinae,Psilopa,compta,8.696344827586204,5.522551724137931,1.7546666666666675,123
2023-09-08,AMMOD2_1442,AMMOD,AMMOD2,Site2,Maize,Insecta,Diptera,Nematocera,Bibionomorpha,Sciaroidea,Cecidomyiidae,Micromyinae,Peromyia,impexa,1.6263636363636365,3.475454545454545,0.9245454545454546,1
2023-09-08,AMMOD2_1443,AMMOD,AMMOD2,Site2,Maize,Insecta,Diptera,Brachycera,Muscomorpha,Phoroidea,Phoridae,Metopininae,Megaselia,gregaria,1.2314285714285715,2.912857142857143,0.89,47
2023-09-08,AMMOD2_1444,AMMOD,AMMOD2,Site2,Maize,Insecta,Diptera,Brachycera,Muscomorpha,Phoroidea,Phoridae,Metopininae,Megaselia,clemonsi,1.2314285714285715,2.912857142857143,0.89,17
2023-09-08,AMMOD2_1445,AMMOD,AMMOD2,Site2,Maize,Insecta,Diptera,Brachycera,Muscomorpha,Syrphoidea,Pipunculidae,Pipunculinae,Eudorylas,obliquus,1.6675,3.1899999999999995,1.1375,79
2023-09-08,AMMOD2_1446,AMMOD,AMMOD2,Site2,Maize,Insecta,Hemiptera,Sternorrhyncha,Psyllomorpha,Psylloidea,Aphalaridae,Aphalarinae,Aphalara,polygoni,2.648,2.9159999999999995,1.342,76
2023-09-08,AMMOD2_1447,AMMOD,AMMOD2,Site2,Maize,Insecta,Hymenoptera,Apocrita,Parasitica,Ichneumonoidea,Ichneumonidae,Banchinae,Lissonota,fundator,5.311379310344828,5.228275862068966,1.1537931034482758,4
2023-09-08,AMMOD2_1448,AMMOD,AMMOD2,Site2,Maize,Insecta,Diptera,Brachycera,Muscomorpha,Oestroidea,Tachinidae,Phasiinae,Ocytata,pallipes,8.696344827586204,5.522551724137931,1.7546666666666675,12
2023-09-08,AMMOD2_1449,AMMOD,AMMOD2,Site2,Maize,Insecta,Hemiptera,Heteroptera,Cimicomorpha,Cimicoidea,Anthocoridae,Anthocorinae,Orius,majusculus,10.519285714285717,6.490535714285714,2.108392857142857,2
2023-09-08,AMMOD2_1450,AMMOD,AMMOD2,Site2,Maize,Insecta,Diptera,Nematocera,Bibionomorpha,Sciaroidea,Sciaridae,Sciarinae,Epidapus,absconditus,3.12,4.300000000000001,1.165,3
2023-09-09,AMMOD2_1451,AMMOD,AMMOD2,Site2,Maize,Insecta,Diptera,Nematocera,Bibionomorpha,Sciaroidea,Sciaridae,#child.Sciaridae,Lycoriella,sativae,3.12,4.300000000000001,1.165,15
2023-09-09,AMMOD2_1452,AMMOD,AMMOD2,Site2,Maize,Insecta,Diptera,Nematocera,Culicomorpha,Culicoidea,Ceratopogonidae,Forcipomyiinae,Forcipomyia,bipunctata,0.9550000000000001,3.165,0.7849999999999999,41
2023-09-09,AMMOD2_1453,AMMOD,AMMOD2,Site2,Maize,Insecta,Diptera,Brachycera,Muscomorpha,Oestroidea,Tachinidae,Tachininae,Siphona,geniculata,8.696344827586204,5.522551724137931,1.7546666666666675,712
2023-09-09,AMMOD2_1454,AMMOD,AMMOD2,Site2,Maize,Insecta,Hymenoptera,Apocrita,Aculeata,Formicoidea,Formicidae,Formicinae,Lasius,niger,3.0777551020408147,4.416530612244895,1.2977551020408162,335
2023-09-09,AMMOD2_1455,AMMOD,AMMOD2,Site2,Maize,Insecta,Diptera,Brachycera,Muscomorpha,Muscoidea,Anthomyiidae,Anthomyiinae,Delia,radicum,4.8100000000000005,4.535,1.6749999999999998,115
2023-09-09,AMMOD2_1456,AMMOD,AMMOD2,Site2,Maize,Insecta,Diptera,Brachycera,Muscomorpha,Phoroidea,Phoridae,Phorinae,Diplonevra,nitidula,1.2314285714285715,2.912857142857143,0.89,833
2023-09-09,AMMOD2_1457,AMMOD,AMMOD2,Site2,Maize,Insecta,Diptera,Brachycera,Muscomorpha,Syrphoidea,Syrphidae,Syrphinae,Melanostoma,mellinum,12.29572580645161,7.508467741935483,2.1483064516129025,2079
2023-09-09,AMMOD2_1458,AMMOD,AMMOD2,Site2,Maize,Insecta,Diptera,Brachycera,Muscomorpha,Phoroidea,Phoridae,Phorinae,Triphleba,nudipalpis,1.2314285714285715,2.912857142857143,0.89,2239
2023-09-09,AMMOD2_1459,AMMOD,AMMOD2,Site2,Maize,Insecta,Diptera,Brachycera,Muscomorpha,Syrphoidea,Syrphidae,Syrphinae,Episyrphus,balteatus,12.29572580645161,7.508467741935483,2.1483064516129025,17
2023-09-09,AMMOD2_1460,AMMOD,AMMOD2,Site2,Maize,Insecta,Diptera,Brachycera,Muscomorpha,Muscoidea,Muscidae,Phaoniinae,Helina,lasiophthalma,13.525750000000013,5.991083333333332,2.2562500000000005,239
2023-09-09,AMMOD2_1461,AMMOD,AMMOD2,Site2,Maize,Insecta,Diptera,Brachycera,Muscomorpha,Muscoidea,Anthomyiidae,Anthomyiinae,Delia,florilega,4.8100000000000005,4.535,1.6749999999999998,172
2023-09-09,AMMOD2_1462,AMMOD,AMMOD2,Site2,Maize,Insecta,Hymenoptera,Apocrita,Parasitica,Ichneumonoidea,Ichneumonidae,Phygadeuontinae,Phygadeuon,trichops,5.311379310344828,5.228275862068966,1.1537931034482758,24
2023-09-09,AMMOD2_1463,AMMOD,AMMOD2,Site2,Maize,Insecta,Diptera,Nematocera,Bibionomorpha,Sciaroidea,Sciaridae,Megalosphyinae,Bradysia,trivittata,3.12,4.300000000000001,1.165,49
2023-09-09,AMMOD2_1464,AMMOD,AMMOD2,Site2,Maize,Insecta,Diptera,Brachycera,Muscomorpha,Phoroidea,Phoridae,Metopininae,Megaselia,emarginata,1.2314285714285715,2.912857142857143,0.89,47
2023-09-09,AMMOD2_1465,AMMOD,AMMOD2,Site2,Maize,Insecta,Diptera,Nematocera,Bibionomorpha,Sciaroidea,Sciaridae,Megalosphyinae,Bradysia,urticae,3.12,4.300000000000001,1.165,30
2023-09-09,AMMOD2_1466,AMMOD,AMMOD2,Site2,Maize,Insecta,Coleoptera,Polyphaga,Cucujiformia,Coccinelloidea,Coccinellidae,Coccinellinae,Harmonia,axyridis,8.395714285714286,4.155,2.3153571428571422,25
2023-09-09,AMMOD2_1467,AMMOD,AMMOD2,Site2,Maize,Insecta,Hemiptera,Cicadomorpha,Cicadomorpha,Membracoidea,Cicadellidae,Typhlocybinae,Ribautiana,debilis,5.600163934426228,4.548524590163934,1.525737704918033,15
2023-09-09,AMMOD2_1468,AMMOD,AMMOD2,Site2,Maize,Insecta,Hymenoptera,Apocrita,Parasitica,Ichneumonoidea,Ichneumonidae,Campopleginae,Diadegma,semiclausum,5.311379310344828,5.228275862068966,1.1537931034482758,10
2023-09-09,AMMOD2_1469,AMMOD,AMMOD2,Site2,Maize,Insecta,Diptera,Brachycera,Muscomorpha,Carnoidea,Chloropidae,Oscinellinae,Tricimba,cincta,2.167586206896551,3.907931034482758,1.0355172413793103,47
2023-09-09,AMMOD2_1470,AMMOD,AMMOD2,Site2,Maize,Insecta,Diptera,Brachycera,Muscomorpha,Phoroidea,Phoridae,Metopininae,Megaselia,subtumida,1.2314285714285715,2.912857142857143,0.89,88
2023-09-09,AMMOD2_1471,AMMOD,AMMOD2,Site2,Maize,Insecta,Diptera,Nematocera,Bibionomorpha,Sciaroidea,Sciaridae,Sciarinae,Epidapus,microthorax,3.12,4.300000000000001,1.165,1
2023-09-09,AMMOD2_1472,AMMOD,AMMOD2,Site2,Maize,Insecta,Diptera,Brachycera,Muscomorpha,Phoroidea,Phoridae,Metopininae,Megaselia,lucifrons,1.2314285714285715,2.912857142857143,0.89,8
2023-09-09,AMMOD2_1473,AMMOD,AMMOD2,Site2,Maize,Insecta,Diptera,Nematocera,Bibionomorpha,Sciaroidea,Sciaridae,Megalosphyinae,Bradysia,vagans,3.12,4.300000000000001,1.165,8
2023-09-09,AMMOD2_1474,AMMOD,AMMOD2,Site2,Maize,Insecta,Diptera,Brachycera,Muscomorpha,Phoroidea,Phoridae,Metopininae,Megaselia,gregaria,1.2314285714285715,2.912857142857143,0.89,18
2023-09-09,AMMOD2_1475,AMMOD,AMMOD2,Site2,Maize,Insecta,Diptera,Nematocera,Culicomorpha,Chironomoidea,Chironomidae,Chironominae,Chironomus,riparius,0.9550000000000001,3.165,0.7849999999999999,95
2023-09-09,AMMOD2_1476,AMMOD,AMMOD2,Site2,Maize,Insecta,Diptera,Brachycera,Asilomorpha,Empidoidea,Dolichopodidae,Dolichopodinae,Dolichopus,nubilus,3.9976666666666674,3.9993333333333334,1.274,1
2023-09-09,AMMOD2_1477,AMMOD,AMMOD2,Site2,Maize,Insecta,Coleoptera,Polyphaga,Staphyliniformia,Staphylinoidea,Leiodidae,Cholevinae,Sciodrepoides,watsoni,1.908181818181818,2.6868181818181816,1.3063636363636362,3
2023-09-10,AMMOD2_1478,AMMOD,AMMOD2,Site2,Maize,Insecta,Diptera,Nematocera,Bibionomorpha,Sciaroidea,Sciaridae,#child.Sciaridae,Lycoriella,sativae,3.12,4.300000000000001,1.165,71
2023-09-10,AMMOD2_1479,AMMOD,AMMOD2,Site2,Maize,Insecta,Diptera,Nematocera,Culicomorpha,Culicoidea,Ceratopogonidae,Forcipomyiinae,Forcipomyia,bipunctata,0.9550000000000001,3.165,0.7849999999999999,32
2023-09-10,AMMOD2_1480,AMMOD,AMMOD2,Site2,Maize,Insecta,Diptera,Brachycera,Muscomorpha,Muscoidea,Anthomyiidae,Anthomyiinae,Botanophila,fugax,4.8100000000000005,4.535,1.6749999999999998,152
2023-09-10,AMMOD2_1481,AMMOD,AMMOD2,Site2,Maize,Insecta,Diptera,Brachycera,Muscomorpha,Phoroidea,Phoridae,Phorinae,Diplonevra,nitidula,1.2314285714285715,2.912857142857143,0.89,378
2023-09-10,AMMOD2_1482,AMMOD,AMMOD2,Site2,Maize,Insecta,Diptera,Brachycera,Muscomorpha,Syrphoidea,Syrphidae,Syrphinae,Melanostoma,mellinum,12.29572580645161,7.508467741935483,2.1483064516129025,2161
2023-09-10,AMMOD2_1483,AMMOD,AMMOD2,Site2,Maize,Insecta,Diptera,Brachycera,Muscomorpha,Phoroidea,Phoridae,Phorinae,Triphleba,nudipalpis,1.2314285714285715,2.912857142857143,0.89,1218
2023-09-10,AMMOD2_1484,AMMOD,AMMOD2,Site2,Maize,Insecta,Diptera,Brachycera,Muscomorpha,Ephydroidea,Drosophilidae,Drosophilinae,Drosophila,subobscura,8.696344827586204,5.522551724137931,1.7546666666666675,17
2023-09-10,AMMOD2_1485,AMMOD,AMMOD2,Site2,Maize,Insecta,Diptera,Brachycera,Muscomorpha,Muscoidea,Anthomyiidae,Anthomyiinae,Delia,florilega,4.8100000000000005,4.535,1.6749999999999998,1802
2023-09-10,AMMOD2_1486,AMMOD,AMMOD2,Site2,Maize,Insecta,Diptera,Brachycera,Muscomorpha,Oestroidea,Sarcophagidae,Sarcophaginae,Sarcophaga,variegata,8.696344827586204,5.522551724137931,1.7546666666666675,70
2023-09-10,AMMOD2_1487,AMMOD,AMMOD2,Site2,Maize,Insecta,Diptera,Nematocera,Bibionomorpha,Sciaroidea,Sciaridae,Megalosphyinae,Bradysia,trivittata,3.12,4.300000000000001,1.165,4
2023-09-10,AMMOD2_1488,AMMOD,AMMOD2,Site2,Maize,Insecta,Diptera,Brachycera,Muscomorpha,Muscoidea,Muscidae,Phaoniinae,Phaonia,trimaculata,13.525750000000013,5.991083333333332,2.2562500000000005,156
2023-09-10,AMMOD2_1489,AMMOD,AMMOD2,Site2,Maize,Insecta,Diptera,Brachycera,Muscomorpha,Phoroidea,Phoridae,Metopininae,Megaselia,pleuralis,1.2314285714285715,2.912857142857143,0.89,1
2023-09-10,AMMOD2_1490,AMMOD,AMMOD2,Site2,Maize,Insecta,Diptera,Brachycera,Muscomorpha,Muscoidea,Muscidae,Phaoniinae,Helina,reversio,13.525750000000013,5.991083333333332,2.2562500000000005,21
2023-09-10,AMMOD2_1491,AMMOD,AMMOD2,Site2,Maize,Insecta,Diptera,Nematocera,Bibionomorpha,Sciaroidea,Sciaridae,Megalosphyinae,Bradysia,urticae,3.12,4.300000000000001,1.165,20
2023-09-10,AMMOD2_1492,AMMOD,AMMOD2,Site2,Maize,Insecta,Diptera,Nematocera,Bibionomorpha,Sciaroidea,Sciaridae,Sciarinae,Corynoptera,perpusilla,3.12,4.300000000000001,1.165,12
2023-09-10,AMMOD2_1493,AMMOD,AMMOD2,Site2,Maize,Insecta,Diptera,Brachycera,Muscomorpha,Phoroidea,Phoridae,Metopininae,Megaselia,manicata,1.2314285714285715,2.912857142857143,0.89,1
2023-09-10,AMMOD2_1494,AMMOD,AMMOD2,Site2,Maize,Insecta,Hemiptera,Cicadomorpha,Cicadomorpha,Membracoidea,Cicadellidae,Typhlocybinae,Ribautiana,debilis,5.600163934426228,4.548524590163934,1.525737704918033,57
2023-09-10,AMMOD2_1495,AMMOD,AMMOD2,Site2,Maize,Insecta,Diptera,Brachycera,Muscomorpha,Carnoidea,Chloropidae,Oscinellinae,Tricimba,cincta,2.167586206896551,3.907931034482758,1.0355172413793103,17
2023-09-10,AMMOD2_1496,AMMOD,AMMOD2,Site2,Maize,Insecta,Coleoptera,Polyphaga,Staphyliniformia,Staphylinoidea,Staphylinidae,Aleocharinae,Aleochara,bilineata,22.330000000000005,10.233272727272729,2.0220000000000002,7
2023-09-10,AMMOD2_1497,AMMOD,AMMOD2,Site2,Maize,Insecta,Hymenoptera,Apocrita,Parasitica,Ichneumonoidea,Ichneumonidae,Campopleginae,Meloboris,collector,5.311379310344828,5.228275862068966,1.1537931034482758,9
2023-09-10,AMMOD2_1498,AMMOD,AMMOD2,Site2,Maize,Insecta,Diptera,Brachycera,Muscomorpha,Phoroidea,Phoridae,Metopininae,Megaselia,lucifrons,1.2314285714285715,2.912857142857143,0.89,23
2023-09-10,AMMOD2_1499,AMMOD,AMMOD2,Site2,Maize,Insecta,Diptera,Brachycera,Muscomorpha,Phoroidea,Phoridae,Metopininae,Megaselia,albicans,1.2314285714285715,2.912857142857143,0.89,30
2023-09-10,AMMOD2_1500,AMMOD,AMMOD2,Site2,Maize,Insecta,Diptera,Brachycera,Muscomorpha,Carnoidea,Chloropidae,Oscinellinae,Aphanotrigonum,trilineatum,2.167586206896551,3.907931034482758,1.0355172413793103,8
2023-09-10,AMMOD2_1501,AMMOD,AMMOD2,Site2,Maize,Insecta,Diptera,Nematocera,Culicomorpha,Chironomoidea,Chironomidae,Chironominae,Chironomus,riparius,0.9550000000000001,3.165,0.7849999999999999,7
2023-09-10,AMMOD2_1502,AMMOD,AMMOD2,Site2,Maize,Insecta,Diptera,Brachycera,Muscomorpha,Phoroidea,Phoridae,Metopininae,Megaselia,abdita,1.2314285714285715,2.912857142857143,0.89,15
2023-09-10,AMMOD2_1503,AMMOD,AMMOD2,Site2,Maize,Insecta,Diptera,Nematocera,Bibionomorpha,Sciaroidea,Sciaridae,Sciarinae,Hyperlasion,wasmanni,3.12,4.300000000000001,1.165,6
2023-09-10,AMMOD2_1504,AMMOD,AMMOD2,Site2,Maize,Insecta,Diptera,Brachycera,Muscomorpha,Oestroidea,Tachinidae,Exoristinae,Exorista,rustica,8.696344827586204,5.522551724137931,1.7546666666666675,39
2023-09-10,AMMOD2_1505,AMMOD,AMMOD2,Site2,Maize,Insecta,Hemiptera,Cicadomorpha,Cicadomorpha,Membracoidea,Cicadellidae,Typhlocybinae,Chlorita,paolii,5.600163934426228,4.548524590163934,1.525737704918033,31
2023-09-10,AMMOD2_1506,AMMOD,AMMOD2,Site2,Maize,Insecta,Diptera,Brachycera,Asilomorpha,Empidoidea,Hybotidae,Tachydromiinae,Drapetis,pusilla,5.423030303030302,4.323939393939395,1.3303030303030303,5
2023-09-10,AMMOD2_1507,AMMOD,AMMOD2,Site2,Maize,Insecta,Coleoptera,Polyphaga,Staphyliniformia,Staphylinoidea,Staphylinidae,Aleocharinae,Atheta,crassicornis,22.330000000000005,10.233272727272729,2.0220000000000002,4
2023-09-11,AMMOD2_1508,AMMOD,AMMOD2,Site2,Maize,Insecta,Diptera,Nematocera,Bibionomorpha,Sciaroidea,Sciaridae,#child.Sciaridae,Lycoriella,sativae,3.12,4.300000000000001,1.165,110
2023-09-11,AMMOD2_1509,AMMOD,AMMOD2,Site2,Maize,Insecta,Diptera,Nematocera,Bibionomorpha,Bibionoidea,Bibionidae,Bibioninae,Dilophus,febrilis,1.8561538461538463,3.6023076923076927,0.9615384615384617,158
2023-09-11,AMMOD2_1510,AMMOD,AMMOD2,Site2,Maize,Insecta,Diptera,Nematocera,Bibionomorpha,Sciaroidea,Sciaridae,Sciarinae,Peyerimhoffia,vagabunda,3.12,4.300000000000001,1.165,60
2023-09-11,AMMOD2_1511,AMMOD,AMMOD2,Site2,Maize,Insecta,Hymenoptera,Apocrita,Aculeata,Formicoidea,Formicidae,Formicinae,Lasius,niger,3.0777551020408147,4.416530612244895,1.2977551020408162,111
2023-09-11,AMMOD2_1512,AMMOD,AMMOD2,Site2,Maize,Insecta,Diptera,Brachycera,Muscomorpha,Muscoidea,Anthomyiidae,Anthomyiinae,Delia,radicum,4.8100000000000005,4.535,1.6749999999999998,30
2023-09-11,AMMOD2_1513,AMMOD,AMMOD2,Site2,Maize,Insecta,Diptera,Nematocera,Tipulomorpha,Tipuloidea,Tipulidae,Tipulinae,Tipula,paludosa,25.121999999999996,12.984,1.698,175
2023-09-11,AMMOD2_1514,AMMOD,AMMOD2,Site2,Maize,Insecta,Diptera,Brachycera,Muscomorpha,Ephydroidea,Drosophilidae,Drosophilinae,Drosophila,suzukii,8.696344827586204,5.522551724137931,1.7546666666666675,12
2023-09-11,AMMOD2_1515,AMMOD,AMMOD2,Site2,Maize,Insecta,Diptera,Brachycera,Muscomorpha,Phoroidea,Phoridae,Phorinae,Diplonevra,nitidula,1.2314285714285715,2.912857142857143,0.89,418
2023-09-11,AMMOD2_1516,AMMOD,AMMOD2,Site2,Maize,Insecta,Diptera,Brachycera,Muscomorpha,Syrphoidea,Syrphidae,Syrphinae,Melanostoma,mellinum,12.29572580645161,7.508467741935483,2.1483064516129025,1508
2023-09-11,AMMOD2_1517,AMMOD,AMMOD2,Site2,Maize,Insecta,Diptera,Brachycera,Muscomorpha,Phoroidea,Phoridae,Phorinae,Triphleba,nudipalpis,1.2314285714285715,2.912857142857143,0.89,1825
2023-09-11,AMMOD2_1518,AMMOD,AMMOD2,Site2,Maize,Insecta,Diptera,Brachycera,Muscomorpha,Muscoidea,Anthomyiidae,Anthomyiinae,Delia,florilega,4.8100000000000005,4.535,1.6749999999999998,424
2023-09-11,AMMOD2_1519,AMMOD,AMMOD2,Site2,Maize,Insecta,Diptera,Nematocera,Bibionomorpha,Sciaroidea,Sciaridae,Megalosphyinae,Bradysia,trivittata,3.12,4.300000000000001,1.165,13
2023-09-11,AMMOD2_1520,AMMOD,AMMOD2,Site2,Maize,Insecta,Diptera,Brachycera,Muscomorpha,Oestroidea,Sarcophagidae,Sarcophaginae,Sarcophaga,sinuata,8.696344827586204,5.522551724137931,1.7546666666666675,1
2023-09-11,AMMOD2_1521,AMMOD,AMMOD2,Site2,Maize,Insecta,Diptera,Brachycera,Muscomorpha,Phoroidea,Phoridae,Metopininae,Megaselia,pleuralis,1.2314285714285715,2.912857142857143,0.89,12
2023-09-11,AMMOD2_1522,AMMOD,AMMOD2,Site2,Maize,Insecta,Diptera,Nematocera,Bibionomorpha,Sciaroidea,Sciaridae,Megalosphyinae,Bradysia,urticae,3.12,4.300000000000001,1.165,18
2023-09-11,AMMOD2_1523,AMMOD,AMMOD2,Site2,Maize,Insecta,Hymenoptera,Apocrita,Aculeata,Formicoidea,Formicidae,Ponerinae,Ponera,coarctata,3.0777551020408147,4.416530612244895,1.2977551020408162,6
2023-09-11,AMMOD2_1524,AMMOD,AMMOD2,Site2,Maize,Insecta,Diptera,Nematocera,Bibionomorpha,Sciaroidea,Sciaridae,Sciarinae,Corynoptera,perpusilla,3.12,4.300000000000001,1.165,32
2023-09-11,AMMOD2_1525,AMMOD,AMMOD2,Site2,Maize,Insecta,Hymenoptera,Apocrita,Parasitica,Ichneumonoidea,Braconidae,Aphidiinae,Ephedrus,nacheri,2.5116216216216225,3.7481081081081076,1.0197297297297299,4
2023-09-11,AMMOD2_1526,AMMOD,AMMOD2,Site2,Maize,Insecta,Coleoptera,Polyphaga,Cucujiformia,Coccinelloidea,Coccinellidae,Coccinellinae,Harmonia,axyridis,8.395714285714286,4.155,2.3153571428571422,23
2023-09-11,AMMOD2_1527,AMMOD,AMMOD2,Site2,Maize,Insecta,Hemiptera,Cicadomorpha,Cicadomorpha,Membracoidea,Cicadellidae,Typhlocybinae,Ribautiana,debilis,5.600163934426228,4.548524590163934,1.525737704918033,62
2023-09-11,AMMOD2_1528,AMMOD,AMMOD2,Site2,Maize,Insecta,Diptera,Brachycera,Asilomorpha,Empidoidea,Dolichopodidae,Dolichopodinae,Dolichopus,arbustorum,3.9976666666666674,3.9993333333333334,1.274,328
2023-09-11,AMMOD2_1529,AMMOD,AMMOD2,Site2,Maize,Insecta,Diptera,Brachycera,Muscomorpha,Carnoidea,Chloropidae,Oscinellinae,Tricimba,cincta,2.167586206896551,3.907931034482758,1.0355172413793103,11
2023-09-11,AMMOD2_1530,AMMOD,AMMOD2,Site2,Maize,Insecta,Coleoptera,Polyphaga,Staphyliniformia,Staphylinoidea,Staphylinidae,Aleocharinae,Aleochara,bilineata,22.330000000000005,10.233272727272729,2.0220000000000002,21
2023-09-11,AMMOD2_1531,AMMOD,AMMOD2,Site2,Maize,Insecta,Diptera,Brachycera,Muscomorpha,Opomyzoidea,Agromyzidae,Phytomyzinae,Cerodontha,muscina,1.27,3.23,0.8766666666666666,91
2023-09-11,AMMOD2_1532,AMMOD,AMMOD2,Site2,Maize,Insecta,Diptera,Brachycera,Muscomorpha,Phoroidea,Phoridae,Metopininae,Megaselia,lucifrons,1.2314285714285715,2.912857142857143,0.89,21
2023-09-11,AMMOD2_1533,AMMOD,AMMOD2,Site2,Maize,Insecta,Diptera,Brachycera,Muscomorpha,Phoroidea,Phoridae,Metopininae,Megaselia,albicans,1.2314285714285715,2.912857142857143,0.89,4
2023-09-11,AMMOD2_1534,AMMOD,AMMOD2,Site2,Maize,Insecta,Diptera,Brachycera,Muscomorpha,Carnoidea,Chloropidae,Oscinellinae,Aphanotrigonum,trilineatum,2.167586206896551,3.907931034482758,1.0355172413793103,1
2023-09-11,AMMOD2_1535,AMMOD,AMMOD2,Site2,Maize,Insecta,Diptera,Nematocera,Bibionomorpha,Sciaroidea,Cecidomyiidae,Micromyinae,Peromyia,impexa,1.6263636363636365,3.475454545454545,0.9245454545454546,9
2023-09-11,AMMOD2_1536,AMMOD,AMMOD2,Site2,Maize,Insecta,Diptera,Brachycera,Muscomorpha,Phoroidea,Phoridae,Metopininae,Megaselia,gregaria,1.2314285714285715,2.912857142857143,0.89,33
2023-09-11,AMMOD2_1537,AMMOD,AMMOD2,Site2,Maize,Insecta,Diptera,Nematocera,Bibionomorpha,Sciaroidea,Mycetophilidae,Mycetophilinae,Mycetophila,lunata,1.8561538461538463,3.6023076923076927,0.9615384615384617,1
2023-09-11,AMMOD2_1538,AMMOD,AMMOD2,Site2,Maize,Insecta,Diptera,Brachycera,Asilomorpha,Empidoidea,Dolichopodidae,Dolichopodinae,Dolichopus,nubilus,3.9976666666666674,3.9993333333333334,1.274,1
2023-09-11,AMMOD2_1539,AMMOD,AMMOD2,Site2,Maize,Insecta,Hemiptera,Heteroptera,Cimicomorpha,Cimicoidea,Anthocoridae,Anthocorinae,Orius,majusculus,10.519285714285717,6.490535714285714,2.108392857142857,2
2023-09-11,AMMOD2_1540,AMMOD,AMMOD2,Site2,Maize,Insecta,Hemiptera,Heteroptera,Cimicomorpha,Cimicoidea,Anthocoridae,Anthocorinae,Orius,minutus,10.519285714285717,6.490535714285714,2.108392857142857,28
2023-09-11,AMMOD2_1541,AMMOD,AMMOD2,Site2,Maize,Insecta,Hymenoptera,Apocrita,Parasitica,Ichneumonoidea,Ichneumonidae,Orthocentrinae,Orthocentrus,asper,5.311379310344828,5.228275862068966,1.1537931034482758,24
2023-09-12,AMMOD2_1542,AMMOD,AMMOD2,Site2,Maize,Insecta,Hymenoptera,Apocrita,Aculeata,Formicoidea,Formicidae,Formicinae,Lasius,niger,3.0777551020408147,4.416530612244895,1.2977551020408162,1
2023-09-12,AMMOD2_1543,AMMOD,AMMOD2,Site2,Maize,Insecta,Diptera,Brachycera,Muscomorpha,Syrphoidea,Syrphidae,Syrphinae,Melanostoma,mellinum,12.29572580645161,7.508467741935483,2.1483064516129025,9
2023-09-12,AMMOD2_1544,AMMOD,AMMOD2,Site2,Maize,Insecta,Diptera,Brachycera,Muscomorpha,Phoroidea,Phoridae,Phorinae,Triphleba,nudipalpis,1.2314285714285715,2.912857142857143,0.89,7
2023-09-12,AMMOD2_1545,AMMOD,AMMOD2,Site2,Maize,Insecta,Diptera,Brachycera,Muscomorpha,Lonchaeoidea,Lonchaeidae,Dasiopinae,Silba,fumosa,8.696344827586204,5.522551724137931,1.7546666666666675,1
2023-09-13,AMMOD2_1546,AMMOD,AMMOD2,Site2,Maize,Insecta,Diptera,Nematocera,Bibionomorpha,Sciaroidea,Sciaridae,#child.Sciaridae,Lycoriella,sativae,3.12,4.300000000000001,1.165,38
2023-09-13,AMMOD2_1547,AMMOD,AMMOD2,Site2,Maize,Insecta,Diptera,Nematocera,Culicomorpha,Culicoidea,Ceratopogonidae,Forcipomyiinae,Forcipomyia,bipunctata,0.9550000000000001,3.165,0.7849999999999999,931
2023-09-13,AMMOD2_1548,AMMOD,AMMOD2,Site2,Maize,Insecta,Hymenoptera,Apocrita,Aculeata,Formicoidea,Formicidae,Formicinae,Lasius,niger,3.0777551020408147,4.416530612244895,1.2977551020408162,88
2023-09-13,AMMOD2_1549,AMMOD,AMMOD2,Site2,Maize,Insecta,Diptera,Brachycera,Muscomorpha,Lauxanioidea,Lauxaniidae,Lauxaniinae,Calliopum,aeneum,3.3925757575757585,4.098636363636362,1.2430303030303027,3
2023-09-13,AMMOD2_1550,AMMOD,AMMOD2,Site2,Maize,Insecta,Diptera,Brachycera,Muscomorpha,Muscoidea,Anthomyiidae,Anthomyiinae,Delia,radicum,4.8100000000000005,4.535,1.6749999999999998,995
2023-09-13,AMMOD2_1551,AMMOD,AMMOD2,Site2,Maize,Insecta,Diptera,Brachycera,Muscomorpha,Muscoidea,Anthomyiidae,Anthomyiinae,Botanophila,fugax,4.8100000000000005,4.535,1.6749999999999998,1978
2023-09-13,AMMOD2_1552,AMMOD,AMMOD2,Site2,Maize,Insecta,Diptera,Brachycera,Muscomorpha,Phoroidea,Phoridae,Phorinae,Diplonevra,nitidula,1.2314285714285715,2.912857142857143,0.89,369
2023-09-13,AMMOD2_1553,AMMOD,AMMOD2,Site2,Maize,Insecta,Diptera,Brachycera,Muscomorpha,Muscoidea,Anthomyiidae,#child.Anthomyiidae,Phorbia,fumigata,4.8100000000000005,4.535,1.6749999999999998,1034
2023-09-13,AMMOD2_1554,AMMOD,AMMOD2,Site2,Maize,Insecta,Hymenoptera,Apocrita,Parasitica,Ichneumonoidea,Braconidae,Blacinae,Blacus,stelfoxi,2.5116216216216225,3.7481081081081076,1.0197297297297299,987
2023-09-13,AMMOD2_1555,AMMOD,AMMOD2,Site2,Maize,Insecta,Hymenoptera,Apocrita,Parasitica,Ichneumonoidea,Ichneumonidae,Phygadeuontinae,Phygadeuon,trichops,5.311379310344828,5.228275862068966,1.1537931034482758,49
2023-09-13,AMMOD2_1556,AMMOD,AMMOD2,Site2,Maize,Insecta,Diptera,Brachycera,Muscomorpha,Muscoidea,Muscidae,Limnophorini (Tribu),Limnophora,triangula,13.525750000000013,5.991083333333332,2.2562500000000005,975
2023-09-13,AMMOD2_1557,AMMOD,AMMOD2,Site2,Maize,Insecta,Diptera,Brachycera,Muscomorpha,Phoroidea,Phoridae,Metopininae,Megaselia,pleuralis,1.2314285714285715,2.912857142857143,0.89,694
2023-09-13,AMMOD2_1558,AMMOD,AMMOD2,Site2,Maize,Insecta,Diptera,Nematocera,Bibionomorpha,Sciaroidea,Sciaridae,Megalosphyinae,Bradysia,urticae,3.12,4.300000000000001,1.165,7
2023-09-13,AMMOD2_1559,AMMOD,AMMOD2,Site2,Maize,Insecta,Diptera,Brachycera,Muscomorpha,Opomyzoidea,Agromyzidae,Agromyzinae,Agromyza,albipennis,1.27,3.23,0.8766666666666666,298
2023-09-13,AMMOD2_1560,AMMOD,AMMOD2,Site2,Maize,Insecta,Diptera,Brachycera,Muscomorpha,Carnoidea,Chloropidae,Oscinellinae,Tricimba,cincta,2.167586206896551,3.907931034482758,1.0355172413793103,151
2023-09-14,AMMOD2_1561,AMMOD,AMMOD2,Site2,Maize,Insecta,Diptera,Brachycera,Muscomorpha,Oestroidea,Tachinidae,Tachininae,Siphona,geniculata,8.696344827586204,5.522551724137931,1.7546666666666675,2265
2023-09-14,AMMOD2_1562,AMMOD,AMMOD2,Site2,Maize,Insecta,Hemiptera,Cicadomorpha,Cicadomorpha,Membracoidea,Cicadellidae,Typhlocybinae,Linnavuoriana,sexmaculata,5.600163934426228,4.548524590163934,1.525737704918033,3003
2023-09-14,AMMOD2_1563,AMMOD,AMMOD2,Site2,Maize,Insecta,Diptera,Brachycera,Muscomorpha,Muscoidea,Anthomyiidae,Anthomyiinae,Delia,radicum,4.8100000000000005,4.535,1.6749999999999998,256
2023-09-14,AMMOD2_1564,AMMOD,AMMOD2,Site2,Maize,Insecta,Diptera,Brachycera,Muscomorpha,Muscoidea,Muscidae,Coenosiinae,Coenosia,testacea,13.525750000000013,5.991083333333332,2.2562500000000005,1546
2023-09-14,AMMOD2_1565,AMMOD,AMMOD2,Site2,Maize,Insecta,Diptera,Brachycera,Muscomorpha,Syrphoidea,Syrphidae,Syrphinae,Eupeodes,corollae,12.29572580645161,7.508467741935483,2.1483064516129025,105
2023-09-14,AMMOD2_1566,AMMOD,AMMOD2,Site2,Maize,Arachnida,Araneae,Opisthothelae,Araneomorphae,Araneoidea,Linyphiidae,Erigoninae,Erigone,dentipalpis,1.8317105263157896,2.26736842105263,0.9770394736842106,34
2023-09-14,AMMOD2_1567,AMMOD,AMMOD2,Site2,Maize,Insecta,Diptera,Brachycera,Muscomorpha,Muscoidea,Anthomyiidae,Anthomyiinae,Delia,platura,4.8100000000000005,4.535,1.6749999999999998,31
2023-09-05,AMMOD3_1568,AMMOD,AMMOD3,Site3,Meadow,Insecta,Diptera,Nematocera,Bibionomorpha,Sciaroidea,Sciaridae,#child.Sciaridae,Lycoriella,sativae,3.12,4.300000000000001,1.165,495
2023-09-05,AMMOD3_1569,AMMOD,AMMOD3,Site3,Meadow,Insecta,Diptera,Nematocera,Culicomorpha,Culicoidea,Ceratopogonidae,Forcipomyiinae,Forcipomyia,bipunctata,0.9550000000000001,3.165,0.7849999999999999,170
2023-09-05,AMMOD3_1570,AMMOD,AMMOD3,Site3,Meadow,Insecta,Diptera,Brachycera,Muscomorpha,Oestroidea,Tachinidae,Tachininae,Siphona,geniculata,8.696344827586204,5.522551724137931,1.7546666666666675,2
2023-09-05,AMMOD3_1571,AMMOD,AMMOD3,Site3,Meadow,Insecta,Diptera,Brachycera,Muscomorpha,Muscoidea,Muscidae,Coenosiinae,Coenosia,tigrina,13.525750000000013,5.991083333333332,2.2562500000000005,1
2023-09-05,AMMOD3_1572,AMMOD,AMMOD3,Site3,Meadow,Insecta,Diptera,Brachycera,Asilomorpha,Empidoidea,Dolichopodidae,Diaphorinae,Argyra,leucocephala,3.9976666666666674,3.9993333333333334,1.274,28
2023-09-05,AMMOD3_1573,AMMOD,AMMOD3,Site3,Meadow,Insecta,Diptera,Brachycera,Muscomorpha,Muscoidea,Anthomyiidae,Anthomyiinae,Delia,radicum,4.8100000000000005,4.535,1.6749999999999998,6
2023-09-05,AMMOD3_1574,AMMOD,AMMOD3,Site3,Meadow,Insecta,Lepidoptera,Glossata,Heterocera,Noctuoidea,Noctuidae,Noctuinae,Noctua,pronuba,1.95,3.9666666666666663,1.0333333333333334,669
2023-09-05,AMMOD3_1575,AMMOD,AMMOD3,Site3,Meadow,Insecta,Diptera,Brachycera,Asilomorpha,Empidoidea,Dolichopodidae,Medeterinae,Medetera,jacula,3.9976666666666674,3.9993333333333334,1.274,38
2023-09-05,AMMOD3_1576,AMMOD,AMMOD3,Site3,Meadow,Insecta,Diptera,Brachycera,Muscomorpha,Phoroidea,Phoridae,Phorinae,Diplonevra,nitidula,1.2314285714285715,2.912857142857143,0.89,861
2023-09-05,AMMOD3_1577,AMMOD,AMMOD3,Site3,Meadow,Insecta,Diptera,Brachycera,Muscomorpha,Syrphoidea,Syrphidae,Syrphinae,Melanostoma,mellinum,12.29572580645161,7.508467741935483,2.1483064516129025,3877
2023-09-05,AMMOD3_1578,AMMOD,AMMOD3,Site3,Meadow,Insecta,Diptera,Brachycera,Muscomorpha,Carnoidea,Chloropidae,Oscinellinae,Incertella,albipalpis,2.167586206896551,3.907931034482758,1.0355172413793103,125
2023-09-05,AMMOD3_1579,AMMOD,AMMOD3,Site3,Meadow,Insecta,Diptera,Brachycera,Muscomorpha,Muscoidea,Muscidae,Phaoniinae,Helina,lasiophthalma,13.525750000000013,5.991083333333332,2.2562500000000005,6
2023-09-05,AMMOD3_1580,AMMOD,AMMOD3,Site3,Meadow,Insecta,Diptera,Brachycera,Muscomorpha,Muscoidea,Muscidae,Coenosiinae,Coenosia,testacea,13.525750000000013,5.991083333333332,2.2562500000000005,349
2023-09-05,AMMOD3_1581,AMMOD,AMMOD3,Site3,Meadow,Insecta,Diptera,Brachycera,Muscomorpha,Oestroidea,Polleniidae,#child.Polleniidae,Pollenia,rudis,8.696344827586204,5.522551724137931,1.7546666666666675,36
2023-09-05,AMMOD3_1582,AMMOD,AMMOD3,Site3,Meadow,Insecta,Diptera,Brachycera,Asilomorpha,Empidoidea,Dolichopodidae,Medeterinae,Medetera,pallipes,3.9976666666666674,3.9993333333333334,1.274,5
2023-09-05,AMMOD3_1583,AMMOD,AMMOD3,Site3,Meadow,Insecta,Diptera,Brachycera,Muscomorpha,Muscoidea,Anthomyiidae,Anthomyiinae,Anthomyia,liturata,4.8100000000000005,4.535,1.6749999999999998,14
2023-09-05,AMMOD3_1584,AMMOD,AMMOD3,Site3,Meadow,Insecta,Diptera,Nematocera,Bibionomorpha,Sciaroidea,Sciaridae,Megalosphyinae,Bradysia,trivittata,3.12,4.300000000000001,1.165,29
2023-09-05,AMMOD3_1585,AMMOD,AMMOD3,Site3,Meadow,Insecta,Trichoptera,Integripalpia,Plenitentoria,Limnephiloidea,Limnephilidae,Limnephilinae,Limnephilus,sparsus,24.284088427947573,6.536784934497831,2.114448689956332,22
2023-09-05,AMMOD3_1586,AMMOD,AMMOD3,Site3,Meadow,Insecta,Diptera,Brachycera,Muscomorpha,Muscoidea,Muscidae,Phaoniinae,Phaonia,trimaculata,13.525750000000013,5.991083333333332,2.2562500000000005,977
2023-09-05,AMMOD3_1587,AMMOD,AMMOD3,Site3,Meadow,Insecta,Diptera,Brachycera,Muscomorpha,Phoroidea,Phoridae,Metopininae,Megaselia,emarginata,1.2314285714285715,2.912857142857143,0.89,146
2023-09-05,AMMOD3_1588,AMMOD,AMMOD3,Site3,Meadow,Insecta,Diptera,Brachycera,Muscomorpha,Muscoidea,Scathophagidae,Scathophaginae,Scathophaga,stercoraria,3.1525,3.5658333333333325,1.1741666666666666,324
2023-09-05,AMMOD3_1589,AMMOD,AMMOD3,Site3,Meadow,Insecta,Hymenoptera,Apocrita,Aculeata,Formicoidea,Formicidae,Formicinae,Lasius,flavus,3.0777551020408147,4.416530612244895,1.2977551020408162,67
2023-09-05,AMMOD3_1590,AMMOD,AMMOD3,Site3,Meadow,Insecta,Diptera,Nematocera,Bibionomorpha,Sciaroidea,Sciaridae,Sciarinae,Corynoptera,perpusilla,3.12,4.300000000000001,1.165,25
2023-09-05,AMMOD3_1591,AMMOD,AMMOD3,Site3,Meadow,Insecta,Diptera,Brachycera,Muscomorpha,Opomyzoidea,Agromyzidae,Agromyzinae,Agromyza,albipennis,1.27,3.23,0.8766666666666666,6
2023-09-05,AMMOD3_1592,AMMOD,AMMOD3,Site3,Meadow,Insecta,Hymenoptera,Apocrita,Parasitica,Ichneumonoidea,Ichneumonidae,Diplazontinae,Syrphophilus,bizonarius,5.311379310344828,5.228275862068966,1.1537931034482758,4
2023-09-05,AMMOD3_1593,AMMOD,AMMOD3,Site3,Meadow,Insecta,Hymenoptera,Symphyta,#child.Symphyta,Tenthredinoidea,Athaliidae,Athaliinae,Athalia,cordata,7.853333333333333,6.3500000000000005,1.89,13
2023-09-05,AMMOD3_1594,AMMOD,AMMOD3,Site3,Meadow,Insecta,Diptera,Brachycera,Muscomorpha,Sphaeroceroidea,Sphaeroceridae,Limosininae,Pullimosina,pullula,8.696344827586204,5.522551724137931,1.7546666666666675,13
2023-09-05,AMMOD3_1595,AMMOD,AMMOD3,Site3,Meadow,Insecta,Diptera,Brachycera,Muscomorpha,Opomyzoidea,Agromyzidae,Phytomyzinae,Amauromyza,karli,1.27,3.23,0.8766666666666666,137
2023-09-05,AMMOD3_1596,AMMOD,AMMOD3,Site3,Meadow,Insecta,Diptera,Brachycera,Muscomorpha,Opomyzoidea,Agromyzidae,Phytomyzinae,Cerodontha,denticornis,1.27,3.23,0.8766666666666666,64
2023-09-05,AMMOD3_1597,AMMOD,AMMOD3,Site3,Meadow,Insecta,Diptera,Brachycera,Muscomorpha,Tephritoidea,Pallopteridae,Pallopteridae,Palloptera,ustulata,8.696344827586204,5.522551724137931,1.7546666666666675,1
2023-09-05,AMMOD3_1598,AMMOD,AMMOD3,Site3,Meadow,Insecta,Coleoptera,Adephaga,Geadephaga,Caraboidea,Carabidae,Trechinae,Trechus,quadristriatus,185.01216216216224,15.843693693693686,5.774954954954958,10
2023-09-05,AMMOD3_1599,AMMOD,AMMOD3,Site3,Meadow,Insecta,Diptera,Brachycera,Muscomorpha,Phoroidea,Phoridae,Metopininae,Megaselia,gregaria,1.2314285714285715,2.912857142857143,0.89,5
2023-09-05,AMMOD3_1600,AMMOD,AMMOD3,Site3,Meadow,Insecta,Diptera,Brachycera,Muscomorpha,Phoroidea,Phoridae,Metopininae,Megaselia,clemonsi,1.2314285714285715,2.912857142857143,0.89,13
2023-09-05,AMMOD3_1601,AMMOD,AMMOD3,Site3,Meadow,Insecta,Coleoptera,Polyphaga,Cucujiformia,Chrysomeloidea,Chrysomelidae,Galerucinae,Phyllotreta,vittula,5.507142857142857,4.204821428571428,1.7330357142857147,3
2023-09-05,AMMOD3_1602,AMMOD,AMMOD3,Site3,Meadow,Insecta,Lepidoptera,Glossata,Heterocera,Gelechioidea,Gelechiidae,Anacampsinae,Aproaerema,anthyllidella,1.95,3.9666666666666663,1.0333333333333334,26
2023-09-05,AMMOD3_1603,AMMOD,AMMOD3,Site3,Meadow,Insecta,Diptera,Brachycera,Muscomorpha,Phoroidea,Phoridae,Metopininae,Metopina,galeata,1.2314285714285715,2.912857142857143,0.89,4
2023-09-05,AMMOD3_1604,AMMOD,AMMOD3,Site3,Meadow,Insecta,Diptera,Brachycera,Muscomorpha,Phoroidea,Phoridae,Phorinae,Phora,holosericea,1.2314285714285715,2.912857142857143,0.89,4
2023-09-05,AMMOD3_1605,AMMOD,AMMOD3,Site3,Meadow,Insecta,Hymenoptera,Apocrita,Parasitica,Chalcidoidea,Eulophidae,Entedoninae,Chrysocharis,polyzo,1.03,3.42,0.75,6
2023-09-06,AMMOD3_1606,AMMOD,AMMOD3,Site3,Meadow,Insecta,Diptera,Nematocera,Bibionomorpha,Sciaroidea,Sciaridae,#child.Sciaridae,Lycoriella,sativae,3.12,4.300000000000001,1.165,320
2023-09-06,AMMOD3_1607,AMMOD,AMMOD3,Site3,Meadow,Insecta,Diptera,Nematocera,Culicomorpha,Culicoidea,Ceratopogonidae,Forcipomyiinae,Forcipomyia,bipunctata,0.9550000000000001,3.165,0.7849999999999999,19
2023-09-06,AMMOD3_1608,AMMOD,AMMOD3,Site3,Meadow,Insecta,Diptera,Brachycera,Muscomorpha,Oestroidea,Tachinidae,Tachininae,Siphona,geniculata,8.696344827586204,5.522551724137931,1.7546666666666675,623
2023-09-06,AMMOD3_1609,AMMOD,AMMOD3,Site3,Meadow,Insecta,Hymenoptera,Apocrita,Aculeata,Formicoidea,Formicidae,Formicinae,Lasius,niger,3.0777551020408147,4.416530612244895,1.2977551020408162,148
2023-09-06,AMMOD3_1610,AMMOD,AMMOD3,Site3,Meadow,Insecta,Diptera,Brachycera,Asilomorpha,Empidoidea,Dolichopodidae,Diaphorinae,Argyra,leucocephala,3.9976666666666674,3.9993333333333334,1.274,134
2023-09-06,AMMOD3_1611,AMMOD,AMMOD3,Site3,Meadow,Insecta,Diptera,Brachycera,Muscomorpha,Muscoidea,Anthomyiidae,Anthomyiinae,Delia,radicum,4.8100000000000005,4.535,1.6749999999999998,262
2023-09-06,AMMOD3_1612,AMMOD,AMMOD3,Site3,Meadow,Insecta,Diptera,Nematocera,Tipulomorpha,Tipuloidea,Tipulidae,Tipulinae,Tipula,paludosa,25.121999999999996,12.984,1.698,93
2023-09-06,AMMOD3_1613,AMMOD,AMMOD3,Site3,Meadow,Insecta,Lepidoptera,Glossata,Heterocera,Noctuoidea,Noctuidae,Noctuinae,Noctua,pronuba,1.95,3.9666666666666663,1.0333333333333334,3028
2023-09-06,AMMOD3_1614,AMMOD,AMMOD3,Site3,Meadow,Insecta,Diptera,Brachycera,Muscomorpha,Muscoidea,Muscidae,Phaoniinae,Phaonia,tuguriorum,13.525750000000013,5.991083333333332,2.2562500000000005,173
2023-09-06,AMMOD3_1615,AMMOD,AMMOD3,Site3,Meadow,Insecta,Diptera,Brachycera,Asilomorpha,Empidoidea,Dolichopodidae,Medeterinae,Medetera,jacula,3.9976666666666674,3.9993333333333334,1.274,115
2023-09-06,AMMOD3_1616,AMMOD,AMMOD3,Site3,Meadow,Insecta,Diptera,Brachycera,Muscomorpha,Phoroidea,Phoridae,Phorinae,Diplonevra,nitidula,1.2314285714285715,2.912857142857143,0.89,1471
2023-09-06,AMMOD3_1617,AMMOD,AMMOD3,Site3,Meadow,Insecta,Diptera,Brachycera,Muscomorpha,Syrphoidea,Syrphidae,Syrphinae,Melanostoma,mellinum,12.29572580645161,7.508467741935483,2.1483064516129025,208
2023-09-06,AMMOD3_1618,AMMOD,AMMOD3,Site3,Meadow,Insecta,Diptera,Brachycera,Muscomorpha,Phoroidea,Phoridae,Phorinae,Triphleba,nudipalpis,1.2314285714285715,2.912857142857143,0.89,157
2023-09-06,AMMOD3_1619,AMMOD,AMMOD3,Site3,Meadow,Insecta,Diptera,Brachycera,Muscomorpha,Carnoidea,Chloropidae,Oscinellinae,Incertella,albipalpis,2.167586206896551,3.907931034482758,1.0355172413793103,39
2023-09-06,AMMOD3_1620,AMMOD,AMMOD3,Site3,Meadow,Insecta,Diptera,Brachycera,Muscomorpha,Muscoidea,Anthomyiidae,#child.Anthomyiidae,Phorbia,fumigata,4.8100000000000005,4.535,1.6749999999999998,551
2023-09-06,AMMOD3_1621,AMMOD,AMMOD3,Site3,Meadow,Insecta,Diptera,Brachycera,Muscomorpha,Oestroidea,Sarcophagidae,Sarcophaginae,Sarcophaga,variegata,8.696344827586204,5.522551724137931,1.7546666666666675,123
2023-09-06,AMMOD3_1622,AMMOD,AMMOD3,Site3,Meadow,Insecta,Diptera,Brachycera,Muscomorpha,Oestroidea,Polleniidae,#child.Polleniidae,Pollenia,rudis,8.696344827586204,5.522551724137931,1.7546666666666675,490
2023-09-06,AMMOD3_1623,AMMOD,AMMOD3,Site3,Meadow,Insecta,Diptera,Brachycera,Asilomorpha,Empidoidea,Dolichopodidae,Medeterinae,Medetera,pallipes,3.9976666666666674,3.9993333333333334,1.274,34
2023-09-06,AMMOD3_1624,AMMOD,AMMOD3,Site3,Meadow,Insecta,Diptera,Brachycera,Muscomorpha,Muscoidea,Anthomyiidae,Anthomyiinae,Anthomyia,liturata,4.8100000000000005,4.535,1.6749999999999998,2
2023-09-06,AMMOD3_1625,AMMOD,AMMOD3,Site3,Meadow,Insecta,Diptera,Nematocera,Bibionomorpha,Sciaroidea,Sciaridae,Megalosphyinae,Bradysia,trivittata,3.12,4.300000000000001,1.165,1
2023-09-06,AMMOD3_1626,AMMOD,AMMOD3,Site3,Meadow,Insecta,Diptera,Brachycera,Muscomorpha,Muscoidea,Muscidae,Limnophorini (Tribu),Limnophora,tigrina,13.525750000000013,5.991083333333332,2.2562500000000005,73
2023-09-06,AMMOD3_1627,AMMOD,AMMOD3,Site3,Meadow,Insecta,Diptera,Brachycera,Muscomorpha,Muscoidea,Muscidae,Phaoniinae,Helina,reversio,13.525750000000013,5.991083333333332,2.2562500000000005,97
2023-09-06,AMMOD3_1628,AMMOD,AMMOD3,Site3,Meadow,Insecta,Diptera,Brachycera,Muscomorpha,Phoroidea,Phoridae,Metopininae,Megaselia,emarginata,1.2314285714285715,2.912857142857143,0.89,6
2023-09-06,AMMOD3_1629,AMMOD,AMMOD3,Site3,Meadow,Insecta,Diptera,Brachycera,Asilomorpha,Asiloidea,Asilidae,Asilinae,Tolmerus,atricapillus,5.96,10.965,1.52,358
2023-09-06,AMMOD3_1630,AMMOD,AMMOD3,Site3,Meadow,Insecta,Diptera,Nematocera,Bibionomorpha,Sciaroidea,Sciaridae,Sciarinae,Corynoptera,perpusilla,3.12,4.300000000000001,1.165,6
2023-09-06,AMMOD3_1631,AMMOD,AMMOD3,Site3,Meadow,Insecta,Coleoptera,Polyphaga,Cucujiformia,Coccinelloidea,Coccinellidae,Scymninae,Scymnus,rubromaculatus,8.395714285714286,4.155,2.3153571428571422,16
2023-09-06,AMMOD3_1632,AMMOD,AMMOD3,Site3,Meadow,Insecta,Diptera,Brachycera,Muscomorpha,Muscoidea,Muscidae,Coenosiinae,Coenosia,atra,13.525750000000013,5.991083333333332,2.2562500000000005,93
2023-09-06,AMMOD3_1633,AMMOD,AMMOD3,Site3,Meadow,Insecta,Lepidoptera,Glossata,Heterocera,Gelechioidea,Gelechiidae,Dichomeridinae,Helcystogramma,triannulella,1.95,3.9666666666666663,1.0333333333333334,232
2023-09-06,AMMOD3_1634,AMMOD,AMMOD3,Site3,Meadow,Insecta,Hymenoptera,Symphyta,#child.Symphyta,Tenthredinoidea,Athaliidae,Athaliinae,Athalia,cordata,7.853333333333333,6.3500000000000005,1.89,49
2023-09-06,AMMOD3_1635,AMMOD,AMMOD3,Site3,Meadow,Insecta,Hymenoptera,Apocrita,Parasitica,Ichneumonoidea,Ichneumonidae,Pimplinae,Apechthis,compunctor,5.311379310344828,5.228275862068966,1.1537931034482758,267
2023-09-06,AMMOD3_1636,AMMOD,AMMOD3,Site3,Meadow,Insecta,Diptera,Brachycera,Muscomorpha,Carnoidea,Chloropidae,Oscinellinae,Tricimba,cincta,2.167586206896551,3.907931034482758,1.0355172413793103,3
2023-09-06,AMMOD3_1637,AMMOD,AMMOD3,Site3,Meadow,Insecta,Diptera,Nematocera,Culicomorpha,Culicoidea,Culicidae,Culicinae,Culex,pipiens,1.84,4.54,0.99,20
2023-09-06,AMMOD3_1638,AMMOD,AMMOD3,Site3,Meadow,Insecta,Dermaptera,Forficulina,Epidermaptera,Forficuloidea,Forficulidae,Forficulinae,Forficula,auricularia,17.54017241379311,7.183448275862067,1.789482758620689,28
2023-09-06,AMMOD3_1639,AMMOD,AMMOD3,Site3,Meadow,Insecta,Diptera,Brachycera,Muscomorpha,Oestroidea,Polleniidae,#child.Polleniidae,Pollenia,pediculata,8.696344827586204,5.522551724137931,1.7546666666666675,36
2023-09-06,AMMOD3_1640,AMMOD,AMMOD3,Site3,Meadow,Insecta,Hymenoptera,Apocrita,Aculeata,Apoidea,Crabronidae,Crabroninae,Ectemnius,cephalotes,64.4823076923077,8.925897435897436,3.27948717948718,52
2023-09-06,AMMOD3_1641,AMMOD,AMMOD3,Site3,Meadow,Insecta,Diptera,Brachycera,Muscomorpha,Oestroidea,Tachinidae,Phasiinae,Cylindromyia,brassicaria,8.696344827586204,5.522551724137931,1.7546666666666675,46
2023-09-06,AMMOD3_1642,AMMOD,AMMOD3,Site3,Meadow,Insecta,Diptera,Brachycera,Muscomorpha,Phoroidea,Phoridae,Metopininae,Megaselia,gregaria,1.2314285714285715,2.912857142857143,0.89,1
2023-09-06,AMMOD3_1643,AMMOD,AMMOD3,Site3,Meadow,Insecta,Diptera,Nematocera,Culicomorpha,Chironomoidea,Chironomidae,Tanypodinae,Tanypus,punctipennis,0.9550000000000001,3.165,0.7849999999999999,9
2023-09-06,AMMOD3_1644,AMMOD,AMMOD3,Site3,Meadow,Insecta,Diptera,Brachycera,Muscomorpha,Phoroidea,Phoridae,Metopininae,Megaselia,berndseni,1.2314285714285715,2.912857142857143,0.89,66
2023-09-06,AMMOD3_1645,AMMOD,AMMOD3,Site3,Meadow,Insecta,Hymenoptera,Apocrita,Parasitica,Ichneumonoidea,Ichneumonidae,Banchinae,Lissonota,fundator,5.311379310344828,5.228275862068966,1.1537931034482758,23
2023-09-06,AMMOD3_1646,AMMOD,AMMOD3,Site3,Meadow,Insecta,Coleoptera,Polyphaga,Cucujiformia,Chrysomeloidea,Chrysomelidae,Galerucinae,Phyllotreta,vittula,5.507142857142857,4.204821428571428,1.7330357142857147,6
2023-09-06,AMMOD3_1647,AMMOD,AMMOD3,Site3,Meadow,Insecta,Diptera,Brachycera,Muscomorpha,Phoroidea,Phoridae,Metopininae,Megaselia,tama,1.2314285714285715,2.912857142857143,0.89,1
2023-09-06,AMMOD3_1648,AMMOD,AMMOD3,Site3,Meadow,Insecta,Diptera,Brachycera,Muscomorpha,Oestroidea,Tachinidae,Exoristinae,Blondelia,nigripes,8.696344827586204,5.522551724137931,1.7546666666666675,9
2023-09-06,AMMOD3_1649,AMMOD,AMMOD3,Site3,Meadow,Insecta,Diptera,Brachycera,Asilomorpha,Empidoidea,Hybotidae,Tachydromiinae,Tachypeza,nubila,5.423030303030302,4.323939393939395,1.3303030303030303,10
2023-09-06,AMMOD3_1650,AMMOD,AMMOD3,Site3,Meadow,Insecta,Diptera,Brachycera,Muscomorpha,Opomyzoidea,Opomyzidae,#child.Opomyzidae,Geomyza,tripunctata,1.27,3.23,0.8766666666666666,29
2023-09-06,AMMOD3_1651,AMMOD,AMMOD3,Site3,Meadow,Insecta,Diptera,Nematocera,Bibionomorpha,Sciaroidea,Cecidomyiidae,Cecidomyiinae,Mayetiola,destructor,1.6263636363636365,3.475454545454545,0.9245454545454546,7
2023-09-06,AMMOD3_1652,AMMOD,AMMOD3,Site3,Meadow,Insecta,Neuroptera,Hemerobiiformia,#child.Hemerobiiformia,Coniopterygoidea,Coniopterygidae,Coniopteryginae,Coniopteryx,pygmaea,11.436666666666666,9.835238095238095,1.5785714285714287,7
2023-09-07,AMMOD3_1653,AMMOD,AMMOD3,Site3,Meadow,Insecta,Diptera,Nematocera,Bibionomorpha,Sciaroidea,Sciaridae,#child.Sciaridae,Lycoriella,sativae,3.12,4.300000000000001,1.165,464
2023-09-07,AMMOD3_1654,AMMOD,AMMOD3,Site3,Meadow,Insecta,Diptera,Nematocera,Culicomorpha,Culicoidea,Ceratopogonidae,Forcipomyiinae,Forcipomyia,bipunctata,0.9550000000000001,3.165,0.7849999999999999,73
2023-09-07,AMMOD3_1655,AMMOD,AMMOD3,Site3,Meadow,Insecta,Diptera,Nematocera,Bibionomorpha,Bibionoidea,Bibionidae,Bibioninae,Dilophus,febrilis,1.8561538461538463,3.6023076923076927,0.9615384615384617,41
2023-09-07,AMMOD3_1656,AMMOD,AMMOD3,Site3,Meadow,Insecta,Diptera,Brachycera,Muscomorpha,Oestroidea,Tachinidae,Tachininae,Siphona,geniculata,8.696344827586204,5.522551724137931,1.7546666666666675,284
2023-09-07,AMMOD3_1657,AMMOD,AMMOD3,Site3,Meadow,Insecta,Diptera,Nematocera,Bibionomorpha,Sciaroidea,Sciaridae,Sciarinae,Peyerimhoffia,vagabunda,3.12,4.300000000000001,1.165,35
2023-09-07,AMMOD3_1658,AMMOD,AMMOD3,Site3,Meadow,Insecta,Hymenoptera,Apocrita,Aculeata,Formicoidea,Formicidae,Formicinae,Lasius,niger,3.0777551020408147,4.416530612244895,1.2977551020408162,176
2023-09-07,AMMOD3_1659,AMMOD,AMMOD3,Site3,Meadow,Insecta,Diptera,Brachycera,Muscomorpha,Lauxanioidea,Lauxaniidae,Lauxaniinae,Calliopum,aeneum,3.3925757575757585,4.098636363636362,1.2430303030303027,7
2023-09-07,AMMOD3_1660,AMMOD,AMMOD3,Site3,Meadow,Insecta,Diptera,Brachycera,Muscomorpha,Muscoidea,Anthomyiidae,Anthomyiinae,Delia,radicum,4.8100000000000005,4.535,1.6749999999999998,4
2023-09-07,AMMOD3_1661,AMMOD,AMMOD3,Site3,Meadow,Insecta,Diptera,Nematocera,Tipulomorpha,Tipuloidea,Tipulidae,Tipulinae,Tipula,paludosa,25.121999999999996,12.984,1.698,44
2023-09-07,AMMOD3_1662,AMMOD,AMMOD3,Site3,Meadow,Insecta,Diptera,Brachycera,Muscomorpha,Muscoidea,Anthomyiidae,Anthomyiinae,Botanophila,fugax,4.8100000000000005,4.535,1.6749999999999998,729
2023-09-07,AMMOD3_1663,AMMOD,AMMOD3,Site3,Meadow,Insecta,Diptera,Brachycera,Asilomorpha,Empidoidea,Dolichopodidae,Medeterinae,Medetera,jacula,3.9976666666666674,3.9993333333333334,1.274,57
2023-09-07,AMMOD3_1664,AMMOD,AMMOD3,Site3,Meadow,Insecta,Diptera,Brachycera,Muscomorpha,Phoroidea,Phoridae,Phorinae,Diplonevra,nitidula,1.2314285714285715,2.912857142857143,0.89,782
2023-09-07,AMMOD3_1665,AMMOD,AMMOD3,Site3,Meadow,Insecta,Diptera,Brachycera,Muscomorpha,Syrphoidea,Syrphidae,Syrphinae,Melanostoma,mellinum,12.29572580645161,7.508467741935483,2.1483064516129025,1285
2023-09-07,AMMOD3_1666,AMMOD,AMMOD3,Site3,Meadow,Insecta,Diptera,Brachycera,Muscomorpha,Phoroidea,Phoridae,Phorinae,Triphleba,nudipalpis,1.2314285714285715,2.912857142857143,0.89,45
2023-09-07,AMMOD3_1667,AMMOD,AMMOD3,Site3,Meadow,Insecta,Diptera,Brachycera,Muscomorpha,Carnoidea,Chloropidae,Oscinellinae,Incertella,albipalpis,2.167586206896551,3.907931034482758,1.0355172413793103,81
2023-09-07,AMMOD3_1668,AMMOD,AMMOD3,Site3,Meadow,Insecta,Diptera,Brachycera,Muscomorpha,Syrphoidea,Syrphidae,Syrphinae,Episyrphus,balteatus,12.29572580645161,7.508467741935483,2.1483064516129025,2
2023-09-07,AMMOD3_1669,AMMOD,AMMOD3,Site3,Meadow,Insecta,Diptera,Brachycera,Asilomorpha,Empidoidea,Dolichopodidae,Medeterinae,Medetera,pallipes,3.9976666666666674,3.9993333333333334,1.274,159
2023-09-07,AMMOD3_1670,AMMOD,AMMOD3,Site3,Meadow,Insecta,Diptera,Brachycera,Muscomorpha,Muscoidea,Muscidae,Limnophorini (Tribu),Limnophora,triangula,13.525750000000013,5.991083333333332,2.2562500000000005,155
2023-09-07,AMMOD3_1671,AMMOD,AMMOD3,Site3,Meadow,Insecta,Diptera,Nematocera,Bibionomorpha,Sciaroidea,Sciaridae,Megalosphyinae,Bradysia,trivittata,3.12,4.300000000000001,1.165,18
2023-09-07,AMMOD3_1672,AMMOD,AMMOD3,Site3,Meadow,Insecta,Coleoptera,Polyphaga,Staphyliniformia,Staphylinoidea,Staphylinidae,Aleocharinae,Amischa,decipiens,22.330000000000005,10.233272727272729,2.0220000000000002,6
2023-09-07,AMMOD3_1673,AMMOD,AMMOD3,Site3,Meadow,Insecta,Diptera,Brachycera,Muscomorpha,Muscoidea,Muscidae,Phaoniinae,Helina,reversio,13.525750000000013,5.991083333333332,2.2562500000000005,7
2023-09-07,AMMOD3_1674,AMMOD,AMMOD3,Site3,Meadow,Insecta,Diptera,Brachycera,Muscomorpha,Phoroidea,Phoridae,Metopininae,Megaselia,emarginata,1.2314285714285715,2.912857142857143,0.89,1
2023-09-07,AMMOD3_1675,AMMOD,AMMOD3,Site3,Meadow,Insecta,Hymenoptera,Apocrita,Aculeata,Formicoidea,Formicidae,Formicinae,Lasius,flavus,3.0777551020408147,4.416530612244895,1.2977551020408162,14
2023-09-07,AMMOD3_1676,AMMOD,AMMOD3,Site3,Meadow,Insecta,Diptera,Brachycera,Muscomorpha,Opomyzoidea,Agromyzidae,Agromyzinae,Agromyza,albipennis,1.27,3.23,0.8766666666666666,6
2023-09-07,AMMOD3_1677,AMMOD,AMMOD3,Site3,Meadow,Insecta,Diptera,Brachycera,Muscomorpha,Muscoidea,Muscidae,Coenosiinae,Coenosia,atra,13.525750000000013,5.991083333333332,2.2562500000000005,93
2023-09-07,AMMOD3_1678,AMMOD,AMMOD3,Site3,Meadow,Insecta,Diptera,Brachycera,Muscomorpha,Muscoidea,Anthomyiidae,Anthomyiinae,Hylemya,partita,4.8100000000000005,4.535,1.6749999999999998,80
2023-09-07,AMMOD3_1679,AMMOD,AMMOD3,Site3,Meadow,Insecta,Diptera,Brachycera,Muscomorpha,Phoroidea,Phoridae,Metopininae,Megaselia,manicata,1.2314285714285715,2.912857142857143,0.89,1
2023-09-07,AMMOD3_1680,AMMOD,AMMOD3,Site3,Meadow,Insecta,Lepidoptera,Glossata,Heterocera,Noctuoidea,Noctuidae,Noctuinae,Mythimna,albipuncta,1.95,3.9666666666666663,1.0333333333333334,91
2023-09-07,AMMOD3_1681,AMMOD,AMMOD3,Site3,Meadow,Insecta,Hymenoptera,Symphyta,#child.Symphyta,Tenthredinoidea,Athaliidae,Athaliinae,Athalia,cordata,7.853333333333333,6.3500000000000005,1.89,18
2023-09-07,AMMOD3_1682,AMMOD,AMMOD3,Site3,Meadow,Insecta,Hymenoptera,Apocrita,Parasitica,Ichneumonoidea,Ichneumonidae,Campopleginae,Diadegma,semiclausum,5.311379310344828,5.228275862068966,1.1537931034482758,4
2023-09-07,AMMOD3_1683,AMMOD,AMMOD3,Site3,Meadow,Insecta,Diptera,Brachycera,Muscomorpha,Carnoidea,Chloropidae,Oscinellinae,Tricimba,cincta,2.167586206896551,3.907931034482758,1.0355172413793103,4
2023-09-07,AMMOD3_1684,AMMOD,AMMOD3,Site3,Meadow,Insecta,Diptera,Brachycera,Muscomorpha,Phoroidea,Phoridae,Metopininae,Megaselia,lucifrons,1.2314285714285715,2.912857142857143,0.89,6
2023-09-07,AMMOD3_1685,AMMOD,AMMOD3,Site3,Meadow,Insecta,Hemiptera,Cicadomorpha,Cicadomorpha,Membracoidea,Cicadellidae,Deltocephalinae,Deltocephalus,pulicaris,5.600163934426228,4.548524590163934,1.525737704918033,140
2023-09-07,AMMOD3_1686,AMMOD,AMMOD3,Site3,Meadow,Insecta,Coleoptera,Adephaga,Geadephaga,Caraboidea,Carabidae,Trechinae,Trechus,quadristriatus,185.01216216216224,15.843693693693686,5.774954954954958,26
2023-09-07,AMMOD3_1687,AMMOD,AMMOD3,Site3,Meadow,Insecta,Diptera,Nematocera,Culicomorpha,Culicoidea,Culicidae,Culicinae,Aedes,cinereus,1.84,4.54,0.99,86
2023-09-07,AMMOD3_1688,AMMOD,AMMOD3,Site3,Meadow,Insecta,Lepidoptera,Glossata,Heterocera,Noctuoidea,Noctuidae,Noctuinae,Xestia,xanthographa,1.95,3.9666666666666663,1.0333333333333334,48
2023-09-07,AMMOD3_1689,AMMOD,AMMOD3,Site3,Meadow,Insecta,Diptera,Nematocera,Culicomorpha,Chironomoidea,Chironomidae,Chironominae,Chironomus,dorsalis,0.9550000000000001,3.165,0.7849999999999999,15
2023-09-07,AMMOD3_1690,AMMOD,AMMOD3,Site3,Meadow,Insecta,Diptera,Nematocera,Bibionomorpha,Sciaroidea,Mycetophilidae,Mycetophilinae,Exechia,fusca,1.8561538461538463,3.6023076923076927,0.9615384615384617,68
2023-09-07,AMMOD3_1691,AMMOD,AMMOD3,Site3,Meadow,Insecta,Hemiptera,Sternorrhyncha,Aphidomorpha,Aphidoidea,Aphididae,Aphidinae,Rhopalosiphum,padi,2.648,2.9159999999999995,1.342,6
2023-09-07,AMMOD3_1692,AMMOD,AMMOD3,Site3,Meadow,Insecta,Diptera,Brachycera,Muscomorpha,Sphaeroceroidea,Sphaeroceridae,Limosininae,Pullimosina,heteroneura,8.696344827586204,5.522551724137931,1.7546666666666675,5
2023-09-07,AMMOD3_1693,AMMOD,AMMOD3,Site3,Meadow,Insecta,Diptera,Nematocera,Bibionomorpha,Sciaroidea,Mycetophilidae,Mycetophilinae,Sceptonia,nigra,1.8561538461538463,3.6023076923076927,0.9615384615384617,15
2023-09-07,AMMOD3_1694,AMMOD,AMMOD3,Site3,Meadow,Insecta,Diptera,Brachycera,Muscomorpha,Oestroidea,Tachinidae,Dexiinae,Dinera,grisescens,8.696344827586204,5.522551724137931,1.7546666666666675,58
2023-09-07,AMMOD3_1695,AMMOD,AMMOD3,Site3,Meadow,Insecta,Hymenoptera,Apocrita,Aculeata,Formicoidea,Formicidae,Dolichoderinae,Dolichoderus,quadripunctatus,3.0777551020408147,4.416530612244895,1.2977551020408162,10
2023-09-07,AMMOD3_1696,AMMOD,AMMOD3,Site3,Meadow,Insecta,Diptera,Brachycera,Asilomorpha,Empidoidea,Dolichopodidae,Dolichopodinae,Dolichopus,nubilus,3.9976666666666674,3.9993333333333334,1.274,4
2023-09-07,AMMOD3_1697,AMMOD,AMMOD3,Site3,Meadow,Insecta,Lepidoptera,Glossata,Heterocera,Yponomeutoidea,Argyresthiidae,Argyresthiinae,Argyresthia,albistria,1.95,3.9666666666666663,1.0333333333333334,48
2023-09-07,AMMOD3_1698,AMMOD,AMMOD3,Site3,Meadow,Insecta,Diptera,Brachycera,Muscomorpha,Phoroidea,Phoridae,Metopininae,Megaselia,pumila,1.2314285714285715,2.912857142857143,0.89,9
2023-09-07,AMMOD3_1699,AMMOD,AMMOD3,Site3,Meadow,Insecta,Hymenoptera,Apocrita,Parasitica,Chalcidoidea,Eulophidae,Eulophinae,Euplectrus,intactus,1.03,3.42,0.75,8
2023-09-07,AMMOD3_1700,AMMOD,AMMOD3,Site3,Meadow,Insecta,Diptera,Brachycera,Muscomorpha,Opomyzoidea,Agromyzidae,Phytomyzinae,Amauromyza,flavifrons,1.27,3.23,0.8766666666666666,13
2023-09-07,AMMOD3_1701,AMMOD,AMMOD3,Site3,Meadow,Insecta,Diptera,Nematocera,Bibionomorpha,Sciaroidea,Cecidomyiidae,Cecidomyiinae,Mayetiola,destructor,1.6263636363636365,3.475454545454545,0.9245454545454546,6
2023-09-08,AMMOD3_1702,AMMOD,AMMOD3,Site3,Meadow,Insecta,Diptera,Nematocera,Bibionomorpha,Sciaroidea,Sciaridae,#child.Sciaridae,Lycoriella,sativae,3.12,4.300000000000001,1.165,630
2023-09-08,AMMOD3_1703,AMMOD,AMMOD3,Site3,Meadow,Insecta,Hymenoptera,Apocrita,Aculeata,Formicoidea,Formicidae,Formicinae,Lasius,niger,3.0777551020408147,4.416530612244895,1.2977551020408162,291
2023-09-08,AMMOD3_1704,AMMOD,AMMOD3,Site3,Meadow,Insecta,Diptera,Brachycera,Muscomorpha,Muscoidea,Muscidae,Coenosiinae,Coenosia,tigrina,13.525750000000013,5.991083333333332,2.2562500000000005,149
2023-09-08,AMMOD3_1705,AMMOD,AMMOD3,Site3,Meadow,Insecta,Diptera,Brachycera,Muscomorpha,Lauxanioidea,Lauxaniidae,Lauxaniinae,Calliopum,aeneum,3.3925757575757585,4.098636363636362,1.2430303030303027,8
2023-09-08,AMMOD3_1706,AMMOD,AMMOD3,Site3,Meadow,Insecta,Diptera,Brachycera,Muscomorpha,Muscoidea,Anthomyiidae,Anthomyiinae,Delia,radicum,4.8100000000000005,4.535,1.6749999999999998,380
2023-09-08,AMMOD3_1707,AMMOD,AMMOD3,Site3,Meadow,Insecta,Diptera,Nematocera,Tipulomorpha,Tipuloidea,Tipulidae,Tipulinae,Tipula,paludosa,25.121999999999996,12.984,1.698,5
2023-09-08,AMMOD3_1708,AMMOD,AMMOD3,Site3,Meadow,Insecta,Lepidoptera,Glossata,Heterocera,Noctuoidea,Noctuidae,Noctuinae,Noctua,pronuba,1.95,3.9666666666666663,1.0333333333333334,107
2023-09-08,AMMOD3_1709,AMMOD,AMMOD3,Site3,Meadow,Insecta,Diptera,Brachycera,Muscomorpha,Muscoidea,Anthomyiidae,Anthomyiinae,Botanophila,fugax,4.8100000000000005,4.535,1.6749999999999998,341
2023-09-08,AMMOD3_1710,AMMOD,AMMOD3,Site3,Meadow,Insecta,Diptera,Brachycera,Muscomorpha,Phoroidea,Phoridae,Phorinae,Diplonevra,nitidula,1.2314285714285715,2.912857142857143,0.89,1513
2023-09-08,AMMOD3_1711,AMMOD,AMMOD3,Site3,Meadow,Insecta,Diptera,Brachycera,Muscomorpha,Syrphoidea,Syrphidae,Syrphinae,Melanostoma,mellinum,12.29572580645161,7.508467741935483,2.1483064516129025,2133
2023-09-08,AMMOD3_1712,AMMOD,AMMOD3,Site3,Meadow,Insecta,Diptera,Brachycera,Muscomorpha,Phoroidea,Phoridae,Phorinae,Triphleba,nudipalpis,1.2314285714285715,2.912857142857143,0.89,16
2023-09-08,AMMOD3_1713,AMMOD,AMMOD3,Site3,Meadow,Insecta,Diptera,Brachycera,Muscomorpha,Carnoidea,Chloropidae,Oscinellinae,Incertella,albipalpis,2.167586206896551,3.907931034482758,1.0355172413793103,94
2023-09-08,AMMOD3_1714,AMMOD,AMMOD3,Site3,Meadow,Insecta,Diptera,Brachycera,Muscomorpha,Muscoidea,Muscidae,Phaoniinae,Helina,lasiophthalma,13.525750000000013,5.991083333333332,2.2562500000000005,2
2023-09-08,AMMOD3_1715,AMMOD,AMMOD3,Site3,Meadow,Insecta,Diptera,Brachycera,Muscomorpha,Oestroidea,Polleniidae,#child.Polleniidae,Pollenia,rudis,8.696344827586204,5.522551724137931,1.7546666666666675,183
2023-09-08,AMMOD3_1716,AMMOD,AMMOD3,Site3,Meadow,Insecta,Diptera,Brachycera,Muscomorpha,Muscoidea,Anthomyiidae,Anthomyiinae,Anthomyia,liturata,4.8100000000000005,4.535,1.6749999999999998,9
2023-09-08,AMMOD3_1717,AMMOD,AMMOD3,Site3,Meadow,Insecta,Diptera,Nematocera,Bibionomorpha,Sciaroidea,Sciaridae,Megalosphyinae,Bradysia,trivittata,3.12,4.300000000000001,1.165,46
2023-09-08,AMMOD3_1718,AMMOD,AMMOD3,Site3,Meadow,Insecta,Diptera,Brachycera,Muscomorpha,Phoroidea,Phoridae,Metopininae,Megaselia,emarginata,1.2314285714285715,2.912857142857143,0.89,32
2023-09-08,AMMOD3_1719,AMMOD,AMMOD3,Site3,Meadow,Insecta,Diptera,Nematocera,Bibionomorpha,Sciaroidea,Sciaridae,Megalosphyinae,Bradysia,urticae,3.12,4.300000000000001,1.165,2
2023-09-08,AMMOD3_1720,AMMOD,AMMOD3,Site3,Meadow,Insecta,Diptera,Brachycera,Asilomorpha,Asiloidea,Asilidae,Asilinae,Tolmerus,atricapillus,5.96,10.965,1.52,14
2023-09-08,AMMOD3_1721,AMMOD,AMMOD3,Site3,Meadow,Insecta,Hymenoptera,Apocrita,Parasitica,Ichneumonoidea,Ichneumonidae,Diplazontinae,Syrphoctonus,tarsatorius,5.311379310344828,5.228275862068966,1.1537931034482758,505
2023-09-08,AMMOD3_1722,AMMOD,AMMOD3,Site3,Meadow,Insecta,Diptera,Nematocera,Bibionomorpha,Sciaroidea,Sciaridae,Sciarinae,Corynoptera,perpusilla,3.12,4.300000000000001,1.165,1
2023-09-08,AMMOD3_1723,AMMOD,AMMOD3,Site3,Meadow,Insecta,Diptera,Brachycera,Muscomorpha,Phoroidea,Phoridae,Metopininae,Megaselia,manicata,1.2314285714285715,2.912857142857143,0.89,7
2023-09-08,AMMOD3_1724,AMMOD,AMMOD3,Site3,Meadow,Insecta,Hymenoptera,Apocrita,Parasitica,Ichneumonoidea,Ichneumonidae,Diplazontinae,Syrphophilus,bizonarius,5.311379310344828,5.228275862068966,1.1537931034482758,190
2023-09-08,AMMOD3_1725,AMMOD,AMMOD3,Site3,Meadow,Insecta,Lepidoptera,Glossata,Rhopalocera,Papilionoidea,Pieridae,Pierinae,Pieris,rapae,55.17333333333334,14.135,3.1950000000000003,15
2023-09-08,AMMOD3_1726,AMMOD,AMMOD3,Site3,Meadow,Insecta,Diptera,Brachycera,Muscomorpha,Carnoidea,Chloropidae,Oscinellinae,Tricimba,cincta,2.167586206896551,3.907931034482758,1.0355172413793103,2
2023-09-08,AMMOD3_1727,AMMOD,AMMOD3,Site3,Meadow,Insecta,Diptera,Nematocera,Culicomorpha,Culicoidea,Culicidae,Culicinae,Culex,pipiens,1.84,4.54,0.99,13
2023-09-08,AMMOD3_1728,AMMOD,AMMOD3,Site3,Meadow,Insecta,Diptera,Brachycera,Muscomorpha,Opomyzoidea,Agromyzidae,Phytomyzinae,Cerodontha,denticornis,1.27,3.23,0.8766666666666666,3
2023-09-08,AMMOD3_1729,AMMOD,AMMOD3,Site3,Meadow,Insecta,Odonata,Anisoptera,Anisoptera,Libelluloidea,Libellulidae,Sympetrinae,Sympetrum,sanguineum,24.284088427947573,6.536784934497831,2.114448689956332,82
2023-09-08,AMMOD3_1730,AMMOD,AMMOD3,Site3,Meadow,Insecta,Hemiptera,Fulgoromorpha,Fulgoromorpha,Fulgoroidea,Tettigometridae,Tettigometrinae,Tettigometra,atra,32.08,7.965,3.4000000000000004,118
2023-09-08,AMMOD3_1731,AMMOD,AMMOD3,Site3,Meadow,Insecta,Diptera,Brachycera,Muscomorpha,Oestroidea,Polleniidae,#child.Polleniidae,Pollenia,angustigena,8.696344827586204,5.522551724137931,1.7546666666666675,8
2023-09-08,AMMOD3_1732,AMMOD,AMMOD3,Site3,Meadow,Insecta,Diptera,Brachycera,Muscomorpha,Phoroidea,Phoridae,Metopininae,Megaselia,clemonsi,1.2314285714285715,2.912857142857143,0.89,13
2023-09-08,AMMOD3_1733,AMMOD,AMMOD3,Site3,Meadow,Insecta,Diptera,Nematocera,Culicomorpha,Chironomoidea,Chironomidae,Tanypodinae,Tanypus,punctipennis,0.9550000000000001,3.165,0.7849999999999999,55
2023-09-08,AMMOD3_1734,AMMOD,AMMOD3,Site3,Meadow,Insecta,Diptera,Brachycera,Asilomorpha,Empidoidea,Hybotidae,Tachydromiinae,Platypalpus,interstinctus,5.423030303030302,4.323939393939395,1.3303030303030303,18
2023-09-08,AMMOD3_1735,AMMOD,AMMOD3,Site3,Meadow,Insecta,Psocoptera,Psocomorpha,Homilopsocidea,Lachesilloidea,Lachesillidae,Lachesillinae,Lachesilla,pedicularia,24.284088427947573,6.536784934497831,2.114448689956332,23
2023-09-08,AMMOD3_1736,AMMOD,AMMOD3,Site3,Meadow,Insecta,Hemiptera,Sternorrhyncha,Aphidomorpha,Aphidoidea,Aphididae,Aphidinae,Rhopalosiphum,padi,2.648,2.9159999999999995,1.342,4
2023-09-08,AMMOD3_1737,AMMOD,AMMOD3,Site3,Meadow,Insecta,Diptera,Brachycera,Muscomorpha,Phoroidea,Phoridae,Phorinae,Spiniphora,bergenstammi,1.2314285714285715,2.912857142857143,0.89,14
2023-09-08,AMMOD3_1738,AMMOD,AMMOD3,Site3,Meadow,Insecta,Diptera,Brachycera,Muscomorpha,Carnoidea,Chloropidae,Chloropinae,Chlorops,laetus,2.167586206896551,3.907931034482758,1.0355172413793103,47
2023-09-08,AMMOD3_1739,AMMOD,AMMOD3,Site3,Meadow,Insecta,Coleoptera,Polyphaga,Cucujiformia,Curculionoidea,Curculionidae,Entiminae,Naupactus,cervinus,2.59962962962963,3.2672222222222227,1.1698148148148149,5
2023-09-08,AMMOD3_1740,AMMOD,AMMOD3,Site3,Meadow,Insecta,Hemiptera,Sternorrhyncha,Aleyrodomorpha,Aleyrodoidea,Aleyrodidae,Aleyrodinae,Aleyrodes,lonicerae,2.648,2.9159999999999995,1.342,11
2023-09-08,AMMOD3_1741,AMMOD,AMMOD3,Site3,Meadow,Insecta,Hymenoptera,Apocrita,Parasitica,Chalcidoidea,Trichogrammatidae,Trichogrammatinae,Trichogramma,evanescens,1.214,2.9839999999999995,0.8020000000000002,1
2023-09-08,AMMOD3_1742,AMMOD,AMMOD3,Site3,Meadow,Insecta,Hymenoptera,Apocrita,Parasitica,Chalcidoidea,Mymaridae,#child.Mymaridae,Anagrus,atomus,1.214,2.9839999999999995,0.8020000000000002,1
2023-09-08,AMMOD3_1743,AMMOD,AMMOD3,Site3,Meadow,Insecta,Diptera,Nematocera,Culicomorpha,Culicoidea,Ceratopogonidae,Forcipomyiinae,Forcipomyia,velox,0.9550000000000001,3.165,0.7849999999999999,6
2023-09-08,AMMOD3_1744,AMMOD,AMMOD3,Site3,Meadow,Insecta,Diptera,Nematocera,Culicomorpha,Culicoidea,Ceratopogonidae,Dasyheleinae,Dasyhelea,flavifrons,0.9550000000000001,3.165,0.7849999999999999,5
2023-09-09,AMMOD3_1745,AMMOD,AMMOD3,Site3,Meadow,Insecta,Diptera,Nematocera,Bibionomorpha,Sciaroidea,Sciaridae,#child.Sciaridae,Lycoriella,sativae,3.12,4.300000000000001,1.165,619
2023-09-09,AMMOD3_1746,AMMOD,AMMOD3,Site3,Meadow,Insecta,Diptera,Nematocera,Culicomorpha,Culicoidea,Ceratopogonidae,Forcipomyiinae,Forcipomyia,bipunctata,0.9550000000000001,3.165,0.7849999999999999,21
2023-09-09,AMMOD3_1747,AMMOD,AMMOD3,Site3,Meadow,Insecta,Diptera,Nematocera,Bibionomorpha,Bibionoidea,Bibionidae,Bibioninae,Dilophus,febrilis,1.8561538461538463,3.6023076923076927,0.9615384615384617,230
2023-09-09,AMMOD3_1748,AMMOD,AMMOD3,Site3,Meadow,Insecta,Diptera,Brachycera,Muscomorpha,Oestroidea,Tachinidae,Tachininae,Siphona,geniculata,8.696344827586204,5.522551724137931,1.7546666666666675,651
2023-09-09,AMMOD3_1749,AMMOD,AMMOD3,Site3,Meadow,Insecta,Hymenoptera,Apocrita,Aculeata,Formicoidea,Formicidae,Formicinae,Lasius,niger,3.0777551020408147,4.416530612244895,1.2977551020408162,187
2023-09-09,AMMOD3_1750,AMMOD,AMMOD3,Site3,Meadow,Insecta,Diptera,Brachycera,Muscomorpha,Muscoidea,Muscidae,Coenosiinae,Coenosia,tigrina,13.525750000000013,5.991083333333332,2.2562500000000005,296
2023-09-09,AMMOD3_1751,AMMOD,AMMOD3,Site3,Meadow,Insecta,Diptera,Brachycera,Muscomorpha,Lauxanioidea,Lauxaniidae,Lauxaniinae,Calliopum,aeneum,3.3925757575757585,4.098636363636362,1.2430303030303027,2
2023-09-09,AMMOD3_1752,AMMOD,AMMOD3,Site3,Meadow,Insecta,Diptera,Brachycera,Muscomorpha,Muscoidea,Anthomyiidae,Anthomyiinae,Delia,radicum,4.8100000000000005,4.535,1.6749999999999998,100
2023-09-09,AMMOD3_1753,AMMOD,AMMOD3,Site3,Meadow,Insecta,Diptera,Brachycera,Muscomorpha,Muscoidea,Anthomyiidae,Anthomyiinae,Botanophila,fugax,4.8100000000000005,4.535,1.6749999999999998,563
2023-09-09,AMMOD3_1754,AMMOD,AMMOD3,Site3,Meadow,Insecta,Diptera,Brachycera,Asilomorpha,Empidoidea,Dolichopodidae,Medeterinae,Medetera,jacula,3.9976666666666674,3.9993333333333334,1.274,87
2023-09-09,AMMOD3_1755,AMMOD,AMMOD3,Site3,Meadow,Insecta,Diptera,Brachycera,Muscomorpha,Phoroidea,Phoridae,Phorinae,Diplonevra,nitidula,1.2314285714285715,2.912857142857143,0.89,2023
2023-09-09,AMMOD3_1756,AMMOD,AMMOD3,Site3,Meadow,Insecta,Diptera,Brachycera,Muscomorpha,Syrphoidea,Syrphidae,Syrphinae,Melanostoma,mellinum,12.29572580645161,7.508467741935483,2.1483064516129025,1471
2023-09-09,AMMOD3_1757,AMMOD,AMMOD3,Site3,Meadow,Insecta,Diptera,Brachycera,Muscomorpha,Phoroidea,Phoridae,Phorinae,Triphleba,nudipalpis,1.2314285714285715,2.912857142857143,0.89,90
2023-09-09,AMMOD3_1758,AMMOD,AMMOD3,Site3,Meadow,Insecta,Diptera,Brachycera,Muscomorpha,Carnoidea,Chloropidae,Oscinellinae,Incertella,albipalpis,2.167586206896551,3.907931034482758,1.0355172413793103,23
2023-09-09,AMMOD3_1759,AMMOD,AMMOD3,Site3,Meadow,Insecta,Diptera,Brachycera,Muscomorpha,Muscoidea,Muscidae,Phaoniinae,Helina,lasiophthalma,13.525750000000013,5.991083333333332,2.2562500000000005,71
2023-09-09,AMMOD3_1760,AMMOD,AMMOD3,Site3,Meadow,Insecta,Diptera,Brachycera,Muscomorpha,Sphaeroceroidea,Heleomyzidae,Heleomyzinae,Tephrochlamys,rufiventris,8.696344827586204,5.522551724137931,1.7546666666666675,4
2023-09-09,AMMOD3_1761,AMMOD,AMMOD3,Site3,Meadow,Insecta,Hymenoptera,Apocrita,Parasitica,Ichneumonoidea,Ichneumonidae,Phygadeuontinae,Phygadeuon,trichops,5.311379310344828,5.228275862068966,1.1537931034482758,12
2023-09-09,AMMOD3_1762,AMMOD,AMMOD3,Site3,Meadow,Insecta,Diptera,Brachycera,Muscomorpha,Oestroidea,Polleniidae,#child.Polleniidae,Pollenia,rudis,8.696344827586204,5.522551724137931,1.7546666666666675,170
2023-09-09,AMMOD3_1763,AMMOD,AMMOD3,Site3,Meadow,Insecta,Diptera,Brachycera,Muscomorpha,Oestroidea,Sarcophagidae,Sarcophaginae,Sarcophaga,aratrix,8.696344827586204,5.522551724137931,1.7546666666666675,1102
2023-09-09,AMMOD3_1764,AMMOD,AMMOD3,Site3,Meadow,Insecta,Diptera,Nematocera,Bibionomorpha,Sciaroidea,Sciaridae,Megalosphyinae,Bradysia,trivittata,3.12,4.300000000000001,1.165,6
2023-09-09,AMMOD3_1765,AMMOD,AMMOD3,Site3,Meadow,Insecta,Diptera,Brachycera,Muscomorpha,Oestroidea,Sarcophagidae,Sarcophaginae,Sarcophaga,sinuata,8.696344827586204,5.522551724137931,1.7546666666666675,1651
2023-09-09,AMMOD3_1766,AMMOD,AMMOD3,Site3,Meadow,Insecta,Diptera,Brachycera,Muscomorpha,Muscoidea,Muscidae,Phaoniinae,Helina,reversio,13.525750000000013,5.991083333333332,2.2562500000000005,105
2023-09-09,AMMOD3_1767,AMMOD,AMMOD3,Site3,Meadow,Insecta,Diptera,Nematocera,Bibionomorpha,Sciaroidea,Sciaridae,Megalosphyinae,Bradysia,urticae,3.12,4.300000000000001,1.165,1
2023-09-09,AMMOD3_1768,AMMOD,AMMOD3,Site3,Meadow,Insecta,Diptera,Brachycera,Muscomorpha,Opomyzoidea,Agromyzidae,Agromyzinae,Agromyza,albipennis,1.27,3.23,0.8766666666666666,38
2023-09-09,AMMOD3_1769,AMMOD,AMMOD3,Site3,Meadow,Insecta,Diptera,Nematocera,Bibionomorpha,Sciaroidea,Sciaridae,Megalosphyinae,Bradysia,fenestralis,3.12,4.300000000000001,1.165,16
2023-09-09,AMMOD3_1770,AMMOD,AMMOD3,Site3,Meadow,Insecta,Diptera,Brachycera,Muscomorpha,Muscoidea,Anthomyiidae,Anthomyiinae,Hylemya,partita,4.8100000000000005,4.535,1.6749999999999998,69
2023-09-09,AMMOD3_1771,AMMOD,AMMOD3,Site3,Meadow,Insecta,Diptera,Brachycera,Muscomorpha,Phoroidea,Phoridae,Metopininae,Megaselia,manicata,1.2314285714285715,2.912857142857143,0.89,54
2023-09-09,AMMOD3_1772,AMMOD,AMMOD3,Site3,Meadow,Insecta,Hemiptera,Cicadomorpha,Cicadomorpha,Membracoidea,Cicadellidae,Typhlocybinae,Ribautiana,debilis,5.600163934426228,4.548524590163934,1.525737704918033,2
2023-09-09,AMMOD3_1773,AMMOD,AMMOD3,Site3,Meadow,Insecta,Hymenoptera,Apocrita,Parasitica,Ichneumonoidea,Ichneumonidae,Diplazontinae,Syrphophilus,bizonarius,5.311379310344828,5.228275862068966,1.1537931034482758,104
2023-09-09,AMMOD3_1774,AMMOD,AMMOD3,Site3,Meadow,Insecta,Diptera,Brachycera,Muscomorpha,Phoroidea,Phoridae,Metopininae,Megaselia,lucifrons,1.2314285714285715,2.912857142857143,0.89,4
2023-09-09,AMMOD3_1775,AMMOD,AMMOD3,Site3,Meadow,Insecta,Hymenoptera,Apocrita,Parasitica,Ichneumonoidea,Ichneumonidae,Poemeniinae,Neoxorides,nitens,5.311379310344828,5.228275862068966,1.1537931034482758,14
2023-09-09,AMMOD3_1776,AMMOD,AMMOD3,Site3,Meadow,Insecta,Diptera,Brachycera,Muscomorpha,Opomyzoidea,Agromyzidae,Phytomyzinae,Cerodontha,denticornis,1.27,3.23,0.8766666666666666,7
2023-09-09,AMMOD3_1777,AMMOD,AMMOD3,Site3,Meadow,Insecta,Diptera,Nematocera,Bibionomorpha,Sciaroidea,Sciaridae,Megalosphyinae,Bradysia,vagans,3.12,4.300000000000001,1.165,5
2023-09-09,AMMOD3_1778,AMMOD,AMMOD3,Site3,Meadow,Insecta,Diptera,Brachycera,Muscomorpha,Phoroidea,Phoridae,Metopininae,Megaselia,ruficornis,1.2314285714285715,2.912857142857143,0.89,138
2023-09-09,AMMOD3_1779,AMMOD,AMMOD3,Site3,Meadow,Insecta,Diptera,Nematocera,Bibionomorpha,Sciaroidea,Cecidomyiidae,Micromyinae,Peromyia,impexa,1.6263636363636365,3.475454545454545,0.9245454545454546,4
2023-09-09,AMMOD3_1780,AMMOD,AMMOD3,Site3,Meadow,Insecta,Hemiptera,Cicadomorpha,Cicadomorpha,Membracoidea,Cicadellidae,Typhlocybinae,Eupteryx,calcarata,5.600163934426228,4.548524590163934,1.525737704918033,56
2023-09-09,AMMOD3_1781,AMMOD,AMMOD3,Site3,Meadow,Insecta,Hemiptera,Cicadomorpha,Cicadomorpha,Membracoidea,Cicadellidae,Typhlocybinae,Ribautiana,ulmi,5.600163934426228,4.548524590163934,1.525737704918033,11
2023-09-09,AMMOD3_1782,AMMOD,AMMOD3,Site3,Meadow,Insecta,Diptera,Brachycera,Muscomorpha,Muscoidea,Anthomyiidae,Anthomyiinae,Anthomyia,pluvialis,4.8100000000000005,4.535,1.6749999999999998,94
2023-09-09,AMMOD3_1783,AMMOD,AMMOD3,Site3,Meadow,Insecta,Diptera,Brachycera,Muscomorpha,Syrphoidea,Syrphidae,Syrphinae,Syrphus,vitripennis,12.29572580645161,7.508467741935483,2.1483064516129025,20
2023-09-09,AMMOD3_1784,AMMOD,AMMOD3,Site3,Meadow,Insecta,Coleoptera,Polyphaga,Cucujiformia,Coccinelloidea,Coccinellidae,Coccinellinae,Oenopia,conglobata,8.395714285714286,4.155,2.3153571428571422,79
2023-09-09,AMMOD3_1785,AMMOD,AMMOD3,Site3,Meadow,Insecta,Hymenoptera,Apocrita,Parasitica,Ichneumonoidea,Ichneumonidae,Banchinae,Lissonota,fundator,5.311379310344828,5.228275862068966,1.1537931034482758,14
2023-09-09,AMMOD3_1786,AMMOD,AMMOD3,Site3,Meadow,Insecta,Diptera,Nematocera,Culicomorpha,Chironomoidea,Chironomidae,Orthocladiinae,Bryophaenocladius,nigrus,0.9550000000000001,3.165,0.7849999999999999,3
2023-09-09,AMMOD3_1787,AMMOD,AMMOD3,Site3,Meadow,Insecta,Hymenoptera,Apocrita,Parasitica,Ichneumonoidea,Ichneumonidae,Acaenitinae,Diaglyptidea,conformis,5.311379310344828,5.228275862068966,1.1537931034482758,11
2023-09-09,AMMOD3_1788,AMMOD,AMMOD3,Site3,Meadow,Insecta,Diptera,Brachycera,Muscomorpha,Phoroidea,Phoridae,Metopininae,Megaselia,glabrifrons,1.2314285714285715,2.912857142857143,0.89,39
2023-09-09,AMMOD3_1789,AMMOD,AMMOD3,Site3,Meadow,Insecta,Diptera,Brachycera,Muscomorpha,Phoroidea,Phoridae,Metopininae,Megaselia,abdita,1.2314285714285715,2.912857142857143,0.89,19
2023-09-09,AMMOD3_1790,AMMOD,AMMOD3,Site3,Meadow,Insecta,Diptera,Nematocera,Bibionomorpha,Sciaroidea,Sciaridae,Sciarinae,Hyperlasion,wasmanni,3.12,4.300000000000001,1.165,4
2023-09-09,AMMOD3_1791,AMMOD,AMMOD3,Site3,Meadow,Insecta,Diptera,Nematocera,Tipulomorpha,Tipuloidea,Limoniidae,Limoniinae,Ormosia,hederae,25.121999999999996,12.984,1.698,41
2023-09-09,AMMOD3_1792,AMMOD,AMMOD3,Site3,Meadow,Insecta,Hemiptera,Cicadomorpha,Cicadomorpha,Membracoidea,Cicadellidae,Typhlocybinae,Eupteryx,urticae,5.600163934426228,4.548524590163934,1.525737704918033,1
2023-09-09,AMMOD3_1793,AMMOD,AMMOD3,Site3,Meadow,Insecta,Hymenoptera,Apocrita,Parasitica,Ichneumonoidea,Ichneumonidae,Campopleginae,Campoletis,annulata,5.311379310344828,5.228275862068966,1.1537931034482758,4
2023-09-09,AMMOD3_1794,AMMOD,AMMOD3,Site3,Meadow,Insecta,Diptera,Nematocera,Culicomorpha,Chironomoidea,Chironomidae,Orthocladiinae,Smittia,pratorum,0.9550000000000001,3.165,0.7849999999999999,8
2023-09-09,AMMOD3_1795,AMMOD,AMMOD3,Site3,Meadow,Insecta,Diptera,Nematocera,Culicomorpha,Culicoidea,Ceratopogonidae,Ceratopogoninae,Culicoides,minutissimus,0.9550000000000001,3.165,0.7849999999999999,6
2023-09-09,AMMOD3_1796,AMMOD,AMMOD3,Site3,Meadow,Insecta,Diptera,Nematocera,Culicomorpha,Chironomoidea,Chironomidae,Tanypodinae,Tanypus,kraatzi,0.9550000000000001,3.165,0.7849999999999999,5
2023-09-10,AMMOD3_1797,AMMOD,AMMOD3,Site3,Meadow,Insecta,Diptera,Nematocera,Bibionomorpha,Sciaroidea,Sciaridae,#child.Sciaridae,Lycoriella,sativae,3.12,4.300000000000001,1.165,31
2023-09-10,AMMOD3_1798,AMMOD,AMMOD3,Site3,Meadow,Insecta,Diptera,Brachycera,Muscomorpha,Oestroidea,Tachinidae,Tachininae,Siphona,geniculata,8.696344827586204,5.522551724137931,1.7546666666666675,58
2023-09-10,AMMOD3_1799,AMMOD,AMMOD3,Site3,Meadow,Insecta,Hymenoptera,Apocrita,Aculeata,Formicoidea,Formicidae,Formicinae,Lasius,niger,3.0777551020408147,4.416530612244895,1.2977551020408162,13
2023-09-10,AMMOD3_1800,AMMOD,AMMOD3,Site3,Meadow,Insecta,Diptera,Brachycera,Muscomorpha,Muscoidea,Muscidae,Coenosiinae,Coenosia,tigrina,13.525750000000013,5.991083333333332,2.2562500000000005,13
2023-09-10,AMMOD3_1801,AMMOD,AMMOD3,Site3,Meadow,Insecta,Diptera,Brachycera,Muscomorpha,Lauxanioidea,Lauxaniidae,Lauxaniinae,Calliopum,aeneum,3.3925757575757585,4.098636363636362,1.2430303030303027,41
2023-09-10,AMMOD3_1802,AMMOD,AMMOD3,Site3,Meadow,Insecta,Diptera,Brachycera,Muscomorpha,Muscoidea,Anthomyiidae,Anthomyiinae,Delia,radicum,4.8100000000000005,4.535,1.6749999999999998,43
2023-09-10,AMMOD3_1803,AMMOD,AMMOD3,Site3,Meadow,Insecta,Diptera,Nematocera,Tipulomorpha,Tipuloidea,Tipulidae,Tipulinae,Tipula,paludosa,25.121999999999996,12.984,1.698,41
2023-09-10,AMMOD3_1804,AMMOD,AMMOD3,Site3,Meadow,Insecta,Diptera,Brachycera,Muscomorpha,Phoroidea,Phoridae,Phorinae,Diplonevra,nitidula,1.2314285714285715,2.912857142857143,0.89,62
2023-09-10,AMMOD3_1805,AMMOD,AMMOD3,Site3,Meadow,Insecta,Diptera,Brachycera,Muscomorpha,Syrphoidea,Syrphidae,Syrphinae,Melanostoma,mellinum,12.29572580645161,7.508467741935483,2.1483064516129025,736
2023-09-10,AMMOD3_1806,AMMOD,AMMOD3,Site3,Meadow,Insecta,Diptera,Brachycera,Muscomorpha,Phoroidea,Phoridae,Phorinae,Triphleba,nudipalpis,1.2314285714285715,2.912857142857143,0.89,27
2023-09-10,AMMOD3_1807,AMMOD,AMMOD3,Site3,Meadow,Insecta,Diptera,Brachycera,Muscomorpha,Carnoidea,Chloropidae,Oscinellinae,Incertella,albipalpis,2.167586206896551,3.907931034482758,1.0355172413793103,2
2023-09-10,AMMOD3_1808,AMMOD,AMMOD3,Site3,Meadow,Insecta,Hymenoptera,Apocrita,Parasitica,Chalcidoidea,Aphelinidae,Aphelininae,Aphelinus,varipes,1.214,2.9839999999999995,0.8020000000000002,2
2023-09-10,AMMOD3_1809,AMMOD,AMMOD3,Site3,Meadow,Insecta,Diptera,Brachycera,Muscomorpha,Muscoidea,Anthomyiidae,Anthomyiinae,Delia,florilega,4.8100000000000005,4.535,1.6749999999999998,33
2023-09-10,AMMOD3_1810,AMMOD,AMMOD3,Site3,Meadow,Insecta,Hymenoptera,Apocrita,Parasitica,Ichneumonoidea,Braconidae,Blacinae,Blacus,stelfoxi,2.5116216216216225,3.7481081081081076,1.0197297297297299,8
2023-09-10,AMMOD3_1811,AMMOD,AMMOD3,Site3,Meadow,Insecta,Diptera,Brachycera,Muscomorpha,Muscoidea,Anthomyiidae,Anthomyiinae,Anthomyia,liturata,4.8100000000000005,4.535,1.6749999999999998,2
2023-09-10,AMMOD3_1812,AMMOD,AMMOD3,Site3,Meadow,Insecta,Diptera,Nematocera,Bibionomorpha,Sciaroidea,Sciaridae,Megalosphyinae,Bradysia,trivittata,3.12,4.300000000000001,1.165,4
2023-09-10,AMMOD3_1813,AMMOD,AMMOD3,Site3,Meadow,Insecta,Coleoptera,Polyphaga,Cucujiformia,Tenebrionoidea,Anthicidae,Anthicinae,Anthicus,antherinus,13.394999999999998,7.646249999999999,2.03375,6
2023-09-10,AMMOD3_1814,AMMOD,AMMOD3,Site3,Meadow,Insecta,Diptera,Brachycera,Muscomorpha,Phoroidea,Phoridae,Metopininae,Megaselia,emarginata,1.2314285714285715,2.912857142857143,0.89,1
2023-09-10,AMMOD3_1815,AMMOD,AMMOD3,Site3,Meadow,Insecta,Diptera,Brachycera,Muscomorpha,Opomyzoidea,Agromyzidae,Agromyzinae,Agromyza,albipennis,1.27,3.23,0.8766666666666666,58
2023-09-10,AMMOD3_1816,AMMOD,AMMOD3,Site3,Meadow,Insecta,Diptera,Brachycera,Muscomorpha,Muscoidea,Muscidae,Coenosiinae,Coenosia,atra,13.525750000000013,5.991083333333332,2.2562500000000005,87
2023-09-10,AMMOD3_1817,AMMOD,AMMOD3,Site3,Meadow,Insecta,Diptera,Brachycera,Muscomorpha,Carnoidea,Chloropidae,Oscinellinae,Tricimba,cincta,2.167586206896551,3.907931034482758,1.0355172413793103,3
2023-09-10,AMMOD3_1818,AMMOD,AMMOD3,Site3,Meadow,Insecta,Diptera,Nematocera,Psychodomorpha,Psychodoidea,Psychodidae,Psychodinae,Psychoda,minuta,7.582499999999999,5.904,1.128,6
2023-09-10,AMMOD3_1819,AMMOD,AMMOD3,Site3,Meadow,Insecta,Diptera,Nematocera,Bibionomorpha,Sciaroidea,Cecidomyiidae,Micromyinae,Peromyia,impexa,1.6263636363636365,3.475454545454545,0.9245454545454546,3
2023-09-10,AMMOD3_1820,AMMOD,AMMOD3,Site3,Meadow,Insecta,Diptera,Brachycera,Muscomorpha,Opomyzoidea,Agromyzidae,Phytomyzinae,Cerodontha,fasciata,1.27,3.23,0.8766666666666666,9
2023-09-10,AMMOD3_1821,AMMOD,AMMOD3,Site3,Meadow,Insecta,Lepidoptera,Glossata,Heterocera,Noctuoidea,Noctuidae,Noctuinae,Xestia,xanthographa,1.95,3.9666666666666663,1.0333333333333334,36
2023-09-10,AMMOD3_1822,AMMOD,AMMOD3,Site3,Meadow,Insecta,Diptera,Brachycera,Asilomorpha,Empidoidea,Hybotidae,Tachydromiinae,Tachypeza,nubila,5.423030303030302,4.323939393939395,1.3303030303030303,8
2023-09-10,AMMOD3_1823,AMMOD,AMMOD3,Site3,Meadow,Insecta,Hymenoptera,Apocrita,Parasitica,Ichneumonoidea,Braconidae,Euphorinae,Dinocampus,coccinellae,2.5116216216216225,3.7481081081081076,1.0197297297297299,9
2023-09-10,AMMOD3_1824,AMMOD,AMMOD3,Site3,Meadow,Insecta,Diptera,Nematocera,Bibionomorpha,Sciaroidea,Cecidomyiidae,Cecidomyiinae,Mayetiola,destructor,1.6263636363636365,3.475454545454545,0.9245454545454546,2
2023-09-10,AMMOD3_1825,AMMOD,AMMOD3,Site3,Meadow,Insecta,Coleoptera,Polyphaga,Staphyliniformia,Staphylinoidea,Staphylinidae,Tachyporinae,Tachyporus,nitidulus,22.330000000000005,10.233272727272729,2.0220000000000002,1
2023-09-10,AMMOD3_1826,AMMOD,AMMOD3,Site3,Meadow,Insecta,Hymenoptera,Apocrita,Parasitica,Ichneumonoidea,Ichneumonidae,Pimplinae,Clistopyga,incitator,5.311379310344828,5.228275862068966,1.1537931034482758,14
2023-09-10,AMMOD3_1827,AMMOD,AMMOD3,Site3,Meadow,Insecta,Hymenoptera,Apocrita,Parasitica,Ichneumonoidea,Braconidae,Microgastrinae,Microplitis,kewleyi,2.5116216216216225,3.7481081081081076,1.0197297297297299,1
2023-09-11,AMMOD3_1828,AMMOD,AMMOD3,Site3,Meadow,Insecta,Diptera,Nematocera,Bibionomorpha,Sciaroidea,Sciaridae,#child.Sciaridae,Lycoriella,sativae,3.12,4.300000000000001,1.165,257
2023-09-11,AMMOD3_1829,AMMOD,AMMOD3,Site3,Meadow,Insecta,Diptera,Brachycera,Muscomorpha,Oestroidea,Tachinidae,Tachininae,Siphona,geniculata,8.696344827586204,5.522551724137931,1.7546666666666675,1693
2023-09-11,AMMOD3_1830,AMMOD,AMMOD3,Site3,Meadow,Insecta,Hymenoptera,Apocrita,Aculeata,Vespoidea,Vespidae,Vespinae,Vespula,germanica,71.46,13.613333333333335,4.026666666666666,115
2023-09-11,AMMOD3_1831,AMMOD,AMMOD3,Site3,Meadow,Insecta,Diptera,Nematocera,Bibionomorpha,Sciaroidea,Sciaridae,Sciarinae,Peyerimhoffia,vagabunda,3.12,4.300000000000001,1.165,8
2023-09-11,AMMOD3_1832,AMMOD,AMMOD3,Site3,Meadow,Insecta,Hymenoptera,Apocrita,Aculeata,Formicoidea,Formicidae,Formicinae,Lasius,niger,3.0777551020408147,4.416530612244895,1.2977551020408162,210
2023-09-11,AMMOD3_1833,AMMOD,AMMOD3,Site3,Meadow,Insecta,Diptera,Brachycera,Muscomorpha,Muscoidea,Muscidae,Coenosiinae,Coenosia,tigrina,13.525750000000013,5.991083333333332,2.2562500000000005,334
2023-09-11,AMMOD3_1834,AMMOD,AMMOD3,Site3,Meadow,Insecta,Diptera,Brachycera,Muscomorpha,Lauxanioidea,Lauxaniidae,Lauxaniinae,Calliopum,aeneum,3.3925757575757585,4.098636363636362,1.2430303030303027,1
2023-09-11,AMMOD3_1835,AMMOD,AMMOD3,Site3,Meadow,Insecta,Diptera,Brachycera,Muscomorpha,Muscoidea,Anthomyiidae,Anthomyiinae,Delia,radicum,4.8100000000000005,4.535,1.6749999999999998,668
2023-09-11,AMMOD3_1836,AMMOD,AMMOD3,Site3,Meadow,Insecta,Diptera,Nematocera,Tipulomorpha,Tipuloidea,Tipulidae,Tipulinae,Tipula,paludosa,25.121999999999996,12.984,1.698,810
2023-09-11,AMMOD3_1837,AMMOD,AMMOD3,Site3,Meadow,Insecta,Lepidoptera,Glossata,Heterocera,Noctuoidea,Noctuidae,Noctuinae,Noctua,pronuba,1.95,3.9666666666666663,1.0333333333333334,11
2023-09-11,AMMOD3_1838,AMMOD,AMMOD3,Site3,Meadow,Insecta,Diptera,Brachycera,Asilomorpha,Empidoidea,Dolichopodidae,Medeterinae,Medetera,jacula,3.9976666666666674,3.9993333333333334,1.274,134
2023-09-11,AMMOD3_1839,AMMOD,AMMOD3,Site3,Meadow,Insecta,Diptera,Brachycera,Muscomorpha,Phoroidea,Phoridae,Phorinae,Diplonevra,nitidula,1.2314285714285715,2.912857142857143,0.89,375
2023-09-11,AMMOD3_1840,AMMOD,AMMOD3,Site3,Meadow,Insecta,Diptera,Brachycera,Muscomorpha,Syrphoidea,Syrphidae,Syrphinae,Melanostoma,mellinum,12.29572580645161,7.508467741935483,2.1483064516129025,1471
2023-09-11,AMMOD3_1841,AMMOD,AMMOD3,Site3,Meadow,Insecta,Diptera,Brachycera,Muscomorpha,Phoroidea,Phoridae,Phorinae,Triphleba,nudipalpis,1.2314285714285715,2.912857142857143,0.89,47
2023-09-11,AMMOD3_1842,AMMOD,AMMOD3,Site3,Meadow,Insecta,Diptera,Brachycera,Muscomorpha,Carnoidea,Chloropidae,Oscinellinae,Incertella,albipalpis,2.167586206896551,3.907931034482758,1.0355172413793103,88
2023-09-11,AMMOD3_1843,AMMOD,AMMOD3,Site3,Meadow,Insecta,Diptera,Brachycera,Muscomorpha,Ephydroidea,Drosophilidae,Drosophilinae,Drosophila,subobscura,8.696344827586204,5.522551724137931,1.7546666666666675,3
2023-09-11,AMMOD3_1844,AMMOD,AMMOD3,Site3,Meadow,Insecta,Hymenoptera,Apocrita,Parasitica,Chalcidoidea,Aphelinidae,Aphelininae,Aphelinus,varipes,1.214,2.9839999999999995,0.8020000000000002,1
2023-09-11,AMMOD3_1845,AMMOD,AMMOD3,Site3,Meadow,Insecta,Diptera,Brachycera,Muscomorpha,Muscoidea,Anthomyiidae,#child.Anthomyiidae,Phorbia,fumigata,4.8100000000000005,4.535,1.6749999999999998,5
2023-09-11,AMMOD3_1846,AMMOD,AMMOD3,Site3,Meadow,Insecta,Diptera,Brachycera,Muscomorpha,Muscoidea,Anthomyiidae,Anthomyiinae,Delia,florilega,4.8100000000000005,4.535,1.6749999999999998,2171
2023-09-11,AMMOD3_1847,AMMOD,AMMOD3,Site3,Meadow,Insecta,Diptera,Brachycera,Asilomorpha,Empidoidea,Dolichopodidae,Medeterinae,Medetera,pallipes,3.9976666666666674,3.9993333333333334,1.274,604
2023-09-11,AMMOD3_1848,AMMOD,AMMOD3,Site3,Meadow,Insecta,Diptera,Brachycera,Muscomorpha,Oestroidea,Sarcophagidae,Sarcophaginae,Sarcophaga,aratrix,8.696344827586204,5.522551724137931,1.7546666666666675,1
2023-09-11,AMMOD3_1849,AMMOD,AMMOD3,Site3,Meadow,Insecta,Diptera,Brachycera,Muscomorpha,Sphaeroceroidea,Sphaeroceridae,Limosininae,Opacifrons,coxata,8.696344827586204,5.522551724137931,1.7546666666666675,89
2023-09-11,AMMOD3_1850,AMMOD,AMMOD3,Site3,Meadow,Insecta,Diptera,Nematocera,Bibionomorpha,Sciaroidea,Sciaridae,Megalosphyinae,Bradysia,trivittata,3.12,4.300000000000001,1.165,84
2023-09-11,AMMOD3_1851,AMMOD,AMMOD3,Site3,Meadow,Insecta,Diptera,Brachycera,Muscomorpha,Oestroidea,Tachinidae,Exoristinae,Lydella,grisescens,8.696344827586204,5.522551724137931,1.7546666666666675,233
2023-09-11,AMMOD3_1852,AMMOD,AMMOD3,Site3,Meadow,Arachnida,Opiliones,Palpatores,#child.Palpatores,Phalangioidea,Phalangiidae,Phalangiinae,Phalangium,opilio,24.274390243902445,4.291219512195122,2.517317073170732,6
2023-09-11,AMMOD3_1853,AMMOD,AMMOD3,Site3,Meadow,Insecta,Diptera,Brachycera,Muscomorpha,Opomyzoidea,Opomyzidae,Opomyzinae,Opomyza,germinationis,1.27,3.23,0.8766666666666666,2
2023-09-11,AMMOD3_1854,AMMOD,AMMOD3,Site3,Meadow,Insecta,Diptera,Brachycera,Muscomorpha,Phoroidea,Phoridae,Metopininae,Megaselia,emarginata,1.2314285714285715,2.912857142857143,0.89,1
2023-09-11,AMMOD3_1855,AMMOD,AMMOD3,Site3,Meadow,Insecta,Diptera,Nematocera,Bibionomorpha,Sciaroidea,Sciaridae,Sciarinae,Corynoptera,perpusilla,3.12,4.300000000000001,1.165,6
2023-09-11,AMMOD3_1856,AMMOD,AMMOD3,Site3,Meadow,Insecta,Diptera,Brachycera,Muscomorpha,Opomyzoidea,Agromyzidae,Agromyzinae,Agromyza,albipennis,1.27,3.23,0.8766666666666666,21
2023-09-11,AMMOD3_1857,AMMOD,AMMOD3,Site3,Meadow,Insecta,Diptera,Brachycera,Muscomorpha,Muscoidea,Anthomyiidae,Anthomyiinae,Hylemya,partita,4.8100000000000005,4.535,1.6749999999999998,56
2023-09-11,AMMOD3_1858,AMMOD,AMMOD3,Site3,Meadow,Insecta,Diptera,Brachycera,Muscomorpha,Phoroidea,Phoridae,Metopininae,Megaselia,manicata,1.2314285714285715,2.912857142857143,0.89,14
2023-09-11,AMMOD3_1859,AMMOD,AMMOD3,Site3,Meadow,Insecta,Coleoptera,Polyphaga,Cucujiformia,Coccinelloidea,Coccinellidae,Coccinellinae,Harmonia,axyridis,8.395714285714286,4.155,2.3153571428571422,4
2023-09-11,AMMOD3_1860,AMMOD,AMMOD3,Site3,Meadow,Arachnida,Araneae,Opisthothelae,Araneomorphae,Lycosoidea,Lycosidae,Lycosinae,Pardosa,palustris,7.9725,3.709062499999999,1.4715625000000003,60
2023-09-11,AMMOD3_1861,AMMOD,AMMOD3,Site3,Meadow,Insecta,Diptera,Brachycera,Muscomorpha,Phoroidea,Phoridae,Metopininae,Megaselia,albicans,1.2314285714285715,2.912857142857143,0.89,23
2023-09-11,AMMOD3_1862,AMMOD,AMMOD3,Site3,Meadow,Insecta,Hymenoptera,Symphyta,#child.Symphyta,Tenthredinoidea,Tenthredinidae,Nematinae,Euura,myosotidis,7.853333333333333,6.3500000000000005,1.89,91
2023-09-11,AMMOD3_1863,AMMOD,AMMOD3,Site3,Meadow,Insecta,Hymenoptera,Apocrita,Parasitica,Ichneumonoidea,Ichneumonidae,Phygadeuontinae,Ethelurgus,sodalis,5.311379310344828,5.228275862068966,1.1537931034482758,23
2023-09-11,AMMOD3_1864,AMMOD,AMMOD3,Site3,Meadow,Insecta,Diptera,Brachycera,Muscomorpha,Oestroidea,Sarcophagidae,Sarcophaginae,Sarcophaga,vagans,8.696344827586204,5.522551724137931,1.7546666666666675,83
2023-09-11,AMMOD3_1865,AMMOD,AMMOD3,Site3,Meadow,Insecta,Hemiptera,Sternorrhyncha,Aphidomorpha,Aphidoidea,Aphididae,Aphidinae,Rhopalosiphum,padi,2.648,2.9159999999999995,1.342,19
2023-09-11,AMMOD3_1866,AMMOD,AMMOD3,Site3,Meadow,Insecta,Diptera,Brachycera,Muscomorpha,Opomyzoidea,Agromyzidae,Phytomyzinae,Calycomyza,humeralis,1.27,3.23,0.8766666666666666,10
2023-09-11,AMMOD3_1867,AMMOD,AMMOD3,Site3,Meadow,Insecta,Diptera,Nematocera,Culicomorpha,Chironomoidea,Chironomidae,Tanypodinae,Xenopelopia,nigricans,0.9550000000000001,3.165,0.7849999999999999,2
2023-09-11,AMMOD3_1868,AMMOD,AMMOD3,Site3,Meadow,Insecta,Diptera,Nematocera,Bibionomorpha,Sciaroidea,Sciaridae,Sciarinae,Corynoptera,bicuspidata,3.12,4.300000000000001,1.165,1
2023-09-11,AMMOD3_1869,AMMOD,AMMOD3,Site3,Meadow,Insecta,Orthoptera,Caelifera,Acrididea,Acridoidea,Acrididae,Gomphocerinae,Chorthippus,dorsatus,114.27214285714287,17.234285714285715,3.2835714285714284,14
2023-09-11,AMMOD3_1870,AMMOD,AMMOD3,Site3,Meadow,Insecta,Diptera,Nematocera,Culicomorpha,Chironomoidea,Chironomidae,Chironominae,Chironomus,plumosus,0.9550000000000001,3.165,0.7849999999999999,21
2023-09-11,AMMOD3_1871,AMMOD,AMMOD3,Site3,Meadow,Insecta,Diptera,Brachycera,Muscomorpha,Opomyzoidea,Agromyzidae,Phytomyzinae,Chromatomyia,horticola,1.27,3.23,0.8766666666666666,24
2023-09-11,AMMOD3_1872,AMMOD,AMMOD3,Site3,Meadow,Insecta,Hymenoptera,Apocrita,Parasitica,Ichneumonoidea,Ichneumonidae,Pimplinae,Itoplectis,alternans,5.311379310344828,5.228275862068966,1.1537931034482758,27
2023-09-11,AMMOD3_1873,AMMOD,AMMOD3,Site3,Meadow,Insecta,Diptera,Nematocera,Bibionomorpha,Sciaroidea,Cecidomyiidae,Cecidomyiinae,Mayetiola,destructor,1.6263636363636365,3.475454545454545,0.9245454545454546,1
2023-09-11,AMMOD3_1874,AMMOD,AMMOD3,Site3,Meadow,Insecta,Diptera,Brachycera,Muscomorpha,Tephritoidea,Tephritidae,Tephritinae,Ensina,sonchi,8.696344827586204,5.522551724137931,1.7546666666666675,20
2023-09-11,AMMOD3_1875,AMMOD,AMMOD3,Site3,Meadow,Insecta,Hymenoptera,Apocrita,Parasitica,Chalcidoidea,Trichogrammatidae,Trichogrammatinae,Trichogramma,evanescens,1.214,2.9839999999999995,0.8020000000000002,3
2023-09-11,AMMOD3_1876,AMMOD,AMMOD3,Site3,Meadow,Insecta,Hymenoptera,Apocrita,Aculeata,Apoidea,Crabronidae,Mellininae,Mellinus,arvensis,64.4823076923077,8.925897435897436,3.27948717948718,8
2023-09-12,AMMOD3_1877,AMMOD,AMMOD3,Site3,Meadow,Insecta,Diptera,Nematocera,Bibionomorpha,Sciaroidea,Sciaridae,#child.Sciaridae,Lycoriella,sativae,3.12,4.300000000000001,1.165,109
2023-09-12,AMMOD3_1878,AMMOD,AMMOD3,Site3,Meadow,Insecta,Diptera,Brachycera,Muscomorpha,Oestroidea,Tachinidae,Tachininae,Siphona,geniculata,8.696344827586204,5.522551724137931,1.7546666666666675,313
2023-09-12,AMMOD3_1879,AMMOD,AMMOD3,Site3,Meadow,Insecta,Diptera,Nematocera,Bibionomorpha,Sciaroidea,Sciaridae,Sciarinae,Peyerimhoffia,vagabunda,3.12,4.300000000000001,1.165,16
2023-09-12,AMMOD3_1880,AMMOD,AMMOD3,Site3,Meadow,Insecta,Hymenoptera,Apocrita,Aculeata,Formicoidea,Formicidae,Formicinae,Lasius,niger,3.0777551020408147,4.416530612244895,1.2977551020408162,26
2023-09-12,AMMOD3_1881,AMMOD,AMMOD3,Site3,Meadow,Insecta,Diptera,Brachycera,Muscomorpha,Muscoidea,Muscidae,Coenosiinae,Coenosia,tigrina,13.525750000000013,5.991083333333332,2.2562500000000005,73
2023-09-12,AMMOD3_1882,AMMOD,AMMOD3,Site3,Meadow,Insecta,Diptera,Brachycera,Muscomorpha,Muscoidea,Anthomyiidae,Anthomyiinae,Delia,radicum,4.8100000000000005,4.535,1.6749999999999998,232
2023-09-12,AMMOD3_1883,AMMOD,AMMOD3,Site3,Meadow,Insecta,Diptera,Nematocera,Tipulomorpha,Tipuloidea,Tipulidae,Tipulinae,Tipula,paludosa,25.121999999999996,12.984,1.698,654
2023-09-12,AMMOD3_1884,AMMOD,AMMOD3,Site3,Meadow,Insecta,Lepidoptera,Glossata,Heterocera,Noctuoidea,Noctuidae,Noctuinae,Noctua,pronuba,1.95,3.9666666666666663,1.0333333333333334,16
2023-09-12,AMMOD3_1885,AMMOD,AMMOD3,Site3,Meadow,Insecta,Diptera,Brachycera,Muscomorpha,Muscoidea,Muscidae,Phaoniinae,Phaonia,tuguriorum,13.525750000000013,5.991083333333332,2.2562500000000005,1086
2023-09-12,AMMOD3_1886,AMMOD,AMMOD3,Site3,Meadow,Insecta,Diptera,Brachycera,Asilomorpha,Empidoidea,Dolichopodidae,Medeterinae,Medetera,jacula,3.9976666666666674,3.9993333333333334,1.274,113
2023-09-12,AMMOD3_1887,AMMOD,AMMOD3,Site3,Meadow,Insecta,Diptera,Brachycera,Muscomorpha,Phoroidea,Phoridae,Phorinae,Diplonevra,nitidula,1.2314285714285715,2.912857142857143,0.89,581
2023-09-12,AMMOD3_1888,AMMOD,AMMOD3,Site3,Meadow,Insecta,Diptera,Brachycera,Muscomorpha,Syrphoidea,Syrphidae,Syrphinae,Melanostoma,mellinum,12.29572580645161,7.508467741935483,2.1483064516129025,46
2023-09-12,AMMOD3_1889,AMMOD,AMMOD3,Site3,Meadow,Insecta,Diptera,Brachycera,Muscomorpha,Phoroidea,Phoridae,Phorinae,Triphleba,nudipalpis,1.2314285714285715,2.912857142857143,0.89,297
2023-09-12,AMMOD3_1890,AMMOD,AMMOD3,Site3,Meadow,Insecta,Diptera,Brachycera,Muscomorpha,Carnoidea,Chloropidae,Oscinellinae,Incertella,albipalpis,2.167586206896551,3.907931034482758,1.0355172413793103,74
2023-09-12,AMMOD3_1891,AMMOD,AMMOD3,Site3,Meadow,Insecta,Diptera,Brachycera,Muscomorpha,Syrphoidea,Syrphidae,Syrphinae,Episyrphus,balteatus,12.29572580645161,7.508467741935483,2.1483064516129025,19
2023-09-12,AMMOD3_1892,AMMOD,AMMOD3,Site3,Meadow,Insecta,Lepidoptera,Glossata,Heterocera,Noctuoidea,Noctuidae,Plusiinae,Autographa,gamma,1.95,3.9666666666666663,1.0333333333333334,2537
2023-09-12,AMMOD3_1893,AMMOD,AMMOD3,Site3,Meadow,Insecta,Hymenoptera,Apocrita,Parasitica,Chalcidoidea,Aphelinidae,Aphelininae,Aphelinus,varipes,1.214,2.9839999999999995,0.8020000000000002,10
2023-09-12,AMMOD3_1894,AMMOD,AMMOD3,Site3,Meadow,Insecta,Diptera,Brachycera,Muscomorpha,Muscoidea,Anthomyiidae,#child.Anthomyiidae,Phorbia,fumigata,4.8100000000000005,4.535,1.6749999999999998,110
2023-09-12,AMMOD3_1895,AMMOD,AMMOD3,Site3,Meadow,Insecta,Diptera,Brachycera,Muscomorpha,Muscoidea,Anthomyiidae,Anthomyiinae,Delia,florilega,4.8100000000000005,4.535,1.6749999999999998,327
2023-09-12,AMMOD3_1896,AMMOD,AMMOD3,Site3,Meadow,Insecta,Lepidoptera,Glossata,Heterocera,Noctuoidea,Noctuidae,Noctuinae,Noctua,comes,1.95,3.9666666666666663,1.0333333333333334,2163
2023-09-12,AMMOD3_1897,AMMOD,AMMOD3,Site3,Meadow,Insecta,Diptera,Brachycera,Muscomorpha,Muscoidea,Fanniidae,#child.Fanniidae,Fannia,latipalpis,6.208333333333333,3.9266666666666663,1.413333333333333,215
2023-09-12,AMMOD3_1898,AMMOD,AMMOD3,Site3,Meadow,Insecta,Diptera,Brachycera,Muscomorpha,Sphaeroceroidea,Heleomyzidae,Heleomyzinae,Tephrochlamys,rufiventris,8.696344827586204,5.522551724137931,1.7546666666666675,4
2023-09-12,AMMOD3_1899,AMMOD,AMMOD3,Site3,Meadow,Insecta,Diptera,Nematocera,Bibionomorpha,Sciaroidea,Sciaridae,Megalosphyinae,Bradysia,trivittata,3.12,4.300000000000001,1.165,97
2023-09-12,AMMOD3_1900,AMMOD,AMMOD3,Site3,Meadow,Insecta,Diptera,Brachycera,Asilomorpha,Empidoidea,Dolichopodidae,Sciapodinae,Sciapus,wiedemanni,3.9976666666666674,3.9993333333333334,1.274,396
2023-09-12,AMMOD3_1901,AMMOD,AMMOD3,Site3,Meadow,Arachnida,Opiliones,Palpatores,#child.Palpatores,Phalangioidea,Phalangiidae,Phalangiinae,Phalangium,opilio,24.274390243902445,4.291219512195122,2.517317073170732,27
2023-09-12,AMMOD3_1902,AMMOD,AMMOD3,Site3,Meadow,Insecta,Diptera,Brachycera,Muscomorpha,Opomyzoidea,Agromyzidae,Phytomyzinae,Pseudonapomyza,atra,1.27,3.23,0.8766666666666666,899
2023-09-12,AMMOD3_1903,AMMOD,AMMOD3,Site3,Meadow,Insecta,Diptera,Brachycera,Muscomorpha,Phoroidea,Phoridae,Metopininae,Megaselia,emarginata,1.2314285714285715,2.912857142857143,0.89,6
2023-09-12,AMMOD3_1904,AMMOD,AMMOD3,Site3,Meadow,Insecta,Diptera,Brachycera,Muscomorpha,Opomyzoidea,Agromyzidae,Agromyzinae,Agromyza,albipennis,1.27,3.23,0.8766666666666666,20
2023-09-12,AMMOD3_1905,AMMOD,AMMOD3,Site3,Meadow,Insecta,Diptera,Brachycera,Muscomorpha,Muscoidea,Muscidae,Coenosiinae,Coenosia,atra,13.525750000000013,5.991083333333332,2.2562500000000005,175
2023-09-12,AMMOD3_1906,AMMOD,AMMOD3,Site3,Meadow,Insecta,Diptera,Brachycera,Muscomorpha,Phoroidea,Phoridae,Metopininae,Megaselia,manicata,1.2314285714285715,2.912857142857143,0.89,1
2023-09-12,AMMOD3_1907,AMMOD,AMMOD3,Site3,Meadow,Insecta,Lepidoptera,Glossata,Heterocera,Gelechioidea,Gelechiidae,Dichomeridinae,Helcystogramma,triannulella,1.95,3.9666666666666663,1.0333333333333334,163
2023-09-12,AMMOD3_1908,AMMOD,AMMOD3,Site3,Meadow,Insecta,Diptera,Brachycera,Muscomorpha,Ephydroidea,Drosophilidae,Drosophilinae,Scaptomyza,pallida,8.696344827586204,5.522551724137931,1.7546666666666675,2
2023-09-12,AMMOD3_1909,AMMOD,AMMOD3,Site3,Meadow,Insecta,Hymenoptera,Apocrita,Parasitica,Ichneumonoidea,Ichneumonidae,Metopiinae,Exochus,tibialis,5.311379310344828,5.228275862068966,1.1537931034482758,11
2023-09-12,AMMOD3_1910,AMMOD,AMMOD3,Site3,Meadow,Insecta,Diptera,Nematocera,Bibionomorpha,Sciaroidea,Sciaridae,Sciarinae,Corynoptera,cuniculata,3.12,4.300000000000001,1.165,15
2023-09-12,AMMOD3_1911,AMMOD,AMMOD3,Site3,Meadow,Insecta,Diptera,Brachycera,Muscomorpha,Carnoidea,Chloropidae,Oscinellinae,Tricimba,cincta,2.167586206896551,3.907931034482758,1.0355172413793103,17
2023-09-12,AMMOD3_1912,AMMOD,AMMOD3,Site3,Meadow,Insecta,Hemiptera,Cicadomorpha,Cicadomorpha,Membracoidea,Cicadellidae,Deltocephalinae,Orientus,ishidae,5.600163934426228,4.548524590163934,1.525737704918033,196
2023-09-12,AMMOD3_1913,AMMOD,AMMOD3,Site3,Meadow,Insecta,Diptera,Brachycera,Muscomorpha,Phoroidea,Phoridae,Metopininae,Megaselia,lucifrons,1.2314285714285715,2.912857142857143,0.89,15
2023-09-12,AMMOD3_1914,AMMOD,AMMOD3,Site3,Meadow,Insecta,Hemiptera,Fulgoromorpha,Fulgoromorpha,Delphacoidea,Delphacidae,Delphacinae,Laodelphax,striatellus,2.1867499999999995,3.2137499999999997,1.20275,165
2023-09-12,AMMOD3_1915,AMMOD,AMMOD3,Site3,Meadow,Insecta,Diptera,Brachycera,Muscomorpha,Oestroidea,Tachinidae,Exoristinae,Bessa,selecta,8.696344827586204,5.522551724137931,1.7546666666666675,56
2023-09-12,AMMOD3_1916,AMMOD,AMMOD3,Site3,Meadow,Insecta,Diptera,Nematocera,Bibionomorpha,Sciaroidea,Sciaridae,Megalosphyinae,Bradysia,vagans,3.12,4.300000000000001,1.165,6
2023-09-12,AMMOD3_1917,AMMOD,AMMOD3,Site3,Meadow,Insecta,Diptera,Brachycera,Muscomorpha,Phoroidea,Phoridae,Metopininae,Megaselia,albicans,1.2314285714285715,2.912857142857143,0.89,3
2023-09-12,AMMOD3_1918,AMMOD,AMMOD3,Site3,Meadow,Insecta,Diptera,Nematocera,Bibionomorpha,Sciaroidea,Cecidomyiidae,Micromyinae,Peromyia,impexa,1.6263636363636365,3.475454545454545,0.9245454545454546,11
2023-09-12,AMMOD3_1919,AMMOD,AMMOD3,Site3,Meadow,Insecta,Lepidoptera,Glossata,Heterocera,Gelechioidea,Gelechiidae,Gelechiinae,Scrobipalpa,atriplicella,1.95,3.9666666666666663,1.0333333333333334,96
2023-09-12,AMMOD3_1920,AMMOD,AMMOD3,Site3,Meadow,Insecta,Diptera,Brachycera,Asilomorpha,Empidoidea,Hybotidae,Tachydromiinae,Platypalpus,interstinctus,5.423030303030302,4.323939393939395,1.3303030303030303,28
2023-09-12,AMMOD3_1921,AMMOD,AMMOD3,Site3,Meadow,Insecta,Psocoptera,Psocomorpha,Homilopsocidea,Lachesilloidea,Lachesillidae,Lachesillinae,Lachesilla,pedicularia,24.284088427947573,6.536784934497831,2.114448689956332,28
2023-09-12,AMMOD3_1922,AMMOD,AMMOD3,Site3,Meadow,Insecta,Diptera,Brachycera,Muscomorpha,Oestroidea,Tachinidae,Dexiinae,Voria,ruralis,8.696344827586204,5.522551724137931,1.7546666666666675,71
2023-09-12,AMMOD3_1923,AMMOD,AMMOD3,Site3,Meadow,Insecta,Hymenoptera,Apocrita,Parasitica,Ichneumonoidea,Ichneumonidae,Banchinae,Lissonota,fundator,5.311379310344828,5.228275862068966,1.1537931034482758,4
2023-09-12,AMMOD3_1924,AMMOD,AMMOD3,Site3,Meadow,Insecta,Hemiptera,Sternorrhyncha,Aphidomorpha,Aphidoidea,Aphididae,Aphidinae,Rhopalosiphum,padi,2.648,2.9159999999999995,1.342,1
2023-09-12,AMMOD3_1925,AMMOD,AMMOD3,Site3,Meadow,Insecta,Diptera,Nematocera,Bibionomorpha,Sciaroidea,Mycetophilidae,Mycetophilinae,Sceptonia,nigra,1.8561538461538463,3.6023076923076927,0.9615384615384617,37
2023-09-12,AMMOD3_1926,AMMOD,AMMOD3,Site3,Meadow,Insecta,Hymenoptera,Apocrita,Parasitica,Ichneumonoidea,Ichneumonidae,Phygadeuontinae,Bathythrix,pellucidator,5.311379310344828,5.228275862068966,1.1537931034482758,34
2023-09-12,AMMOD3_1927,AMMOD,AMMOD3,Site3,Meadow,Insecta,Diptera,Nematocera,Bibionomorpha,Sciaroidea,Sciaridae,Sciarinae,Corynoptera,bicuspidata,3.12,4.300000000000001,1.165,7
2023-09-12,AMMOD3_1928,AMMOD,AMMOD3,Site3,Meadow,Insecta,Diptera,Brachycera,Muscomorpha,Muscoidea,Fanniidae,#child.Fanniidae,Fannia,genualis,6.208333333333333,3.9266666666666663,1.413333333333333,24
2023-09-12,AMMOD3_1929,AMMOD,AMMOD3,Site3,Meadow,Insecta,Diptera,Brachycera,Muscomorpha,Oestroidea,Sarcophagidae,Sarcophaginae,Sarcophaga,incisilobata,8.696344827586204,5.522551724137931,1.7546666666666675,2
2023-09-12,AMMOD3_1930,AMMOD,AMMOD3,Site3,Meadow,Insecta,Hemiptera,Heteroptera,Pentatomomorpha,Lygaeoidea,Rhyparochromidae,Rhyparochrominae,Rhyparochromus,vulgaris,4.595,3.9050000000000002,1.7349999999999999,6
2023-09-12,AMMOD3_1931,AMMOD,AMMOD3,Site3,Meadow,Insecta,Hymenoptera,Apocrita,Parasitica,Chalcidoidea,Trichogrammatidae,Trichogrammatinae,Trichogramma,evanescens,1.214,2.9839999999999995,0.8020000000000002,14
2023-09-12,AMMOD3_1932,AMMOD,AMMOD3,Site3,Meadow,Insecta,Hemiptera,Cicadomorpha,Cicadomorpha,Membracoidea,Cicadellidae,Typhlocybinae,Zyginidia,pullula,5.600163934426228,4.548524590163934,1.525737704918033,1
2023-09-12,AMMOD3_1933,AMMOD,AMMOD3,Site3,Meadow,Insecta,Hemiptera,Heteroptera,Cimicomorpha,Cimicoidea,Nabidae,Nabinae,Nabis,ferus,10.519285714285717,6.490535714285714,2.108392857142857,4
2023-09-13,AMMOD3_1934,AMMOD,AMMOD3,Site3,Meadow,Insecta,Diptera,Nematocera,Bibionomorpha,Sciaroidea,Sciaridae,#child.Sciaridae,Lycoriella,sativae,3.12,4.300000000000001,1.165,1070
2023-09-13,AMMOD3_1935,AMMOD,AMMOD3,Site3,Meadow,Insecta,Diptera,Brachycera,Muscomorpha,Oestroidea,Tachinidae,Tachininae,Siphona,geniculata,8.696344827586204,5.522551724137931,1.7546666666666675,451
2023-09-13,AMMOD3_1936,AMMOD,AMMOD3,Site3,Meadow,Insecta,Diptera,Brachycera,Muscomorpha,Lauxanioidea,Lauxaniidae,Lauxaniinae,Calliopum,aeneum,3.3925757575757585,4.098636363636362,1.2430303030303027,24
2023-09-13,AMMOD3_1937,AMMOD,AMMOD3,Site3,Meadow,Insecta,Diptera,Brachycera,Muscomorpha,Muscoidea,Anthomyiidae,Anthomyiinae,Delia,radicum,4.8100000000000005,4.535,1.6749999999999998,245
2023-09-13,AMMOD3_1938,AMMOD,AMMOD3,Site3,Meadow,Insecta,Diptera,Nematocera,Tipulomorpha,Tipuloidea,Tipulidae,Tipulinae,Tipula,paludosa,25.121999999999996,12.984,1.698,159
2023-09-13,AMMOD3_1939,AMMOD,AMMOD3,Site3,Meadow,Insecta,Lepidoptera,Glossata,Heterocera,Noctuoidea,Noctuidae,Noctuinae,Noctua,pronuba,1.95,3.9666666666666663,1.0333333333333334,107
2023-09-13,AMMOD3_1940,AMMOD,AMMOD3,Site3,Meadow,Insecta,Diptera,Brachycera,Muscomorpha,Muscoidea,Anthomyiidae,Anthomyiinae,Botanophila,fugax,4.8100000000000005,4.535,1.6749999999999998,16
2023-09-13,AMMOD3_1941,AMMOD,AMMOD3,Site3,Meadow,Insecta,Diptera,Brachycera,Muscomorpha,Phoroidea,Phoridae,Phorinae,Diplonevra,nitidula,1.2314285714285715,2.912857142857143,0.89,276
2023-09-13,AMMOD3_1942,AMMOD,AMMOD3,Site3,Meadow,Insecta,Diptera,Brachycera,Muscomorpha,Syrphoidea,Syrphidae,Syrphinae,Melanostoma,mellinum,12.29572580645161,7.508467741935483,2.1483064516129025,886
2023-09-13,AMMOD3_1943,AMMOD,AMMOD3,Site3,Meadow,Insecta,Diptera,Brachycera,Muscomorpha,Carnoidea,Chloropidae,Oscinellinae,Incertella,albipalpis,2.167586206896551,3.907931034482758,1.0355172413793103,32
2023-09-13,AMMOD3_1944,AMMOD,AMMOD3,Site3,Meadow,Insecta,Hymenoptera,Apocrita,Parasitica,Chalcidoidea,Aphelinidae,Aphelininae,Aphelinus,varipes,1.214,2.9839999999999995,0.8020000000000002,6
2023-09-13,AMMOD3_1945,AMMOD,AMMOD3,Site3,Meadow,Insecta,Diptera,Brachycera,Muscomorpha,Muscoidea,Anthomyiidae,#child.Anthomyiidae,Phorbia,fumigata,4.8100000000000005,4.535,1.6749999999999998,128
2023-09-13,AMMOD3_1946,AMMOD,AMMOD3,Site3,Meadow,Insecta,Diptera,Brachycera,Muscomorpha,Oestroidea,Sarcophagidae,Sarcophaginae,Sarcophaga,aratrix,8.696344827586204,5.522551724137931,1.7546666666666675,28
2023-09-13,AMMOD3_1947,AMMOD,AMMOD3,Site3,Meadow,Insecta,Diptera,Nematocera,Bibionomorpha,Sciaroidea,Sciaridae,Megalosphyinae,Bradysia,trivittata,3.12,4.300000000000001,1.165,161
2023-09-13,AMMOD3_1948,AMMOD,AMMOD3,Site3,Meadow,Insecta,Coleoptera,Polyphaga,Cucujiformia,Chrysomeloidea,Chrysomelidae,Galerucinae,Psylliodes,chrysocephala,5.507142857142857,4.204821428571428,1.7330357142857147,15
2023-09-13,AMMOD3_1949,AMMOD,AMMOD3,Site3,Meadow,Insecta,Hymenoptera,Apocrita,Aculeata,Formicoidea,Formicidae,Formicinae,Lasius,flavus,3.0777551020408147,4.416530612244895,1.2977551020408162,7
2023-09-13,AMMOD3_1950,AMMOD,AMMOD3,Site3,Meadow,Insecta,Diptera,Nematocera,Bibionomorpha,Sciaroidea,Sciaridae,Sciarinae,Corynoptera,perpusilla,3.12,4.300000000000001,1.165,22
2023-09-13,AMMOD3_1951,AMMOD,AMMOD3,Site3,Meadow,Insecta,Diptera,Brachycera,Muscomorpha,Opomyzoidea,Agromyzidae,Agromyzinae,Agromyza,albipennis,1.27,3.23,0.8766666666666666,39
2023-09-13,AMMOD3_1952,AMMOD,AMMOD3,Site3,Meadow,Insecta,Diptera,Brachycera,Muscomorpha,Ephydroidea,Drosophilidae,Drosophilinae,Scaptomyza,pallida,8.696344827586204,5.522551724137931,1.7546666666666675,26
2023-09-13,AMMOD3_1953,AMMOD,AMMOD3,Site3,Meadow,Insecta,Diptera,Nematocera,Bibionomorpha,Sciaroidea,Sciaridae,Sciarinae,Corynoptera,boletiphaga,3.12,4.300000000000001,1.165,15
2023-09-13,AMMOD3_1954,AMMOD,AMMOD3,Site3,Meadow,Insecta,Diptera,Brachycera,Muscomorpha,Opomyzoidea,Agromyzidae,Phytomyzinae,Cerodontha,denticornis,1.27,3.23,0.8766666666666666,55
2023-09-13,AMMOD3_1955,AMMOD,AMMOD3,Site3,Meadow,Insecta,Diptera,Nematocera,Bibionomorpha,Sciaroidea,Cecidomyiidae,Micromyinae,Peromyia,impexa,1.6263636363636365,3.475454545454545,0.9245454545454546,30
2023-09-13,AMMOD3_1956,AMMOD,AMMOD3,Site3,Meadow,Insecta,Hemiptera,Cicadomorpha,Cicadomorpha,Membracoidea,Cicadellidae,Typhlocybinae,Eupteryx,calcarata,5.600163934426228,4.548524590163934,1.525737704918033,17
2023-09-13,AMMOD3_1957,AMMOD,AMMOD3,Site3,Meadow,Insecta,Psocoptera,Psocomorpha,Homilopsocidea,Lachesilloidea,Lachesillidae,Lachesillinae,Lachesilla,pedicularia,24.284088427947573,6.536784934497831,2.114448689956332,2
2023-09-13,AMMOD3_1958,AMMOD,AMMOD3,Site3,Meadow,Insecta,Diptera,Brachycera,Stratiomyomorpha,Stratiomyoidea,Stratiomyidae,Sarginae,Sargus,bipunctatus,6.283333333333334,6.413333333333334,1.9533333333333331,5
2023-09-13,AMMOD3_1959,AMMOD,AMMOD3,Site3,Meadow,Insecta,Hymenoptera,Apocrita,Parasitica,Ichneumonoidea,Ichneumonidae,Banchinae,Lissonota,fundator,5.311379310344828,5.228275862068966,1.1537931034482758,5
2023-09-13,AMMOD3_1960,AMMOD,AMMOD3,Site3,Meadow,Insecta,Hemiptera,Sternorrhyncha,Aphidomorpha,Aphidoidea,Aphididae,Aphidinae,Rhopalosiphum,padi,2.648,2.9159999999999995,1.342,7
2023-09-13,AMMOD3_1961,AMMOD,AMMOD3,Site3,Meadow,Insecta,Hemiptera,Cicadomorpha,Cicadomorpha,Membracoidea,Cicadellidae,Typhlocybinae,Eupteryx,urticae,5.600163934426228,4.548524590163934,1.525737704918033,2
2023-09-13,AMMOD3_1962,AMMOD,AMMOD3,Site3,Meadow,Insecta,Diptera,Nematocera,Bibionomorpha,Sciaroidea,Mycetophilidae,Leiinae,Leia,fascipennis,1.8561538461538463,3.6023076923076927,0.9615384615384617,17
2023-09-13,AMMOD3_1963,AMMOD,AMMOD3,Site3,Meadow,Insecta,Hymenoptera,Apocrita,Parasitica,Chalcidoidea,Mymaridae,#child.Mymaridae,Anagrus,atomus,1.214,2.9839999999999995,0.8020000000000002,2
2023-09-13,AMMOD3_1964,AMMOD,AMMOD3,Site3,Meadow,Insecta,Diptera,Nematocera,Bibionomorpha,Sciaroidea,Sciaridae,Sciarinae,Epidapus,absconditus,3.12,4.300000000000001,1.165,1
2023-09-14,AMMOD3_1965,AMMOD,AMMOD3,Site3,Meadow,Insecta,Diptera,Nematocera,Bibionomorpha,Sciaroidea,Sciaridae,#child.Sciaridae,Lycoriella,sativae,3.12,4.300000000000001,1.165,1054
2023-09-14,AMMOD3_1966,AMMOD,AMMOD3,Site3,Meadow,Insecta,Diptera,Brachycera,Muscomorpha,Lauxanioidea,Lauxaniidae,Lauxaniinae,Calliopum,aeneum,3.3925757575757585,4.098636363636362,1.2430303030303027,226
2023-09-14,AMMOD3_1967,AMMOD,AMMOD3,Site3,Meadow,Insecta,Diptera,Brachycera,Muscomorpha,Muscoidea,Anthomyiidae,Anthomyiinae,Delia,radicum,4.8100000000000005,4.535,1.6749999999999998,1868
2023-09-14,AMMOD3_1968,AMMOD,AMMOD3,Site3,Meadow,Insecta,Diptera,Nematocera,Tipulomorpha,Tipuloidea,Tipulidae,Tipulinae,Tipula,paludosa,25.121999999999996,12.984,1.698,5043
2023-09-14,AMMOD3_1969,AMMOD,AMMOD3,Site3,Meadow,Insecta,Diptera,Brachycera,Muscomorpha,Ephydroidea,Drosophilidae,Drosophilinae,Drosophila,suzukii,8.696344827586204,5.522551724137931,1.7546666666666675,1639
2023-09-14,AMMOD3_1970,AMMOD,AMMOD3,Site3,Meadow,Insecta,Diptera,Brachycera,Muscomorpha,Phoroidea,Phoridae,Phorinae,Diplonevra,nitidula,1.2314285714285715,2.912857142857143,0.89,2
2023-09-14,AMMOD3_1971,AMMOD,AMMOD3,Site3,Meadow,Insecta,Diptera,Nematocera,Bibionomorpha,Sciaroidea,Mycetophilidae,Mycetophilinae,Platurocypta,punctum,1.8561538461538463,3.6023076923076927,0.9615384615384617,1646
2023-09-14,AMMOD3_1972,AMMOD,AMMOD3,Site3,Meadow,Insecta,Hymenoptera,Apocrita,Aculeata,Formicoidea,Formicidae,Formicinae,Lasius,flavus,3.0777551020408147,4.416530612244895,1.2977551020408162,424
2023-09-15,AMMOD3_1973,AMMOD,AMMOD3,Site3,Meadow,Insecta,Hymenoptera,Apocrita,Parasitica,Ichneumonoidea,Ichneumonidae,Diplazontinae,Syrphoctonus,tarsatorius,5.311379310344828,5.228275862068966,1.1537931034482758,1
2023-09-05,AMMOD4_1974,AMMOD,AMMOD4,Site4,Meadow,Insecta,Diptera,Nematocera,Bibionomorpha,Sciaroidea,Sciaridae,#child.Sciaridae,Lycoriella,sativae,3.12,4.300000000000001,1.165,43
2023-09-05,AMMOD4_1975,AMMOD,AMMOD4,Site4,Meadow,Insecta,Diptera,Brachycera,Muscomorpha,Oestroidea,Tachinidae,Tachininae,Siphona,geniculata,8.696344827586204,5.522551724137931,1.7546666666666675,419
2023-09-05,AMMOD4_1976,AMMOD,AMMOD4,Site4,Meadow,Insecta,Hymenoptera,Apocrita,Aculeata,Formicoidea,Formicidae,Formicinae,Lasius,niger,3.0777551020408147,4.416530612244895,1.2977551020408162,10
2023-09-05,AMMOD4_1977,AMMOD,AMMOD4,Site4,Meadow,Insecta,Diptera,Brachycera,Asilomorpha,Empidoidea,Dolichopodidae,Diaphorinae,Argyra,leucocephala,3.9976666666666674,3.9993333333333334,1.274,648
2023-09-05,AMMOD4_1978,AMMOD,AMMOD4,Site4,Meadow,Insecta,Diptera,Brachycera,Muscomorpha,Lauxanioidea,Lauxaniidae,Lauxaniinae,Calliopum,aeneum,3.3925757575757585,4.098636363636362,1.2430303030303027,1
2023-09-05,AMMOD4_1979,AMMOD,AMMOD4,Site4,Meadow,Insecta,Lepidoptera,Glossata,Heterocera,Noctuoidea,Noctuidae,Noctuinae,Noctua,pronuba,1.95,3.9666666666666663,1.0333333333333334,447
2023-09-05,AMMOD4_1980,AMMOD,AMMOD4,Site4,Meadow,Insecta,Diptera,Brachycera,Muscomorpha,Muscoidea,Muscidae,Phaoniinae,Phaonia,tuguriorum,13.525750000000013,5.991083333333332,2.2562500000000005,14
2023-09-05,AMMOD4_1981,AMMOD,AMMOD4,Site4,Meadow,Insecta,Diptera,Brachycera,Asilomorpha,Empidoidea,Dolichopodidae,Medeterinae,Medetera,jacula,3.9976666666666674,3.9993333333333334,1.274,225
2023-09-05,AMMOD4_1982,AMMOD,AMMOD4,Site4,Meadow,Insecta,Diptera,Brachycera,Muscomorpha,Phoroidea,Phoridae,Phorinae,Diplonevra,nitidula,1.2314285714285715,2.912857142857143,0.89,882
2023-09-05,AMMOD4_1983,AMMOD,AMMOD4,Site4,Meadow,Insecta,Diptera,Brachycera,Muscomorpha,Syrphoidea,Syrphidae,Syrphinae,Melanostoma,mellinum,12.29572580645161,7.508467741935483,2.1483064516129025,2129
2023-09-05,AMMOD4_1984,AMMOD,AMMOD4,Site4,Meadow,Insecta,Diptera,Brachycera,Muscomorpha,Phoroidea,Phoridae,Phorinae,Triphleba,nudipalpis,1.2314285714285715,2.912857142857143,0.89,24
2023-09-05,AMMOD4_1985,AMMOD,AMMOD4,Site4,Meadow,Insecta,Diptera,Brachycera,Muscomorpha,Carnoidea,Chloropidae,Oscinellinae,Incertella,albipalpis,2.167586206896551,3.907931034482758,1.0355172413793103,20
2023-09-05,AMMOD4_1986,AMMOD,AMMOD4,Site4,Meadow,Insecta,Diptera,Brachycera,Muscomorpha,Syrphoidea,Syrphidae,Syrphinae,Episyrphus,balteatus,12.29572580645161,7.508467741935483,2.1483064516129025,22
2023-09-05,AMMOD4_1987,AMMOD,AMMOD4,Site4,Meadow,Insecta,Diptera,Brachycera,Muscomorpha,Muscoidea,Muscidae,Phaoniinae,Helina,lasiophthalma,13.525750000000013,5.991083333333332,2.2562500000000005,3
2023-09-05,AMMOD4_1988,AMMOD,AMMOD4,Site4,Meadow,Insecta,Diptera,Brachycera,Muscomorpha,Oestroidea,Sarcophagidae,Sarcophaginae,Sarcophaga,variegata,8.696344827586204,5.522551724137931,1.7546666666666675,355
2023-09-05,AMMOD4_1989,AMMOD,AMMOD4,Site4,Meadow,Insecta,Diptera,Brachycera,Muscomorpha,Sphaeroceroidea,Heleomyzidae,Heleomyzinae,Tephrochlamys,rufiventris,8.696344827586204,5.522551724137931,1.7546666666666675,5
2023-09-05,AMMOD4_1990,AMMOD,AMMOD4,Site4,Meadow,Insecta,Diptera,Brachycera,Asilomorpha,Empidoidea,Dolichopodidae,Medeterinae,Medetera,pallipes,3.9976666666666674,3.9993333333333334,1.274,1
2023-09-05,AMMOD4_1991,AMMOD,AMMOD4,Site4,Meadow,Insecta,Diptera,Brachycera,Muscomorpha,Oestroidea,Sarcophagidae,Sarcophaginae,Sarcophaga,aratrix,8.696344827586204,5.522551724137931,1.7546666666666675,174
2023-09-05,AMMOD4_1992,AMMOD,AMMOD4,Site4,Meadow,Insecta,Diptera,Brachycera,Muscomorpha,Muscoidea,Muscidae,Limnophorini (Tribu),Limnophora,triangula,13.525750000000013,5.991083333333332,2.2562500000000005,170
2023-09-05,AMMOD4_1993,AMMOD,AMMOD4,Site4,Meadow,Insecta,Diptera,Nematocera,Bibionomorpha,Sciaroidea,Sciaridae,Megalosphyinae,Bradysia,trivittata,3.12,4.300000000000001,1.165,6
2023-09-05,AMMOD4_1994,AMMOD,AMMOD4,Site4,Meadow,Insecta,Diptera,Brachycera,Muscomorpha,Phoroidea,Phoridae,Metopininae,Megaselia,annulipes,1.2314285714285715,2.912857142857143,0.89,18
2023-09-05,AMMOD4_1995,AMMOD,AMMOD4,Site4,Meadow,Insecta,Diptera,Brachycera,Asilomorpha,Empidoidea,Dolichopodidae,Sciapodinae,Sciapus,wiedemanni,3.9976666666666674,3.9993333333333334,1.274,142
2023-09-05,AMMOD4_1996,AMMOD,AMMOD4,Site4,Meadow,Insecta,Diptera,Brachycera,Muscomorpha,Oestroidea,Tachinidae,Exoristinae,Lydella,grisescens,8.696344827586204,5.522551724137931,1.7546666666666675,616
2023-09-05,AMMOD4_1997,AMMOD,AMMOD4,Site4,Meadow,Insecta,Trichoptera,Integripalpia,Plenitentoria,Limnephiloidea,Limnephilidae,Limnephilinae,Limnephilus,sparsus,24.284088427947573,6.536784934497831,2.114448689956332,755
2023-09-05,AMMOD4_1998,AMMOD,AMMOD4,Site4,Meadow,Insecta,Diptera,Brachycera,Muscomorpha,Muscoidea,Muscidae,Limnophorini (Tribu),Limnophora,tigrina,13.525750000000013,5.991083333333332,2.2562500000000005,240
2023-09-05,AMMOD4_1999,AMMOD,AMMOD4,Site4,Meadow,Insecta,Diptera,Brachycera,Muscomorpha,Muscoidea,Muscidae,Phaoniinae,Phaonia,trimaculata,13.525750000000013,5.991083333333332,2.2562500000000005,1
2023-09-05,AMMOD4_2000,AMMOD,AMMOD4,Site4,Meadow,Insecta,Diptera,Brachycera,Muscomorpha,Lonchaeoidea,Lonchaeidae,Dasiopinae,Silba,fumosa,8.696344827586204,5.522551724137931,1.7546666666666675,1350
2023-09-05,AMMOD4_2001,AMMOD,AMMOD4,Site4,Meadow,Insecta,Diptera,Brachycera,Muscomorpha,Carnoidea,Chloropidae,Chloropinae,Chlorops,serenus,2.167586206896551,3.907931034482758,1.0355172413793103,145
2023-09-05,AMMOD4_2002,AMMOD,AMMOD4,Site4,Meadow,Insecta,Diptera,Brachycera,Muscomorpha,Muscoidea,Anthomyiidae,Anthomyiinae,Hylemya,partita,4.8100000000000005,4.535,1.6749999999999998,122
2023-09-05,AMMOD4_2003,AMMOD,AMMOD4,Site4,Meadow,Insecta,Diptera,Brachycera,Muscomorpha,Phoroidea,Phoridae,Metopininae,Megaselia,manicata,1.2314285714285715,2.912857142857143,0.89,18
2023-09-05,AMMOD4_2004,AMMOD,AMMOD4,Site4,Meadow,Insecta,Diptera,Brachycera,Muscomorpha,Muscoidea,Muscidae,Stomoxyinae,Stomoxys,calcitrans,13.525750000000013,5.991083333333332,2.2562500000000005,141
2023-09-05,AMMOD4_2005,AMMOD,AMMOD4,Site4,Meadow,Insecta,Diptera,Brachycera,Muscomorpha,Muscoidea,Anthomyiidae,Pegomyinae,Pegoplata,aestiva,4.8100000000000005,4.535,1.6749999999999998,352
2023-09-05,AMMOD4_2006,AMMOD,AMMOD4,Site4,Meadow,Insecta,Diptera,Brachycera,Asilomorpha,Empidoidea,Dolichopodidae,Diaphorinae,Chrysotus,gramineus,3.9976666666666674,3.9993333333333334,1.274,92
2023-09-05,AMMOD4_2007,AMMOD,AMMOD4,Site4,Meadow,Insecta,Hymenoptera,Apocrita,Parasitica,Ichneumonoidea,Ichneumonidae,Diplazontinae,Syrphophilus,bizonarius,5.311379310344828,5.228275862068966,1.1537931034482758,1
2023-09-05,AMMOD4_2008,AMMOD,AMMOD4,Site4,Meadow,Insecta,Hymenoptera,Symphyta,#child.Symphyta,Tenthredinoidea,Athaliidae,Athaliinae,Athalia,cordata,7.853333333333333,6.3500000000000005,1.89,50
2023-09-05,AMMOD4_2009,AMMOD,AMMOD4,Site4,Meadow,Insecta,Diptera,Brachycera,Muscomorpha,Carnoidea,Chloropidae,Oscinellinae,Tricimba,cincta,2.167586206896551,3.907931034482758,1.0355172413793103,9
2023-09-05,AMMOD4_2010,AMMOD,AMMOD4,Site4,Meadow,Insecta,Diptera,Brachycera,Muscomorpha,Sphaeroceroidea,Sphaeroceridae,Limosininae,Pullimosina,pullula,8.696344827586204,5.522551724137931,1.7546666666666675,9
2023-09-05,AMMOD4_2011,AMMOD,AMMOD4,Site4,Meadow,Insecta,Diptera,Nematocera,Psychodomorpha,Psychodoidea,Psychodidae,Psychodinae,Clytocerus,ocellaris,7.582499999999999,5.904,1.128,2
2023-09-05,AMMOD4_2012,AMMOD,AMMOD4,Site4,Meadow,Insecta,Hymenoptera,Apocrita,Aculeata,Apoidea,Crabronidae,Crabroninae,Ectemnius,cephalotes,64.4823076923077,8.925897435897436,3.27948717948718,1
2023-09-05,AMMOD4_2013,AMMOD,AMMOD4,Site4,Meadow,Insecta,Hymenoptera,Symphyta,#child.Symphyta,Tenthredinoidea,Tenthredinidae,Nematinae,Euura,myosotidis,7.853333333333333,6.3500000000000005,1.89,22
2023-09-05,AMMOD4_2014,AMMOD,AMMOD4,Site4,Meadow,Insecta,Diptera,Brachycera,Muscomorpha,Phoroidea,Phoridae,Metopininae,Megaselia,gregaria,1.2314285714285715,2.912857142857143,0.89,6
2023-09-05,AMMOD4_2015,AMMOD,AMMOD4,Site4,Meadow,Insecta,Diptera,Brachycera,Muscomorpha,Phoroidea,Phoridae,Metopininae,Megaselia,clemonsi,1.2314285714285715,2.912857142857143,0.89,11
2023-09-05,AMMOD4_2016,AMMOD,AMMOD4,Site4,Meadow,Insecta,Diptera,Brachycera,Muscomorpha,Phoroidea,Phoridae,Metopininae,Megaselia,berndseni,1.2314285714285715,2.912857142857143,0.89,33
2023-09-05,AMMOD4_2017,AMMOD,AMMOD4,Site4,Meadow,Insecta,Diptera,Brachycera,Muscomorpha,Phoroidea,Phoridae,Phorinae,Phora,atra,1.2314285714285715,2.912857142857143,0.89,37
2023-09-05,AMMOD4_2018,AMMOD,AMMOD4,Site4,Meadow,Insecta,Diptera,Nematocera,Culicomorpha,Chironomoidea,Chironomidae,Chironominae,Chironomus,dorsalis,0.9550000000000001,3.165,0.7849999999999999,1
2023-09-05,AMMOD4_2019,AMMOD,AMMOD4,Site4,Meadow,Insecta,Hymenoptera,Apocrita,Parasitica,Ichneumonoidea,Ichneumonidae,Banchinae,Lissonota,fundator,5.311379310344828,5.228275862068966,1.1537931034482758,2
2023-09-05,AMMOD4_2020,AMMOD,AMMOD4,Site4,Meadow,Insecta,Diptera,Brachycera,Muscomorpha,Phoroidea,Phoridae,Metopininae,Megaselia,glabrifrons,1.2314285714285715,2.912857142857143,0.89,16
2023-09-05,AMMOD4_2021,AMMOD,AMMOD4,Site4,Meadow,Insecta,Diptera,Nematocera,Bibionomorpha,Sciaroidea,Sciaridae,Megalosphyinae,Scatopsciara,atomaria,3.12,4.300000000000001,1.165,5
2023-09-05,AMMOD4_2022,AMMOD,AMMOD4,Site4,Meadow,Arachnida,Araneae,Opisthothelae,Araneomorphae,Araneoidea,Linyphiidae,Linyphiinae,Agyneta,rurestris,1.8317105263157896,2.26736842105263,0.9770394736842106,2
2023-09-05,AMMOD4_2023,AMMOD,AMMOD4,Site4,Meadow,Insecta,Hymenoptera,Apocrita,Parasitica,Ichneumonoidea,Braconidae,Aphidiinae,Trioxys,pallidus,2.5116216216216225,3.7481081081081076,1.0197297297297299,17
2023-09-05,AMMOD4_2024,AMMOD,AMMOD4,Site4,Meadow,Insecta,Diptera,Nematocera,Bibionomorpha,Sciaroidea,Mycetophilidae,Mycetophilinae,Mycetophila,alea,1.8561538461538463,3.6023076923076927,0.9615384615384617,21
2023-09-05,AMMOD4_2025,AMMOD,AMMOD4,Site4,Meadow,Insecta,Diptera,Nematocera,Bibionomorpha,Sciaroidea,Cecidomyiidae,Micromyinae,Peromyia,ovalis,1.6263636363636365,3.475454545454545,0.9245454545454546,1
2023-09-05,AMMOD4_2026,AMMOD,AMMOD4,Site4,Meadow,Insecta,Coleoptera,Polyphaga,Cucujiformia,Curculionoidea,Curculionidae,Cryptorhynchinae,Acalles,sonchi,2.59962962962963,3.2672222222222227,1.1698148148148149,6
2023-09-05,AMMOD4_2027,AMMOD,AMMOD4,Site4,Meadow,Insecta,Hymenoptera,Apocrita,Parasitica,Ichneumonoidea,Braconidae,Doryctinae,Ontsira,imperator,2.5116216216216225,3.7481081081081076,1.0197297297297299,4
2023-09-06,AMMOD4_2028,AMMOD,AMMOD4,Site4,Meadow,Insecta,Diptera,Nematocera,Bibionomorpha,Sciaroidea,Sciaridae,#child.Sciaridae,Lycoriella,sativae,3.12,4.300000000000001,1.165,137
2023-09-06,AMMOD4_2029,AMMOD,AMMOD4,Site4,Meadow,Insecta,Diptera,Nematocera,Culicomorpha,Culicoidea,Ceratopogonidae,Forcipomyiinae,Forcipomyia,bipunctata,0.9550000000000001,3.165,0.7849999999999999,93
2023-09-06,AMMOD4_2030,AMMOD,AMMOD4,Site4,Meadow,Insecta,Diptera,Brachycera,Muscomorpha,Oestroidea,Tachinidae,Tachininae,Siphona,geniculata,8.696344827586204,5.522551724137931,1.7546666666666675,393
2023-09-06,AMMOD4_2031,AMMOD,AMMOD4,Site4,Meadow,Insecta,Hymenoptera,Apocrita,Aculeata,Formicoidea,Formicidae,Formicinae,Lasius,niger,3.0777551020408147,4.416530612244895,1.2977551020408162,244
2023-09-06,AMMOD4_2032,AMMOD,AMMOD4,Site4,Meadow,Insecta,Diptera,Brachycera,Muscomorpha,Muscoidea,Anthomyiidae,Anthomyiinae,Delia,radicum,4.8100000000000005,4.535,1.6749999999999998,127
2023-09-06,AMMOD4_2033,AMMOD,AMMOD4,Site4,Meadow,Insecta,Diptera,Nematocera,Tipulomorpha,Tipuloidea,Tipulidae,Tipulinae,Tipula,paludosa,25.121999999999996,12.984,1.698,27
2023-09-06,AMMOD4_2034,AMMOD,AMMOD4,Site4,Meadow,Insecta,Diptera,Brachycera,Muscomorpha,Ephydroidea,Drosophilidae,Drosophilinae,Drosophila,suzukii,8.696344827586204,5.522551724137931,1.7546666666666675,19
2023-09-06,AMMOD4_2035,AMMOD,AMMOD4,Site4,Meadow,Insecta,Lepidoptera,Glossata,Heterocera,Noctuoidea,Noctuidae,Noctuinae,Noctua,pronuba,1.95,3.9666666666666663,1.0333333333333334,1
2023-09-06,AMMOD4_2036,AMMOD,AMMOD4,Site4,Meadow,Insecta,Diptera,Brachycera,Muscomorpha,Muscoidea,Muscidae,Phaoniinae,Phaonia,tuguriorum,13.525750000000013,5.991083333333332,2.2562500000000005,24
2023-09-06,AMMOD4_2037,AMMOD,AMMOD4,Site4,Meadow,Insecta,Diptera,Brachycera,Asilomorpha,Empidoidea,Dolichopodidae,Medeterinae,Medetera,jacula,3.9976666666666674,3.9993333333333334,1.274,56
2023-09-06,AMMOD4_2038,AMMOD,AMMOD4,Site4,Meadow,Insecta,Diptera,Brachycera,Muscomorpha,Phoroidea,Phoridae,Phorinae,Diplonevra,nitidula,1.2314285714285715,2.912857142857143,0.89,173
2023-09-06,AMMOD4_2039,AMMOD,AMMOD4,Site4,Meadow,Insecta,Diptera,Brachycera,Muscomorpha,Syrphoidea,Syrphidae,Syrphinae,Melanostoma,mellinum,12.29572580645161,7.508467741935483,2.1483064516129025,1173
2023-09-06,AMMOD4_2040,AMMOD,AMMOD4,Site4,Meadow,Insecta,Diptera,Brachycera,Muscomorpha,Phoroidea,Phoridae,Phorinae,Triphleba,nudipalpis,1.2314285714285715,2.912857142857143,0.89,29
2023-09-06,AMMOD4_2041,AMMOD,AMMOD4,Site4,Meadow,Insecta,Diptera,Brachycera,Muscomorpha,Carnoidea,Chloropidae,Oscinellinae,Incertella,albipalpis,2.167586206896551,3.907931034482758,1.0355172413793103,18
2023-09-06,AMMOD4_2042,AMMOD,AMMOD4,Site4,Meadow,Insecta,Diptera,Brachycera,Muscomorpha,Muscoidea,Muscidae,Phaoniinae,Helina,lasiophthalma,13.525750000000013,5.991083333333332,2.2562500000000005,2
2023-09-06,AMMOD4_2043,AMMOD,AMMOD4,Site4,Meadow,Insecta,Diptera,Brachycera,Muscomorpha,Muscoidea,Anthomyiidae,Anthomyiinae,Delia,florilega,4.8100000000000005,4.535,1.6749999999999998,234
2023-09-06,AMMOD4_2044,AMMOD,AMMOD4,Site4,Meadow,Insecta,Hymenoptera,Apocrita,Parasitica,Ichneumonoidea,Braconidae,Blacinae,Blacus,stelfoxi,2.5116216216216225,3.7481081081081076,1.0197297297297299,5
2023-09-06,AMMOD4_2045,AMMOD,AMMOD4,Site4,Meadow,Insecta,Diptera,Brachycera,Asilomorpha,Empidoidea,Dolichopodidae,Medeterinae,Medetera,pallipes,3.9976666666666674,3.9993333333333334,1.274,10
2023-09-06,AMMOD4_2046,AMMOD,AMMOD4,Site4,Meadow,Insecta,Diptera,Brachycera,Muscomorpha,Sphaeroceroidea,Sphaeroceridae,Limosininae,Spelobia,luteilabris,8.696344827586204,5.522551724137931,1.7546666666666675,33
2023-09-06,AMMOD4_2047,AMMOD,AMMOD4,Site4,Meadow,Insecta,Diptera,Brachycera,Muscomorpha,Muscoidea,Anthomyiidae,Anthomyiinae,Anthomyia,liturata,4.8100000000000005,4.535,1.6749999999999998,10
2023-09-06,AMMOD4_2048,AMMOD,AMMOD4,Site4,Meadow,Insecta,Diptera,Nematocera,Bibionomorpha,Sciaroidea,Sciaridae,Megalosphyinae,Bradysia,trivittata,3.12,4.300000000000001,1.165,5
2023-09-06,AMMOD4_2049,AMMOD,AMMOD4,Site4,Meadow,Insecta,Diptera,Brachycera,Muscomorpha,Muscoidea,Muscidae,Limnophorini (Tribu),Limnophora,tigrina,13.525750000000013,5.991083333333332,2.2562500000000005,68
2023-09-06,AMMOD4_2050,AMMOD,AMMOD4,Site4,Meadow,Insecta,Diptera,Brachycera,Muscomorpha,Muscoidea,Muscidae,Phaoniinae,Helina,reversio,13.525750000000013,5.991083333333332,2.2562500000000005,42
2023-09-06,AMMOD4_2051,AMMOD,AMMOD4,Site4,Meadow,Insecta,Diptera,Nematocera,Bibionomorpha,Sciaroidea,Sciaridae,Megalosphyinae,Bradysia,urticae,3.12,4.300000000000001,1.165,1
2023-09-06,AMMOD4_2052,AMMOD,AMMOD4,Site4,Meadow,Insecta,Diptera,Nematocera,Culicomorpha,Culicoidea,Culicidae,Culicinae,Culiseta,annulata,1.84,4.54,0.99,360
2023-09-06,AMMOD4_2053,AMMOD,AMMOD4,Site4,Meadow,Insecta,Diptera,Brachycera,Muscomorpha,Muscoidea,Muscidae,Coenosiinae,Coenosia,atra,13.525750000000013,5.991083333333332,2.2562500000000005,16
2023-09-06,AMMOD4_2054,AMMOD,AMMOD4,Site4,Meadow,Insecta,Diptera,Brachycera,Muscomorpha,Ephydroidea,Drosophilidae,Drosophilinae,Scaptomyza,pallida,8.696344827586204,5.522551724137931,1.7546666666666675,3
2023-09-06,AMMOD4_2055,AMMOD,AMMOD4,Site4,Meadow,Insecta,Hymenoptera,Symphyta,#child.Symphyta,Tenthredinoidea,Athaliidae,Athaliinae,Athalia,cordata,7.853333333333333,6.3500000000000005,1.89,6
2023-09-06,AMMOD4_2056,AMMOD,AMMOD4,Site4,Meadow,Insecta,Trichoptera,Integripalpia,Plenitentoria,Limnephiloidea,Limnephilidae,Limnephilinae,Glyphotaelius,pellucidus,24.284088427947573,6.536784934497831,2.114448689956332,257
2023-09-06,AMMOD4_2057,AMMOD,AMMOD4,Site4,Meadow,Insecta,Hymenoptera,Symphyta,#child.Symphyta,Tenthredinoidea,Tenthredinidae,Nematinae,Pristiphora,leucopus,7.853333333333333,6.3500000000000005,1.89,15
2023-09-06,AMMOD4_2058,AMMOD,AMMOD4,Site4,Meadow,Insecta,Diptera,Nematocera,Culicomorpha,Culicoidea,Culicidae,Culicinae,Culex,pipiens,1.84,4.54,0.99,10
2023-09-06,AMMOD4_2059,AMMOD,AMMOD4,Site4,Meadow,Insecta,Diptera,Brachycera,Muscomorpha,Sphaeroceroidea,Sphaeroceridae,Limosininae,Pullimosina,pullula,8.696344827586204,5.522551724137931,1.7546666666666675,3
2023-09-06,AMMOD4_2060,AMMOD,AMMOD4,Site4,Meadow,Insecta,Diptera,Nematocera,Psychodomorpha,Psychodoidea,Psychodidae,Psychodinae,Psychoda,minuta,7.582499999999999,5.904,1.128,4
2023-09-06,AMMOD4_2061,AMMOD,AMMOD4,Site4,Meadow,Insecta,Diptera,Brachycera,Muscomorpha,Oestroidea,Polleniidae,#child.Polleniidae,Pollenia,pediculata,8.696344827586204,5.522551724137931,1.7546666666666675,1
2023-09-06,AMMOD4_2062,AMMOD,AMMOD4,Site4,Meadow,Insecta,Hymenoptera,Apocrita,Aculeata,Apoidea,Crabronidae,Crabroninae,Ectemnius,cephalotes,64.4823076923077,8.925897435897436,3.27948717948718,23
2023-09-06,AMMOD4_2063,AMMOD,AMMOD4,Site4,Meadow,Insecta,Diptera,Nematocera,Culicomorpha,Culicoidea,Chaoboridae,Chaoborinae,Chaoborus,pallidus,0.07,1.79,0.58,124
2023-09-06,AMMOD4_2064,AMMOD,AMMOD4,Site4,Meadow,Insecta,Diptera,Brachycera,Muscomorpha,Phoroidea,Phoridae,Metopininae,Megaselia,clemonsi,1.2314285714285715,2.912857142857143,0.89,12
2023-09-06,AMMOD4_2065,AMMOD,AMMOD4,Site4,Meadow,Insecta,Diptera,Brachycera,Muscomorpha,Sphaeroceroidea,Sphaeroceridae,Limosininae,Pteremis,fenestralis,8.696344827586204,5.522551724137931,1.7546666666666675,79
2023-09-06,AMMOD4_2066,AMMOD,AMMOD4,Site4,Meadow,Insecta,Diptera,Nematocera,Culicomorpha,Chironomoidea,Chironomidae,Chironominae,Chironomus,dorsalis,0.9550000000000001,3.165,0.7849999999999999,22
2023-09-06,AMMOD4_2067,AMMOD,AMMOD4,Site4,Meadow,Insecta,Diptera,Brachycera,Stratiomyomorpha,Stratiomyoidea,Stratiomyidae,Sarginae,Sargus,bipunctatus,6.283333333333334,6.413333333333334,1.9533333333333331,5
2023-09-06,AMMOD4_2068,AMMOD,AMMOD4,Site4,Meadow,Insecta,Diptera,Brachycera,Muscomorpha,Phoroidea,Phoridae,Metopininae,Megaselia,ciliata,1.2314285714285715,2.912857142857143,0.89,75
2023-09-06,AMMOD4_2069,AMMOD,AMMOD4,Site4,Meadow,Insecta,Diptera,Brachycera,Muscomorpha,Phoroidea,Phoridae,Metopininae,Megaselia,glabrifrons,1.2314285714285715,2.912857142857143,0.89,17
2023-09-06,AMMOD4_2070,AMMOD,AMMOD4,Site4,Meadow,Insecta,Diptera,Brachycera,Muscomorpha,Phoroidea,Phoridae,Metopininae,Megaselia,tama,1.2314285714285715,2.912857142857143,0.89,5
2023-09-06,AMMOD4_2071,AMMOD,AMMOD4,Site4,Meadow,Insecta,Diptera,Brachycera,Asilomorpha,Empidoidea,Hybotidae,Tachydromiinae,Elaphropeza,ephippiata,5.423030303030302,4.323939393939395,1.3303030303030303,12
2023-09-06,AMMOD4_2072,AMMOD,AMMOD4,Site4,Meadow,Insecta,Diptera,Brachycera,Muscomorpha,Opomyzoidea,Agromyzidae,Phytomyzinae,Amauromyza,flavifrons,1.27,3.23,0.8766666666666666,8
2023-09-06,AMMOD4_2073,AMMOD,AMMOD4,Site4,Meadow,Insecta,Diptera,Nematocera,Bibionomorpha,Sciaroidea,Cecidomyiidae,Micromyinae,Peromyia,ovalis,1.6263636363636365,3.475454545454545,0.9245454545454546,6
2023-09-06,AMMOD4_2074,AMMOD,AMMOD4,Site4,Meadow,Insecta,Coleoptera,Polyphaga,Cucujiformia,Coccinelloidea,Coccinellidae,Coccinellinae,Platynaspis,luteorubra,8.395714285714286,4.155,2.3153571428571422,5
2023-09-07,AMMOD4_2075,AMMOD,AMMOD4,Site4,Meadow,Insecta,Diptera,Nematocera,Bibionomorpha,Sciaroidea,Sciaridae,#child.Sciaridae,Lycoriella,sativae,3.12,4.300000000000001,1.165,301
2023-09-07,AMMOD4_2076,AMMOD,AMMOD4,Site4,Meadow,Insecta,Diptera,Nematocera,Culicomorpha,Culicoidea,Ceratopogonidae,Forcipomyiinae,Forcipomyia,bipunctata,0.9550000000000001,3.165,0.7849999999999999,4
2023-09-07,AMMOD4_2077,AMMOD,AMMOD4,Site4,Meadow,Insecta,Diptera,Nematocera,Bibionomorpha,Bibionoidea,Bibionidae,Bibioninae,Dilophus,febrilis,1.8561538461538463,3.6023076923076927,0.9615384615384617,1068
2023-09-07,AMMOD4_2078,AMMOD,AMMOD4,Site4,Meadow,Insecta,Diptera,Brachycera,Muscomorpha,Oestroidea,Tachinidae,Tachininae,Siphona,geniculata,8.696344827586204,5.522551724137931,1.7546666666666675,2206
2023-09-07,AMMOD4_2079,AMMOD,AMMOD4,Site4,Meadow,Insecta,Diptera,Nematocera,Bibionomorpha,Sciaroidea,Sciaridae,Sciarinae,Peyerimhoffia,vagabunda,3.12,4.300000000000001,1.165,24
2023-09-07,AMMOD4_2080,AMMOD,AMMOD4,Site4,Meadow,Insecta,Hymenoptera,Apocrita,Aculeata,Formicoidea,Formicidae,Formicinae,Lasius,niger,3.0777551020408147,4.416530612244895,1.2977551020408162,98
2023-09-07,AMMOD4_2081,AMMOD,AMMOD4,Site4,Meadow,Insecta,Diptera,Brachycera,Muscomorpha,Muscoidea,Anthomyiidae,Anthomyiinae,Delia,radicum,4.8100000000000005,4.535,1.6749999999999998,252
2023-09-07,AMMOD4_2082,AMMOD,AMMOD4,Site4,Meadow,Insecta,Diptera,Brachycera,Muscomorpha,Muscoidea,Anthomyiidae,Anthomyiinae,Botanophila,fugax,4.8100000000000005,4.535,1.6749999999999998,316
2023-09-07,AMMOD4_2083,AMMOD,AMMOD4,Site4,Meadow,Insecta,Diptera,Brachycera,Asilomorpha,Empidoidea,Dolichopodidae,Medeterinae,Medetera,jacula,3.9976666666666674,3.9993333333333334,1.274,733
2023-09-07,AMMOD4_2084,AMMOD,AMMOD4,Site4,Meadow,Insecta,Diptera,Brachycera,Muscomorpha,Phoroidea,Phoridae,Phorinae,Diplonevra,nitidula,1.2314285714285715,2.912857142857143,0.89,446
2023-09-07,AMMOD4_2085,AMMOD,AMMOD4,Site4,Meadow,Insecta,Diptera,Brachycera,Muscomorpha,Syrphoidea,Syrphidae,Syrphinae,Melanostoma,mellinum,12.29572580645161,7.508467741935483,2.1483064516129025,2389
2023-09-07,AMMOD4_2086,AMMOD,AMMOD4,Site4,Meadow,Insecta,Diptera,Brachycera,Muscomorpha,Phoroidea,Phoridae,Phorinae,Triphleba,nudipalpis,1.2314285714285715,2.912857142857143,0.89,10
2023-09-07,AMMOD4_2087,AMMOD,AMMOD4,Site4,Meadow,Insecta,Diptera,Brachycera,Muscomorpha,Carnoidea,Chloropidae,Oscinellinae,Incertella,albipalpis,2.167586206896551,3.907931034482758,1.0355172413793103,40
2023-09-07,AMMOD4_2088,AMMOD,AMMOD4,Site4,Meadow,Insecta,Diptera,Brachycera,Muscomorpha,Syrphoidea,Syrphidae,Syrphinae,Episyrphus,balteatus,12.29572580645161,7.508467741935483,2.1483064516129025,4
2023-09-07,AMMOD4_2089,AMMOD,AMMOD4,Site4,Meadow,Insecta,Diptera,Brachycera,Muscomorpha,Muscoidea,Anthomyiidae,#child.Anthomyiidae,Phorbia,fumigata,4.8100000000000005,4.535,1.6749999999999998,189
2023-09-07,AMMOD4_2090,AMMOD,AMMOD4,Site4,Meadow,Insecta,Diptera,Brachycera,Muscomorpha,Muscoidea,Anthomyiidae,Anthomyiinae,Delia,florilega,4.8100000000000005,4.535,1.6749999999999998,2
2023-09-07,AMMOD4_2091,AMMOD,AMMOD4,Site4,Meadow,Insecta,Diptera,Brachycera,Muscomorpha,Sphaeroceroidea,Heleomyzidae,Heleomyzinae,Tephrochlamys,rufiventris,8.696344827586204,5.522551724137931,1.7546666666666675,5
2023-09-07,AMMOD4_2092,AMMOD,AMMOD4,Site4,Meadow,Insecta,Diptera,Brachycera,Asilomorpha,Empidoidea,Dolichopodidae,Medeterinae,Medetera,pallipes,3.9976666666666674,3.9993333333333334,1.274,149
2023-09-07,AMMOD4_2093,AMMOD,AMMOD4,Site4,Meadow,Insecta,Diptera,Brachycera,Muscomorpha,Muscoidea,Anthomyiidae,Anthomyiinae,Anthomyia,liturata,4.8100000000000005,4.535,1.6749999999999998,1
2023-09-07,AMMOD4_2094,AMMOD,AMMOD4,Site4,Meadow,Insecta,Diptera,Nematocera,Bibionomorpha,Sciaroidea,Sciaridae,Megalosphyinae,Bradysia,trivittata,3.12,4.300000000000001,1.165,41
2023-09-07,AMMOD4_2095,AMMOD,AMMOD4,Site4,Meadow,Insecta,Diptera,Brachycera,Muscomorpha,Oestroidea,Tachinidae,Exoristinae,Lydella,grisescens,8.696344827586204,5.522551724137931,1.7546666666666675,2
2023-09-07,AMMOD4_2096,AMMOD,AMMOD4,Site4,Meadow,Insecta,Diptera,Nematocera,Bibionomorpha,Sciaroidea,Sciaridae,Megalosphyinae,Bradysia,urticae,3.12,4.300000000000001,1.165,2
2023-09-07,AMMOD4_2097,AMMOD,AMMOD4,Site4,Meadow,Insecta,Diptera,Brachycera,Muscomorpha,Opomyzoidea,Agromyzidae,Phytomyzinae,Phytomyza,rufipes,1.27,3.23,0.8766666666666666,160
2023-09-07,AMMOD4_2098,AMMOD,AMMOD4,Site4,Meadow,Insecta,Diptera,Brachycera,Muscomorpha,Muscoidea,Muscidae,Azeliinae,Hydrotaea,meteorica,13.525750000000013,5.991083333333332,2.2562500000000005,658
2023-09-07,AMMOD4_2099,AMMOD,AMMOD4,Site4,Meadow,Insecta,Coleoptera,Polyphaga,Cucujiformia,Tenebrionoidea,Mordellidae,Mordellinae,Tomoxia,bucephala,13.394999999999998,7.646249999999999,2.03375,1
2023-09-07,AMMOD4_2100,AMMOD,AMMOD4,Site4,Meadow,Insecta,Diptera,Brachycera,Muscomorpha,Phoroidea,Phoridae,Metopininae,Megaselia,manicata,1.2314285714285715,2.912857142857143,0.89,6
2023-09-07,AMMOD4_2101,AMMOD,AMMOD4,Site4,Meadow,Insecta,Diptera,Brachycera,Asilomorpha,Empidoidea,Dolichopodidae,Diaphorinae,Chrysotus,gramineus,3.9976666666666674,3.9993333333333334,1.274,1
2023-09-07,AMMOD4_2102,AMMOD,AMMOD4,Site4,Meadow,Insecta,Hymenoptera,Symphyta,#child.Symphyta,Tenthredinoidea,Athaliidae,Athaliinae,Athalia,cordata,7.853333333333333,6.3500000000000005,1.89,49
2023-09-07,AMMOD4_2103,AMMOD,AMMOD4,Site4,Meadow,Insecta,Diptera,Brachycera,Muscomorpha,Carnoidea,Chloropidae,Oscinellinae,Tricimba,cincta,2.167586206896551,3.907931034482758,1.0355172413793103,3
2023-09-07,AMMOD4_2104,AMMOD,AMMOD4,Site4,Meadow,Insecta,Diptera,Nematocera,Culicomorpha,Culicoidea,Culicidae,Culicinae,Culex,pipiens,1.84,4.54,0.99,31
2023-09-07,AMMOD4_2105,AMMOD,AMMOD4,Site4,Meadow,Insecta,Diptera,Brachycera,Muscomorpha,Sphaeroceroidea,Sphaeroceridae,Limosininae,Pullimosina,pullula,8.696344827586204,5.522551724137931,1.7546666666666675,4
2023-09-07,AMMOD4_2106,AMMOD,AMMOD4,Site4,Meadow,Insecta,Hymenoptera,Apocrita,Aculeata,Apoidea,Crabronidae,Crabroninae,Ectemnius,cephalotes,64.4823076923077,8.925897435897436,3.27948717948718,3
2023-09-07,AMMOD4_2107,AMMOD,AMMOD4,Site4,Meadow,Insecta,Diptera,Brachycera,Muscomorpha,Syrphoidea,Pipunculidae,Pipunculinae,Eudorylas,zermattensis,1.6675,3.1899999999999995,1.1375,139
2023-09-07,AMMOD4_2108,AMMOD,AMMOD4,Site4,Meadow,Insecta,Diptera,Brachycera,Muscomorpha,Oestroidea,Polleniidae,#child.Polleniidae,Pollenia,angustigena,8.696344827586204,5.522551724137931,1.7546666666666675,24
2023-09-07,AMMOD4_2109,AMMOD,AMMOD4,Site4,Meadow,Insecta,Diptera,Brachycera,Muscomorpha,Phoroidea,Phoridae,Metopininae,Megaselia,clemonsi,1.2314285714285715,2.912857142857143,0.89,25
2023-09-07,AMMOD4_2110,AMMOD,AMMOD4,Site4,Meadow,Insecta,Diptera,Brachycera,Muscomorpha,Phoroidea,Phoridae,Metopininae,Megaselia,berndseni,1.2314285714285715,2.912857142857143,0.89,9
2023-09-07,AMMOD4_2111,AMMOD,AMMOD4,Site4,Meadow,Insecta,Psocoptera,Psocomorpha,Homilopsocidea,Lachesilloidea,Lachesillidae,Lachesillinae,Lachesilla,pedicularia,24.284088427947573,6.536784934497831,2.114448689956332,1
2023-09-07,AMMOD4_2112,AMMOD,AMMOD4,Site4,Meadow,Insecta,Diptera,Nematocera,Culicomorpha,Chironomoidea,Chironomidae,Chironominae,Chironomus,dorsalis,0.9550000000000001,3.165,0.7849999999999999,5
2023-09-07,AMMOD4_2113,AMMOD,AMMOD4,Site4,Meadow,Insecta,Diptera,Brachycera,Muscomorpha,Oestroidea,Tachinidae,Dexiinae,Voria,ruralis,8.696344827586204,5.522551724137931,1.7546666666666675,2
2023-09-07,AMMOD4_2114,AMMOD,AMMOD4,Site4,Meadow,Insecta,Diptera,Brachycera,Asilomorpha,Empidoidea,Dolichopodidae,Medeterinae,Medetera,striata,3.9976666666666674,3.9993333333333334,1.274,11
2023-09-07,AMMOD4_2115,AMMOD,AMMOD4,Site4,Meadow,Insecta,Coleoptera,Polyphaga,Cucujiformia,Chrysomeloidea,Chrysomelidae,Galerucinae,Phyllotreta,vittula,5.507142857142857,4.204821428571428,1.7330357142857147,1
2023-09-07,AMMOD4_2116,AMMOD,AMMOD4,Site4,Meadow,Insecta,Diptera,Nematocera,Culicomorpha,Chironomoidea,Chironomidae,Tanypodinae,Xenopelopia,nigricans,0.9550000000000001,3.165,0.7849999999999999,2
2023-09-07,AMMOD4_2117,AMMOD,AMMOD4,Site4,Meadow,Insecta,Hymenoptera,Apocrita,Parasitica,Ichneumonoidea,Braconidae,Euphorinae,Dinocampus,coccinellae,2.5116216216216225,3.7481081081081076,1.0197297297297299,14
2023-09-07,AMMOD4_2118,AMMOD,AMMOD4,Site4,Meadow,Insecta,Hemiptera,Sternorrhyncha,Aleyrodomorpha,Aleyrodoidea,Aleyrodidae,Aleyrodinae,Aleyrodes,lonicerae,2.648,2.9159999999999995,1.342,12
2023-09-07,AMMOD4_2119,AMMOD,AMMOD4,Site4,Meadow,Insecta,Coleoptera,Polyphaga,Cucujiformia,Curculionoidea,Curculionidae,Cryptorhynchinae,Echinodera,pseudohystrix,2.59962962962963,3.2672222222222227,1.1698148148148149,1
2023-09-07,AMMOD4_2120,AMMOD,AMMOD4,Site4,Meadow,Insecta,Diptera,Nematocera,Culicomorpha,Chironomoidea,Chironomidae,Chironominae,Microtendipes,pedellus,0.9550000000000001,3.165,0.7849999999999999,4
2023-09-08,AMMOD4_2121,AMMOD,AMMOD4,Site4,Meadow,Insecta,Diptera,Nematocera,Bibionomorpha,Sciaroidea,Sciaridae,#child.Sciaridae,Lycoriella,sativae,3.12,4.300000000000001,1.165,56
2023-09-08,AMMOD4_2122,AMMOD,AMMOD4,Site4,Meadow,Insecta,Diptera,Nematocera,Culicomorpha,Culicoidea,Ceratopogonidae,Forcipomyiinae,Forcipomyia,bipunctata,0.9550000000000001,3.165,0.7849999999999999,25
2023-09-08,AMMOD4_2123,AMMOD,AMMOD4,Site4,Meadow,Insecta,Diptera,Brachycera,Muscomorpha,Oestroidea,Tachinidae,Tachininae,Siphona,geniculata,8.696344827586204,5.522551724137931,1.7546666666666675,106
2023-09-08,AMMOD4_2124,AMMOD,AMMOD4,Site4,Meadow,Insecta,Hymenoptera,Apocrita,Aculeata,Formicoidea,Formicidae,Formicinae,Lasius,niger,3.0777551020408147,4.416530612244895,1.2977551020408162,64
2023-09-08,AMMOD4_2125,AMMOD,AMMOD4,Site4,Meadow,Insecta,Diptera,Brachycera,Muscomorpha,Muscoidea,Muscidae,Coenosiinae,Coenosia,tigrina,13.525750000000013,5.991083333333332,2.2562500000000005,12
2023-09-08,AMMOD4_2126,AMMOD,AMMOD4,Site4,Meadow,Insecta,Diptera,Brachycera,Muscomorpha,Lauxanioidea,Lauxaniidae,Lauxaniinae,Calliopum,aeneum,3.3925757575757585,4.098636363636362,1.2430303030303027,1
2023-09-08,AMMOD4_2127,AMMOD,AMMOD4,Site4,Meadow,Insecta,Diptera,Brachycera,Muscomorpha,Muscoidea,Anthomyiidae,Anthomyiinae,Delia,radicum,4.8100000000000005,4.535,1.6749999999999998,115
2023-09-08,AMMOD4_2128,AMMOD,AMMOD4,Site4,Meadow,Insecta,Diptera,Brachycera,Muscomorpha,Muscoidea,Anthomyiidae,Anthomyiinae,Botanophila,fugax,4.8100000000000005,4.535,1.6749999999999998,130
2023-09-08,AMMOD4_2129,AMMOD,AMMOD4,Site4,Meadow,Insecta,Diptera,Brachycera,Asilomorpha,Empidoidea,Dolichopodidae,Medeterinae,Medetera,jacula,3.9976666666666674,3.9993333333333334,1.274,413
2023-09-08,AMMOD4_2130,AMMOD,AMMOD4,Site4,Meadow,Insecta,Diptera,Brachycera,Muscomorpha,Phoroidea,Phoridae,Phorinae,Diplonevra,nitidula,1.2314285714285715,2.912857142857143,0.89,357
2023-09-08,AMMOD4_2131,AMMOD,AMMOD4,Site4,Meadow,Insecta,Diptera,Brachycera,Muscomorpha,Syrphoidea,Syrphidae,Syrphinae,Melanostoma,mellinum,12.29572580645161,7.508467741935483,2.1483064516129025,3576
2023-09-08,AMMOD4_2132,AMMOD,AMMOD4,Site4,Meadow,Insecta,Diptera,Brachycera,Muscomorpha,Phoroidea,Phoridae,Phorinae,Triphleba,nudipalpis,1.2314285714285715,2.912857142857143,0.89,197
2023-09-08,AMMOD4_2133,AMMOD,AMMOD4,Site4,Meadow,Insecta,Diptera,Brachycera,Muscomorpha,Carnoidea,Chloropidae,Oscinellinae,Incertella,albipalpis,2.167586206896551,3.907931034482758,1.0355172413793103,19
2023-09-08,AMMOD4_2134,AMMOD,AMMOD4,Site4,Meadow,Insecta,Diptera,Brachycera,Muscomorpha,Muscoidea,Muscidae,Phaoniinae,Helina,evecta,13.525750000000013,5.991083333333332,2.2562500000000005,4
2023-09-08,AMMOD4_2135,AMMOD,AMMOD4,Site4,Meadow,Insecta,Diptera,Brachycera,Muscomorpha,Oestroidea,Sarcophagidae,Sarcophaginae,Sarcophaga,variegata,8.696344827586204,5.522551724137931,1.7546666666666675,15
2023-09-08,AMMOD4_2136,AMMOD,AMMOD4,Site4,Meadow,Insecta,Diptera,Brachycera,Asilomorpha,Empidoidea,Dolichopodidae,Medeterinae,Medetera,pallipes,3.9976666666666674,3.9993333333333334,1.274,92
2023-09-08,AMMOD4_2137,AMMOD,AMMOD4,Site4,Meadow,Insecta,Diptera,Nematocera,Bibionomorpha,Sciaroidea,Sciaridae,Megalosphyinae,Bradysia,trivittata,3.12,4.300000000000001,1.165,24
2023-09-08,AMMOD4_2138,AMMOD,AMMOD4,Site4,Meadow,Insecta,Diptera,Brachycera,Muscomorpha,Oestroidea,Tachinidae,Exoristinae,Lydella,grisescens,8.696344827586204,5.522551724137931,1.7546666666666675,10
2023-09-08,AMMOD4_2139,AMMOD,AMMOD4,Site4,Meadow,Insecta,Diptera,Brachycera,Muscomorpha,Opomyzoidea,Opomyzidae,Opomyzinae,Opomyza,germinationis,1.27,3.23,0.8766666666666666,97
2023-09-08,AMMOD4_2140,AMMOD,AMMOD4,Site4,Meadow,Insecta,Diptera,Brachycera,Muscomorpha,Muscoidea,Muscidae,Phaoniinae,Helina,reversio,13.525750000000013,5.991083333333332,2.2562500000000005,9
2023-09-08,AMMOD4_2141,AMMOD,AMMOD4,Site4,Meadow,Insecta,Diptera,Brachycera,Muscomorpha,Phoroidea,Phoridae,Metopininae,Megaselia,emarginata,1.2314285714285715,2.912857142857143,0.89,2
2023-09-08,AMMOD4_2142,AMMOD,AMMOD4,Site4,Meadow,Insecta,Diptera,Nematocera,Bibionomorpha,Sciaroidea,Sciaridae,Megalosphyinae,Bradysia,urticae,3.12,4.300000000000001,1.165,1
2023-09-08,AMMOD4_2143,AMMOD,AMMOD4,Site4,Meadow,Insecta,Diptera,Brachycera,Asilomorpha,Asiloidea,Asilidae,Asilinae,Tolmerus,atricapillus,5.96,10.965,1.52,94
2023-09-08,AMMOD4_2144,AMMOD,AMMOD4,Site4,Meadow,Insecta,Diptera,Brachycera,Aschiza,Platypezoidea,Platypezidae,Platypezinae,Lindneromyia,dorsalis,0.8575,2.715,0.7625,12
2023-09-08,AMMOD4_2145,AMMOD,AMMOD4,Site4,Meadow,Insecta,Diptera,Brachycera,Muscomorpha,Opomyzoidea,Agromyzidae,Agromyzinae,Agromyza,reptans,1.27,3.23,0.8766666666666666,16
2023-09-08,AMMOD4_2146,AMMOD,AMMOD4,Site4,Meadow,Insecta,Diptera,Brachycera,Muscomorpha,Phoroidea,Phoridae,Metopininae,Megaselia,manicata,1.2314285714285715,2.912857142857143,0.89,17
2023-09-08,AMMOD4_2147,AMMOD,AMMOD4,Site4,Meadow,Insecta,Lepidoptera,Glossata,Heterocera,Noctuoidea,Erebidae,Hypeninae,Hypena,proboscidalis,1.95,3.9666666666666663,1.0333333333333334,323
2023-09-08,AMMOD4_2148,AMMOD,AMMOD4,Site4,Meadow,Insecta,Hymenoptera,Apocrita,Parasitica,Ichneumonoidea,Ichneumonidae,Pimplinae,Apechthis,compunctor,5.311379310344828,5.228275862068966,1.1537931034482758,1
2023-09-08,AMMOD4_2149,AMMOD,AMMOD4,Site4,Meadow,Insecta,Diptera,Brachycera,Muscomorpha,Carnoidea,Chloropidae,Oscinellinae,Tricimba,cincta,2.167586206896551,3.907931034482758,1.0355172413793103,15
2023-09-08,AMMOD4_2150,AMMOD,AMMOD4,Site4,Meadow,Insecta,Diptera,Brachycera,Muscomorpha,Oestroidea,Rhinophoridae,#child.Rhinophoridae,Paykullia,maculata,8.696344827586204,5.522551724137931,1.7546666666666675,238
2023-09-08,AMMOD4_2151,AMMOD,AMMOD4,Site4,Meadow,Insecta,Diptera,Brachycera,Muscomorpha,Sphaeroceroidea,Sphaeroceridae,Limosininae,Pullimosina,pullula,8.696344827586204,5.522551724137931,1.7546666666666675,40
2023-09-08,AMMOD4_2152,AMMOD,AMMOD4,Site4,Meadow,Insecta,Diptera,Brachycera,Muscomorpha,Opomyzoidea,Agromyzidae,Phytomyzinae,Cerodontha,muscina,1.27,3.23,0.8766666666666666,1
2023-09-08,AMMOD4_2153,AMMOD,AMMOD4,Site4,Meadow,Insecta,Diptera,Nematocera,Bibionomorpha,Sciaroidea,Sciaridae,Sciarinae,Corynoptera,subparvula,3.12,4.300000000000001,1.165,75
2023-09-08,AMMOD4_2154,AMMOD,AMMOD4,Site4,Meadow,Insecta,Hymenoptera,Apocrita,Parasitica,Ichneumonoidea,Ichneumonidae,Campopleginae,Meloboris,collector,5.311379310344828,5.228275862068966,1.1537931034482758,6
2023-09-08,AMMOD4_2155,AMMOD,AMMOD4,Site4,Meadow,Insecta,Diptera,Nematocera,Bibionomorpha,Sciaroidea,Sciaridae,Sciarinae,Epidapus,microthorax,3.12,4.300000000000001,1.165,3
2023-09-08,AMMOD4_2156,AMMOD,AMMOD4,Site4,Meadow,Insecta,Diptera,Brachycera,Muscomorpha,Phoroidea,Phoridae,Metopininae,Megaselia,lucifrons,1.2314285714285715,2.912857142857143,0.89,6
2023-09-08,AMMOD4_2157,AMMOD,AMMOD4,Site4,Meadow,Insecta,Diptera,Nematocera,Bibionomorpha,Sciaroidea,Sciaridae,Megalosphyinae,Bradysia,subrufescens,3.12,4.300000000000001,1.165,14
2023-09-08,AMMOD4_2158,AMMOD,AMMOD4,Site4,Meadow,Insecta,Lepidoptera,Glossata,Heterocera,Noctuoidea,Noctuidae,Noctuinae,Luperina,testacea,1.95,3.9666666666666663,1.0333333333333334,96
2023-09-08,AMMOD4_2159,AMMOD,AMMOD4,Site4,Meadow,Insecta,Diptera,Brachycera,Muscomorpha,Oestroidea,Tachinidae,Tachininae,Tachina,fera,8.696344827586204,5.522551724137931,1.7546666666666675,14
2023-09-08,AMMOD4_2160,AMMOD,AMMOD4,Site4,Meadow,Insecta,Hymenoptera,Symphyta,#child.Symphyta,Tenthredinoidea,Tenthredinidae,Nematinae,Euura,myosotidis,7.853333333333333,6.3500000000000005,1.89,2
2023-09-08,AMMOD4_2161,AMMOD,AMMOD4,Site4,Meadow,Insecta,Diptera,Brachycera,Muscomorpha,Oestroidea,Polleniidae,#child.Polleniidae,Pollenia,angustigena,8.696344827586204,5.522551724137931,1.7546666666666675,77
2023-09-08,AMMOD4_2162,AMMOD,AMMOD4,Site4,Meadow,Insecta,Diptera,Brachycera,Muscomorpha,Phoroidea,Phoridae,Metopininae,Megaselia,clemonsi,1.2314285714285715,2.912857142857143,0.89,17
2023-09-08,AMMOD4_2163,AMMOD,AMMOD4,Site4,Meadow,Insecta,Psocoptera,Psocomorpha,Homilopsocidea,Lachesilloidea,Lachesillidae,Lachesillinae,Lachesilla,pedicularia,24.284088427947573,6.536784934497831,2.114448689956332,3
2023-09-08,AMMOD4_2164,AMMOD,AMMOD4,Site4,Meadow,Insecta,Diptera,Nematocera,Culicomorpha,Chironomoidea,Chironomidae,Orthocladiinae,Bryophaenocladius,nigrus,0.9550000000000001,3.165,0.7849999999999999,1
2023-09-08,AMMOD4_2165,AMMOD,AMMOD4,Site4,Meadow,Insecta,Diptera,Brachycera,Muscomorpha,Oestroidea,Tachinidae,Phasiinae,Ocytata,pallipes,8.696344827586204,5.522551724137931,1.7546666666666675,55
2023-09-08,AMMOD4_2166,AMMOD,AMMOD4,Site4,Meadow,Insecta,Hymenoptera,Apocrita,Parasitica,Ichneumonoidea,Ichneumonidae,Ichneumoninae,Diadromus,collaris,5.311379310344828,5.228275862068966,1.1537931034482758,7
2023-09-08,AMMOD4_2167,AMMOD,AMMOD4,Site4,Meadow,Insecta,Diptera,Brachycera,Muscomorpha,Phoroidea,Phoridae,Metopininae,Megaselia,abdita,1.2314285714285715,2.912857142857143,0.89,5
2023-09-08,AMMOD4_2168,AMMOD,AMMOD4,Site4,Meadow,Insecta,Diptera,Nematocera,Bibionomorpha,Sciaroidea,Sciaridae,Megalosphyinae,Scatopsciara,atomaria,3.12,4.300000000000001,1.165,2
2023-09-08,AMMOD4_2169,AMMOD,AMMOD4,Site4,Meadow,Insecta,Diptera,Brachycera,Muscomorpha,Sphaeroceroidea,Sphaeroceridae,Limosininae,Pseudocollinella,humida,8.696344827586204,5.522551724137931,1.7546666666666675,10
2023-09-08,AMMOD4_2170,AMMOD,AMMOD4,Site4,Meadow,Insecta,Hymenoptera,Apocrita,Parasitica,Ichneumonoidea,Ichneumonidae,Ophioninae,Enicospilus,ramidulus,5.311379310344828,5.228275862068966,1.1537931034482758,10
2023-09-08,AMMOD4_2171,AMMOD,AMMOD4,Site4,Meadow,Insecta,Diptera,Nematocera,Culicomorpha,Chironomoidea,Chironomidae,Chironominae,Parachironomus,vitiosus,0.9550000000000001,3.165,0.7849999999999999,38
2023-09-08,AMMOD4_2172,AMMOD,AMMOD4,Site4,Meadow,Insecta,Hymenoptera,Apocrita,Parasitica,Ichneumonoidea,Braconidae,Aphidiinae,Trioxys,pallidus,2.5116216216216225,3.7481081081081076,1.0197297297297299,17
2023-09-08,AMMOD4_2173,AMMOD,AMMOD4,Site4,Meadow,Insecta,Diptera,Brachycera,Muscomorpha,Carnoidea,Milichiidae,Madizinae,Desmometopa,sordida,5.580000000000001,4.343333333333333,1.7033333333333334,22
2023-09-08,AMMOD4_2174,AMMOD,AMMOD4,Site4,Meadow,Insecta,Diptera,Nematocera,Culicomorpha,Culicoidea,Culicidae,Culicinae,Culiseta,morsitans,1.84,4.54,0.99,1
2023-09-08,AMMOD4_2175,AMMOD,AMMOD4,Site4,Meadow,Insecta,Hymenoptera,Apocrita,Parasitica,Ichneumonoidea,Ichneumonidae,Ichneumoninae,Ichneumon,crassifemur,5.311379310344828,5.228275862068966,1.1537931034482758,6
2023-09-08,AMMOD4_2176,AMMOD,AMMOD4,Site4,Meadow,Insecta,Diptera,Nematocera,Culicomorpha,Chironomoidea,Chironomidae,Orthocladiinae,Cricotopus,sylvestris,0.9550000000000001,3.165,0.7849999999999999,5
2023-09-08,AMMOD4_2177,AMMOD,AMMOD4,Site4,Meadow,Insecta,Diptera,Brachycera,Asilomorpha,Empidoidea,Dolichopodidae,Dolichopodinae,Dolichopus,griseipennis,3.9976666666666674,3.9993333333333334,1.274,5
2023-09-08,AMMOD4_2178,AMMOD,AMMOD4,Site4,Meadow,Insecta,Diptera,Brachycera,Muscomorpha,Phoroidea,Phoridae,Metopininae,Megaselia,verralli,1.2314285714285715,2.912857142857143,0.89,5
2023-09-08,AMMOD4_2179,AMMOD,AMMOD4,Site4,Meadow,Insecta,Hymenoptera,Apocrita,Parasitica,Ichneumonoidea,Braconidae,Alysiinae,Dacnusa,maculipes,2.5116216216216225,3.7481081081081076,1.0197297297297299,1
2023-09-09,AMMOD4_2180,AMMOD,AMMOD4,Site4,Meadow,Insecta,Diptera,Nematocera,Bibionomorpha,Sciaroidea,Sciaridae,#child.Sciaridae,Lycoriella,sativae,3.12,4.300000000000001,1.165,14
2023-09-09,AMMOD4_2181,AMMOD,AMMOD4,Site4,Meadow,Insecta,Diptera,Nematocera,Culicomorpha,Culicoidea,Ceratopogonidae,Forcipomyiinae,Forcipomyia,bipunctata,0.9550000000000001,3.165,0.7849999999999999,7
2023-09-09,AMMOD4_2182,AMMOD,AMMOD4,Site4,Meadow,Insecta,Diptera,Nematocera,Bibionomorpha,Bibionoidea,Bibionidae,Bibioninae,Dilophus,febrilis,1.8561538461538463,3.6023076923076927,0.9615384615384617,10
2023-09-09,AMMOD4_2183,AMMOD,AMMOD4,Site4,Meadow,Insecta,Diptera,Brachycera,Muscomorpha,Oestroidea,Tachinidae,Tachininae,Siphona,geniculata,8.696344827586204,5.522551724137931,1.7546666666666675,14
2023-09-09,AMMOD4_2184,AMMOD,AMMOD4,Site4,Meadow,Insecta,Diptera,Nematocera,Bibionomorpha,Sciaroidea,Sciaridae,Sciarinae,Peyerimhoffia,vagabunda,3.12,4.300000000000001,1.165,1
2023-09-09,AMMOD4_2185,AMMOD,AMMOD4,Site4,Meadow,Insecta,Diptera,Brachycera,Asilomorpha,Empidoidea,Dolichopodidae,Diaphorinae,Argyra,leucocephala,3.9976666666666674,3.9993333333333334,1.274,1
2023-09-09,AMMOD4_2186,AMMOD,AMMOD4,Site4,Meadow,Insecta,Diptera,Brachycera,Muscomorpha,Lauxanioidea,Lauxaniidae,Lauxaniinae,Calliopum,aeneum,3.3925757575757585,4.098636363636362,1.2430303030303027,1
2023-09-09,AMMOD4_2187,AMMOD,AMMOD4,Site4,Meadow,Insecta,Diptera,Brachycera,Muscomorpha,Muscoidea,Anthomyiidae,Anthomyiinae,Delia,radicum,4.8100000000000005,4.535,1.6749999999999998,19
2023-09-09,AMMOD4_2188,AMMOD,AMMOD4,Site4,Meadow,Insecta,Diptera,Nematocera,Tipulomorpha,Tipuloidea,Tipulidae,Tipulinae,Tipula,paludosa,25.121999999999996,12.984,1.698,53
2023-09-09,AMMOD4_2189,AMMOD,AMMOD4,Site4,Meadow,Insecta,Diptera,Brachycera,Muscomorpha,Phoroidea,Phoridae,Phorinae,Diplonevra,nitidula,1.2314285714285715,2.912857142857143,0.89,18
2023-09-09,AMMOD4_2190,AMMOD,AMMOD4,Site4,Meadow,Insecta,Diptera,Brachycera,Muscomorpha,Syrphoidea,Syrphidae,Syrphinae,Melanostoma,mellinum,12.29572580645161,7.508467741935483,2.1483064516129025,147
2023-09-09,AMMOD4_2191,AMMOD,AMMOD4,Site4,Meadow,Insecta,Diptera,Brachycera,Muscomorpha,Carnoidea,Chloropidae,Oscinellinae,Incertella,albipalpis,2.167586206896551,3.907931034482758,1.0355172413793103,2
2023-09-09,AMMOD4_2192,AMMOD,AMMOD4,Site4,Meadow,Insecta,Diptera,Brachycera,Muscomorpha,Syrphoidea,Syrphidae,Syrphinae,Episyrphus,balteatus,12.29572580645161,7.508467741935483,2.1483064516129025,2
2023-09-09,AMMOD4_2193,AMMOD,AMMOD4,Site4,Meadow,Insecta,Diptera,Brachycera,Muscomorpha,Muscoidea,Muscidae,Limnophorini (Tribu),Limnophora,triangula,13.525750000000013,5.991083333333332,2.2562500000000005,27
2023-09-09,AMMOD4_2194,AMMOD,AMMOD4,Site4,Meadow,Insecta,Diptera,Nematocera,Bibionomorpha,Sciaroidea,Sciaridae,Megalosphyinae,Bradysia,trivittata,3.12,4.300000000000001,1.165,5
2023-09-09,AMMOD4_2195,AMMOD,AMMOD4,Site4,Meadow,Insecta,Diptera,Brachycera,Muscomorpha,Muscoidea,Muscidae,Limnophorini (Tribu),Limnophora,tigrina,13.525750000000013,5.991083333333332,2.2562500000000005,25
2023-09-09,AMMOD4_2196,AMMOD,AMMOD4,Site4,Meadow,Insecta,Diptera,Brachycera,Muscomorpha,Phoroidea,Phoridae,Metopininae,Megaselia,pleuralis,1.2314285714285715,2.912857142857143,0.89,2
2023-09-09,AMMOD4_2197,AMMOD,AMMOD4,Site4,Meadow,Insecta,Coleoptera,Polyphaga,Staphyliniformia,Staphylinoidea,Staphylinidae,Aleocharinae,Amischa,decipiens,22.330000000000005,10.233272727272729,2.0220000000000002,1
2023-09-09,AMMOD4_2198,AMMOD,AMMOD4,Site4,Meadow,Insecta,Diptera,Brachycera,Muscomorpha,Muscoidea,Anthomyiidae,Anthomyiinae,Hylemya,partita,4.8100000000000005,4.535,1.6749999999999998,25
2023-09-09,AMMOD4_2199,AMMOD,AMMOD4,Site4,Meadow,Insecta,Lepidoptera,Glossata,Heterocera,Gelechioidea,Gelechiidae,Dichomeridinae,Helcystogramma,triannulella,1.95,3.9666666666666663,1.0333333333333334,1
2023-09-09,AMMOD4_2200,AMMOD,AMMOD4,Site4,Meadow,Insecta,Hymenoptera,Apocrita,Parasitica,Ichneumonoidea,Ichneumonidae,Diplazontinae,Syrphophilus,bizonarius,5.311379310344828,5.228275862068966,1.1537931034482758,14
2023-09-09,AMMOD4_2201,AMMOD,AMMOD4,Site4,Meadow,Insecta,Diptera,Brachycera,Muscomorpha,Carnoidea,Chloropidae,Oscinellinae,Tricimba,cincta,2.167586206896551,3.907931034482758,1.0355172413793103,1
2023-09-09,AMMOD4_2202,AMMOD,AMMOD4,Site4,Meadow,Insecta,Diptera,Nematocera,Bibionomorpha,Sciaroidea,Sciaridae,Sciarinae,Corynoptera,subparvula,3.12,4.300000000000001,1.165,3
2023-09-09,AMMOD4_2203,AMMOD,AMMOD4,Site4,Meadow,Insecta,Diptera,Brachycera,Muscomorpha,Phoroidea,Phoridae,Metopininae,Megaselia,lucifrons,1.2314285714285715,2.912857142857143,0.89,1
2023-09-09,AMMOD4_2204,AMMOD,AMMOD4,Site4,Meadow,Insecta,Diptera,Brachycera,Asilomorpha,Empidoidea,Hybotidae,Tachydromiinae,Platypalpus,pallidiventris,5.423030303030302,4.323939393939395,1.3303030303030303,1
2023-09-09,AMMOD4_2205,AMMOD,AMMOD4,Site4,Meadow,Insecta,Hemiptera,Cicadomorpha,Cicadomorpha,Membracoidea,Cicadellidae,Typhlocybinae,Ribautiana,ulmi,5.600163934426228,4.548524590163934,1.525737704918033,1
2023-09-09,AMMOD4_2207,AMMOD,AMMOD4,Site4,Meadow,Insecta,Diptera,Nematocera,Culicomorpha,Chironomoidea,Chironomidae,Chironominae,Chironomus,dorsalis,0.9550000000000001,3.165,0.7849999999999999,1
2023-09-09,AMMOD4_2208,AMMOD,AMMOD4,Site4,Meadow,Insecta,Diptera,Brachycera,Muscomorpha,Oestroidea,Rhinophoridae,Rhinophorinae,Phyto,melanocephala,8.696344827586204,5.522551724137931,1.7546666666666675,62
2023-09-09,AMMOD4_2209,AMMOD,AMMOD4,Site4,Meadow,Insecta,Diptera,Brachycera,Muscomorpha,Phoroidea,Phoridae,Metopininae,Megaselia,abdita,1.2314285714285715,2.912857142857143,0.89,4
2023-09-09,AMMOD4_2210,AMMOD,AMMOD4,Site4,Meadow,Insecta,Diptera,Brachycera,Muscomorpha,Opomyzoidea,Agromyzidae,Phytomyzinae,Chromatomyia,horticola,1.27,3.23,0.8766666666666666,6
2023-09-11,AMMOD4_2211,AMMOD,AMMOD4,Site4,Meadow,Insecta,Diptera,Nematocera,Bibionomorpha,Sciaroidea,Sciaridae,#child.Sciaridae,Lycoriella,sativae,3.12,4.300000000000001,1.165,48
2023-09-11,AMMOD4_2212,AMMOD,AMMOD4,Site4,Meadow,Insecta,Diptera,Nematocera,Culicomorpha,Culicoidea,Ceratopogonidae,Forcipomyiinae,Forcipomyia,bipunctata,0.9550000000000001,3.165,0.7849999999999999,15
2023-09-11,AMMOD4_2213,AMMOD,AMMOD4,Site4,Meadow,Insecta,Diptera,Brachycera,Muscomorpha,Oestroidea,Tachinidae,Tachininae,Siphona,geniculata,8.696344827586204,5.522551724137931,1.7546666666666675,362
2023-09-11,AMMOD4_2214,AMMOD,AMMOD4,Site4,Meadow,Insecta,Hymenoptera,Apocrita,Aculeata,Formicoidea,Formicidae,Formicinae,Lasius,niger,3.0777551020408147,4.416530612244895,1.2977551020408162,3
2023-09-11,AMMOD4_2215,AMMOD,AMMOD4,Site4,Meadow,Insecta,Diptera,Brachycera,Muscomorpha,Muscoidea,Muscidae,Coenosiinae,Coenosia,tigrina,13.525750000000013,5.991083333333332,2.2562500000000005,4
2023-09-11,AMMOD4_2216,AMMOD,AMMOD4,Site4,Meadow,Insecta,Diptera,Brachycera,Muscomorpha,Lauxanioidea,Lauxaniidae,Lauxaniinae,Calliopum,aeneum,3.3925757575757585,4.098636363636362,1.2430303030303027,1
2023-09-11,AMMOD4_2217,AMMOD,AMMOD4,Site4,Meadow,Insecta,Diptera,Brachycera,Muscomorpha,Muscoidea,Anthomyiidae,Anthomyiinae,Delia,radicum,4.8100000000000005,4.535,1.6749999999999998,4
2023-09-11,AMMOD4_2218,AMMOD,AMMOD4,Site4,Meadow,Insecta,Diptera,Nematocera,Tipulomorpha,Tipuloidea,Tipulidae,Tipulinae,Tipula,paludosa,25.121999999999996,12.984,1.698,211
2023-09-11,AMMOD4_2219,AMMOD,AMMOD4,Site4,Meadow,Insecta,Diptera,Brachycera,Muscomorpha,Ephydroidea,Drosophilidae,Drosophilinae,Drosophila,suzukii,8.696344827586204,5.522551724137931,1.7546666666666675,10
2023-09-11,AMMOD4_2220,AMMOD,AMMOD4,Site4,Meadow,Insecta,Lepidoptera,Glossata,Heterocera,Noctuoidea,Noctuidae,Noctuinae,Noctua,pronuba,1.95,3.9666666666666663,1.0333333333333334,19
2023-09-11,AMMOD4_2221,AMMOD,AMMOD4,Site4,Meadow,Insecta,Diptera,Brachycera,Muscomorpha,Muscoidea,Muscidae,Phaoniinae,Phaonia,tuguriorum,13.525750000000013,5.991083333333332,2.2562500000000005,291
2023-09-11,AMMOD4_2222,AMMOD,AMMOD4,Site4,Meadow,Insecta,Diptera,Brachycera,Asilomorpha,Empidoidea,Dolichopodidae,Medeterinae,Medetera,jacula,3.9976666666666674,3.9993333333333334,1.274,52
2023-09-11,AMMOD4_2223,AMMOD,AMMOD4,Site4,Meadow,Insecta,Diptera,Brachycera,Muscomorpha,Phoroidea,Phoridae,Phorinae,Diplonevra,nitidula,1.2314285714285715,2.912857142857143,0.89,241
2023-09-11,AMMOD4_2224,AMMOD,AMMOD4,Site4,Meadow,Insecta,Diptera,Brachycera,Muscomorpha,Syrphoidea,Syrphidae,Syrphinae,Melanostoma,mellinum,12.29572580645161,7.508467741935483,2.1483064516129025,85
2023-09-11,AMMOD4_2225,AMMOD,AMMOD4,Site4,Meadow,Insecta,Diptera,Brachycera,Muscomorpha,Phoroidea,Phoridae,Phorinae,Triphleba,nudipalpis,1.2314285714285715,2.912857142857143,0.89,27
2023-09-11,AMMOD4_2226,AMMOD,AMMOD4,Site4,Meadow,Insecta,Diptera,Brachycera,Muscomorpha,Carnoidea,Chloropidae,Oscinellinae,Incertella,albipalpis,2.167586206896551,3.907931034482758,1.0355172413793103,18
2023-09-11,AMMOD4_2227,AMMOD,AMMOD4,Site4,Meadow,Insecta,Diptera,Brachycera,Muscomorpha,Muscoidea,Anthomyiidae,#child.Anthomyiidae,Phorbia,fumigata,4.8100000000000005,4.535,1.6749999999999998,6
2023-09-11,AMMOD4_2228,AMMOD,AMMOD4,Site4,Meadow,Insecta,Diptera,Brachycera,Muscomorpha,Muscoidea,Anthomyiidae,Anthomyiinae,Delia,florilega,4.8100000000000005,4.535,1.6749999999999998,72
2023-09-11,AMMOD4_2229,AMMOD,AMMOD4,Site4,Meadow,Insecta,Diptera,Brachycera,Muscomorpha,Oestroidea,Polleniidae,#child.Polleniidae,Pollenia,rudis,8.696344827586204,5.522551724137931,1.7546666666666675,41
2023-09-11,AMMOD4_2230,AMMOD,AMMOD4,Site4,Meadow,Insecta,Diptera,Brachycera,Muscomorpha,Muscoidea,Anthomyiidae,Anthomyiinae,Anthomyia,liturata,4.8100000000000005,4.535,1.6749999999999998,1
2023-09-11,AMMOD4_2231,AMMOD,AMMOD4,Site4,Meadow,Insecta,Diptera,Nematocera,Bibionomorpha,Sciaroidea,Sciaridae,Megalosphyinae,Bradysia,trivittata,3.12,4.300000000000001,1.165,52
2023-09-11,AMMOD4_2232,AMMOD,AMMOD4,Site4,Meadow,Insecta,Diptera,Brachycera,Muscomorpha,Oestroidea,Tachinidae,Exoristinae,Lydella,grisescens,8.696344827586204,5.522551724137931,1.7546666666666675,6
2023-09-11,AMMOD4_2233,AMMOD,AMMOD4,Site4,Meadow,Insecta,Trichoptera,Integripalpia,Plenitentoria,Limnephiloidea,Limnephilidae,Limnephilinae,Limnephilus,sparsus,24.284088427947573,6.536784934497831,2.114448689956332,115
2023-09-11,AMMOD4_2234,AMMOD,AMMOD4,Site4,Meadow,Insecta,Diptera,Brachycera,Muscomorpha,Phoroidea,Phoridae,Metopininae,Megaselia,pleuralis,1.2314285714285715,2.912857142857143,0.89,4
2023-09-11,AMMOD4_2235,AMMOD,AMMOD4,Site4,Meadow,Insecta,Diptera,Brachycera,Muscomorpha,Phoroidea,Phoridae,Metopininae,Megaselia,emarginata,1.2314285714285715,2.912857142857143,0.89,26
2023-09-11,AMMOD4_2236,AMMOD,AMMOD4,Site4,Meadow,Insecta,Diptera,Nematocera,Bibionomorpha,Sciaroidea,Sciaridae,Sciarinae,Corynoptera,perpusilla,3.12,4.300000000000001,1.165,21
2023-09-11,AMMOD4_2237,AMMOD,AMMOD4,Site4,Meadow,Insecta,Lepidoptera,Glossata,Rhopalocera,Papilionoidea,Pieridae,Pierinae,Pieris,napi,55.17333333333334,14.135,3.1950000000000003,1
2023-09-11,AMMOD4_2238,AMMOD,AMMOD4,Site4,Meadow,Insecta,Diptera,Brachycera,Muscomorpha,Phoroidea,Phoridae,Metopininae,Megaselia,manicata,1.2314285714285715,2.912857142857143,0.89,16
2023-09-11,AMMOD4_2239,AMMOD,AMMOD4,Site4,Meadow,Insecta,Hemiptera,Cicadomorpha,Cicadomorpha,Membracoidea,Cicadellidae,Typhlocybinae,Ribautiana,debilis,5.600163934426228,4.548524590163934,1.525737704918033,47
2023-09-11,AMMOD4_2240,AMMOD,AMMOD4,Site4,Meadow,Insecta,Diptera,Brachycera,Asilomorpha,Empidoidea,Dolichopodidae,Diaphorinae,Chrysotus,gramineus,3.9976666666666674,3.9993333333333334,1.274,19
2023-09-11,AMMOD4_2241,AMMOD,AMMOD4,Site4,Meadow,Insecta,Diptera,Brachycera,Muscomorpha,Syrphoidea,Syrphidae,Syrphinae,Platycheirus,clypeatus,12.29572580645161,7.508467741935483,2.1483064516129025,69
2023-09-11,AMMOD4_2242,AMMOD,AMMOD4,Site4,Meadow,Insecta,Hymenoptera,Apocrita,Parasitica,Ichneumonoidea,Ichneumonidae,Metopiinae,Exochus,tibialis,5.311379310344828,5.228275862068966,1.1537931034482758,4
2023-09-11,AMMOD4_2243,AMMOD,AMMOD4,Site4,Meadow,Insecta,Diptera,Nematocera,Culicomorpha,Chironomoidea,Chironomidae,Chironominae,Kiefferulus,tendipediformis,0.9550000000000001,3.165,0.7849999999999999,1
2023-09-11,AMMOD4_2244,AMMOD,AMMOD4,Site4,Meadow,Insecta,Diptera,Nematocera,Culicomorpha,Culicoidea,Culicidae,Culicinae,Culex,pipiens,1.84,4.54,0.99,75
2023-09-11,AMMOD4_2245,AMMOD,AMMOD4,Site4,Meadow,Insecta,Diptera,Brachycera,Muscomorpha,Muscoidea,Anthomyiidae,Anthomyiinae,Adia,cinerella,4.8100000000000005,4.535,1.6749999999999998,240
2023-09-11,AMMOD4_2246,AMMOD,AMMOD4,Site4,Meadow,Insecta,Diptera,Nematocera,Bibionomorpha,Sciaroidea,Sciaridae,Sciarinae,Corynoptera,subparvula,3.12,4.300000000000001,1.165,5
2023-09-11,AMMOD4_2247,AMMOD,AMMOD4,Site4,Meadow,Insecta,Diptera,Brachycera,Muscomorpha,Phoroidea,Phoridae,Metopininae,Megaselia,lucifrons,1.2314285714285715,2.912857142857143,0.89,9
2023-09-11,AMMOD4_2248,AMMOD,AMMOD4,Site4,Meadow,Insecta,Diptera,Nematocera,Bibionomorpha,Sciaroidea,Cecidomyiidae,Micromyinae,Peromyia,impexa,1.6263636363636365,3.475454545454545,0.9245454545454546,11
2023-09-11,AMMOD4_2249,AMMOD,AMMOD4,Site4,Meadow,Insecta,Hymenoptera,Symphyta,#child.Symphyta,Tenthredinoidea,Tenthredinidae,Nematinae,Euura,myosotidis,7.853333333333333,6.3500000000000005,1.89,3
2023-09-11,AMMOD4_2250,AMMOD,AMMOD4,Site4,Meadow,Insecta,Diptera,Nematocera,Ptychopteromorpha,Ptychopteroidea,Ptychopteridae,Ptychopterinae,Ptychoptera,contaminata,7.582499999999999,5.904,1.128,59
2023-09-11,AMMOD4_2251,AMMOD,AMMOD4,Site4,Meadow,Insecta,Diptera,Brachycera,Asilomorpha,Empidoidea,Hybotidae,Tachydromiinae,Platypalpus,interstinctus,5.423030303030302,4.323939393939395,1.3303030303030303,7
2023-09-11,AMMOD4_2252,AMMOD,AMMOD4,Site4,Meadow,Insecta,Psocoptera,Psocomorpha,Homilopsocidea,Lachesilloidea,Lachesillidae,Lachesillinae,Lachesilla,pedicularia,24.284088427947573,6.536784934497831,2.114448689956332,5
2023-09-11,AMMOD4_2253,AMMOD,AMMOD4,Site4,Meadow,Insecta,Diptera,Brachycera,Stratiomyomorpha,Stratiomyoidea,Stratiomyidae,Sarginae,Sargus,bipunctatus,6.283333333333334,6.413333333333334,1.9533333333333331,63
2023-09-11,AMMOD4_2254,AMMOD,AMMOD4,Site4,Meadow,Insecta,Diptera,Nematocera,Culicomorpha,Chironomoidea,Chironomidae,Orthocladiinae,Bryophaenocladius,nigrus,0.9550000000000001,3.165,0.7849999999999999,7
2023-09-11,AMMOD4_2255,AMMOD,AMMOD4,Site4,Meadow,Insecta,Hemiptera,Sternorrhyncha,Aphidomorpha,Aphidoidea,Aphididae,Aphidinae,Rhopalosiphum,padi,2.648,2.9159999999999995,1.342,5
2023-09-11,AMMOD4_2256,AMMOD,AMMOD4,Site4,Meadow,Insecta,Diptera,Brachycera,Muscomorpha,Phoroidea,Phoridae,Metopininae,Megaselia,abdita,1.2314285714285715,2.912857142857143,0.89,9
2023-09-11,AMMOD4_2257,AMMOD,AMMOD4,Site4,Meadow,Insecta,Diptera,Brachycera,Muscomorpha,Oestroidea,Sarcophagidae,Sarcophaginae,Sarcophaga,incisilobata,8.696344827586204,5.522551724137931,1.7546666666666675,22
2023-09-11,AMMOD4_2258,AMMOD,AMMOD4,Site4,Meadow,Insecta,Diptera,Brachycera,Muscomorpha,Oestroidea,Tachinidae,Exoristinae,Pales,pavida,8.696344827586204,5.522551724137931,1.7546666666666675,27
2023-09-11,AMMOD4_2259,AMMOD,AMMOD4,Site4,Meadow,Insecta,Hemiptera,Cicadomorpha,Cicadomorpha,Membracoidea,Cicadellidae,Typhlocybinae,Kybos,butleri,5.600163934426228,4.548524590163934,1.525737704918033,19
2023-09-11,AMMOD4_2260,AMMOD,AMMOD4,Site4,Meadow,Insecta,Diptera,Nematocera,Bibionomorpha,Sciaroidea,Cecidomyiidae,Cecidomyiinae,Mayetiola,destructor,1.6263636363636365,3.475454545454545,0.9245454545454546,1
2023-09-11,AMMOD4_2261,AMMOD,AMMOD4,Site4,Meadow,Insecta,Hymenoptera,Apocrita,Parasitica,Chalcidoidea,Trichogrammatidae,Trichogrammatinae,Trichogramma,evanescens,1.214,2.9839999999999995,0.8020000000000002,4
2023-09-11,AMMOD4_2262,AMMOD,AMMOD4,Site4,Meadow,Insecta,Diptera,Nematocera,Culicomorpha,Culicoidea,Culicidae,Culicinae,Culiseta,morsitans,1.84,4.54,0.99,2
2023-09-12,AMMOD4_2263,AMMOD,AMMOD4,Site4,Meadow,Insecta,Diptera,Nematocera,Bibionomorpha,Sciaroidea,Sciaridae,#child.Sciaridae,Lycoriella,sativae,3.12,4.300000000000001,1.165,149
2023-09-12,AMMOD4_2264,AMMOD,AMMOD4,Site4,Meadow,Insecta,Diptera,Brachycera,Muscomorpha,Oestroidea,Tachinidae,Tachininae,Siphona,geniculata,8.696344827586204,5.522551724137931,1.7546666666666675,430
2023-09-12,AMMOD4_2265,AMMOD,AMMOD4,Site4,Meadow,Insecta,Hymenoptera,Apocrita,Aculeata,Formicoidea,Formicidae,Formicinae,Lasius,niger,3.0777551020408147,4.416530612244895,1.2977551020408162,223
2023-09-12,AMMOD4_2266,AMMOD,AMMOD4,Site4,Meadow,Insecta,Diptera,Brachycera,Muscomorpha,Lauxanioidea,Lauxaniidae,Lauxaniinae,Calliopum,aeneum,3.3925757575757585,4.098636363636362,1.2430303030303027,568
2023-09-12,AMMOD4_2267,AMMOD,AMMOD4,Site4,Meadow,Insecta,Diptera,Brachycera,Muscomorpha,Muscoidea,Anthomyiidae,Anthomyiinae,Delia,radicum,4.8100000000000005,4.535,1.6749999999999998,281
2023-09-12,AMMOD4_2268,AMMOD,AMMOD4,Site4,Meadow,Insecta,Diptera,Nematocera,Tipulomorpha,Tipuloidea,Tipulidae,Tipulinae,Tipula,paludosa,25.121999999999996,12.984,1.698,1151
2023-09-12,AMMOD4_2269,AMMOD,AMMOD4,Site4,Meadow,Insecta,Diptera,Brachycera,Muscomorpha,Muscoidea,Muscidae,Phaoniinae,Phaonia,tuguriorum,13.525750000000013,5.991083333333332,2.2562500000000005,126
2023-09-12,AMMOD4_2270,AMMOD,AMMOD4,Site4,Meadow,Insecta,Diptera,Brachycera,Asilomorpha,Empidoidea,Dolichopodidae,Medeterinae,Medetera,jacula,3.9976666666666674,3.9993333333333334,1.274,726
2023-09-12,AMMOD4_2271,AMMOD,AMMOD4,Site4,Meadow,Insecta,Diptera,Brachycera,Muscomorpha,Phoroidea,Phoridae,Phorinae,Diplonevra,nitidula,1.2314285714285715,2.912857142857143,0.89,4
2023-09-12,AMMOD4_2272,AMMOD,AMMOD4,Site4,Meadow,Insecta,Diptera,Brachycera,Muscomorpha,Syrphoidea,Syrphidae,Syrphinae,Melanostoma,mellinum,12.29572580645161,7.508467741935483,2.1483064516129025,449
2023-09-12,AMMOD4_2273,AMMOD,AMMOD4,Site4,Meadow,Insecta,Diptera,Brachycera,Muscomorpha,Phoroidea,Phoridae,Phorinae,Triphleba,nudipalpis,1.2314285714285715,2.912857142857143,0.89,39
2023-09-12,AMMOD4_2274,AMMOD,AMMOD4,Site4,Meadow,Insecta,Diptera,Brachycera,Muscomorpha,Carnoidea,Chloropidae,Oscinellinae,Incertella,albipalpis,2.167586206896551,3.907931034482758,1.0355172413793103,35
2023-09-12,AMMOD4_2275,AMMOD,AMMOD4,Site4,Meadow,Insecta,Diptera,Brachycera,Muscomorpha,Muscoidea,Anthomyiidae,#child.Anthomyiidae,Phorbia,fumigata,4.8100000000000005,4.535,1.6749999999999998,43
2023-09-12,AMMOD4_2276,AMMOD,AMMOD4,Site4,Meadow,Insecta,Diptera,Brachycera,Muscomorpha,Oestroidea,Sarcophagidae,Sarcophaginae,Sarcophaga,variegata,8.696344827586204,5.522551724137931,1.7546666666666675,212
2023-09-12,AMMOD4_2277,AMMOD,AMMOD4,Site4,Meadow,Insecta,Diptera,Brachycera,Muscomorpha,Oestroidea,Polleniidae,#child.Polleniidae,Pollenia,rudis,8.696344827586204,5.522551724137931,1.7546666666666675,359
2023-09-12,AMMOD4_2278,AMMOD,AMMOD4,Site4,Meadow,Insecta,Diptera,Nematocera,Bibionomorpha,Sciaroidea,Sciaridae,Megalosphyinae,Bradysia,trivittata,3.12,4.300000000000001,1.165,130
2023-09-12,AMMOD4_2279,AMMOD,AMMOD4,Site4,Meadow,Insecta,Diptera,Brachycera,Muscomorpha,Muscoidea,Muscidae,Phaoniinae,Helina,reversio,13.525750000000013,5.991083333333332,2.2562500000000005,93
2023-09-12,AMMOD4_2280,AMMOD,AMMOD4,Site4,Meadow,Insecta,Diptera,Nematocera,Bibionomorpha,Sciaroidea,Sciaridae,Megalosphyinae,Bradysia,urticae,3.12,4.300000000000001,1.165,3
2023-09-12,AMMOD4_2281,AMMOD,AMMOD4,Site4,Meadow,Insecta,Lepidoptera,Glossata,Heterocera,Gelechioidea,Gelechiidae,Anacampsinae,Anacampsis,populella,1.95,3.9666666666666663,1.0333333333333334,17
2023-09-12,AMMOD4_2282,AMMOD,AMMOD4,Site4,Meadow,Insecta,Diptera,Nematocera,Psychodomorpha,Psychodoidea,Psychodidae,Psychodinae,Psychoda,uniformata,7.582499999999999,5.904,1.128,14
2023-09-12,AMMOD4_2283,AMMOD,AMMOD4,Site4,Meadow,Insecta,Diptera,Nematocera,Culicomorpha,Chironomoidea,Chironomidae,Orthocladiinae,Camptocladius,stercorarius,0.9550000000000001,3.165,0.7849999999999999,16
2023-09-12,AMMOD4_2284,AMMOD,AMMOD4,Site4,Meadow,Insecta,Diptera,Brachycera,Muscomorpha,Phoroidea,Phoridae,Metopininae,Megaselia,manicata,1.2314285714285715,2.912857142857143,0.89,1
2023-09-12,AMMOD4_2285,AMMOD,AMMOD4,Site4,Meadow,Insecta,Diptera,Brachycera,Muscomorpha,Ephydroidea,Drosophilidae,Drosophilinae,Scaptomyza,pallida,8.696344827586204,5.522551724137931,1.7546666666666675,2
2023-09-12,AMMOD4_2286,AMMOD,AMMOD4,Site4,Meadow,Insecta,Hemiptera,Cicadomorpha,Cicadomorpha,Membracoidea,Cicadellidae,Typhlocybinae,Ribautiana,debilis,5.600163934426228,4.548524590163934,1.525737704918033,21
2023-09-12,AMMOD4_2287,AMMOD,AMMOD4,Site4,Meadow,Insecta,Diptera,Brachycera,Muscomorpha,Carnoidea,Chloropidae,Oscinellinae,Tricimba,cincta,2.167586206896551,3.907931034482758,1.0355172413793103,2
2023-09-12,AMMOD4_2288,AMMOD,AMMOD4,Site4,Meadow,Insecta,Diptera,Nematocera,Culicomorpha,Chironomoidea,Chironomidae,Chironominae,Kiefferulus,tendipediformis,0.9550000000000001,3.165,0.7849999999999999,14
2023-09-12,AMMOD4_2289,AMMOD,AMMOD4,Site4,Meadow,Insecta,Diptera,Nematocera,Bibionomorpha,Sciaroidea,Sciaridae,Sciarinae,Corynoptera,subparvula,3.12,4.300000000000001,1.165,80
2023-09-12,AMMOD4_2290,AMMOD,AMMOD4,Site4,Meadow,Insecta,Coleoptera,Polyphaga,Cucujiformia,Cucujoidea,Latridiidae,Corticariinae,Cortinicara,gibbosa,1.4413333333333331,2.594666666666667,1.15,1
2023-09-12,AMMOD4_2291,AMMOD,AMMOD4,Site4,Meadow,Insecta,Diptera,Brachycera,Muscomorpha,Opomyzoidea,Agromyzidae,Phytomyzinae,Cerodontha,denticornis,1.27,3.23,0.8766666666666666,40
2023-09-12,AMMOD4_2292,AMMOD,AMMOD4,Site4,Meadow,Insecta,Diptera,Nematocera,Culicomorpha,Chironomoidea,Chironomidae,Chironominae,Polypedilum,sordens,0.9550000000000001,3.165,0.7849999999999999,13
2023-09-12,AMMOD4_2293,AMMOD,AMMOD4,Site4,Meadow,Insecta,Diptera,Nematocera,Bibionomorpha,Sciaroidea,Cecidomyiidae,Micromyinae,Peromyia,impexa,1.6263636363636365,3.475454545454545,0.9245454545454546,42
2023-09-12,AMMOD4_2294,AMMOD,AMMOD4,Site4,Meadow,Insecta,Coleoptera,Polyphaga,Elateriformia,Elateroidea,Elateridae,#child.Elateridae,Adrastus,rachifer,16.095,8.84,2.2199999999999998,84
2023-09-12,AMMOD4_2295,AMMOD,AMMOD4,Site4,Meadow,Insecta,Hemiptera,Sternorrhyncha,Aphidomorpha,Aphidoidea,Aphididae,Aphidinae,Rhopalosiphum,padi,2.648,2.9159999999999995,1.342,5
2023-09-12,AMMOD4_2296,AMMOD,AMMOD4,Site4,Meadow,Insecta,Diptera,Brachycera,Muscomorpha,Phoroidea,Phoridae,Metopininae,Megaselia,abdita,1.2314285714285715,2.912857142857143,0.89,10
2023-09-12,AMMOD4_2297,AMMOD,AMMOD4,Site4,Meadow,Insecta,Hymenoptera,Apocrita,Parasitica,Ichneumonoidea,Ichneumonidae,Phygadeuontinae,Bathythrix,pellucidator,5.311379310344828,5.228275862068966,1.1537931034482758,15
2023-09-12,AMMOD4_2298,AMMOD,AMMOD4,Site4,Meadow,Insecta,Diptera,Brachycera,Muscomorpha,Phoroidea,Phoridae,Metopininae,Megaselia,tama,1.2314285714285715,2.912857142857143,0.89,29
2023-09-12,AMMOD4_2299,AMMOD,AMMOD4,Site4,Meadow,Insecta,Diptera,Nematocera,Culicomorpha,Chironomoidea,Chironomidae,Tanypodinae,Xenopelopia,nigricans,0.9550000000000001,3.165,0.7849999999999999,6
2023-09-12,AMMOD4_2300,AMMOD,AMMOD4,Site4,Meadow,Insecta,Diptera,Nematocera,Culicomorpha,Chironomoidea,Chironomidae,Chironominae,Chironomus,cingulatus,0.9550000000000001,3.165,0.7849999999999999,32
2023-09-12,AMMOD4_2301,AMMOD,AMMOD4,Site4,Meadow,Insecta,Diptera,Brachycera,Muscomorpha,Muscoidea,Fanniidae,#child.Fanniidae,Fannia,genualis,6.208333333333333,3.9266666666666663,1.413333333333333,5
2023-09-12,AMMOD4_2302,AMMOD,AMMOD4,Site4,Meadow,Insecta,Diptera,Brachycera,Muscomorpha,Opomyzoidea,Agromyzidae,Phytomyzinae,Galiomyza,morio,1.27,3.23,0.8766666666666666,22
2023-09-12,AMMOD4_2303,AMMOD,AMMOD4,Site4,Meadow,Insecta,Diptera,Nematocera,Culicomorpha,Culicoidea,Culicidae,Culicinae,Culiseta,morsitans,1.84,4.54,0.99,8
2023-09-12,AMMOD4_2304,AMMOD,AMMOD4,Site4,Meadow,Insecta,Hymenoptera,Apocrita,Parasitica,Ichneumonoidea,Braconidae,Alysiinae,Dacnusa,maculipes,2.5116216216216225,3.7481081081081076,1.0197297297297299,3
2023-09-13,AMMOD4_2305,AMMOD,AMMOD4,Site4,Meadow,Insecta,Diptera,Nematocera,Bibionomorpha,Sciaroidea,Sciaridae,#child.Sciaridae,Lycoriella,sativae,3.12,4.300000000000001,1.165,109
2023-09-13,AMMOD4_2306,AMMOD,AMMOD4,Site4,Meadow,Insecta,Hymenoptera,Apocrita,Aculeata,Formicoidea,Formicidae,Formicinae,Lasius,niger,3.0777551020408147,4.416530612244895,1.2977551020408162,115
2023-09-13,AMMOD4_2307,AMMOD,AMMOD4,Site4,Meadow,Insecta,Diptera,Brachycera,Muscomorpha,Lauxanioidea,Lauxaniidae,Lauxaniinae,Calliopum,aeneum,3.3925757575757585,4.098636363636362,1.2430303030303027,401
2023-09-13,AMMOD4_2308,AMMOD,AMMOD4,Site4,Meadow,Insecta,Diptera,Brachycera,Muscomorpha,Muscoidea,Anthomyiidae,Anthomyiinae,Delia,radicum,4.8100000000000005,4.535,1.6749999999999998,248
2023-09-13,AMMOD4_2309,AMMOD,AMMOD4,Site4,Meadow,Insecta,Diptera,Nematocera,Tipulomorpha,Tipuloidea,Tipulidae,Tipulinae,Tipula,paludosa,25.121999999999996,12.984,1.698,638
2023-09-13,AMMOD4_2310,AMMOD,AMMOD4,Site4,Meadow,Insecta,Diptera,Brachycera,Muscomorpha,Phoroidea,Phoridae,Phorinae,Diplonevra,nitidula,1.2314285714285715,2.912857142857143,0.89,82
2023-09-13,AMMOD4_2311,AMMOD,AMMOD4,Site4,Meadow,Insecta,Diptera,Brachycera,Muscomorpha,Syrphoidea,Syrphidae,Syrphinae,Melanostoma,mellinum,12.29572580645161,7.508467741935483,2.1483064516129025,1776
2023-09-13,AMMOD4_2312,AMMOD,AMMOD4,Site4,Meadow,Insecta,Diptera,Brachycera,Muscomorpha,Carnoidea,Chloropidae,Oscinellinae,Incertella,albipalpis,2.167586206896551,3.907931034482758,1.0355172413793103,23
2023-09-13,AMMOD4_2313,AMMOD,AMMOD4,Site4,Meadow,Insecta,Diptera,Brachycera,Muscomorpha,Muscoidea,Muscidae,Phaoniinae,Helina,evecta,13.525750000000013,5.991083333333332,2.2562500000000005,3
2023-09-13,AMMOD4_2314,AMMOD,AMMOD4,Site4,Meadow,Insecta,Hymenoptera,Apocrita,Parasitica,Ichneumonoidea,Braconidae,Blacinae,Blacus,stelfoxi,2.5116216216216225,3.7481081081081076,1.0197297297297299,34
2023-09-13,AMMOD4_2315,AMMOD,AMMOD4,Site4,Meadow,Insecta,Diptera,Nematocera,Bibionomorpha,Sciaroidea,Sciaridae,Megalosphyinae,Bradysia,trivittata,3.12,4.300000000000001,1.165,80
2023-09-13,AMMOD4_2316,AMMOD,AMMOD4,Site4,Meadow,Insecta,Diptera,Brachycera,Asilomorpha,Empidoidea,Dolichopodidae,Sciapodinae,Sciapus,wiedemanni,3.9976666666666674,3.9993333333333334,1.274,733
2023-09-13,AMMOD4_2317,AMMOD,AMMOD4,Site4,Meadow,Insecta,Diptera,Brachycera,Muscomorpha,Opomyzoidea,Opomyzidae,Opomyzinae,Opomyza,germinationis,1.27,3.23,0.8766666666666666,714
2023-09-13,AMMOD4_2318,AMMOD,AMMOD4,Site4,Meadow,Insecta,Diptera,Nematocera,Culicomorpha,Chironomoidea,Chironomidae,Chironominae,Endochironomus,albipennis,0.9550000000000001,3.165,0.7849999999999999,490
2023-09-13,AMMOD4_2319,AMMOD,AMMOD4,Site4,Meadow,Insecta,Diptera,Brachycera,Muscomorpha,Carnoidea,Chloropidae,Chloropinae,Chlorops,serenus,2.167586206896551,3.907931034482758,1.0355172413793103,334
2023-09-13,AMMOD4_2320,AMMOD,AMMOD4,Site4,Meadow,Insecta,Diptera,Brachycera,Muscomorpha,Carnoidea,Chloropidae,Oscinellinae,Tricimba,cincta,2.167586206896551,3.907931034482758,1.0355172413793103,15
2023-09-13,AMMOD4_2321,AMMOD,AMMOD4,Site4,Meadow,Insecta,Diptera,Nematocera,Bibionomorpha,Sciaroidea,Sciaridae,Sciarinae,Corynoptera,subparvula,3.12,4.300000000000001,1.165,46
2023-09-13,AMMOD4_2322,AMMOD,AMMOD4,Site4,Meadow,Insecta,Diptera,Nematocera,Culicomorpha,Chironomoidea,Chironomidae,Chironominae,Polypedilum,sordens,0.9550000000000001,3.165,0.7849999999999999,25
2023-09-13,AMMOD4_2323,AMMOD,AMMOD4,Site4,Meadow,Insecta,Diptera,Nematocera,Ptychopteromorpha,Ptychopteroidea,Ptychopteridae,Ptychopterinae,Ptychoptera,contaminata,7.582499999999999,5.904,1.128,41
2023-09-13,AMMOD4_2325,AMMOD,AMMOD4,Site4,Meadow,Insecta,Hemiptera,Sternorrhyncha,Aphidomorpha,Aphidoidea,Aphididae,Aphidinae,Rhopalosiphum,padi,2.648,2.9159999999999995,1.342,2
2023-09-13,AMMOD4_2326,AMMOD,AMMOD4,Site4,Meadow,Insecta,Diptera,Nematocera,Culicomorpha,Chironomoidea,Chironomidae,Chironominae,Paratanytarsus,grimmii,0.9550000000000001,3.165,0.7849999999999999,34
2023-09-13,AMMOD4_2327,AMMOD,AMMOD4,Site4,Meadow,Insecta,Diptera,Nematocera,Bibionomorpha,Sciaroidea,Sciaridae,Sciarinae,Pseudolycoriella,brunnea,3.12,4.300000000000001,1.165,27
2023-09-13,AMMOD4_2328,AMMOD,AMMOD4,Site4,Meadow,Insecta,Hymenoptera,Apocrita,Parasitica,Chalcidoidea,Trichogrammatidae,Trichogrammatinae,Trichogramma,evanescens,1.214,2.9839999999999995,0.8020000000000002,1
2023-09-13,AMMOD4_2329,AMMOD,AMMOD4,Site4,Meadow,Insecta,Diptera,Nematocera,Bibionomorpha,Sciaroidea,Mycetophilidae,Leiinae,Leia,fascipennis,1.8561538461538463,3.6023076923076927,0.9615384615384617,3
2023-09-13,AMMOD4_2330,AMMOD,AMMOD4,Site4,Meadow,Insecta,Diptera,Nematocera,Culicomorpha,Culicoidea,Culicidae,Culicinae,Culiseta,morsitans,1.84,4.54,0.99,6
2023-09-13,AMMOD4_2331,AMMOD,AMMOD4,Site4,Meadow,Insecta,Diptera,Nematocera,Bibionomorpha,Sciaroidea,Sciaridae,Sciarinae,Sciara,hemerobioides,3.12,4.300000000000001,1.165,4
2023-09-14,AMMOD4_2332,AMMOD,AMMOD4,Site4,Meadow,Insecta,Diptera,Nematocera,Tipulomorpha,Tipuloidea,Tipulidae,Tipulinae,Tipula,paludosa,25.121999999999996,12.984,1.698,81
2023-09-14,AMMOD4_2333,AMMOD,AMMOD4,Site4,Meadow,Insecta,Diptera,Brachycera,Muscomorpha,Ephydroidea,Drosophilidae,Drosophilinae,Drosophila,suzukii,8.696344827586204,5.522551724137931,1.7546666666666675,35
2023-09-14,AMMOD4_2334,AMMOD,AMMOD4,Site4,Meadow,Insecta,Diptera,Brachycera,Muscomorpha,Carnoidea,Chloropidae,Oscinellinae,Incertella,albipalpis,2.167586206896551,3.907931034482758,1.0355172413793103,1
2023-09-14,AMMOD4_2335,AMMOD,AMMOD4,Site4,Meadow,Insecta,Diptera,Nematocera,Bibionomorpha,Sciaroidea,Sciaridae,Sciarinae,Corynoptera,perpusilla,3.12,4.300000000000001,1.165,1
2023-09-14,AMMOD4_2336,AMMOD,AMMOD4,Site4,Meadow,Insecta,Hemiptera,Cicadomorpha,Cicadomorpha,Membracoidea,Cicadellidae,Typhlocybinae,Eupteryx,atropunctata,5.600163934426228,4.548524590163934,1.525737704918033,120
2023-09-15,AMMOD4_2337,AMMOD,AMMOD4,Site4,Meadow,Insecta,Diptera,Brachycera,Muscomorpha,Phoroidea,Phoridae,Phorinae,Triphleba,nudipalpis,1.2314285714285715,2.912857142857143,0.89,181
2023-09-15,AMMOD4_2338,AMMOD,AMMOD4,Site4,Meadow,Insecta,Diptera,Brachycera,Muscomorpha,Carnoidea,Chloropidae,Oscinellinae,Incertella,albipalpis,2.167586206896551,3.907931034482758,1.0355172413793103,44
2023-09-15,AMMOD4_2339,AMMOD,AMMOD4,Site4,Meadow,Insecta,Diptera,Nematocera,Bibionomorpha,Sciaroidea,Mycetophilidae,Mycetophilinae,Cordyla,brevicornis,1.8561538461538463,3.6023076923076927,0.9615384615384617,186
2023-09-16,AMMOD4_2340,AMMOD,AMMOD4,Site4,Meadow,Insecta,Diptera,Brachycera,Muscomorpha,Phoroidea,Phoridae,Phorinae,Diplonevra,nitidula,1.2314285714285715,2.912857142857143,0.89,1830
2023-09-16,AMMOD4_2341,AMMOD,AMMOD4,Site4,Meadow,Insecta,Diptera,Brachycera,Muscomorpha,Carnoidea,Chloropidae,Oscinellinae,Incertella,albipalpis,2.167586206896551,3.907931034482758,1.0355172413793103,214
2023-09-16,AMMOD4_2342,AMMOD,AMMOD4,Site4,Meadow,Insecta,Diptera,Brachycera,Tabanomorpha,Tabanoidea,Tabanidae,Tabaninae,Tabanus,bromius,2.56,4.18,1.21,3
