Device_ID,Device_type,Device,Site,Ambient,DevicexAmbient,Checkin,Checkout,Duration,Pre-classification,Class,Order,Suborder,Infraorder,Superfamily,Family,Subfamily,Genus,Species,Live_mass,Body_length,Body_width
FAIRD1_0001,FAIRD,FAIRD1,Site1,Maize,FAIRDxMaize,2023-08-23 09:29:19,2023-08-23 09:30:37,00:01:18,fly,Insecta,Diptera,Brachycera,Muscomorpha,Muscoidea,#N/C,#N/C,#N/C,#N/C,12.1985,5.67392857142857,2.11907142857143
FAIRD1_0002,FAIRD,FAIRD1,Site1,Maize,FAIRDxMaize,2023-08-23 11:17:18,2023-08-23 11:17:27,00:00:09,fly,Insecta,Diptera,Brachycera,Muscomorpha,Muscoidea,Fanniidae,#child.Fanniidae,Fannia,#N/C,6.20833333333333,3.92666666666667,1.41333333333333
FAIRD1_0003,FAIRD,FAIRD1,Site1,Maize,FAIRDxMaize,2023-08-23 12:30:54,2023-08-23 12:31:05,00:00:11,fly,Insecta,Diptera,Brachycera,Muscomorpha,Muscoidea,Fanniidae,#child.Fanniidae,Fannia,#N/C,6.20833333333333,3.92666666666667,1.41333333333333
FAIRD1_0004,FAIRD,FAIRD1,Site1,Maize,FAIRDxMaize,2023-08-23 14:05:01,2023-08-23 14:05:06,00:00:05,hoverfly,Insecta,Diptera,Brachycera,Muscomorpha,Syrphoidea,Syrphidae,Syrphinae,Syrphini,#N/C,12.2957258064516,7.50846774193548,2.1483064516129
FAIRD1_0005,FAIRD,FAIRD1,Site1,Maize,FAIRDxMaize,2023-08-23 14:35:38,2023-08-23 14:37:03,00:01:25,fly,Insecta,Diptera,Brachycera,Muscomorpha,Muscoidea,Fanniidae,#child.Fanniidae,Fannia,#N/C,6.20833333333333,3.92666666666667,1.41333333333333
FAIRD1_0006,FAIRD,FAIRD1,Site1,Maize,FAIRDxMaize,2023-08-23 15:55:57,2023-08-23 15:56:00,00:00:03,fly,Insecta,Diptera,Brachycera,Muscomorpha,Muscoidea,Fanniidae,#child.Fanniidae,Fannia,#N/C,6.20833333333333,3.92666666666667,1.41333333333333
FAIRD1_0007,FAIRD,FAIRD1,Site1,Maize,FAIRDxMaize,2023-08-23 15:59:41,2023-08-23 15:59:46,00:00:05,fly,Insecta,Diptera,Brachycera,#N/C,#N/C,#N/C,#N/C,#N/C,#N/C,8.4004979253112,5.45134854771784,1.71630705394191
FAIRD1_0008,FAIRD,FAIRD1,Site1,Maize,FAIRDxMaize,2023-08-23 17:58:40,2023-08-23 17:59:25,00:00:45,fly,Insecta,Diptera,Brachycera,Muscomorpha,Muscoidea,Fanniidae,#child.Fanniidae,Fannia,#N/C,6.20833333333333,3.92666666666667,1.41333333333333
FAIRD1_0009,FAIRD,FAIRD1,Site1,Maize,FAIRDxMaize,2023-08-24 10:00:38,2023-08-24 10:01:15,00:00:37,fly,Insecta,Diptera,Brachycera,Muscomorpha,Muscoidea,Fanniidae,#child.Fanniidae,Fannia,#N/C,6.20833333333333,3.92666666666667,1.41333333333333
FAIRD1_0010,FAIRD,FAIRD1,Site1,Maize,FAIRDxMaize,2023-08-24 10:34:11,2023-08-24 10:34:18,00:00:07,fly,Insecta,Diptera,Brachycera,Muscomorpha,Muscoidea,Fanniidae,#child.Fanniidae,Fannia,#N/C,6.20833333333333,3.92666666666667,1.41333333333333
FAIRD1_0011,FAIRD,FAIRD1,Site1,Maize,FAIRDxMaize,2023-08-24 11:17:40,2023-08-24 11:17:45,00:00:05,hoverfly,Insecta,Diptera,Brachycera,Muscomorpha,Syrphoidea,Syrphidae,Syrphinae,Syrphini,#N/C,12.2957258064516,7.50846774193548,2.1483064516129
FAIRD1_0012,FAIRD,FAIRD1,Site1,Maize,FAIRDxMaize,2023-08-24 12:14:23,2023-08-24 12:16:14,00:01:51,fly,Insecta,Diptera,Brachycera,Muscomorpha,Muscoidea,#N/C,#N/C,#N/C,#N/C,12.1985,5.67392857142857,2.11907142857143
FAIRD1_0013,FAIRD,FAIRD1,Site1,Maize,FAIRDxMaize,2023-08-24 12:55:06,2023-08-24 12:55:11,00:00:05,wasp,Insecta,Hymenoptera,Apocrita,Aculeata,Vespoidea,Vespidae,Vespinae,Vespula,#N/C,71.46,13.6133333333333,4.02666666666667
FAIRD1_0014,FAIRD,FAIRD1,Site1,Maize,FAIRDxMaize,2023-08-24 13:33:18,2023-08-24 13:33:23,00:00:05,fly,Insecta,Diptera,Brachycera,Muscomorpha,Muscoidea,Fanniidae,#child.Fanniidae,Fannia,#N/C,6.20833333333333,3.92666666666667,1.41333333333333
FAIRD1_0015,FAIRD,FAIRD1,Site1,Maize,FAIRDxMaize,2023-08-25 16:18:40,2023-08-25 16:18:57,00:00:17,fly,Insecta,Diptera,Brachycera,Muscomorpha,Muscoidea,Fanniidae,#child.Fanniidae,Fannia,#N/C,6.20833333333333,3.92666666666667,1.41333333333333
FAIRD1_0016,FAIRD,FAIRD1,Site1,Maize,FAIRDxMaize,2023-08-25 16:40:46,2023-08-25 16:41:10,00:00:24,fly,Insecta,Diptera,Brachycera,Muscomorpha,Muscoidea,Fanniidae,#child.Fanniidae,Fannia,#N/C,6.20833333333333,3.92666666666667,1.41333333333333
FAIRD1_0017,FAIRD,FAIRD1,Site1,Maize,FAIRDxMaize,2023-08-25 16:53:15,2023-08-25 16:53:27,00:00:12,fly,Insecta,Diptera,Brachycera,Muscomorpha,Muscoidea,Fanniidae,#child.Fanniidae,Fannia,#N/C,6.20833333333333,3.92666666666667,1.41333333333333
FAIRD1_0018,FAIRD,FAIRD1,Site1,Maize,FAIRDxMaize,2023-08-25 17:13:57,2023-08-25 17:14:04,00:00:07,fly,Insecta,Diptera,Brachycera,Muscomorpha,Muscoidea,Fanniidae,#child.Fanniidae,Fannia,#N/C,6.20833333333333,3.92666666666667,1.41333333333333
FAIRD1_0019,FAIRD,FAIRD1,Site1,Maize,FAIRDxMaize,2023-08-25 17:13:57,2023-08-25 17:14:08,00:00:11,fly,Insecta,Diptera,Brachycera,#N/C,#N/C,#N/C,#N/C,#N/C,#N/C,8.4004979253112,5.45134854771784,1.71630705394191
FAIRD1_0020,FAIRD,FAIRD1,Site1,Maize,FAIRDxMaize,2023-08-25 17:30:10,2023-08-25 17:30:43,00:00:33,flesh_fly,Insecta,Diptera,Brachycera,Muscomorpha,Oestroidea,Tachinidae,Exoristinae,#N/C,#N/C,8.6963448275862,5.52255172413793,1.75466666666667
FAIRD1_0021,FAIRD,FAIRD1,Site1,Maize,FAIRDxMaize,2023-08-25 18:04:09,2023-08-25 18:04:17,00:00:08,fly,Insecta,Diptera,Brachycera,Muscomorpha,Muscoidea,Fanniidae,#child.Fanniidae,Fannia,#N/C,6.20833333333333,3.92666666666667,1.41333333333333
FAIRD1_0022,FAIRD,FAIRD1,Site1,Maize,FAIRDxMaize,2023-08-25 18:29:01,2023-08-25 18:29:35,00:00:34,fly,Insecta,Diptera,Brachycera,Muscomorpha,Muscoidea,Fanniidae,#child.Fanniidae,Fannia,#N/C,6.20833333333333,3.92666666666667,1.41333333333333
FAIRD1_0023,FAIRD,FAIRD1,Site1,Maize,FAIRDxMaize,2023-08-26 07:39:33,2023-08-26 07:40:39,00:01:06,fly,Insecta,Diptera,Brachycera,Muscomorpha,Muscoidea,Fanniidae,#child.Fanniidae,Fannia,#N/C,6.20833333333333,3.92666666666667,1.41333333333333
FAIRD1_0024,FAIRD,FAIRD1,Site1,Maize,FAIRDxMaize,2023-08-26 08:05:14,2023-08-26 08:05:27,00:00:13,wasp,Insecta,Hymenoptera,Apocrita,Aculeata,Vespoidea,Vespidae,Vespinae,Vespula,#N/C,71.46,13.6133333333333,4.02666666666667
FAIRD1_0025,FAIRD,FAIRD1,Site1,Maize,FAIRDxMaize,2023-08-26 08:06:01,2023-08-26 08:08:23,00:02:22,fly,Insecta,Diptera,Brachycera,Muscomorpha,Muscoidea,#N/C,#N/C,#N/C,#N/C,12.1985,5.67392857142857,2.11907142857143
FAIRD1_0026,FAIRD,FAIRD1,Site1,Maize,FAIRDxMaize,2023-08-26 08:10:04,2023-08-26 08:10:08,00:00:04,fly,Insecta,Diptera,Brachycera,Muscomorpha,Muscoidea,Fanniidae,#child.Fanniidae,Fannia,#N/C,6.20833333333333,3.92666666666667,1.41333333333333
FAIRD1_0027,FAIRD,FAIRD1,Site1,Maize,FAIRDxMaize,2023-08-26 08:16:20,2023-08-26 08:16:57,00:00:37,fly,Insecta,Diptera,Brachycera,Muscomorpha,Muscoidea,Fanniidae,#child.Fanniidae,Fannia,#N/C,6.20833333333333,3.92666666666667,1.41333333333333
FAIRD1_0028,FAIRD,FAIRD1,Site1,Maize,FAIRDxMaize,2023-08-26 08:31:47,2023-08-26 08:32:00,00:00:13,fly,Insecta,Diptera,Brachycera,Muscomorpha,Muscoidea,#N/C,#N/C,#N/C,#N/C,12.1985,5.67392857142857,2.11907142857143
FAIRD1_0029,FAIRD,FAIRD1,Site1,Maize,FAIRDxMaize,2023-08-26 08:32:31,2023-08-26 08:33:30,00:00:59,fly,Insecta,Diptera,Brachycera,Muscomorpha,Muscoidea,Fanniidae,#child.Fanniidae,Fannia,#N/C,6.20833333333333,3.92666666666667,1.41333333333333
FAIRD1_0030,FAIRD,FAIRD1,Site1,Maize,FAIRDxMaize,2023-08-26 08:32:31,2023-08-26 08:34:33,00:02:02,fly,Insecta,Diptera,Brachycera,Muscomorpha,Muscoidea,Fanniidae,#child.Fanniidae,Fannia,#N/C,6.20833333333333,3.92666666666667,1.41333333333333
FAIRD1_0031,FAIRD,FAIRD1,Site1,Maize,FAIRDxMaize,2023-08-26 08:37:25,2023-08-26 08:37:56,00:00:31,fly,Insecta,Diptera,Brachycera,Muscomorpha,Muscoidea,#N/C,#N/C,#N/C,#N/C,12.1985,5.67392857142857,2.11907142857143
FAIRD1_0032,FAIRD,FAIRD1,Site1,Maize,FAIRDxMaize,2023-08-26 08:37:32,2023-08-26 08:37:56,00:00:24,scavenger_fly,Insecta,Diptera,Brachycera,Muscomorpha,Sciomyzoidea,Sepsidae,Sepsinae,Parapalaeosepsis,#N/C,1.54238095238095,3.37476190476191,0.964285714285714
FAIRD1_0033,FAIRD,FAIRD1,Site1,Maize,FAIRDxMaize,2023-08-26 08:38:28,2023-08-26 08:38:32,00:00:04,fly,Insecta,Diptera,Brachycera,Muscomorpha,Muscoidea,Fanniidae,#child.Fanniidae,Fannia,#N/C,6.20833333333333,3.92666666666667,1.41333333333333
FAIRD1_0034,FAIRD,FAIRD1,Site1,Maize,FAIRDxMaize,2023-08-26 08:41:24,2023-08-26 08:42:52,00:01:28,fly,Insecta,Diptera,Brachycera,#N/C,#N/C,#N/C,#N/C,#N/C,#N/C,8.4004979253112,5.45134854771784,1.71630705394191
FAIRD1_0035,FAIRD,FAIRD1,Site1,Maize,FAIRDxMaize,2023-08-26 08:47:34,2023-08-26 08:50:15,00:02:41,fly,Insecta,Diptera,Brachycera,Muscomorpha,Muscoidea,#N/C,#N/C,#N/C,#N/C,12.1985,5.67392857142857,2.11907142857143
FAIRD1_0036,FAIRD,FAIRD1,Site1,Maize,FAIRDxMaize,2023-08-26 08:47:48,2023-08-26 08:50:30,00:02:42,fly,Insecta,Diptera,Brachycera,Muscomorpha,Muscoidea,#N/C,#N/C,#N/C,#N/C,12.1985,5.67392857142857,2.11907142857143
FAIRD1_0037,FAIRD,FAIRD1,Site1,Maize,FAIRDxMaize,2023-08-26 08:53:28,2023-08-26 08:53:36,00:00:08,fly,Insecta,Diptera,Brachycera,#N/C,#N/C,#N/C,#N/C,#N/C,#N/C,8.4004979253112,5.45134854771784,1.71630705394191
FAIRD1_0038,FAIRD,FAIRD1,Site1,Maize,FAIRDxMaize,2023-08-26 08:53:28,2023-08-26 08:54:37,00:01:09,fly,Insecta,Diptera,Brachycera,#N/C,#N/C,#N/C,#N/C,#N/C,#N/C,8.4004979253112,5.45134854771784,1.71630705394191
FAIRD1_0039,FAIRD,FAIRD1,Site1,Maize,FAIRDxMaize,2023-08-26 08:54:10,2023-08-26 08:57:29,00:03:19,fly,Insecta,Diptera,Brachycera,Muscomorpha,Muscoidea,Fanniidae,#child.Fanniidae,Fannia,#N/C,6.20833333333333,3.92666666666667,1.41333333333333
FAIRD1_0040,FAIRD,FAIRD1,Site1,Maize,FAIRDxMaize,2023-08-26 08:54:27,2023-08-26 08:55:30,00:01:03,?,Insecta,#N/C,#N/C,#N/C,#N/C,#N/C,#N/C,#N/C,#N/C,24.2840884279476,6.53678493449783,2.11444868995633
FAIRD1_0041,FAIRD,FAIRD1,Site1,Maize,FAIRDxMaize,2023-08-26 08:55:51,2023-08-26 08:57:12,00:01:21,fly,Insecta,Diptera,Brachycera,#N/C,#N/C,#N/C,#N/C,#N/C,#N/C,8.4004979253112,5.45134854771784,1.71630705394191
FAIRD1_0042,FAIRD,FAIRD1,Site1,Maize,FAIRDxMaize,2023-08-26 08:55:57,2023-08-26 08:56:39,00:00:42,fly,Insecta,Diptera,Brachycera,#N/C,#N/C,#N/C,#N/C,#N/C,#N/C,8.4004979253112,5.45134854771784,1.71630705394191
FAIRD1_0043,FAIRD,FAIRD1,Site1,Maize,FAIRDxMaize,2023-08-26 08:56:41,2023-08-26 08:58:29,00:01:48,fly,Insecta,Diptera,Brachycera,Muscomorpha,Muscoidea,Fanniidae,#child.Fanniidae,Fannia,#N/C,6.20833333333333,3.92666666666667,1.41333333333333
FAIRD1_0044,FAIRD,FAIRD1,Site1,Maize,FAIRDxMaize,2023-08-26 08:57:26,2023-08-26 08:57:44,00:00:18,?,Insecta,#N/C,#N/C,#N/C,#N/C,#N/C,#N/C,#N/C,#N/C,24.2840884279476,6.53678493449783,2.11444868995633
FAIRD1_0045,FAIRD,FAIRD1,Site1,Maize,FAIRDxMaize,2023-08-26 08:57:26,2023-08-26 08:58:36,00:01:10,fly,Insecta,Diptera,Brachycera,Muscomorpha,Muscoidea,Fanniidae,#child.Fanniidae,Fannia,#N/C,6.20833333333333,3.92666666666667,1.41333333333333
FAIRD1_0046,FAIRD,FAIRD1,Site1,Maize,FAIRDxMaize,2023-08-26 09:03:07,2023-08-26 09:03:14,00:00:07,fly,Insecta,Diptera,Brachycera,#N/C,#N/C,#N/C,#N/C,#N/C,#N/C,8.4004979253112,5.45134854771784,1.71630705394191
FAIRD1_0047,FAIRD,FAIRD1,Site1,Maize,FAIRDxMaize,2023-08-26 09:05:21,2023-08-26 09:05:37,00:00:16,fly,Insecta,Diptera,Brachycera,Muscomorpha,Muscoidea,#N/C,#N/C,#N/C,#N/C,12.1985,5.67392857142857,2.11907142857143
FAIRD1_0048,FAIRD,FAIRD1,Site1,Maize,FAIRDxMaize,2023-08-26 09:18:07,2023-08-26 09:18:13,00:00:06,fly,Insecta,Diptera,Brachycera,Muscomorpha,Muscoidea,Fanniidae,#child.Fanniidae,Fannia,#N/C,6.20833333333333,3.92666666666667,1.41333333333333
FAIRD1_0049,FAIRD,FAIRD1,Site1,Maize,FAIRDxMaize,2023-08-26 09:34:06,2023-08-26 09:34:11,00:00:05,fly,Insecta,Diptera,Brachycera,Muscomorpha,Muscoidea,#N/C,#N/C,#N/C,#N/C,12.1985,5.67392857142857,2.11907142857143
FAIRD1_0050,FAIRD,FAIRD1,Site1,Maize,FAIRDxMaize,2023-08-26 09:34:06,2023-08-26 09:34:17,00:00:11,fly,Insecta,Diptera,Brachycera,Muscomorpha,Muscoidea,#N/C,#N/C,#N/C,#N/C,12.1985,5.67392857142857,2.11907142857143
FAIRD1_0051,FAIRD,FAIRD1,Site1,Maize,FAIRDxMaize,2023-08-26 09:58:43,2023-08-26 09:58:57,00:00:14,fly,Insecta,Diptera,Brachycera,Muscomorpha,Muscoidea,#N/C,#N/C,#N/C,#N/C,12.1985,5.67392857142857,2.11907142857143
FAIRD1_0052,FAIRD,FAIRD1,Site1,Maize,FAIRDxMaize,2023-08-26 10:00:22,2023-08-26 10:00:40,00:00:18,fly,Insecta,Diptera,Brachycera,Muscomorpha,Muscoidea,Fanniidae,#child.Fanniidae,Fannia,#N/C,6.20833333333333,3.92666666666667,1.41333333333333
FAIRD1_0053,FAIRD,FAIRD1,Site1,Maize,FAIRDxMaize,2023-08-26 10:02:17,2023-08-26 10:02:21,00:00:04,fly,Insecta,Diptera,Brachycera,Muscomorpha,Muscoidea,Fanniidae,#child.Fanniidae,Fannia,#N/C,6.20833333333333,3.92666666666667,1.41333333333333
FAIRD1_0054,FAIRD,FAIRD1,Site1,Maize,FAIRDxMaize,2023-08-26 10:03:49,2023-08-26 10:04:02,00:00:13,fly,Insecta,Diptera,Brachycera,Muscomorpha,Muscoidea,#N/C,#N/C,#N/C,#N/C,12.1985,5.67392857142857,2.11907142857143
FAIRD1_0055,FAIRD,FAIRD1,Site1,Maize,FAIRDxMaize,2023-08-26 10:03:49,2023-08-26 10:04:02,00:00:13,fly,Insecta,Diptera,Brachycera,Muscomorpha,Muscoidea,Fanniidae,#child.Fanniidae,Fannia,#N/C,6.20833333333333,3.92666666666667,1.41333333333333
FAIRD1_0056,FAIRD,FAIRD1,Site1,Maize,FAIRDxMaize,2023-08-26 10:37:09,2023-08-26 10:37:15,00:00:06,fly,Insecta,Diptera,Brachycera,Muscomorpha,Muscoidea,Fanniidae,#child.Fanniidae,Fannia,#N/C,6.20833333333333,3.92666666666667,1.41333333333333
FAIRD1_0057,FAIRD,FAIRD1,Site1,Maize,FAIRDxMaize,2023-08-26 10:43:09,2023-08-26 10:43:13,00:00:04,?,Insecta,#N/C,#N/C,#N/C,#N/C,#N/C,#N/C,#N/C,#N/C,24.2840884279476,6.53678493449783,2.11444868995633
FAIRD1_0058,FAIRD,FAIRD1,Site1,Maize,FAIRDxMaize,2023-08-26 10:43:09,2023-08-26 10:43:21,00:00:12,fly,Insecta,Diptera,Brachycera,Muscomorpha,Muscoidea,Fanniidae,#child.Fanniidae,Fannia,#N/C,6.20833333333333,3.92666666666667,1.41333333333333
FAIRD1_0059,FAIRD,FAIRD1,Site1,Maize,FAIRDxMaize,2023-08-26 10:45:34,2023-08-26 10:45:45,00:00:11,fly,Insecta,Diptera,Brachycera,Muscomorpha,Muscoidea,Fanniidae,#child.Fanniidae,Fannia,#N/C,6.20833333333333,3.92666666666667,1.41333333333333
FAIRD1_0060,FAIRD,FAIRD1,Site1,Maize,FAIRDxMaize,2023-08-26 10:46:27,2023-08-26 10:46:30,00:00:03,?,Insecta,#N/C,#N/C,#N/C,#N/C,#N/C,#N/C,#N/C,#N/C,24.2840884279476,6.53678493449783,2.11444868995633
FAIRD1_0062,FAIRD,FAIRD1,Site1,Maize,FAIRDxMaize,2023-08-26 10:51:04,2023-08-26 10:51:25,00:00:21,fly,Insecta,Diptera,Brachycera,Muscomorpha,Muscoidea,#N/C,#N/C,#N/C,#N/C,12.1985,5.67392857142857,2.11907142857143
FAIRD1_0063,FAIRD,FAIRD1,Site1,Maize,FAIRDxMaize,2023-08-26 11:04:12,2023-08-26 11:04:16,00:00:04,fly,Insecta,Diptera,Brachycera,#N/C,#N/C,#N/C,#N/C,#N/C,#N/C,8.4004979253112,5.45134854771784,1.71630705394191
FAIRD1_0064,FAIRD,FAIRD1,Site1,Maize,FAIRDxMaize,2023-08-26 11:04:12,2023-08-26 11:04:23,00:00:11,fly,Insecta,Diptera,Brachycera,Muscomorpha,Muscoidea,#N/C,#N/C,#N/C,#N/C,12.1985,5.67392857142857,2.11907142857143
FAIRD1_0065,FAIRD,FAIRD1,Site1,Maize,FAIRDxMaize,2023-08-26 11:10:17,2023-08-26 11:11:20,00:01:03,fly,Insecta,Diptera,Brachycera,#N/C,#N/C,#N/C,#N/C,#N/C,#N/C,8.4004979253112,5.45134854771784,1.71630705394191
FAIRD1_0066,FAIRD,FAIRD1,Site1,Maize,FAIRDxMaize,2023-08-26 11:14:33,2023-08-26 11:14:40,00:00:07,wasp,Insecta,Hymenoptera,Apocrita,Aculeata,Vespoidea,Vespidae,Vespinae,Vespula,#N/C,71.46,13.6133333333333,4.02666666666667
FAIRD1_0067,FAIRD,FAIRD1,Site1,Maize,FAIRDxMaize,2023-08-26 11:17:38,2023-08-26 11:17:43,00:00:05,fly,Insecta,Diptera,Brachycera,Muscomorpha,Muscoidea,Fanniidae,#child.Fanniidae,Fannia,#N/C,6.20833333333333,3.92666666666667,1.41333333333333
FAIRD1_0068,FAIRD,FAIRD1,Site1,Maize,FAIRDxMaize,2023-08-26 11:21:10,2023-08-26 11:21:16,00:00:06,fly,Insecta,Diptera,Brachycera,#N/C,#N/C,#N/C,#N/C,#N/C,#N/C,8.4004979253112,5.45134854771784,1.71630705394191
FAIRD1_0070,FAIRD,FAIRD1,Site1,Maize,FAIRDxMaize,2023-08-26 11:35:43,2023-08-26 11:35:50,00:00:07,fly,Insecta,Diptera,Brachycera,#N/C,#N/C,#N/C,#N/C,#N/C,#N/C,8.4004979253112,5.45134854771784,1.71630705394191
FAIRD1_0072,FAIRD,FAIRD1,Site1,Maize,FAIRDxMaize,2023-08-26 11:36:49,2023-08-26 11:37:02,00:00:13,fly,Insecta,Diptera,Brachycera,Muscomorpha,Muscoidea,#N/C,#N/C,#N/C,#N/C,12.1985,5.67392857142857,2.11907142857143
FAIRD1_0074,FAIRD,FAIRD1,Site1,Maize,FAIRDxMaize,2023-08-26 11:47:18,2023-08-26 11:50:01,00:02:43,fly,Insecta,Diptera,Brachycera,#N/C,#N/C,#N/C,#N/C,#N/C,#N/C,8.4004979253112,5.45134854771784,1.71630705394191
FAIRD1_0075,FAIRD,FAIRD1,Site1,Maize,FAIRDxMaize,2023-08-26 11:48:25,2023-08-26 11:48:29,00:00:04,?,Insecta,Diptera,Brachycera,#N/C,#N/C,#N/C,#N/C,#N/C,#N/C,8.4004979253112,5.45134854771784,1.71630705394191
FAIRD1_0076,FAIRD,FAIRD1,Site1,Maize,FAIRDxMaize,2023-08-26 11:49:05,2023-08-26 11:49:30,00:00:25,fly,Insecta,Diptera,Brachycera,#N/C,#N/C,#N/C,#N/C,#N/C,#N/C,8.4004979253112,5.45134854771784,1.71630705394191
FAIRD1_0077,FAIRD,FAIRD1,Site1,Maize,FAIRDxMaize,2023-08-26 11:49:15,2023-08-26 11:49:26,00:00:11,fly,Insecta,Diptera,Brachycera,Muscomorpha,Muscoidea,Fanniidae,#child.Fanniidae,Fannia,#N/C,6.20833333333333,3.92666666666667,1.41333333333333
FAIRD1_0078,FAIRD,FAIRD1,Site1,Maize,FAIRDxMaize,2023-08-26 11:52:46,2023-08-26 11:57:26,00:04:40,fly,Insecta,Diptera,Brachycera,#N/C,#N/C,#N/C,#N/C,#N/C,#N/C,8.4004979253112,5.45134854771784,1.71630705394191
FAIRD1_0079,FAIRD,FAIRD1,Site1,Maize,FAIRDxMaize,2023-08-26 11:53:17,2023-08-26 11:53:29,00:00:12,fly,Insecta,Diptera,Brachycera,Muscomorpha,Muscoidea,Fanniidae,#child.Fanniidae,Fannia,#N/C,6.20833333333333,3.92666666666667,1.41333333333333
FAIRD1_0080,FAIRD,FAIRD1,Site1,Maize,FAIRDxMaize,2023-08-26 11:57:18,2023-08-26 11:57:26,00:00:08,flesh_fly,Insecta,Diptera,Brachycera,Muscomorpha,Oestroidea,Sarcophagidae,#N/C,#N/C,#N/C,8.6963448275862,5.52255172413793,1.75466666666667
FAIRD1_0082,FAIRD,FAIRD1,Site1,Maize,FAIRDxMaize,2023-08-26 12:01:51,2023-08-26 12:02:03,00:00:12,fly,Insecta,Diptera,Brachycera,Muscomorpha,Muscoidea,Fanniidae,#child.Fanniidae,Fannia,#N/C,6.20833333333333,3.92666666666667,1.41333333333333
FAIRD1_0084,FAIRD,FAIRD1,Site1,Maize,FAIRDxMaize,2023-08-26 12:05:23,2023-08-26 12:06:11,00:00:48,fly,Insecta,Diptera,Brachycera,Muscomorpha,Muscoidea,#N/C,#N/C,#N/C,#N/C,12.1985,5.67392857142857,2.11907142857143
FAIRD1_0085,FAIRD,FAIRD1,Site1,Maize,FAIRDxMaize,2023-08-26 12:06:08,2023-08-26 12:06:11,00:00:03,fly,Insecta,Diptera,Brachycera,Muscomorpha,Muscoidea,Fanniidae,#child.Fanniidae,Fannia,#N/C,6.20833333333333,3.92666666666667,1.41333333333333
FAIRD1_0086,FAIRD,FAIRD1,Site1,Maize,FAIRDxMaize,2023-08-26 12:06:16,2023-08-26 12:06:20,00:00:04,fly,Insecta,Diptera,Brachycera,Muscomorpha,Muscoidea,#N/C,#N/C,#N/C,#N/C,12.1985,5.67392857142857,2.11907142857143
FAIRD1_0087,FAIRD,FAIRD1,Site1,Maize,FAIRDxMaize,2023-08-26 12:22:14,2023-08-26 12:22:20,00:00:06,fly,Insecta,Diptera,Brachycera,Muscomorpha,Muscoidea,Fanniidae,#child.Fanniidae,Fannia,#N/C,6.20833333333333,3.92666666666667,1.41333333333333
FAIRD1_0088,FAIRD,FAIRD1,Site1,Maize,FAIRDxMaize,2023-08-26 12:25:10,2023-08-26 12:26:43,00:01:33,fly,Insecta,Diptera,Brachycera,#N/C,#N/C,#N/C,#N/C,#N/C,#N/C,8.4004979253112,5.45134854771784,1.71630705394191
FAIRD1_0089,FAIRD,FAIRD1,Site1,Maize,FAIRDxMaize,2023-08-26 12:38:34,2023-08-26 12:38:38,00:00:04,fly,Insecta,Diptera,Brachycera,Muscomorpha,Muscoidea,Fanniidae,#child.Fanniidae,Fannia,#N/C,6.20833333333333,3.92666666666667,1.41333333333333
FAIRD1_0090,FAIRD,FAIRD1,Site1,Maize,FAIRDxMaize,2023-08-26 12:48:53,2023-08-26 12:49:06,00:00:13,fly,Insecta,Diptera,Brachycera,Muscomorpha,Muscoidea,Fanniidae,#child.Fanniidae,Fannia,#N/C,6.20833333333333,3.92666666666667,1.41333333333333
FAIRD1_0091,FAIRD,FAIRD1,Site1,Maize,FAIRDxMaize,2023-08-26 12:49:27,2023-08-26 12:49:54,00:00:27,fly,Insecta,Diptera,Brachycera,#N/C,#N/C,#N/C,#N/C,#N/C,#N/C,8.4004979253112,5.45134854771784,1.71630705394191
FAIRD1_0094,FAIRD,FAIRD1,Site1,Maize,FAIRDxMaize,2023-08-26 13:00:36,2023-08-26 13:00:46,00:00:10,fly,Insecta,Diptera,Brachycera,Muscomorpha,Muscoidea,#N/C,#N/C,#N/C,#N/C,12.1985,5.67392857142857,2.11907142857143
FAIRD1_0095,FAIRD,FAIRD1,Site1,Maize,FAIRDxMaize,2023-08-26 13:00:36,2023-08-26 13:00:50,00:00:14,fly,Insecta,Diptera,Brachycera,#N/C,#N/C,#N/C,#N/C,#N/C,#N/C,8.4004979253112,5.45134854771784,1.71630705394191
FAIRD1_0096,FAIRD,FAIRD1,Site1,Maize,FAIRDxMaize,2023-08-26 13:52:59,2023-08-26 13:53:18,00:00:19,fly,Insecta,Diptera,Brachycera,Muscomorpha,Muscoidea,Fanniidae,#child.Fanniidae,Fannia,#N/C,6.20833333333333,3.92666666666667,1.41333333333333
FAIRD1_0100,FAIRD,FAIRD1,Site1,Maize,FAIRDxMaize,2023-08-26 14:10:02,2023-08-26 14:10:48,00:00:46,fly,Insecta,Diptera,Brachycera,Muscomorpha,Muscoidea,Fanniidae,#child.Fanniidae,Fannia,#N/C,6.20833333333333,3.92666666666667,1.41333333333333
FAIRD1_0101,FAIRD,FAIRD1,Site1,Maize,FAIRDxMaize,2023-08-26 14:25:09,2023-08-26 14:25:27,00:00:18,fly,Insecta,Diptera,Brachycera,Muscomorpha,Muscoidea,Fanniidae,#child.Fanniidae,Fannia,#N/C,6.20833333333333,3.92666666666667,1.41333333333333
FAIRD1_0102,FAIRD,FAIRD1,Site1,Maize,FAIRDxMaize,2023-08-26 14:28:54,2023-08-26 14:29:06,00:00:12,fly,Insecta,Diptera,Brachycera,Muscomorpha,Muscoidea,Fanniidae,#child.Fanniidae,Fannia,#N/C,6.20833333333333,3.92666666666667,1.41333333333333
FAIRD1_0103,FAIRD,FAIRD1,Site1,Maize,FAIRDxMaize,2023-08-26 14:28:54,2023-08-26 14:29:47,00:00:53,fly,Insecta,Diptera,Brachycera,Muscomorpha,Muscoidea,Fanniidae,#child.Fanniidae,Fannia,#N/C,6.20833333333333,3.92666666666667,1.41333333333333
FAIRD1_0104,FAIRD,FAIRD1,Site1,Maize,FAIRDxMaize,2023-08-26 14:29:06,2023-08-26 14:29:16,00:00:10,fly,Insecta,Diptera,Brachycera,#N/C,#N/C,#N/C,#N/C,#N/C,#N/C,8.4004979253112,5.45134854771784,1.71630705394191
FAIRD1_0105,FAIRD,FAIRD1,Site1,Maize,FAIRDxMaize,2023-08-26 14:29:35,2023-08-26 14:29:43,00:00:08,fly,Insecta,Diptera,Brachycera,Muscomorpha,Muscoidea,Fanniidae,#child.Fanniidae,Fannia,#N/C,6.20833333333333,3.92666666666667,1.41333333333333
FAIRD1_0106,FAIRD,FAIRD1,Site1,Maize,FAIRDxMaize,2023-08-26 14:35:54,2023-08-26 14:36:00,00:00:06,bee,Insecta,Hymenoptera,Apocrita,Aculeata,Apoidea,Apidae,Apinae,#N/C,#N/C,64.4823076923077,8.92589743589744,3.27948717948718
FAIRD1_0108,FAIRD,FAIRD1,Site1,Maize,FAIRDxMaize,2023-08-26 14:49:12,2023-08-26 14:49:21,00:00:09,fly,Insecta,Diptera,Brachycera,Muscomorpha,Muscoidea,Fanniidae,#child.Fanniidae,Fannia,#N/C,6.20833333333333,3.92666666666667,1.41333333333333
FAIRD1_0109,FAIRD,FAIRD1,Site1,Maize,FAIRDxMaize,2023-08-26 14:49:12,2023-08-26 14:49:23,00:00:11,fly,Insecta,Diptera,Brachycera,#N/C,#N/C,#N/C,#N/C,#N/C,#N/C,8.4004979253112,5.45134854771784,1.71630705394191
FAIRD1_0110,FAIRD,FAIRD1,Site1,Maize,FAIRDxMaize,2023-08-26 14:50:20,2023-08-26 14:50:32,00:00:12,fly,Insecta,Diptera,Brachycera,#N/C,#N/C,#N/C,#N/C,#N/C,#N/C,8.4004979253112,5.45134854771784,1.71630705394191
FAIRD1_0113,FAIRD,FAIRD1,Site1,Maize,FAIRDxMaize,2023-08-26 14:52:49,2023-08-26 14:53:14,00:00:25,fly,Insecta,Diptera,Brachycera,Muscomorpha,Muscoidea,Fanniidae,#child.Fanniidae,Fannia,#N/C,6.20833333333333,3.92666666666667,1.41333333333333
FAIRD1_0114,FAIRD,FAIRD1,Site1,Maize,FAIRDxMaize,2023-08-26 14:54:40,2023-08-26 14:55:53,00:01:13,fly,Insecta,Diptera,Brachycera,Muscomorpha,Muscoidea,#N/C,#N/C,#N/C,#N/C,12.1985,5.67392857142857,2.11907142857143
FAIRD1_0115,FAIRD,FAIRD1,Site1,Maize,FAIRDxMaize,2023-08-26 14:55:45,2023-08-26 14:55:50,00:00:05,fly,Insecta,Diptera,Brachycera,Muscomorpha,Muscoidea,Fanniidae,#child.Fanniidae,Fannia,#N/C,6.20833333333333,3.92666666666667,1.41333333333333
FAIRD1_0116,FAIRD,FAIRD1,Site1,Maize,FAIRDxMaize,2023-08-26 14:55:45,2023-08-26 14:55:47,00:00:02,fly,Insecta,Diptera,Brachycera,#N/C,#N/C,#N/C,#N/C,#N/C,#N/C,8.4004979253112,5.45134854771784,1.71630705394191
FAIRD1_0117,FAIRD,FAIRD1,Site1,Maize,FAIRDxMaize,2023-08-26 14:58:35,2023-08-26 14:58:50,00:00:15,fly,Insecta,Diptera,Brachycera,Muscomorpha,Muscoidea,#N/C,#N/C,#N/C,#N/C,12.1985,5.67392857142857,2.11907142857143
FAIRD1_0118,FAIRD,FAIRD1,Site1,Maize,FAIRDxMaize,2023-08-26 15:04:32,2023-08-26 15:04:39,00:00:07,fly,Insecta,Diptera,Brachycera,Muscomorpha,Muscoidea,#N/C,#N/C,#N/C,#N/C,12.1985,5.67392857142857,2.11907142857143
FAIRD1_0119,FAIRD,FAIRD1,Site1,Maize,FAIRDxMaize,2023-08-26 15:16:25,2023-08-26 15:16:47,00:00:22,fly,Insecta,Diptera,Brachycera,Muscomorpha,Muscoidea,Fanniidae,#child.Fanniidae,Fannia,#N/C,6.20833333333333,3.92666666666667,1.41333333333333
FAIRD1_0120,FAIRD,FAIRD1,Site1,Maize,FAIRDxMaize,2023-08-26 15:17:10,2023-08-26 15:18:18,00:01:08,fly,Insecta,Diptera,Brachycera,Muscomorpha,Muscoidea,#N/C,#N/C,#N/C,#N/C,12.1985,5.67392857142857,2.11907142857143
FAIRD1_0121,FAIRD,FAIRD1,Site1,Maize,FAIRDxMaize,2023-08-26 15:17:10,2023-08-26 15:17:47,00:00:37,fly,Insecta,Diptera,Brachycera,Muscomorpha,Muscoidea,#N/C,#N/C,#N/C,#N/C,12.1985,5.67392857142857,2.11907142857143
FAIRD1_0122,FAIRD,FAIRD1,Site1,Maize,FAIRDxMaize,2023-08-26 15:20:00,2023-08-26 15:20:32,00:00:32,fly,Insecta,Diptera,Brachycera,Muscomorpha,Muscoidea,Fanniidae,#child.Fanniidae,Fannia,#N/C,6.20833333333333,3.92666666666667,1.41333333333333
FAIRD1_0123,FAIRD,FAIRD1,Site1,Maize,FAIRDxMaize,2023-08-26 15:31:16,2023-08-26 15:31:30,00:00:14,fly,Insecta,Diptera,Brachycera,Muscomorpha,Muscoidea,Fanniidae,#child.Fanniidae,Fannia,#N/C,6.20833333333333,3.92666666666667,1.41333333333333
FAIRD1_0124,FAIRD,FAIRD1,Site1,Maize,FAIRDxMaize,2023-08-26 15:51:08,2023-08-26 15:51:30,00:00:22,fly,Insecta,Diptera,Brachycera,Muscomorpha,Muscoidea,Fanniidae,#child.Fanniidae,Fannia,#N/C,6.20833333333333,3.92666666666667,1.41333333333333
FAIRD1_0125,FAIRD,FAIRD1,Site1,Maize,FAIRDxMaize,2023-08-26 16:00:42,2023-08-26 16:01:13,00:00:31,fly,Insecta,Diptera,Brachycera,Muscomorpha,Muscoidea,Fanniidae,#child.Fanniidae,Fannia,#N/C,6.20833333333333,3.92666666666667,1.41333333333333
FAIRD1_0126,FAIRD,FAIRD1,Site1,Maize,FAIRDxMaize,2023-08-26 17:11:45,2023-08-26 17:13:11,00:01:26,fly,Insecta,Diptera,Brachycera,Muscomorpha,Muscoidea,#N/C,#N/C,#N/C,#N/C,12.1985,5.67392857142857,2.11907142857143
FAIRD1_0127,FAIRD,FAIRD1,Site1,Maize,FAIRDxMaize,2023-08-27 09:25:32,2023-08-27 09:25:40,00:00:08,fly,Insecta,Diptera,Brachycera,Muscomorpha,Muscoidea,Fanniidae,#child.Fanniidae,Fannia,#N/C,6.20833333333333,3.92666666666667,1.41333333333333
FAIRD1_0129,FAIRD,FAIRD1,Site1,Maize,FAIRDxMaize,2023-08-27 09:46:45,2023-08-27 09:46:58,00:00:13,fly,Insecta,Diptera,Brachycera,#N/C,#N/C,#N/C,#N/C,#N/C,#N/C,8.4004979253112,5.45134854771784,1.71630705394191
FAIRD1_0130,FAIRD,FAIRD1,Site1,Maize,FAIRDxMaize,2023-08-27 09:52:31,2023-08-27 09:52:45,00:00:14,fly,Insecta,Diptera,Brachycera,Muscomorpha,Muscoidea,Fanniidae,#child.Fanniidae,Fannia,#N/C,6.20833333333333,3.92666666666667,1.41333333333333
FAIRD1_0131,FAIRD,FAIRD1,Site1,Maize,FAIRDxMaize,2023-08-27 09:52:31,2023-08-27 09:52:48,00:00:17,fly,Insecta,Diptera,Brachycera,Muscomorpha,Muscoidea,Fanniidae,#child.Fanniidae,Fannia,#N/C,6.20833333333333,3.92666666666667,1.41333333333333
FAIRD1_0133,FAIRD,FAIRD1,Site1,Maize,FAIRDxMaize,2023-08-27 09:53:00,2023-08-27 09:53:40,00:00:40,fly,Insecta,Diptera,Brachycera,Muscomorpha,Muscoidea,Fanniidae,#child.Fanniidae,Fannia,#N/C,6.20833333333333,3.92666666666667,1.41333333333333
FAIRD1_0134,FAIRD,FAIRD1,Site1,Maize,FAIRDxMaize,2023-08-27 09:53:07,2023-08-27 09:54:17,00:01:10,fly,Insecta,Diptera,Brachycera,Muscomorpha,Muscoidea,Fanniidae,#child.Fanniidae,Fannia,#N/C,6.20833333333333,3.92666666666667,1.41333333333333
FAIRD1_0135,FAIRD,FAIRD1,Site1,Maize,FAIRDxMaize,2023-08-27 09:53:33,2023-08-27 09:53:39,00:00:06,fly,Insecta,Diptera,Brachycera,#N/C,#N/C,#N/C,#N/C,#N/C,#N/C,8.4004979253112,5.45134854771784,1.71630705394191
FAIRD1_0137,FAIRD,FAIRD1,Site1,Maize,FAIRDxMaize,2023-08-27 09:59:15,2023-08-27 09:59:29,00:00:14,fly,Insecta,Diptera,Brachycera,Muscomorpha,Muscoidea,#N/C,#N/C,#N/C,#N/C,12.1985,5.67392857142857,2.11907142857143
FAIRD1_0139,FAIRD,FAIRD1,Site1,Maize,FAIRDxMaize,2023-08-27 10:05:35,2023-08-27 10:22:10,00:16:35,fly,Insecta,Diptera,Brachycera,Muscomorpha,Muscoidea,#N/C,#N/C,#N/C,#N/C,12.1985,5.67392857142857,2.11907142857143
FAIRD1_0140,FAIRD,FAIRD1,Site1,Maize,FAIRDxMaize,2023-08-27 10:21:40,2023-08-27 10:22:12,00:00:32,?,Insecta,Diptera,Brachycera,#N/C,#N/C,#N/C,#N/C,#N/C,#N/C,8.4004979253112,5.45134854771784,1.71630705394191
FAIRD1_0141,FAIRD,FAIRD1,Site1,Maize,FAIRDxMaize,2023-08-27 10:29:49,2023-08-27 10:30:08,00:00:19,fly,Insecta,Diptera,Brachycera,Muscomorpha,Muscoidea,Fanniidae,#child.Fanniidae,Fannia,#N/C,6.20833333333333,3.92666666666667,1.41333333333333
FAIRD1_0142,FAIRD,FAIRD1,Site1,Maize,FAIRDxMaize,2023-08-27 10:35:18,2023-08-27 10:37:17,00:01:59,fly,Insecta,Diptera,Brachycera,Muscomorpha,Muscoidea,Fanniidae,#child.Fanniidae,Fannia,#N/C,6.20833333333333,3.92666666666667,1.41333333333333
FAIRD1_0143,FAIRD,FAIRD1,Site1,Maize,FAIRDxMaize,2023-08-27 10:35:53,2023-08-27 10:41:39,00:05:46,fly,Insecta,Diptera,Brachycera,Muscomorpha,Muscoidea,Fanniidae,#child.Fanniidae,Fannia,#N/C,6.20833333333333,3.92666666666667,1.41333333333333
FAIRD1_0144,FAIRD,FAIRD1,Site1,Maize,FAIRDxMaize,2023-08-27 10:43:10,2023-08-27 10:43:33,00:00:23,fly,Insecta,Diptera,Brachycera,Muscomorpha,Muscoidea,Fanniidae,#child.Fanniidae,Fannia,#N/C,6.20833333333333,3.92666666666667,1.41333333333333
FAIRD1_0145,FAIRD,FAIRD1,Site1,Maize,FAIRDxMaize,2023-08-27 11:07:15,2023-08-27 11:09:50,00:02:35,fly,Insecta,Diptera,Brachycera,Muscomorpha,Muscoidea,#N/C,#N/C,#N/C,#N/C,12.1985,5.67392857142857,2.11907142857143
FAIRD1_0146,FAIRD,FAIRD1,Site1,Maize,FAIRDxMaize,2023-08-27 11:07:15,2023-08-27 11:09:00,00:01:45,fly,Insecta,Diptera,Brachycera,Muscomorpha,Muscoidea,#N/C,#N/C,#N/C,#N/C,12.1985,5.67392857142857,2.11907142857143
FAIRD1_0147,FAIRD,FAIRD1,Site1,Maize,FAIRDxMaize,2023-08-27 11:09:27,2023-08-27 11:09:48,00:00:21,fly,Insecta,Diptera,Brachycera,Muscomorpha,Muscoidea,#N/C,#N/C,#N/C,#N/C,12.1985,5.67392857142857,2.11907142857143
FAIRD1_0148,FAIRD,FAIRD1,Site1,Maize,FAIRDxMaize,2023-08-27 11:21:07,2023-08-27 11:21:40,00:00:33,fly,Insecta,Diptera,Brachycera,Muscomorpha,Muscoidea,#N/C,#N/C,#N/C,#N/C,12.1985,5.67392857142857,2.11907142857143
FAIRD1_0149,FAIRD,FAIRD1,Site1,Maize,FAIRDxMaize,2023-08-27 11:34:54,2023-08-27 11:35:04,00:00:10,fly,Insecta,Diptera,Brachycera,Muscomorpha,Muscoidea,Fanniidae,#child.Fanniidae,Fannia,#N/C,6.20833333333333,3.92666666666667,1.41333333333333
FAIRD1_0151,FAIRD,FAIRD1,Site1,Maize,FAIRDxMaize,2023-08-27 11:34:54,2023-08-27 11:35:28,00:00:34,fly,Insecta,Diptera,Brachycera,Muscomorpha,Muscoidea,Fanniidae,#child.Fanniidae,Fannia,#N/C,6.20833333333333,3.92666666666667,1.41333333333333
FAIRD1_0152,FAIRD,FAIRD1,Site1,Maize,FAIRDxMaize,2023-08-27 11:36:10,2023-08-27 11:36:21,00:00:11,fly,Insecta,Diptera,Brachycera,Muscomorpha,Muscoidea,Fanniidae,#child.Fanniidae,Fannia,#N/C,6.20833333333333,3.92666666666667,1.41333333333333
FAIRD1_0153,FAIRD,FAIRD1,Site1,Maize,FAIRDxMaize,2023-08-27 11:36:10,2023-08-27 11:36:28,00:00:18,fly,Insecta,Diptera,Brachycera,Muscomorpha,Muscoidea,#N/C,#N/C,#N/C,#N/C,12.1985,5.67392857142857,2.11907142857143
FAIRD1_0154,FAIRD,FAIRD1,Site1,Maize,FAIRDxMaize,2023-08-27 11:37:45,2023-08-27 11:37:56,00:00:11,fly,Insecta,Diptera,Brachycera,Muscomorpha,Muscoidea,Fanniidae,#child.Fanniidae,Fannia,#N/C,6.20833333333333,3.92666666666667,1.41333333333333
FAIRD1_0155,FAIRD,FAIRD1,Site1,Maize,FAIRDxMaize,2023-08-27 11:38:36,2023-08-27 11:38:46,00:00:10,fly,Insecta,Diptera,Brachycera,Muscomorpha,Muscoidea,Fanniidae,#child.Fanniidae,Fannia,#N/C,6.20833333333333,3.92666666666667,1.41333333333333
FAIRD1_0156,FAIRD,FAIRD1,Site1,Maize,FAIRDxMaize,2023-08-27 11:38:36,2023-08-27 11:39:20,00:00:44,fly,Insecta,Diptera,Brachycera,Muscomorpha,Muscoidea,Fanniidae,#child.Fanniidae,Fannia,#N/C,6.20833333333333,3.92666666666667,1.41333333333333
FAIRD1_0157,FAIRD,FAIRD1,Site1,Maize,FAIRDxMaize,2023-08-27 11:39:36,2023-08-27 11:40:10,00:00:34,fly,Insecta,Diptera,Brachycera,Muscomorpha,Muscoidea,Fanniidae,#child.Fanniidae,Fannia,#N/C,6.20833333333333,3.92666666666667,1.41333333333333
FAIRD1_0158,FAIRD,FAIRD1,Site1,Maize,FAIRDxMaize,2023-08-27 11:49:44,2023-08-27 11:49:55,00:00:11,?,Insecta,#N/C,#N/C,#N/C,#N/C,#N/C,#N/C,#N/C,#N/C,24.2840884279476,6.53678493449783,2.11444868995633
FAIRD1_0159,FAIRD,FAIRD1,Site1,Maize,FAIRDxMaize,2023-08-27 11:49:44,2023-08-27 11:49:55,00:00:11,fly,Insecta,Diptera,Brachycera,#N/C,#N/C,#N/C,#N/C,#N/C,#N/C,8.4004979253112,5.45134854771784,1.71630705394191
FAIRD1_0162,FAIRD,FAIRD1,Site1,Maize,FAIRDxMaize,2023-08-27 12:13:33,2023-08-27 12:13:43,00:00:10,fly,Insecta,Diptera,Brachycera,Muscomorpha,Muscoidea,Fanniidae,#child.Fanniidae,Fannia,#N/C,6.20833333333333,3.92666666666667,1.41333333333333
FAIRD1_0163,FAIRD,FAIRD1,Site1,Maize,FAIRDxMaize,2023-08-27 12:13:33,2023-08-27 12:13:58,00:00:25,fly,Insecta,Diptera,Brachycera,Muscomorpha,Muscoidea,Fanniidae,#child.Fanniidae,Fannia,#N/C,6.20833333333333,3.92666666666667,1.41333333333333
FAIRD1_0164,FAIRD,FAIRD1,Site1,Maize,FAIRDxMaize,2023-08-27 12:58:20,2023-08-27 12:58:25,00:00:05,wasp,Insecta,Hymenoptera,Apocrita,Aculeata,Vespoidea,Vespidae,Vespinae,Vespula,#N/C,71.46,13.6133333333333,4.02666666666667
FAIRD1_0166,FAIRD,FAIRD1,Site1,Maize,FAIRDxMaize,2023-08-27 13:29:55,2023-08-27 13:30:06,00:00:11,fly,Insecta,Diptera,Brachycera,Muscomorpha,Muscoidea,#N/C,#N/C,#N/C,#N/C,12.1985,5.67392857142857,2.11907142857143
FAIRD1_0167,FAIRD,FAIRD1,Site1,Maize,FAIRDxMaize,2023-08-27 13:29:55,2023-08-27 13:30:15,00:00:20,fly,Insecta,Diptera,Brachycera,Muscomorpha,Muscoidea,Fanniidae,#child.Fanniidae,Fannia,#N/C,6.20833333333333,3.92666666666667,1.41333333333333
FAIRD1_0169,FAIRD,FAIRD1,Site1,Maize,FAIRDxMaize,2023-08-27 13:41:07,2023-08-27 13:41:19,00:00:12,fly,Insecta,Diptera,Brachycera,#N/C,#N/C,#N/C,#N/C,#N/C,#N/C,8.4004979253112,5.45134854771784,1.71630705394191
FAIRD1_0170,FAIRD,FAIRD1,Site1,Maize,FAIRDxMaize,2023-08-27 13:42:17,2023-08-27 13:44:35,00:02:18,fly,Insecta,Diptera,Brachycera,#N/C,#N/C,#N/C,#N/C,#N/C,#N/C,8.4004979253112,5.45134854771784,1.71630705394191
FAIRD1_0171,FAIRD,FAIRD1,Site1,Maize,FAIRDxMaize,2023-08-27 13:42:17,2023-08-27 13:45:03,00:02:46,fly,Insecta,Diptera,Brachycera,Muscomorpha,Muscoidea,Fanniidae,#child.Fanniidae,Fannia,#N/C,6.20833333333333,3.92666666666667,1.41333333333333
FAIRD1_0172,FAIRD,FAIRD1,Site1,Maize,FAIRDxMaize,2023-08-27 13:44:52,2023-08-27 13:45:03,00:00:11,fly,Insecta,Diptera,Brachycera,#N/C,#N/C,#N/C,#N/C,#N/C,#N/C,8.4004979253112,5.45134854771784,1.71630705394191
FAIRD1_0173,FAIRD,FAIRD1,Site1,Maize,FAIRDxMaize,2023-08-27 14:07:13,2023-08-27 14:08:01,00:00:48,fly,Insecta,Diptera,Brachycera,Muscomorpha,Muscoidea,Fanniidae,#child.Fanniidae,Fannia,#N/C,6.20833333333333,3.92666666666667,1.41333333333333
FAIRD1_0174,FAIRD,FAIRD1,Site1,Maize,FAIRDxMaize,2023-08-27 14:07:55,2023-08-27 14:08:07,00:00:12,fly,Insecta,Diptera,Brachycera,#N/C,#N/C,#N/C,#N/C,#N/C,#N/C,8.4004979253112,5.45134854771784,1.71630705394191
FAIRD1_0175,FAIRD,FAIRD1,Site1,Maize,FAIRDxMaize,2023-08-27 14:10:53,2023-08-27 14:11:04,00:00:11,fly,Insecta,Diptera,Brachycera,Muscomorpha,Muscoidea,Fanniidae,#child.Fanniidae,Fannia,#N/C,6.20833333333333,3.92666666666667,1.41333333333333
FAIRD1_0178,FAIRD,FAIRD1,Site1,Maize,FAIRDxMaize,2023-08-27 14:13:57,2023-08-27 14:14:08,00:00:11,?,Insecta,#N/C,#N/C,#N/C,#N/C,#N/C,#N/C,#N/C,#N/C,24.2840884279476,6.53678493449783,2.11444868995633
FAIRD1_0179,FAIRD,FAIRD1,Site1,Maize,FAIRDxMaize,2023-08-27 14:55:00,2023-08-27 14:55:13,00:00:13,fly,Insecta,Diptera,Brachycera,Muscomorpha,Muscoidea,#N/C,#N/C,#N/C,#N/C,12.1985,5.67392857142857,2.11907142857143
FAIRD1_0180,FAIRD,FAIRD1,Site1,Maize,FAIRDxMaize,2023-08-27 18:13:09,2023-08-27 18:14:00,00:00:51,fly,Insecta,Diptera,Brachycera,Muscomorpha,Muscoidea,Fanniidae,#child.Fanniidae,Fannia,#N/C,6.20833333333333,3.92666666666667,1.41333333333333
FAIRD1_0182,FAIRD,FAIRD1,Site1,Maize,FAIRDxMaize,2023-09-06 15:44:24,2023-09-06 15:44:51,00:00:27,ladybug,Insecta,Coleoptera,Polyphaga,Cucujiformia,Coccinelloidea,Coccinellidae,Coccinellinae,#N/C,#N/C,8.39571428571429,4.155,2.31535714285714
FAIRD1_0183,FAIRD,FAIRD1,Site1,Maize,FAIRDxMaize,2023-09-06 16:34:26,2023-09-06 16:34:47,00:00:21,fly,Insecta,Diptera,Brachycera,Muscomorpha,Muscoidea,#N/C,#N/C,#N/C,#N/C,12.1985,5.67392857142857,2.11907142857143
FAIRD1_0184,FAIRD,FAIRD1,Site1,Maize,FAIRDxMaize,2023-09-06 18:10:52,2023-09-06 18:10:57,00:00:05,fly,Insecta,Diptera,Brachycera,Muscomorpha,Muscoidea,Fanniidae,#child.Fanniidae,Fannia,#N/C,6.20833333333333,3.92666666666667,1.41333333333333
FAIRD1_0185,FAIRD,FAIRD1,Site1,Maize,FAIRDxMaize,2023-09-06 18:27:45,2023-09-06 18:27:49,00:00:04,fly,Insecta,Diptera,Brachycera,Muscomorpha,Muscoidea,Fanniidae,#child.Fanniidae,Fannia,#N/C,6.20833333333333,3.92666666666667,1.41333333333333
FAIRD1_0186,FAIRD,FAIRD1,Site1,Maize,FAIRDxMaize,2023-09-08 09:19:57,2023-09-08 09:20:39,00:00:42,fly,Insecta,Diptera,Brachycera,Muscomorpha,Muscoidea,Fanniidae,#child.Fanniidae,Fannia,#N/C,6.20833333333333,3.92666666666667,1.41333333333333
FAIRD1_0187,FAIRD,FAIRD1,Site1,Maize,FAIRDxMaize,2023-09-08 10:30:41,2023-09-08 10:49:40,00:18:59,spider,Arachnida,Araneae,Arneomorphae,Araneomorphae,Araneoidea,Araneidae,Araneinae,#N/C,#N/C,13.4574125874126,3.76447552447553,1.70097902097902
FAIRD1_0188,FAIRD,FAIRD1,Site1,Maize,FAIRDxMaize,2023-09-09 10:48:26,2023-09-09 10:48:45,00:00:19,ladybug,Insecta,Coleoptera,Polyphaga,Cucujiformia,Coccinelloidea,Coccinellidae,Coccinellinae,Coccinellini,#N/C,8.39571428571429,4.155,2.31535714285714
FAIRD1_0189,FAIRD,FAIRD1,Site1,Maize,FAIRDxMaize,2023-09-09 10:51:38,2023-09-09 10:51:43,00:00:05,fly,Insecta,Diptera,Brachycera,Muscomorpha,Muscoidea,Fanniidae,#child.Fanniidae,Fannia,#N/C,6.20833333333333,3.92666666666667,1.41333333333333
FAIRD1_0190,FAIRD,FAIRD1,Site1,Maize,FAIRDxMaize,2023-09-09 15:51:11,2023-09-09 17:49:06,01:57:55,spider,Arachnida,Araneae,Arneomorphae,Araneomorphae,Araneoidea,#N/C,#N/C,#N/C,#N/C,7.66261437908496,3.08751633986928,1.33944444444444
FAIRD1_0191,FAIRD,FAIRD1,Site1,Maize,FAIRDxMaize,2023-09-10 10:02:54,2023-09-10 10:03:05,00:00:11,fly,Insecta,Diptera,Brachycera,Muscomorpha,Muscoidea,Fanniidae,#child.Fanniidae,Fannia,#N/C,6.20833333333333,3.92666666666667,1.41333333333333
FAIRD1_0192,FAIRD,FAIRD1,Site1,Maize,FAIRDxMaize,2023-09-10 11:36:29,2023-09-10 11:36:31,00:00:02,fly,Insecta,Diptera,Brachycera,Muscomorpha,Lauxanioidea,Lauxaniidae,Lauxaniinae,#N/C,#N/C,3.39257575757576,4.09863636363636,1.2430303030303
FAIRD1_0193,FAIRD,FAIRD1,Site1,Maize,FAIRDxMaize,2023-09-10 11:36:29,2023-09-10 11:38:54,00:02:25,fly,Insecta,Diptera,Brachycera,#N/C,#N/C,#N/C,#N/C,#N/C,#N/C,8.4004979253112,5.45134854771784,1.71630705394191
FAIRD1_0194,FAIRD,FAIRD1,Site1,Maize,FAIRDxMaize,2023-09-10 15:19:26,2023-09-10 15:19:36,00:00:10,spider,Arachnida,Araneae,Arneomorphae,Araneomorphae,Araneoidea,Araneidae,Araneinae,Araneus,#N/C,13.4574125874126,3.76447552447553,1.70097902097902
FAIRD1_0195,FAIRD,FAIRD1,Site1,Maize,FAIRDxMaize,2023-09-10 16:20:09,2023-09-10 16:20:25,00:00:16,spider,Arachnida,Araneae,Arneomorphae,Araneomorphae,Araneoidea,#N/C,#N/C,#N/C,#N/C,7.66261437908496,3.08751633986928,1.33944444444444
FAIRD1_0196,FAIRD,FAIRD1,Site1,Maize,FAIRDxMaize,2023-09-10 17:31:33,2023-09-10 17:31:40,00:00:07,flesh_fly,Insecta,Diptera,Brachycera,Muscomorpha,Oestroidea,Sarcophagidae,#N/C,#N/C,#N/C,8.6963448275862,5.52255172413793,1.75466666666667
FAIRD1_0197,FAIRD,FAIRD1,Site1,Maize,FAIRDxMaize,2023-09-10 17:39:53,2023-09-10 17:40:08,00:00:15,spider,Arachnida,Araneae,Arneomorphae,Araneomorphae,Araneoidea,#N/C,#N/C,#N/C,#N/C,7.66261437908496,3.08751633986928,1.33944444444444
FAIRD1_0198,FAIRD,FAIRD1,Site1,Maize,FAIRDxMaize,2023-09-10 17:46:17,2023-09-10 17:47:31,00:01:14,fly,Insecta,Diptera,Brachycera,Muscomorpha,Muscoidea,Fanniidae,#child.Fanniidae,Fannia,#N/C,6.20833333333333,3.92666666666667,1.41333333333333
FAIRD1_0199,FAIRD,FAIRD1,Site1,Maize,FAIRDxMaize,2023-09-10 17:53:15,2023-09-10 17:53:24,00:00:09,fly,Insecta,Diptera,Brachycera,Muscomorpha,Muscoidea,Fanniidae,#child.Fanniidae,Fannia,#N/C,6.20833333333333,3.92666666666667,1.41333333333333
FAIRD1_0200,FAIRD,FAIRD1,Site1,Maize,FAIRDxMaize,2023-09-11 08:32:43,2023-09-11 08:41:20,00:08:37,fly,Insecta,Diptera,Brachycera,Muscomorpha,Muscoidea,Fanniidae,#child.Fanniidae,Fannia,#N/C,6.20833333333333,3.92666666666667,1.41333333333333
FAIRD1_0201,FAIRD,FAIRD1,Site1,Maize,FAIRDxMaize,2023-09-11 09:38:59,2023-09-11 09:39:04,00:00:05,?,Insecta,Diptera,Brachycera,#N/C,#N/C,#N/C,#N/C,#N/C,#N/C,8.4004979253112,5.45134854771784,1.71630705394191
FAIRD1_0202,FAIRD,FAIRD1,Site1,Maize,FAIRDxMaize,2023-09-11 09:49:51,2023-09-11 09:49:56,00:00:05,hoverfly,Insecta,Diptera,Brachycera,Muscomorpha,Syrphoidea,Syrphidae,Syrphinae,Episyrphus,#N/C,12.2957258064516,7.50846774193548,2.1483064516129
FAIRD1_0203,FAIRD,FAIRD1,Site1,Maize,FAIRDxMaize,2023-09-11 10:14:20,2023-09-11 10:15:22,00:01:02,fly,Insecta,Diptera,Brachycera,Muscomorpha,Muscoidea,#N/C,#N/C,#N/C,#N/C,12.1985,5.67392857142857,2.11907142857143
FAIRD1_0204,FAIRD,FAIRD1,Site1,Maize,FAIRDxMaize,2023-09-11 10:16:09,2023-09-11 10:16:20,00:00:11,fly,Insecta,Diptera,Brachycera,Muscomorpha,Muscoidea,Fanniidae,#child.Fanniidae,Fannia,#N/C,6.20833333333333,3.92666666666667,1.41333333333333
FAIRD1_0205,FAIRD,FAIRD1,Site1,Maize,FAIRDxMaize,2023-09-11 15:43:47,2023-09-11 17:58:05,02:14:18,spider,Arachnida,Araneae,Arneomorphae,Araneomorphae,Araneoidea,Araneidae,Araneinae,#N/C,#N/C,13.4574125874126,3.76447552447553,1.70097902097902
FAIRD1_0206,FAIRD,FAIRD1,Site1,Maize,FAIRDxMaize,2023-08-28 07:15:01,2023-08-28 07:45:01,00:30:00,fly,Insecta,Diptera,Brachycera,#N/C,#N/C,#N/C,#N/C,#N/C,#N/C,8.4004979253112,5.45134854771784,1.71630705394191
FAIRD1_0208,FAIRD,FAIRD1,Site1,Maize,FAIRDxMaize,2023-08-28 08:51:28,2023-08-28 08:51:40,00:00:12,fly,Insecta,Diptera,Brachycera,Muscomorpha,Muscoidea,Fanniidae,#child.Fanniidae,Fannia,#N/C,6.20833333333333,3.92666666666667,1.41333333333333
FAIRD1_0210,FAIRD,FAIRD1,Site1,Maize,FAIRDxMaize,2023-08-28 11:57:12,2023-08-28 11:57:59,00:00:47,fly,Insecta,Diptera,Brachycera,Muscomorpha,Muscoidea,Fanniidae,#child.Fanniidae,Fannia,#N/C,6.20833333333333,3.92666666666667,1.41333333333333
FAIRD1_0211,FAIRD,FAIRD1,Site1,Maize,FAIRDxMaize,2023-08-28 12:35:00,2023-08-28 12:35:35,00:00:35,fly,Insecta,Diptera,Brachycera,#N/C,#N/C,#N/C,#N/C,#N/C,#N/C,8.4004979253112,5.45134854771784,1.71630705394191
FAIRD1_0216,FAIRD,FAIRD1,Site1,Maize,FAIRDxMaize,2023-08-30 12:03:22,2023-08-30 12:03:28,00:00:06,wasp,Insecta,Hymenoptera,Apocrita,Aculeata,Vespoidea,Vespidae,Vespinae,Vespula,#N/C,71.46,13.6133333333333,4.02666666666667
FAIRD1_0217,FAIRD,FAIRD1,Site1,Maize,FAIRDxMaize,2023-08-30 12:42:01,2023-08-30 12:42:12,00:00:11,fly,Insecta,Diptera,Brachycera,Muscomorpha,Muscoidea,#N/C,#N/C,#N/C,#N/C,12.1985,5.67392857142857,2.11907142857143
FAIRD1_0218,FAIRD,FAIRD1,Site1,Maize,FAIRDxMaize,2023-08-30 12:42:01,2023-08-30 12:42:12,00:00:11,fly,Insecta,Diptera,Brachycera,#N/C,#N/C,#N/C,#N/C,#N/C,#N/C,8.4004979253112,5.45134854771784,1.71630705394191
FAIRD1_0219,FAIRD,FAIRD1,Site1,Maize,FAIRDxMaize,2023-08-30 12:46:32,2023-08-30 12:47:16,00:00:44,fly,Insecta,Diptera,Brachycera,Muscomorpha,Muscoidea,Fanniidae,#child.Fanniidae,Fannia,#N/C,6.20833333333333,3.92666666666667,1.41333333333333
FAIRD1_0220,FAIRD,FAIRD1,Site1,Maize,FAIRDxMaize,2023-08-30 12:47:11,2023-08-30 12:47:16,00:00:05,fly,Insecta,Diptera,Brachycera,#N/C,#N/C,#N/C,#N/C,#N/C,#N/C,8.4004979253112,5.45134854771784,1.71630705394191
FAIRD1_0222,FAIRD,FAIRD1,Site1,Maize,FAIRDxMaize,2023-08-30 13:02:07,2023-08-30 13:02:14,00:00:07,fly,Insecta,Diptera,Brachycera,Muscomorpha,Muscoidea,Fanniidae,#child.Fanniidae,Fannia,#N/C,6.20833333333333,3.92666666666667,1.41333333333333
FAIRD1_0223,FAIRD,FAIRD1,Site1,Maize,FAIRDxMaize,2023-08-30 13:08:17,2023-08-30 13:08:31,00:00:14,fly,Insecta,Diptera,Brachycera,Muscomorpha,Muscoidea,Fanniidae,#child.Fanniidae,Fannia,#N/C,6.20833333333333,3.92666666666667,1.41333333333333
FAIRD1_0224,FAIRD,FAIRD1,Site1,Maize,FAIRDxMaize,2023-08-30 13:08:23,2023-08-30 13:08:31,00:00:08,fly,Insecta,Diptera,Brachycera,Muscomorpha,Muscoidea,Fanniidae,#child.Fanniidae,Fannia,#N/C,6.20833333333333,3.92666666666667,1.41333333333333
FAIRD1_0225,FAIRD,FAIRD1,Site1,Maize,FAIRDxMaize,2023-08-30 13:09:46,2023-08-30 13:09:57,00:00:11,fly,Insecta,Diptera,Brachycera,Muscomorpha,Muscoidea,#N/C,#N/C,#N/C,#N/C,12.1985,5.67392857142857,2.11907142857143
FAIRD1_0226,FAIRD,FAIRD1,Site1,Maize,FAIRDxMaize,2023-08-30 13:10:36,2023-08-30 13:10:45,00:00:09,fly,Insecta,Diptera,Brachycera,Muscomorpha,Muscoidea,#N/C,#N/C,#N/C,#N/C,12.1985,5.67392857142857,2.11907142857143
FAIRD1_0227,FAIRD,FAIRD1,Site1,Maize,FAIRDxMaize,2023-08-30 13:10:42,2023-08-30 13:23:41,00:12:59,fly,Insecta,Diptera,Brachycera,#N/C,#N/C,#N/C,#N/C,#N/C,#N/C,8.4004979253112,5.45134854771784,1.71630705394191
FAIRD1_0228,FAIRD,FAIRD1,Site1,Maize,FAIRDxMaize,2023-08-30 13:11:39,2023-08-30 13:11:50,00:00:11,fly,Insecta,Diptera,Brachycera,Muscomorpha,Muscoidea,#N/C,#N/C,#N/C,#N/C,12.1985,5.67392857142857,2.11907142857143
FAIRD1_0229,FAIRD,FAIRD1,Site1,Maize,FAIRDxMaize,2023-08-30 13:23:36,2023-08-30 13:23:47,00:00:11,fly,Insecta,Diptera,Brachycera,#N/C,#N/C,#N/C,#N/C,#N/C,#N/C,8.4004979253112,5.45134854771784,1.71630705394191
FAIRD1_0230,FAIRD,FAIRD1,Site1,Maize,FAIRDxMaize,2023-08-30 13:37:02,2023-08-30 13:37:43,00:00:41,parasitoid_wasp,Insecta,Hymenoptera,Apocrita,Parasitica,Ichneumonoidea,Ichneumonidae,#N/C,#N/C,#N/C,5.31137931034483,5.22827586206897,1.15379310344828
FAIRD1_0232,FAIRD,FAIRD1,Site1,Maize,FAIRDxMaize,2023-08-30 14:10:16,2023-08-30 14:10:21,00:00:05,wasp,Insecta,Hymenoptera,Apocrita,Aculeata,Vespoidea,Vespidae,Vespinae,Vespula,#N/C,71.46,13.6133333333333,4.02666666666667
FAIRD1_0233,FAIRD,FAIRD1,Site1,Maize,FAIRDxMaize,2023-08-30 15:31:44,2023-08-30 15:31:53,00:00:09,fly,Insecta,Diptera,Brachycera,#N/C,#N/C,#N/C,#N/C,#N/C,#N/C,8.4004979253112,5.45134854771784,1.71630705394191
FAIRD1_0234,FAIRD,FAIRD1,Site1,Maize,FAIRDxMaize,2023-08-30 15:31:44,2023-08-30 15:33:08,00:01:24,fly,Insecta,Diptera,Brachycera,Muscomorpha,Muscoidea,#N/C,#N/C,#N/C,#N/C,12.1985,5.67392857142857,2.11907142857143
FAIRD1_0235,FAIRD,FAIRD1,Site1,Maize,FAIRDxMaize,2023-08-30 17:16:52,2023-08-30 17:17:07,00:00:15,fly,Insecta,Diptera,Brachycera,Muscomorpha,Muscoidea,Fanniidae,#child.Fanniidae,Fannia,#N/C,6.20833333333333,3.92666666666667,1.41333333333333
FAIRD1_0236,FAIRD,FAIRD1,Site1,Maize,FAIRDxMaize,2023-08-30 17:26:06,2023-08-30 17:26:09,00:00:03,fly,Insecta,Diptera,Brachycera,Muscomorpha,Muscoidea,Fanniidae,#child.Fanniidae,Fannia,#N/C,6.20833333333333,3.92666666666667,1.41333333333333
FAIRD1_0237,FAIRD,FAIRD1,Site1,Maize,FAIRDxMaize,2023-08-30 18:15:53,2023-08-30 18:16:00,00:00:07,fly,Insecta,Diptera,Brachycera,#N/C,#N/C,#N/C,#N/C,#N/C,#N/C,8.4004979253112,5.45134854771784,1.71630705394191
FAIRD1_0238,FAIRD,FAIRD1,Site1,Maize,FAIRDxMaize,2023-08-31 09:02:57,2023-08-31 09:03:35,00:00:38,fly,Insecta,Diptera,Brachycera,Muscomorpha,Muscoidea,Fanniidae,#child.Fanniidae,Fannia,#N/C,6.20833333333333,3.92666666666667,1.41333333333333
FAIRD1_0239,FAIRD,FAIRD1,Site1,Maize,FAIRDxMaize,2023-08-31 09:13:24,2023-08-31 09:14:08,00:00:44,fly,Insecta,Diptera,Brachycera,Muscomorpha,Muscoidea,Fanniidae,#child.Fanniidae,Fannia,#N/C,6.20833333333333,3.92666666666667,1.41333333333333
FAIRD1_0240,FAIRD,FAIRD1,Site1,Maize,FAIRDxMaize,2023-08-31 09:31:02,2023-08-31 09:37:44,00:06:42,?,Insecta,#N/C,#N/C,#N/C,#N/C,#N/C,#N/C,#N/C,#N/C,24.2840884279476,6.53678493449783,2.11444868995633
FAIRD1_0241,FAIRD,FAIRD1,Site1,Maize,FAIRDxMaize,2023-08-31 09:44:39,2023-08-31 09:44:50,00:00:11,fly,Insecta,Diptera,Brachycera,#N/C,#N/C,#N/C,#N/C,#N/C,#N/C,8.4004979253112,5.45134854771784,1.71630705394191
FAIRD1_0242,FAIRD,FAIRD1,Site1,Maize,FAIRDxMaize,2023-08-31 09:46:27,2023-08-31 09:47:05,00:00:38,fly,Insecta,Diptera,Brachycera,Muscomorpha,Muscoidea,#N/C,#N/C,#N/C,#N/C,12.1985,5.67392857142857,2.11907142857143
FAIRD1_0243,FAIRD,FAIRD1,Site1,Maize,FAIRDxMaize,2023-08-31 10:56:22,2023-08-31 10:56:30,00:00:08,fly,Insecta,Diptera,Brachycera,Muscomorpha,Muscoidea,Fanniidae,#child.Fanniidae,Fannia,#N/C,6.20833333333333,3.92666666666667,1.41333333333333
FAIRD1_0244,FAIRD,FAIRD1,Site1,Maize,FAIRDxMaize,2023-08-31 11:09:56,2023-08-31 11:10:48,00:00:52,fly,Insecta,Diptera,Brachycera,Muscomorpha,Muscoidea,Fanniidae,#child.Fanniidae,Fannia,#N/C,6.20833333333333,3.92666666666667,1.41333333333333
FAIRD1_0245,FAIRD,FAIRD1,Site1,Maize,FAIRDxMaize,2023-08-31 11:16:37,2023-08-31 11:16:45,00:00:08,fly,Insecta,Diptera,Brachycera,#N/C,#N/C,#N/C,#N/C,#N/C,#N/C,8.4004979253112,5.45134854771784,1.71630705394191
FAIRD1_0246,FAIRD,FAIRD1,Site1,Maize,FAIRDxMaize,2023-08-31 11:23:32,2023-08-31 11:23:42,00:00:10,fly,Insecta,Diptera,Brachycera,Muscomorpha,Muscoidea,Fanniidae,#child.Fanniidae,Fannia,#N/C,6.20833333333333,3.92666666666667,1.41333333333333
FAIRD1_0247,FAIRD,FAIRD1,Site1,Maize,FAIRDxMaize,2023-08-31 12:17:25,2023-08-31 12:17:39,00:00:14,fly,Insecta,Diptera,Brachycera,Muscomorpha,Muscoidea,Fanniidae,#child.Fanniidae,Fannia,#N/C,6.20833333333333,3.92666666666667,1.41333333333333
FAIRD1_0249,FAIRD,FAIRD1,Site1,Maize,FAIRDxMaize,2023-08-31 12:59:03,2023-08-31 12:59:13,00:00:10,wasp,Insecta,Hymenoptera,Apocrita,Aculeata,Vespoidea,Vespidae,Vespinae,Vespula,#N/C,71.46,13.6133333333333,4.02666666666667
FAIRD1_0250,FAIRD,FAIRD1,Site1,Maize,FAIRDxMaize,2023-08-31 13:02:35,2023-08-31 13:04:23,00:01:48,fly,Insecta,Diptera,Brachycera,Muscomorpha,Muscoidea,Fanniidae,#child.Fanniidae,Fannia,#N/C,6.20833333333333,3.92666666666667,1.41333333333333
FAIRD1_0251,FAIRD,FAIRD1,Site1,Maize,FAIRDxMaize,2023-08-31 16:24:11,2023-08-31 16:24:17,00:00:06,fly,Insecta,Diptera,Brachycera,Muscomorpha,Muscoidea,Fanniidae,#child.Fanniidae,Fannia,#N/C,6.20833333333333,3.92666666666667,1.41333333333333
FAIRD1_0252,FAIRD,FAIRD1,Site1,Maize,FAIRDxMaize,2023-08-31 17:55:26,2023-08-31 18:07:08,00:11:42,fly,Insecta,Diptera,Brachycera,Muscomorpha,Muscoidea,Fanniidae,#child.Fanniidae,Fannia,#N/C,6.20833333333333,3.92666666666667,1.41333333333333
FAIRD1_0253,FAIRD,FAIRD1,Site1,Maize,FAIRDxMaize,2023-08-31 18:07:47,2023-08-31 18:07:52,00:00:05,fly,Insecta,Diptera,Brachycera,Muscomorpha,Muscoidea,#N/C,#N/C,#N/C,#N/C,12.1985,5.67392857142857,2.11907142857143
FAIRD1_0254,FAIRD,FAIRD1,Site1,Maize,FAIRDxMaize,2023-08-31 18:17:47,2023-08-31 18:18:00,00:00:13,fly,Insecta,Diptera,Brachycera,#N/C,#N/C,#N/C,#N/C,#N/C,#N/C,8.4004979253112,5.45134854771784,1.71630705394191
FAIRD1_0255,FAIRD,FAIRD1,Site1,Maize,FAIRDxMaize,2023-09-01 07:06:08,2023-09-01 08:13:32,01:07:24,fly,Insecta,Diptera,Brachycera,#N/C,#N/C,#N/C,#N/C,#N/C,#N/C,8.4004979253112,5.45134854771784,1.71630705394191
FAIRD1_0256,FAIRD,FAIRD1,Site1,Maize,FAIRDxMaize,2023-09-01 08:19:58,2023-09-01 08:20:19,00:00:21,fly,Insecta,Diptera,Brachycera,Muscomorpha,Muscoidea,#N/C,#N/C,#N/C,#N/C,12.1985,5.67392857142857,2.11907142857143
FAIRD1_0257,FAIRD,FAIRD1,Site1,Maize,FAIRDxMaize,2023-09-01 08:21:09,2023-09-01 08:22:45,00:01:36,fly,Insecta,Diptera,Brachycera,Muscomorpha,Muscoidea,Fanniidae,#child.Fanniidae,Fannia,#N/C,6.20833333333333,3.92666666666667,1.41333333333333
FAIRD1_0259,FAIRD,FAIRD1,Site1,Maize,FAIRDxMaize,2023-09-01 09:35:35,2023-09-01 09:36:41,00:01:06,fly,Insecta,Diptera,Brachycera,#N/C,#N/C,#N/C,#N/C,#N/C,#N/C,8.4004979253112,5.45134854771784,1.71630705394191
FAIRD1_0260,FAIRD,FAIRD1,Site1,Maize,FAIRDxMaize,2023-09-01 11:39:50,2023-09-01 11:40:20,00:00:30,fly,Insecta,Diptera,Brachycera,Muscomorpha,Muscoidea,Fanniidae,#child.Fanniidae,Fannia,#N/C,6.20833333333333,3.92666666666667,1.41333333333333
FAIRD1_0262,FAIRD,FAIRD1,Site1,Maize,FAIRDxMaize,2023-09-01 12:48:06,2023-09-01 12:48:10,00:00:04,fly,Insecta,Diptera,Brachycera,Muscomorpha,Muscoidea,#N/C,#N/C,#N/C,#N/C,12.1985,5.67392857142857,2.11907142857143
FAIRD1_0263,FAIRD,FAIRD1,Site1,Maize,FAIRDxMaize,2023-09-01 12:53:47,2023-09-01 12:53:53,00:00:06,fly,Insecta,Diptera,Brachycera,Muscomorpha,Muscoidea,Fanniidae,#child.Fanniidae,Fannia,#N/C,6.20833333333333,3.92666666666667,1.41333333333333
FAIRD1_0264,FAIRD,FAIRD1,Site1,Maize,FAIRDxMaize,2023-09-01 13:19:52,2023-09-01 13:22:30,00:02:38,fly,Insecta,Diptera,Brachycera,#N/C,#N/C,#N/C,#N/C,#N/C,#N/C,8.4004979253112,5.45134854771784,1.71630705394191
FAIRD1_0265,FAIRD,FAIRD1,Site1,Maize,FAIRDxMaize,2023-09-01 13:22:15,2023-09-01 13:22:17,00:00:02,?,Insecta,Diptera,Brachycera,#N/C,#N/C,#N/C,#N/C,#N/C,#N/C,8.4004979253112,5.45134854771784,1.71630705394191
FAIRD1_0266,FAIRD,FAIRD1,Site1,Maize,FAIRDxMaize,2023-09-01 13:24:14,2023-09-01 13:24:28,00:00:14,fly,Insecta,Diptera,Brachycera,Muscomorpha,Muscoidea,Fanniidae,#child.Fanniidae,Fannia,#N/C,6.20833333333333,3.92666666666667,1.41333333333333
FAIRD1_0267,FAIRD,FAIRD1,Site1,Maize,FAIRDxMaize,2023-09-01 14:24:42,2023-09-01 14:25:09,00:00:27,fly,Insecta,Diptera,Brachycera,Muscomorpha,Muscoidea,Fanniidae,#child.Fanniidae,Fannia,#N/C,6.20833333333333,3.92666666666667,1.41333333333333
FAIRD1_0268,FAIRD,FAIRD1,Site1,Maize,FAIRDxMaize,2023-09-01 14:26:01,2023-09-01 14:26:11,00:00:10,fly,Insecta,Diptera,Brachycera,Muscomorpha,Muscoidea,Fanniidae,#child.Fanniidae,Fannia,#N/C,6.20833333333333,3.92666666666667,1.41333333333333
FAIRD1_0269,FAIRD,FAIRD1,Site1,Maize,FAIRDxMaize,2023-09-01 14:33:37,2023-09-01 14:34:14,00:00:37,flesh_fly,Insecta,Diptera,Brachycera,Muscomorpha,Oestroidea,#N/C,#N/C,#N/C,#N/C,8.6963448275862,5.52255172413793,1.75466666666667
FAIRD1_0270,FAIRD,FAIRD1,Site1,Maize,FAIRDxMaize,2023-09-01 14:40:07,2023-09-01 14:40:13,00:00:06,wasp,Insecta,Hymenoptera,Apocrita,Aculeata,Vespoidea,Vespidae,Vespinae,Vespula,#N/C,71.46,13.6133333333333,4.02666666666667
FAIRD1_0271,FAIRD,FAIRD1,Site1,Maize,FAIRDxMaize,2023-09-01 15:17:10,2023-09-01 15:17:15,00:00:05,wasp,Insecta,Hymenoptera,Apocrita,Aculeata,Vespoidea,Vespidae,Vespinae,Vespula,#N/C,71.46,13.6133333333333,4.02666666666667
FAIRD1_0272,FAIRD,FAIRD1,Site1,Maize,FAIRDxMaize,2023-09-01 15:21:24,2023-09-01 15:21:45,00:00:21,fly,Insecta,Lepidoptera,Glossata,Heterocera,Noctuoidea,#N/C,#N/C,#N/C,#N/C,1.95,3.96666666666667,1.03333333333333
FAIRD1_0273,FAIRD,FAIRD1,Site1,Maize,FAIRDxMaize,2023-09-01 16:06:26,2023-09-01 16:06:36,00:00:10,fly,Insecta,Diptera,Brachycera,Muscomorpha,Muscoidea,Fanniidae,#child.Fanniidae,Fannia,#N/C,6.20833333333333,3.92666666666667,1.41333333333333
FAIRD1_0274,FAIRD,FAIRD1,Site1,Maize,FAIRDxMaize,2023-09-01 16:29:58,2023-09-01 16:30:10,00:00:12,fly,Insecta,Diptera,Brachycera,Muscomorpha,Muscoidea,Fanniidae,#child.Fanniidae,Fannia,#N/C,6.20833333333333,3.92666666666667,1.41333333333333
FAIRD1_0275,FAIRD,FAIRD1,Site1,Maize,FAIRDxMaize,2023-09-01 16:32:22,2023-09-01 16:32:30,00:00:08,fly,Insecta,Diptera,Brachycera,Muscomorpha,Muscoidea,Fanniidae,#child.Fanniidae,Fannia,#N/C,6.20833333333333,3.92666666666667,1.41333333333333
FAIRD1_0276,FAIRD,FAIRD1,Site1,Maize,FAIRDxMaize,2023-09-01 16:39:35,2023-09-01 16:40:01,00:00:26,fly,Insecta,Diptera,Brachycera,Muscomorpha,Muscoidea,#N/C,#N/C,#N/C,#N/C,12.1985,5.67392857142857,2.11907142857143
FAIRD1_0277,FAIRD,FAIRD1,Site1,Maize,FAIRDxMaize,2023-09-01 16:51:06,2023-09-01 16:51:25,00:00:19,fly,Insecta,Diptera,Brachycera,Muscomorpha,Muscoidea,Fanniidae,#child.Fanniidae,Fannia,#N/C,6.20833333333333,3.92666666666667,1.41333333333333
FAIRD1_0278,FAIRD,FAIRD1,Site1,Maize,FAIRDxMaize,2023-09-01 17:44:44,2023-09-01 17:44:54,00:00:10,fly,Insecta,Diptera,Brachycera,#N/C,#N/C,#N/C,#N/C,#N/C,#N/C,8.4004979253112,5.45134854771784,1.71630705394191
FAIRD1_0279,FAIRD,FAIRD1,Site1,Maize,FAIRDxMaize,2023-09-01 18:28:11,2023-09-01 18:28:25,00:00:14,fly,Insecta,Diptera,Brachycera,Muscomorpha,Muscoidea,#N/C,#N/C,#N/C,#N/C,12.1985,5.67392857142857,2.11907142857143
FAIRD1_0280,FAIRD,FAIRD1,Site1,Maize,FAIRDxMaize,2023-09-02 08:22:26,2023-09-02 08:30:47,00:08:21,fly,Insecta,Diptera,Brachycera,#N/C,#N/C,#N/C,#N/C,#N/C,#N/C,8.4004979253112,5.45134854771784,1.71630705394191
FAIRD1_0281,FAIRD,FAIRD1,Site1,Maize,FAIRDxMaize,2023-09-02 10:53:28,2023-09-02 10:53:34,00:00:06,fly,Insecta,Diptera,Brachycera,Muscomorpha,Muscoidea,#N/C,#N/C,#N/C,#N/C,12.1985,5.67392857142857,2.11907142857143
FAIRD1_0282,FAIRD,FAIRD1,Site1,Maize,FAIRDxMaize,2023-09-02 12:59:20,2023-09-02 13:00:01,00:00:41,fly,Insecta,Diptera,Brachycera,Muscomorpha,Muscoidea,Fanniidae,#child.Fanniidae,Fannia,#N/C,6.20833333333333,3.92666666666667,1.41333333333333
FAIRD1_0283,FAIRD,FAIRD1,Site1,Maize,FAIRDxMaize,2023-09-02 13:07:00,2023-09-02 13:07:10,00:00:10,fly,Insecta,Diptera,Brachycera,Muscomorpha,Muscoidea,#N/C,#N/C,#N/C,#N/C,12.1985,5.67392857142857,2.11907142857143
FAIRD1_0284,FAIRD,FAIRD1,Site1,Maize,FAIRDxMaize,2023-09-02 13:53:34,2023-09-02 13:53:38,00:00:04,fly,Insecta,Diptera,Brachycera,Muscomorpha,Muscoidea,#N/C,#N/C,#N/C,#N/C,12.1985,5.67392857142857,2.11907142857143
FAIRD1_0285,FAIRD,FAIRD1,Site1,Maize,FAIRDxMaize,2023-09-02 14:21:37,2023-09-02 14:21:41,00:00:04,flesh_fly,Insecta,Diptera,Brachycera,Muscomorpha,Oestroidea,Sarcophagidae,Sarcophaginae,#N/C,#N/C,8.6963448275862,5.52255172413793,1.75466666666667
FAIRD1_0286,FAIRD,FAIRD1,Site1,Maize,FAIRDxMaize,2023-09-02 15:17:50,2023-09-02 15:18:17,00:00:27,fly,Insecta,Diptera,Brachycera,Muscomorpha,Muscoidea,Fanniidae,#child.Fanniidae,Fannia,#N/C,6.20833333333333,3.92666666666667,1.41333333333333
FAIRD1_0287,FAIRD,FAIRD1,Site1,Maize,FAIRDxMaize,2023-09-02 15:31:34,2023-09-02 15:31:39,00:00:05,wasp,Insecta,Hymenoptera,Apocrita,Aculeata,Vespoidea,Vespidae,Vespinae,Vespula,#N/C,71.46,13.6133333333333,4.02666666666667
FAIRD1_0288,FAIRD,FAIRD1,Site1,Maize,FAIRDxMaize,2023-09-02 15:56:24,2023-09-02 15:56:43,00:00:19,fly,Insecta,Diptera,Brachycera,#N/C,#N/C,#N/C,#N/C,#N/C,#N/C,8.4004979253112,5.45134854771784,1.71630705394191
FAIRD1_0289,FAIRD,FAIRD1,Site1,Maize,FAIRDxMaize,2023-09-02 17:45:08,2023-09-02 17:45:11,00:00:03,fly,Insecta,Diptera,Brachycera,#N/C,#N/C,#N/C,#N/C,#N/C,#N/C,8.4004979253112,5.45134854771784,1.71630705394191
FAIRD1_0290,FAIRD,FAIRD1,Site1,Maize,FAIRDxMaize,2023-09-02 17:51:23,2023-09-02 17:51:27,00:00:04,fly,Insecta,Diptera,Brachycera,Muscomorpha,Muscoidea,#N/C,#N/C,#N/C,#N/C,12.1985,5.67392857142857,2.11907142857143
FAIRD1_0291,FAIRD,FAIRD1,Site1,Maize,FAIRDxMaize,2023-09-02 18:11:24,2023-09-02 18:11:46,00:00:22,fly,Insecta,Diptera,Brachycera,Muscomorpha,Muscoidea,#N/C,#N/C,#N/C,#N/C,12.1985,5.67392857142857,2.11907142857143
FAIRD1_0292,FAIRD,FAIRD1,Site1,Maize,FAIRDxMaize,2023-09-03 08:31:10,2023-09-03 08:32:07,00:00:57,fly,Insecta,Diptera,Brachycera,#N/C,#N/C,#N/C,#N/C,#N/C,#N/C,8.4004979253112,5.45134854771784,1.71630705394191
FAIRD1_0293,FAIRD,FAIRD1,Site1,Maize,FAIRDxMaize,2023-09-03 10:11:33,2023-09-03 10:11:50,00:00:17,fly,Insecta,Diptera,Brachycera,Muscomorpha,Muscoidea,Fanniidae,#child.Fanniidae,Fannia,#N/C,6.20833333333333,3.92666666666667,1.41333333333333
FAIRD1_0294,FAIRD,FAIRD1,Site1,Maize,FAIRDxMaize,2023-09-03 10:45:49,2023-09-03 10:45:53,00:00:04,flesh_fly,Insecta,Diptera,Brachycera,Muscomorpha,Oestroidea,Sarcophagidae,Sarcophaginae,Sarcophaga,#N/C,8.6963448275862,5.52255172413793,1.75466666666667
FAIRD1_0295,FAIRD,FAIRD1,Site1,Maize,FAIRDxMaize,2023-09-03 16:49:17,2023-09-03 16:49:23,00:00:06,fly,Insecta,Diptera,Brachycera,Muscomorpha,Muscoidea,#N/C,#N/C,#N/C,#N/C,12.1985,5.67392857142857,2.11907142857143
FAIRD1_0296,FAIRD,FAIRD1,Site1,Maize,FAIRDxMaize,2023-09-04 13:03:47,2023-09-04 13:03:54,00:00:07,fly,Insecta,Diptera,Brachycera,Muscomorpha,Muscoidea,Fanniidae,#child.Fanniidae,Fannia,#N/C,6.20833333333333,3.92666666666667,1.41333333333333
FAIRD1_0297,FAIRD,FAIRD1,Site1,Maize,FAIRDxMaize,2023-09-04 13:51:49,2023-09-04 13:51:54,00:00:05,fly,Insecta,Diptera,Brachycera,#N/C,#N/C,#N/C,#N/C,#N/C,#N/C,8.4004979253112,5.45134854771784,1.71630705394191
FAIRD1_0298,FAIRD,FAIRD1,Site1,Maize,FAIRDxMaize,2023-09-04 15:32:32,2023-09-04 15:32:38,00:00:06,fly,Insecta,Diptera,Brachycera,Muscomorpha,Muscoidea,Fanniidae,#child.Fanniidae,Fannia,#N/C,6.20833333333333,3.92666666666667,1.41333333333333
FAIRD1_0299,FAIRD,FAIRD1,Site1,Maize,FAIRDxMaize,2023-09-04 17:53:35,2023-09-04 17:54:39,00:01:04,fly,Insecta,Diptera,Brachycera,Muscomorpha,Muscoidea,#N/C,#N/C,#N/C,#N/C,12.1985,5.67392857142857,2.11907142857143
FAIRD1_0300,FAIRD,FAIRD1,Site1,Maize,FAIRDxMaize,2023-09-12 09:49:41,2023-09-12 09:50:49,00:01:08,fly,Insecta,Diptera,Brachycera,Muscomorpha,Muscoidea,#N/C,#N/C,#N/C,#N/C,12.1985,5.67392857142857,2.11907142857143
FAIRD1_0301,FAIRD,FAIRD1,Site1,Maize,FAIRDxMaize,2023-09-12 13:59:01,2023-09-12 14:01:49,00:02:48,ladybug,Insecta,Coleoptera,Polyphaga,Cucujiformia,Coccinelloidea,Coccinellidae,Coccinellinae,Harmonia,#N/C,8.39571428571429,4.155,2.31535714285714
FAIRD1_0302,FAIRD,FAIRD1,Site1,Maize,FAIRDxMaize,2023-09-13 07:50:39,2023-09-13 08:09:45,00:19:06,fly,Insecta,Diptera,Brachycera,Muscomorpha,Syrphoidea,Syrphidae,Syrphinae,Sphaerophoria,#N/C,12.2957258064516,7.50846774193548,2.1483064516129
FAIRD2_0303,FAIRD,FAIRD2,Site2,Maize,FAIRDxMaize,2023-08-23 07:58:20,2023-08-23 07:58:34,00:00:14,fly,Insecta,Diptera,Brachycera,Muscomorpha,Muscoidea,Fanniidae,#child.Fanniidae,Fannia,#N/C,6.20833333333333,3.92666666666667,1.41333333333333
FAIRD2_0304,FAIRD,FAIRD2,Site2,Maize,FAIRDxMaize,2023-08-23 08:48:03,2023-08-23 08:48:23,00:00:20,fly,Insecta,Diptera,Brachycera,Muscomorpha,Muscoidea,Fanniidae,#child.Fanniidae,Fannia,#N/C,6.20833333333333,3.92666666666667,1.41333333333333
FAIRD2_0305,FAIRD,FAIRD2,Site2,Maize,FAIRDxMaize,2023-08-23 09:47:55,2023-08-23 09:48:26,00:00:31,fly,Insecta,Diptera,Brachycera,Muscomorpha,Muscoidea,#N/C,#N/C,#N/C,#N/C,12.1985,5.67392857142857,2.11907142857143
FAIRD2_0306,FAIRD,FAIRD2,Site2,Maize,FAIRDxMaize,2023-08-23 10:27:05,2023-08-23 10:27:13,00:00:08,fly,Insecta,Diptera,Brachycera,Muscomorpha,Muscoidea,Fanniidae,#child.Fanniidae,Fannia,#N/C,6.20833333333333,3.92666666666667,1.41333333333333
FAIRD2_0307,FAIRD,FAIRD2,Site2,Maize,FAIRDxMaize,2023-08-23 10:42:41,2023-08-23 10:42:53,00:00:12,fly,Insecta,Diptera,Brachycera,Muscomorpha,Muscoidea,Fanniidae,#child.Fanniidae,Fannia,#N/C,6.20833333333333,3.92666666666667,1.41333333333333
FAIRD2_0308,FAIRD,FAIRD2,Site2,Maize,FAIRDxMaize,2023-08-23 12:36:27,2023-08-23 12:37:11,00:00:44,fly,Insecta,Diptera,Brachycera,Muscomorpha,Muscoidea,#N/C,#N/C,#N/C,#N/C,12.1985,5.67392857142857,2.11907142857143
FAIRD2_0310,FAIRD,FAIRD2,Site2,Maize,FAIRDxMaize,2023-08-23 15:45:47,2023-08-23 15:46:06,00:00:19,fly,Insecta,Diptera,Brachycera,Muscomorpha,Muscoidea,Fanniidae,#child.Fanniidae,Fannia,#N/C,6.20833333333333,3.92666666666667,1.41333333333333
FAIRD2_0311,FAIRD,FAIRD2,Site2,Maize,FAIRDxMaize,2023-08-24 11:59:08,2023-08-24 11:59:27,00:00:19,fly,Insecta,Diptera,Brachycera,#N/C,#N/C,#N/C,#N/C,#N/C,#N/C,8.4004979253112,5.45134854771784,1.71630705394191
FAIRD2_0312,FAIRD,FAIRD2,Site2,Maize,FAIRDxMaize,2023-08-24 12:48:04,2023-08-24 12:48:18,00:00:14,fly,Insecta,Diptera,Brachycera,Muscomorpha,Muscoidea,Fanniidae,#child.Fanniidae,Fannia,#N/C,6.20833333333333,3.92666666666667,1.41333333333333
FAIRD2_0313,FAIRD,FAIRD2,Site2,Maize,FAIRDxMaize,2023-08-24 15:51:57,2023-08-24 15:52:38,00:00:41,ladybug,Insecta,Coleoptera,Polyphaga,Cucujiformia,Coccinelloidea,Coccinellidae,Coccinellinae,Harmonia,#N/C,8.39571428571429,4.155,2.31535714285714
FAIRD2_0314,FAIRD,FAIRD2,Site2,Maize,FAIRDxMaize,2023-08-24 18:15:23,2023-08-24 18:16:01,00:00:38,fly,Insecta,Diptera,Brachycera,#N/C,#N/C,#N/C,#N/C,#N/C,#N/C,8.4004979253112,5.45134854771784,1.71630705394191
FAIRD2_0315,FAIRD,FAIRD2,Site2,Maize,FAIRDxMaize,2023-08-24 18:17:27,2023-08-24 18:17:50,00:00:23,fly,Insecta,Diptera,Brachycera,Muscomorpha,Muscoidea,#N/C,#N/C,#N/C,#N/C,12.1985,5.67392857142857,2.11907142857143
FAIRD2_0316,FAIRD,FAIRD2,Site2,Maize,FAIRDxMaize,2023-08-24 18:26:59,2023-08-24 18:28:30,00:01:31,fly,Insecta,Diptera,Brachycera,#N/C,#N/C,#N/C,#N/C,#N/C,#N/C,8.4004979253112,5.45134854771784,1.71630705394191
FAIRD2_0317,FAIRD,FAIRD2,Site2,Maize,FAIRDxMaize,2023-08-25 15:41:00,2023-08-25 15:41:40,00:00:40,fly,Insecta,Diptera,Brachycera,Muscomorpha,Muscoidea,Fanniidae,#child.Fanniidae,Fannia,#N/C,6.20833333333333,3.92666666666667,1.41333333333333
FAIRD2_0318,FAIRD,FAIRD2,Site2,Maize,FAIRDxMaize,2023-08-25 15:44:01,2023-08-25 15:44:54,00:00:53,fly,Insecta,Diptera,Brachycera,Muscomorpha,Muscoidea,#N/C,#N/C,#N/C,#N/C,12.1985,5.67392857142857,2.11907142857143
FAIRD2_0319,FAIRD,FAIRD2,Site2,Maize,FAIRDxMaize,2023-08-25 15:46:41,2023-08-25 15:49:30,00:02:49,grasshopper,Insecta,Orthoptera,Ensifera,Tettigoniidea,Tettigonioidea,Tettigoniidae,Tettigoniinae,Tettigonia,#N/C,158.413333333333,14.6747619047619,3.84904761904762
FAIRD2_0321,FAIRD,FAIRD2,Site2,Maize,FAIRDxMaize,2023-08-25 16:38:02,2023-08-25 16:38:08,00:00:06,fly,Insecta,Diptera,Brachycera,Muscomorpha,Muscoidea,Fanniidae,#child.Fanniidae,Fannia,#N/C,6.20833333333333,3.92666666666667,1.41333333333333
FAIRD2_0322,FAIRD,FAIRD2,Site2,Maize,FAIRDxMaize,2023-08-25 16:43:31,2023-08-25 16:43:44,00:00:13,fly,Insecta,Diptera,Brachycera,Muscomorpha,Muscoidea,Fanniidae,#child.Fanniidae,Fannia,#N/C,6.20833333333333,3.92666666666667,1.41333333333333
FAIRD2_0323,FAIRD,FAIRD2,Site2,Maize,FAIRDxMaize,2023-08-25 16:48:01,2023-08-25 16:48:08,00:00:07,fly,Insecta,Diptera,Brachycera,Muscomorpha,Muscoidea,#N/C,#N/C,#N/C,#N/C,12.1985,5.67392857142857,2.11907142857143
FAIRD2_0324,FAIRD,FAIRD2,Site2,Maize,FAIRDxMaize,2023-08-25 18:19:55,2023-08-25 18:21:08,00:01:13,fly,Insecta,Diptera,Brachycera,Muscomorpha,Muscoidea,#N/C,#N/C,#N/C,#N/C,12.1985,5.67392857142857,2.11907142857143
FAIRD2_0325,FAIRD,FAIRD2,Site2,Maize,FAIRDxMaize,2023-08-25 18:21:13,2023-08-25 18:21:30,00:00:17,fly,Insecta,Diptera,Brachycera,Muscomorpha,Muscoidea,Fanniidae,#child.Fanniidae,Fannia,#N/C,6.20833333333333,3.92666666666667,1.41333333333333
FAIRD2_0326,FAIRD,FAIRD2,Site2,Maize,FAIRDxMaize,2023-08-25 18:22:07,2023-08-25 18:22:36,00:00:29,fly,Insecta,Diptera,Brachycera,Muscomorpha,Muscoidea,#N/C,#N/C,#N/C,#N/C,12.1985,5.67392857142857,2.11907142857143
FAIRD2_0327,FAIRD,FAIRD2,Site2,Maize,FAIRDxMaize,2023-08-25 18:22:39,2023-08-25 18:23:23,00:00:44,fly,Insecta,Diptera,Brachycera,Muscomorpha,Muscoidea,#N/C,#N/C,#N/C,#N/C,12.1985,5.67392857142857,2.11907142857143
FAIRD2_0329,FAIRD,FAIRD2,Site2,Maize,FAIRDxMaize,2023-08-26 08:52:53,2023-08-26 08:53:06,00:00:13,fly,Insecta,Diptera,Brachycera,Muscomorpha,Muscoidea,Fanniidae,#child.Fanniidae,Fannia,#N/C,6.20833333333333,3.92666666666667,1.41333333333333
FAIRD2_0333,FAIRD,FAIRD2,Site2,Maize,FAIRDxMaize,2023-08-26 09:26:14,2023-08-26 09:26:25,00:00:11,fly,Insecta,Diptera,Brachycera,Muscomorpha,Muscoidea,#N/C,#N/C,#N/C,#N/C,12.1985,5.67392857142857,2.11907142857143
FAIRD2_0334,FAIRD,FAIRD2,Site2,Maize,FAIRDxMaize,2023-08-26 09:27:43,2023-08-26 09:27:53,00:00:10,fly,Insecta,Diptera,Brachycera,Muscomorpha,#N/C,#N/C,#N/C,#N/C,#N/C,8.6963448275862,5.52255172413793,1.75466666666667
FAIRD2_0336,FAIRD,FAIRD2,Site2,Maize,FAIRDxMaize,2023-08-26 10:19:05,2023-08-26 10:19:57,00:00:52,fly,Insecta,Diptera,Brachycera,#N/C,#N/C,#N/C,#N/C,#N/C,#N/C,8.4004979253112,5.45134854771784,1.71630705394191
FAIRD2_0337,FAIRD,FAIRD2,Site2,Maize,FAIRDxMaize,2023-08-26 10:19:05,2023-08-26 10:20:35,00:01:30,fly,Insecta,Diptera,Brachycera,Muscomorpha,Muscoidea,Fanniidae,#child.Fanniidae,Fannia,#N/C,6.20833333333333,3.92666666666667,1.41333333333333
FAIRD2_0339,FAIRD,FAIRD2,Site2,Maize,FAIRDxMaize,2023-08-26 10:20:28,2023-08-26 10:20:33,00:00:05,fly,Insecta,Diptera,Brachycera,Muscomorpha,Muscoidea,Fanniidae,#child.Fanniidae,Fannia,#N/C,6.20833333333333,3.92666666666667,1.41333333333333
FAIRD2_0341,FAIRD,FAIRD2,Site2,Maize,FAIRDxMaize,2023-08-26 10:28:05,2023-08-26 10:28:24,00:00:19,fly,Insecta,Diptera,Brachycera,Muscomorpha,Muscoidea,#N/C,#N/C,#N/C,#N/C,12.1985,5.67392857142857,2.11907142857143
FAIRD2_0342,FAIRD,FAIRD2,Site2,Maize,FAIRDxMaize,2023-08-26 10:32:45,2023-08-26 10:33:03,00:00:18,fly,Insecta,Diptera,Brachycera,Muscomorpha,Muscoidea,#N/C,#N/C,#N/C,#N/C,12.1985,5.67392857142857,2.11907142857143
FAIRD2_0343,FAIRD,FAIRD2,Site2,Maize,FAIRDxMaize,2023-08-26 10:33:16,2023-08-26 10:33:21,00:00:05,fly,Insecta,Diptera,Brachycera,Muscomorpha,Muscoidea,Fanniidae,#child.Fanniidae,Fannia,#N/C,6.20833333333333,3.92666666666667,1.41333333333333
FAIRD2_0345,FAIRD,FAIRD2,Site2,Maize,FAIRDxMaize,2023-08-26 11:03:21,2023-08-26 11:03:25,00:00:04,fly,Insecta,Diptera,Brachycera,#N/C,#N/C,#N/C,#N/C,#N/C,#N/C,8.4004979253112,5.45134854771784,1.71630705394191
FAIRD2_0346,FAIRD,FAIRD2,Site2,Maize,FAIRDxMaize,2023-08-26 11:03:21,2023-08-26 11:03:25,00:00:04,fly,Insecta,Diptera,Brachycera,#N/C,#N/C,#N/C,#N/C,#N/C,#N/C,8.4004979253112,5.45134854771784,1.71630705394191
FAIRD2_0347,FAIRD,FAIRD2,Site2,Maize,FAIRDxMaize,2023-08-26 11:03:25,2023-08-26 11:03:30,00:00:05,fly,Insecta,Diptera,Brachycera,#N/C,#N/C,#N/C,#N/C,#N/C,#N/C,8.4004979253112,5.45134854771784,1.71630705394191
FAIRD2_0348,FAIRD,FAIRD2,Site2,Maize,FAIRDxMaize,2023-08-26 11:03:31,2023-08-26 11:03:51,00:00:20,fly,Insecta,Diptera,Brachycera,Muscomorpha,Muscoidea,Fanniidae,#child.Fanniidae,Fannia,#N/C,6.20833333333333,3.92666666666667,1.41333333333333
FAIRD2_0349,FAIRD,FAIRD2,Site2,Maize,FAIRDxMaize,2023-08-26 11:03:39,2023-08-26 11:03:45,00:00:06,fly,Insecta,Diptera,Brachycera,#N/C,#N/C,#N/C,#N/C,#N/C,#N/C,8.4004979253112,5.45134854771784,1.71630705394191
FAIRD2_0351,FAIRD,FAIRD2,Site2,Maize,FAIRDxMaize,2023-08-26 11:12:11,2023-08-26 11:12:16,00:00:05,fly,Insecta,Diptera,Brachycera,#N/C,#N/C,#N/C,#N/C,#N/C,#N/C,8.4004979253112,5.45134854771784,1.71630705394191
FAIRD2_0352,FAIRD,FAIRD2,Site2,Maize,FAIRDxMaize,2023-08-26 11:12:11,2023-08-26 11:31:36,00:19:25,fly,Insecta,Diptera,Brachycera,Muscomorpha,Muscoidea,Fanniidae,#child.Fanniidae,Fannia,#N/C,6.20833333333333,3.92666666666667,1.41333333333333
FAIRD2_0353,FAIRD,FAIRD2,Site2,Maize,FAIRDxMaize,2023-08-26 11:17:22,2023-08-26 11:17:32,00:00:10,fly,Insecta,Diptera,Brachycera,Muscomorpha,Muscoidea,Fanniidae,#child.Fanniidae,Fannia,#N/C,6.20833333333333,3.92666666666667,1.41333333333333
FAIRD2_0354,FAIRD,FAIRD2,Site2,Maize,FAIRDxMaize,2023-08-26 11:31:27,2023-08-26 11:31:33,00:00:06,fly,Insecta,Diptera,Brachycera,#N/C,#N/C,#N/C,#N/C,#N/C,#N/C,8.4004979253112,5.45134854771784,1.71630705394191
FAIRD2_0358,FAIRD,FAIRD2,Site2,Maize,FAIRDxMaize,2023-08-26 11:46:59,2023-08-26 11:47:08,00:00:09,fly,Insecta,Diptera,Brachycera,Muscomorpha,Muscoidea,#N/C,#N/C,#N/C,#N/C,12.1985,5.67392857142857,2.11907142857143
FAIRD2_0359,FAIRD,FAIRD2,Site2,Maize,FAIRDxMaize,2023-08-26 11:49:31,2023-08-26 11:49:59,00:00:28,fly,Insecta,Diptera,Brachycera,#N/C,#N/C,#N/C,#N/C,#N/C,#N/C,8.4004979253112,5.45134854771784,1.71630705394191
FAIRD2_0360,FAIRD,FAIRD2,Site2,Maize,FAIRDxMaize,2023-08-26 11:49:31,2023-08-26 11:49:53,00:00:22,fruit_fly,Insecta,Diptera,Brachycera,Muscomorpha,Ephydroidea,Drosophilidae,Drosophilinae,Drosophila,#N/C,8.6963448275862,5.52255172413793,1.75466666666667
FAIRD2_0361,FAIRD,FAIRD2,Site2,Maize,FAIRDxMaize,2023-08-26 11:51:33,2023-08-26 11:51:42,00:00:09,fly,Insecta,Diptera,Brachycera,Muscomorpha,Muscoidea,Fanniidae,#child.Fanniidae,Fannia,#N/C,6.20833333333333,3.92666666666667,1.41333333333333
FAIRD2_0362,FAIRD,FAIRD2,Site2,Maize,FAIRDxMaize,2023-08-26 12:01:45,2023-08-26 12:01:49,00:00:04,fly,Insecta,Diptera,Brachycera,#N/C,#N/C,#N/C,#N/C,#N/C,#N/C,8.4004979253112,5.45134854771784,1.71630705394191
FAIRD2_0363,FAIRD,FAIRD2,Site2,Maize,FAIRDxMaize,2023-08-26 12:01:45,2023-08-26 12:01:52,00:00:07,fly,Insecta,Diptera,Brachycera,Muscomorpha,Muscoidea,Fanniidae,#child.Fanniidae,Fannia,#N/C,6.20833333333333,3.92666666666667,1.41333333333333
FAIRD2_0364,FAIRD,FAIRD2,Site2,Maize,FAIRDxMaize,2023-08-26 12:07:31,2023-08-26 12:07:36,00:00:05,fly,Insecta,Diptera,Brachycera,#N/C,#N/C,#N/C,#N/C,#N/C,#N/C,8.4004979253112,5.45134854771784,1.71630705394191
FAIRD2_0365,FAIRD,FAIRD2,Site2,Maize,FAIRDxMaize,2023-08-26 12:07:31,2023-08-26 12:07:42,00:00:11,fly,Insecta,Diptera,Brachycera,#N/C,#N/C,#N/C,#N/C,#N/C,#N/C,8.4004979253112,5.45134854771784,1.71630705394191
FAIRD2_0366,FAIRD,FAIRD2,Site2,Maize,FAIRDxMaize,2023-08-26 12:12:58,2023-08-26 12:13:08,00:00:10,fly,Insecta,Diptera,Brachycera,#N/C,#N/C,#N/C,#N/C,#N/C,#N/C,8.4004979253112,5.45134854771784,1.71630705394191
FAIRD2_0367,FAIRD,FAIRD2,Site2,Maize,FAIRDxMaize,2023-08-26 12:15:45,2023-08-26 12:16:09,00:00:24,fly,Insecta,Diptera,Brachycera,Muscomorpha,Muscoidea,Fanniidae,#child.Fanniidae,Fannia,#N/C,6.20833333333333,3.92666666666667,1.41333333333333
FAIRD2_0368,FAIRD,FAIRD2,Site2,Maize,FAIRDxMaize,2023-08-26 12:15:42,2023-08-26 12:15:55,00:00:13,fly,Insecta,Diptera,Brachycera,#N/C,#N/C,#N/C,#N/C,#N/C,#N/C,8.4004979253112,5.45134854771784,1.71630705394191
FAIRD2_0369,FAIRD,FAIRD2,Site2,Maize,FAIRDxMaize,2023-08-26 12:16:38,2023-08-26 12:16:44,00:00:06,fly,Insecta,Diptera,Brachycera,#N/C,#N/C,#N/C,#N/C,#N/C,#N/C,8.4004979253112,5.45134854771784,1.71630705394191
FAIRD2_0370,FAIRD,FAIRD2,Site2,Maize,FAIRDxMaize,2023-08-26 12:16:39,2023-08-26 12:16:43,00:00:04,fly,Insecta,Diptera,Brachycera,#N/C,#N/C,#N/C,#N/C,#N/C,#N/C,8.4004979253112,5.45134854771784,1.71630705394191
FAIRD2_0371,FAIRD,FAIRD2,Site2,Maize,FAIRDxMaize,2023-08-26 12:21:10,2023-08-26 12:21:15,00:00:05,fly,Insecta,Diptera,Brachycera,Muscomorpha,Muscoidea,Fanniidae,#child.Fanniidae,Fannia,#N/C,6.20833333333333,3.92666666666667,1.41333333333333
FAIRD2_0372,FAIRD,FAIRD2,Site2,Maize,FAIRDxMaize,2023-08-26 12:23:39,2023-08-26 12:23:43,00:00:04,fly,Insecta,Diptera,Brachycera,#N/C,#N/C,#N/C,#N/C,#N/C,#N/C,8.4004979253112,5.45134854771784,1.71630705394191
FAIRD2_0373,FAIRD,FAIRD2,Site2,Maize,FAIRDxMaize,2023-08-26 12:23:42,2023-08-26 12:23:48,00:00:06,fly,Insecta,Diptera,Brachycera,#N/C,#N/C,#N/C,#N/C,#N/C,#N/C,8.4004979253112,5.45134854771784,1.71630705394191
FAIRD2_0374,FAIRD,FAIRD2,Site2,Maize,FAIRDxMaize,2023-08-26 12:27:54,2023-08-26 12:27:57,00:00:03,fly,Insecta,Diptera,Brachycera,#N/C,#N/C,#N/C,#N/C,#N/C,#N/C,8.4004979253112,5.45134854771784,1.71630705394191
FAIRD2_0375,FAIRD,FAIRD2,Site2,Maize,FAIRDxMaize,2023-08-26 12:27:54,2023-08-26 12:28:04,00:00:10,fly,Insecta,Diptera,Brachycera,#N/C,#N/C,#N/C,#N/C,#N/C,#N/C,8.4004979253112,5.45134854771784,1.71630705394191
FAIRD2_0376,FAIRD,FAIRD2,Site2,Maize,FAIRDxMaize,2023-08-26 12:30:19,2023-08-26 12:30:23,00:00:04,fly,Insecta,Diptera,Brachycera,Muscomorpha,Muscoidea,#N/C,#N/C,#N/C,#N/C,12.1985,5.67392857142857,2.11907142857143
FAIRD2_0377,FAIRD,FAIRD2,Site2,Maize,FAIRDxMaize,2023-08-26 12:30:45,2023-08-26 12:30:52,00:00:07,fly,Insecta,Diptera,Brachycera,Muscomorpha,Muscoidea,Fanniidae,#child.Fanniidae,Fannia,#N/C,6.20833333333333,3.92666666666667,1.41333333333333
FAIRD2_0380,FAIRD,FAIRD2,Site2,Maize,FAIRDxMaize,2023-08-26 12:47:03,2023-08-26 12:47:15,00:00:12,fly,Insecta,Diptera,Brachycera,Muscomorpha,Muscoidea,#N/C,#N/C,#N/C,#N/C,12.1985,5.67392857142857,2.11907142857143
FAIRD2_0382,FAIRD,FAIRD2,Site2,Maize,FAIRDxMaize,2023-08-26 12:57:03,2023-08-26 12:57:48,00:00:45,fly,Insecta,Diptera,Brachycera,Muscomorpha,Muscoidea,Fanniidae,#child.Fanniidae,Fannia,#N/C,6.20833333333333,3.92666666666667,1.41333333333333
FAIRD2_0383,FAIRD,FAIRD2,Site2,Maize,FAIRDxMaize,2023-08-26 13:04:48,2023-08-26 13:04:54,00:00:06,fly,Insecta,Diptera,Brachycera,Muscomorpha,Muscoidea,Fanniidae,#child.Fanniidae,Fannia,#N/C,6.20833333333333,3.92666666666667,1.41333333333333
FAIRD2_0384,FAIRD,FAIRD2,Site2,Maize,FAIRDxMaize,2023-08-26 13:05:47,2023-08-26 13:05:51,00:00:04,fly,Insecta,Diptera,Brachycera,Muscomorpha,Muscoidea,#N/C,#N/C,#N/C,#N/C,12.1985,5.67392857142857,2.11907142857143
FAIRD2_0386,FAIRD,FAIRD2,Site2,Maize,FAIRDxMaize,2023-08-26 13:21:10,2023-08-26 13:21:20,00:00:10,fly,Insecta,Diptera,Brachycera,Muscomorpha,Muscoidea,Fanniidae,#child.Fanniidae,Fannia,#N/C,6.20833333333333,3.92666666666667,1.41333333333333
FAIRD2_0387,FAIRD,FAIRD2,Site2,Maize,FAIRDxMaize,2023-08-26 13:23:55,2023-08-26 13:24:01,00:00:06,fly,Insecta,Diptera,Brachycera,Muscomorpha,Muscoidea,Fanniidae,#child.Fanniidae,Fannia,#N/C,6.20833333333333,3.92666666666667,1.41333333333333
FAIRD2_0389,FAIRD,FAIRD2,Site2,Maize,FAIRDxMaize,2023-08-26 13:30:26,2023-08-26 13:30:32,00:00:06,fly,Insecta,Diptera,Brachycera,Muscomorpha,Muscoidea,#N/C,#N/C,#N/C,#N/C,12.1985,5.67392857142857,2.11907142857143
FAIRD2_0390,FAIRD,FAIRD2,Site2,Maize,FAIRDxMaize,2023-08-26 13:31:21,2023-08-26 13:31:51,00:00:30,fly,Insecta,Diptera,Brachycera,Muscomorpha,Muscoidea,#N/C,#N/C,#N/C,#N/C,12.1985,5.67392857142857,2.11907142857143
FAIRD2_0391,FAIRD,FAIRD2,Site2,Maize,FAIRDxMaize,2023-08-26 13:42:20,2023-08-26 13:42:25,00:00:05,fly,Insecta,Diptera,Brachycera,#N/C,#N/C,#N/C,#N/C,#N/C,#N/C,8.4004979253112,5.45134854771784,1.71630705394191
FAIRD2_0392,FAIRD,FAIRD2,Site2,Maize,FAIRDxMaize,2023-08-26 13:42:20,2023-08-26 13:42:46,00:00:26,fly,Insecta,Diptera,Brachycera,Muscomorpha,Muscoidea,#N/C,#N/C,#N/C,#N/C,12.1985,5.67392857142857,2.11907142857143
FAIRD2_0393,FAIRD,FAIRD2,Site2,Maize,FAIRDxMaize,2023-08-26 13:49:26,2023-08-26 13:49:33,00:00:07,fly,Insecta,Diptera,Brachycera,#N/C,#N/C,#N/C,#N/C,#N/C,#N/C,8.4004979253112,5.45134854771784,1.71630705394191
FAIRD2_0394,FAIRD,FAIRD2,Site2,Maize,FAIRDxMaize,2023-08-26 13:49:26,2023-08-26 13:49:54,00:00:28,fly,Insecta,Diptera,Brachycera,#N/C,#N/C,#N/C,#N/C,#N/C,#N/C,8.4004979253112,5.45134854771784,1.71630705394191
FAIRD2_0396,FAIRD,FAIRD2,Site2,Maize,FAIRDxMaize,2023-08-26 14:07:31,2023-08-26 14:09:10,00:01:39,fly,Insecta,Diptera,Brachycera,Muscomorpha,Muscoidea,#N/C,#N/C,#N/C,#N/C,12.1985,5.67392857142857,2.11907142857143
FAIRD2_0397,FAIRD,FAIRD2,Site2,Maize,FAIRDxMaize,2023-08-26 14:15:00,2023-08-26 14:15:14,00:00:14,fly,Insecta,Diptera,Brachycera,#N/C,#N/C,#N/C,#N/C,#N/C,#N/C,8.4004979253112,5.45134854771784,1.71630705394191
FAIRD2_0398,FAIRD,FAIRD2,Site2,Maize,FAIRDxMaize,2023-08-26 14:15:00,2023-08-26 14:15:11,00:00:11,fly,Insecta,Diptera,Brachycera,#N/C,#N/C,#N/C,#N/C,#N/C,#N/C,8.4004979253112,5.45134854771784,1.71630705394191
FAIRD2_0399,FAIRD,FAIRD2,Site2,Maize,FAIRDxMaize,2023-08-26 14:15:00,2023-08-26 14:15:10,00:00:10,fly,Insecta,Diptera,Brachycera,Muscomorpha,Muscoidea,Fanniidae,#child.Fanniidae,Fannia,#N/C,6.20833333333333,3.92666666666667,1.41333333333333
FAIRD2_0400,FAIRD,FAIRD2,Site2,Maize,FAIRDxMaize,2023-08-26 14:26:49,2023-08-26 14:26:56,00:00:07,fly,Insecta,Diptera,Brachycera,#N/C,#N/C,#N/C,#N/C,#N/C,#N/C,8.4004979253112,5.45134854771784,1.71630705394191
FAIRD2_0403,FAIRD,FAIRD2,Site2,Maize,FAIRDxMaize,2023-08-26 14:36:49,2023-08-26 14:37:00,00:00:11,fly,Insecta,Diptera,Brachycera,#N/C,#N/C,#N/C,#N/C,#N/C,#N/C,8.4004979253112,5.45134854771784,1.71630705394191
FAIRD2_0404,FAIRD,FAIRD2,Site2,Maize,FAIRDxMaize,2023-08-26 14:41:29,2023-08-26 14:41:36,00:00:07,fly,Insecta,Diptera,Brachycera,#N/C,#N/C,#N/C,#N/C,#N/C,#N/C,8.4004979253112,5.45134854771784,1.71630705394191
FAIRD2_0405,FAIRD,FAIRD2,Site2,Maize,FAIRDxMaize,2023-08-26 14:41:29,2023-08-26 14:42:19,00:00:50,fly,Insecta,Diptera,Brachycera,Muscomorpha,Muscoidea,Fanniidae,#child.Fanniidae,Fannia,#N/C,6.20833333333333,3.92666666666667,1.41333333333333
FAIRD2_0407,FAIRD,FAIRD2,Site2,Maize,FAIRDxMaize,2023-08-26 14:42:02,2023-08-26 14:42:08,00:00:06,fly,Insecta,Diptera,Brachycera,#N/C,#N/C,#N/C,#N/C,#N/C,#N/C,8.4004979253112,5.45134854771784,1.71630705394191
FAIRD2_0408,FAIRD,FAIRD2,Site2,Maize,FAIRDxMaize,2023-08-26 14:51:12,2023-08-26 14:51:31,00:00:19,fly,Insecta,Diptera,Brachycera,#N/C,#N/C,#N/C,#N/C,#N/C,#N/C,8.4004979253112,5.45134854771784,1.71630705394191
FAIRD2_0409,FAIRD,FAIRD2,Site2,Maize,FAIRDxMaize,2023-08-26 14:51:17,2023-08-26 14:51:22,00:00:05,?,Insecta,#N/C,#N/C,#N/C,#N/C,#N/C,#N/C,#N/C,#N/C,24.2840884279476,6.53678493449783,2.11444868995633
FAIRD2_0411,FAIRD,FAIRD2,Site2,Maize,FAIRDxMaize,2023-08-26 15:03:31,2023-08-26 15:03:34,00:00:03,fly,Insecta,Diptera,Brachycera,#N/C,#N/C,#N/C,#N/C,#N/C,#N/C,8.4004979253112,5.45134854771784,1.71630705394191
FAIRD2_0412,FAIRD,FAIRD2,Site2,Maize,FAIRDxMaize,2023-08-26 15:03:31,2023-08-26 15:03:36,00:00:05,fly,Insecta,Diptera,Brachycera,Muscomorpha,Muscoidea,#N/C,#N/C,#N/C,#N/C,12.1985,5.67392857142857,2.11907142857143
FAIRD2_0413,FAIRD,FAIRD2,Site2,Maize,FAIRDxMaize,2023-08-26 15:04:05,2023-08-26 15:04:32,00:00:27,fly,Insecta,Diptera,Brachycera,Muscomorpha,Muscoidea,#N/C,#N/C,#N/C,#N/C,12.1985,5.67392857142857,2.11907142857143
FAIRD2_0414,FAIRD,FAIRD2,Site2,Maize,FAIRDxMaize,2023-08-26 15:19:26,2023-08-26 15:19:34,00:00:08,fly,Insecta,Diptera,Brachycera,Muscomorpha,Muscoidea,#N/C,#N/C,#N/C,#N/C,12.1985,5.67392857142857,2.11907142857143
FAIRD2_0415,FAIRD,FAIRD2,Site2,Maize,FAIRDxMaize,2023-08-26 15:32:44,2023-08-26 15:32:46,00:00:02,fly,Insecta,Diptera,Brachycera,Muscomorpha,Muscoidea,#N/C,#N/C,#N/C,#N/C,12.1985,5.67392857142857,2.11907142857143
FAIRD2_0417,FAIRD,FAIRD2,Site2,Maize,FAIRDxMaize,2023-08-26 15:52:26,2023-08-26 15:52:42,00:00:16,fly,Insecta,Diptera,Brachycera,Muscomorpha,Muscoidea,Fanniidae,#child.Fanniidae,Fannia,#N/C,6.20833333333333,3.92666666666667,1.41333333333333
FAIRD2_0418,FAIRD,FAIRD2,Site2,Maize,FAIRDxMaize,2023-08-27 08:20:00,2023-08-27 08:20:11,00:00:11,fly,Insecta,Diptera,Brachycera,Muscomorpha,Muscoidea,Fanniidae,#child.Fanniidae,Fannia,#N/C,6.20833333333333,3.92666666666667,1.41333333333333
FAIRD2_0419,FAIRD,FAIRD2,Site2,Maize,FAIRDxMaize,2023-08-27 08:20:00,2023-08-27 10:28:07,02:08:07,?,Insecta,#N/C,#N/C,#N/C,#N/C,#N/C,#N/C,#N/C,#N/C,24.2840884279476,6.53678493449783,2.11444868995633
FAIRD2_0421,FAIRD,FAIRD2,Site2,Maize,FAIRDxMaize,2023-08-27 08:31:01,2023-08-27 08:31:30,00:00:29,fly,Insecta,Diptera,Brachycera,Muscomorpha,Muscoidea,Fanniidae,#child.Fanniidae,Fannia,#N/C,6.20833333333333,3.92666666666667,1.41333333333333
FAIRD2_0422,FAIRD,FAIRD2,Site2,Maize,FAIRDxMaize,2023-08-27 09:30:09,2023-08-27 09:31:15,00:01:06,fly,Insecta,Diptera,Brachycera,#N/C,#N/C,#N/C,#N/C,#N/C,#N/C,8.4004979253112,5.45134854771784,1.71630705394191
FAIRD2_0423,FAIRD,FAIRD2,Site2,Maize,FAIRDxMaize,2023-08-27 09:30:09,2023-08-27 09:31:15,00:01:06,fly,Insecta,Diptera,Brachycera,Muscomorpha,Muscoidea,Fanniidae,#child.Fanniidae,Fannia,#N/C,6.20833333333333,3.92666666666667,1.41333333333333
FAIRD2_0424,FAIRD,FAIRD2,Site2,Maize,FAIRDxMaize,2023-08-27 09:37:58,2023-08-27 09:38:20,00:00:22,fly,Insecta,Diptera,Brachycera,Muscomorpha,Muscoidea,Fanniidae,#child.Fanniidae,Fannia,#N/C,6.20833333333333,3.92666666666667,1.41333333333333
FAIRD2_0425,FAIRD,FAIRD2,Site2,Maize,FAIRDxMaize,2023-08-27 09:39:43,2023-08-27 09:40:13,00:00:30,fly,Insecta,Diptera,Brachycera,Muscomorpha,Muscoidea,Fanniidae,#child.Fanniidae,Fannia,#N/C,6.20833333333333,3.92666666666667,1.41333333333333
FAIRD2_0426,FAIRD,FAIRD2,Site2,Maize,FAIRDxMaize,2023-08-27 09:42:21,2023-08-27 09:42:36,00:00:15,fly,Insecta,Diptera,Brachycera,Muscomorpha,Muscoidea,Fanniidae,#child.Fanniidae,Fannia,#N/C,6.20833333333333,3.92666666666667,1.41333333333333
FAIRD2_0428,FAIRD,FAIRD2,Site2,Maize,FAIRDxMaize,2023-08-27 09:45:21,2023-08-27 09:45:40,00:00:19,fly,Insecta,Diptera,Brachycera,Muscomorpha,Muscoidea,Fanniidae,#child.Fanniidae,Fannia,#N/C,6.20833333333333,3.92666666666667,1.41333333333333
FAIRD2_0429,FAIRD,FAIRD2,Site2,Maize,FAIRDxMaize,2023-08-27 09:55:39,2023-08-27 09:56:33,00:00:54,fly,Insecta,Diptera,Brachycera,Muscomorpha,Muscoidea,Fanniidae,#child.Fanniidae,Fannia,#N/C,6.20833333333333,3.92666666666667,1.41333333333333
FAIRD2_0430,FAIRD,FAIRD2,Site2,Maize,FAIRDxMaize,2023-08-27 10:07:46,2023-08-27 10:07:57,00:00:11,fly,Insecta,Diptera,Brachycera,#N/C,#N/C,#N/C,#N/C,#N/C,#N/C,8.4004979253112,5.45134854771784,1.71630705394191
FAIRD2_0431,FAIRD,FAIRD2,Site2,Maize,FAIRDxMaize,2023-08-27 10:09:22,2023-08-27 10:09:34,00:00:12,fly,Insecta,Diptera,Brachycera,Muscomorpha,Muscoidea,Fanniidae,#child.Fanniidae,Fannia,#N/C,6.20833333333333,3.92666666666667,1.41333333333333
FAIRD2_0432,FAIRD,FAIRD2,Site2,Maize,FAIRDxMaize,2023-08-27 10:23:18,2023-08-27 10:23:28,00:00:10,fly,Insecta,Diptera,Brachycera,Muscomorpha,Muscoidea,Fanniidae,#child.Fanniidae,Fannia,#N/C,6.20833333333333,3.92666666666667,1.41333333333333
FAIRD2_0433,FAIRD,FAIRD2,Site2,Maize,FAIRDxMaize,2023-08-27 10:27:44,2023-08-27 10:28:07,00:00:23,fly,Insecta,Diptera,Brachycera,Muscomorpha,Muscoidea,Fanniidae,#child.Fanniidae,Fannia,#N/C,6.20833333333333,3.92666666666667,1.41333333333333
FAIRD2_0434,FAIRD,FAIRD2,Site2,Maize,FAIRDxMaize,2023-08-27 10:27:44,2023-08-27 10:28:10,00:00:26,fly,Insecta,Diptera,Brachycera,#N/C,#N/C,#N/C,#N/C,#N/C,#N/C,8.4004979253112,5.45134854771784,1.71630705394191
FAIRD2_0436,FAIRD,FAIRD2,Site2,Maize,FAIRDxMaize,2023-08-27 10:28:54,2023-08-27 10:29:07,00:00:13,fly,Insecta,Diptera,Brachycera,#N/C,#N/C,#N/C,#N/C,#N/C,#N/C,8.4004979253112,5.45134854771784,1.71630705394191
FAIRD2_0437,FAIRD,FAIRD2,Site2,Maize,FAIRDxMaize,2023-08-27 10:28:54,2023-08-27 10:29:44,00:00:50,fly,Insecta,Diptera,Brachycera,#N/C,#N/C,#N/C,#N/C,#N/C,#N/C,8.4004979253112,5.45134854771784,1.71630705394191
FAIRD2_0438,FAIRD,FAIRD2,Site2,Maize,FAIRDxMaize,2023-08-27 10:28:54,2023-08-27 10:29:44,00:00:50,fly,Insecta,Diptera,#N/C,#N/C,#N/C,#N/C,#N/C,#N/C,#N/C,8.34888888888888,5.47349206349206,1.69168650793651
FAIRD2_0440,FAIRD,FAIRD2,Site2,Maize,FAIRDxMaize,2023-08-27 10:33:28,2023-08-27 10:34:25,00:00:57,fly,Insecta,Diptera,Brachycera,Muscomorpha,Muscoidea,#N/C,#N/C,#N/C,#N/C,12.1985,5.67392857142857,2.11907142857143
FAIRD2_0441,FAIRD,FAIRD2,Site2,Maize,FAIRDxMaize,2023-08-27 10:33:16,2023-08-27 10:34:25,00:01:09,fly,Insecta,Diptera,Brachycera,#N/C,#N/C,#N/C,#N/C,#N/C,#N/C,8.4004979253112,5.45134854771784,1.71630705394191
FAIRD2_0442,FAIRD,FAIRD2,Site2,Maize,FAIRDxMaize,2023-08-27 10:42:21,2023-08-27 10:43:35,00:01:14,fly,Insecta,Diptera,Brachycera,Muscomorpha,Muscoidea,Fanniidae,#child.Fanniidae,Fannia,#N/C,6.20833333333333,3.92666666666667,1.41333333333333
FAIRD2_0443,FAIRD,FAIRD2,Site2,Maize,FAIRDxMaize,2023-08-27 10:48:13,2023-08-27 10:48:21,00:00:08,fly,Insecta,Diptera,Brachycera,Muscomorpha,Muscoidea,Fanniidae,#child.Fanniidae,Fannia,#N/C,6.20833333333333,3.92666666666667,1.41333333333333
FAIRD2_0444,FAIRD,FAIRD2,Site2,Maize,FAIRDxMaize,2023-08-27 11:47:12,2023-08-27 11:47:18,00:00:06,fly,Insecta,Diptera,Brachycera,Muscomorpha,Muscoidea,Fanniidae,#child.Fanniidae,Fannia,#N/C,6.20833333333333,3.92666666666667,1.41333333333333
FAIRD2_0445,FAIRD,FAIRD2,Site2,Maize,FAIRDxMaize,2023-08-27 11:51:19,2023-08-27 11:52:11,00:00:52,fly,Insecta,Diptera,Brachycera,Muscomorpha,Muscoidea,Fanniidae,#child.Fanniidae,Fannia,#N/C,6.20833333333333,3.92666666666667,1.41333333333333
FAIRD2_0446,FAIRD,FAIRD2,Site2,Maize,FAIRDxMaize,2023-08-27 11:54:28,2023-08-27 11:55:23,00:00:55,fly,Insecta,Diptera,Brachycera,Muscomorpha,Muscoidea,#N/C,#N/C,#N/C,#N/C,12.1985,5.67392857142857,2.11907142857143
FAIRD2_0447,FAIRD,FAIRD2,Site2,Maize,FAIRDxMaize,2023-08-27 12:06:27,2023-08-27 12:06:45,00:00:18,fly,Insecta,Diptera,Brachycera,Muscomorpha,Muscoidea,Fanniidae,#child.Fanniidae,Fannia,#N/C,6.20833333333333,3.92666666666667,1.41333333333333
FAIRD2_0448,FAIRD,FAIRD2,Site2,Maize,FAIRDxMaize,2023-08-27 12:11:17,2023-08-27 12:12:31,00:01:14,fly,Insecta,Diptera,Brachycera,#N/C,#N/C,#N/C,#N/C,#N/C,#N/C,8.4004979253112,5.45134854771784,1.71630705394191
FAIRD2_0449,FAIRD,FAIRD2,Site2,Maize,FAIRDxMaize,2023-08-27 12:13:25,2023-08-27 12:13:39,00:00:14,fly,Insecta,Diptera,Brachycera,#N/C,#N/C,#N/C,#N/C,#N/C,#N/C,8.4004979253112,5.45134854771784,1.71630705394191
FAIRD2_0450,FAIRD,FAIRD2,Site2,Maize,FAIRDxMaize,2023-08-27 12:23:08,2023-08-27 12:23:39,00:00:31,fly,Insecta,Diptera,Brachycera,Muscomorpha,Muscoidea,Fanniidae,#child.Fanniidae,Fannia,#N/C,6.20833333333333,3.92666666666667,1.41333333333333
FAIRD2_0453,FAIRD,FAIRD2,Site2,Maize,FAIRDxMaize,2023-08-27 12:32:15,2023-08-27 12:32:51,00:00:36,fly,Insecta,Diptera,Brachycera,Muscomorpha,Muscoidea,Fanniidae,#child.Fanniidae,Fannia,#N/C,6.20833333333333,3.92666666666667,1.41333333333333
FAIRD2_0455,FAIRD,FAIRD2,Site2,Maize,FAIRDxMaize,2023-08-27 12:34:06,2023-08-27 12:34:55,00:00:49,fly,Insecta,Diptera,Brachycera,#N/C,#N/C,#N/C,#N/C,#N/C,#N/C,8.4004979253112,5.45134854771784,1.71630705394191
FAIRD2_0456,FAIRD,FAIRD2,Site2,Maize,FAIRDxMaize,2023-08-27 12:54:07,2023-08-27 12:54:13,00:00:06,fly,Insecta,Diptera,Brachycera,Muscomorpha,Muscoidea,Fanniidae,#child.Fanniidae,Fannia,#N/C,6.20833333333333,3.92666666666667,1.41333333333333
FAIRD2_0457,FAIRD,FAIRD2,Site2,Maize,FAIRDxMaize,2023-08-27 12:54:07,2023-08-27 12:54:13,00:00:06,fly,Insecta,Diptera,Brachycera,#N/C,#N/C,#N/C,#N/C,#N/C,#N/C,8.4004979253112,5.45134854771784,1.71630705394191
FAIRD2_0458,FAIRD,FAIRD2,Site2,Maize,FAIRDxMaize,2023-08-27 13:06:34,2023-08-27 13:07:14,00:00:40,fly,Insecta,Diptera,Brachycera,#N/C,#N/C,#N/C,#N/C,#N/C,#N/C,8.4004979253112,5.45134854771784,1.71630705394191
FAIRD2_0459,FAIRD,FAIRD2,Site2,Maize,FAIRDxMaize,2023-08-27 14:10:53,2023-08-27 14:11:38,00:00:45,fly,Insecta,Diptera,Brachycera,Muscomorpha,Muscoidea,Fanniidae,#child.Fanniidae,Fannia,#N/C,6.20833333333333,3.92666666666667,1.41333333333333
FAIRD2_0461,FAIRD,FAIRD2,Site2,Maize,FAIRDxMaize,2023-08-27 14:22:41,2023-08-27 14:22:45,00:00:04,fly,Insecta,Diptera,Brachycera,#N/C,#N/C,#N/C,#N/C,#N/C,#N/C,8.4004979253112,5.45134854771784,1.71630705394191
FAIRD2_0462,FAIRD,FAIRD2,Site2,Maize,FAIRDxMaize,2023-08-27 14:22:41,2023-08-27 14:22:50,00:00:09,fly,Insecta,Diptera,Brachycera,#N/C,#N/C,#N/C,#N/C,#N/C,#N/C,8.4004979253112,5.45134854771784,1.71630705394191
FAIRD2_0463,FAIRD,FAIRD2,Site2,Maize,FAIRDxMaize,2023-08-27 14:30:24,2023-08-27 14:30:37,00:00:13,fly,Insecta,Diptera,Brachycera,Muscomorpha,Muscoidea,Scathophagidae,Scathophaginae,Scathophaga,#N/C,3.1525,3.56583333333333,1.17416666666667
FAIRD2_0465,FAIRD,FAIRD2,Site2,Maize,FAIRDxMaize,2023-08-27 14:58:44,2023-08-27 14:59:17,00:00:33,fly,Insecta,Diptera,Brachycera,#N/C,#N/C,#N/C,#N/C,#N/C,#N/C,8.4004979253112,5.45134854771784,1.71630705394191
FAIRD2_0466,FAIRD,FAIRD2,Site2,Maize,FAIRDxMaize,2023-08-27 16:59:50,2023-08-27 17:00:09,00:00:19,hoverfly,Insecta,Diptera,Brachycera,Muscomorpha,Syrphoidea,Syrphidae,Syrphinae,Episyrphus,#N/C,12.2957258064516,7.50846774193548,2.1483064516129
FAIRD2_0467,FAIRD,FAIRD2,Site2,Maize,FAIRDxMaize,2023-08-27 17:02:53,2023-08-27 17:03:08,00:00:15,fly,Insecta,Diptera,Brachycera,#N/C,#N/C,#N/C,#N/C,#N/C,#N/C,8.4004979253112,5.45134854771784,1.71630705394191
FAIRD2_0468,FAIRD,FAIRD2,Site2,Maize,FAIRDxMaize,2023-08-27 17:32:35,2023-08-27 17:33:00,00:00:25,fly,Insecta,Diptera,Brachycera,#N/C,#N/C,#N/C,#N/C,#N/C,#N/C,8.4004979253112,5.45134854771784,1.71630705394191
FAIRD2_0469,FAIRD,FAIRD2,Site2,Maize,FAIRDxMaize,2023-08-27 17:33:52,2023-08-27 17:34:54,00:01:02,fly,Insecta,Diptera,Brachycera,Muscomorpha,Muscoidea,Fanniidae,#child.Fanniidae,Fannia,#N/C,6.20833333333333,3.92666666666667,1.41333333333333
FAIRD2_0473,FAIRD,FAIRD2,Site2,Maize,FAIRDxMaize,2023-09-05 09:52:20,2023-09-05 09:52:50,00:00:30,fly,Insecta,Diptera,Brachycera,Muscomorpha,Muscoidea,Fanniidae,#child.Fanniidae,Fannia,#N/C,6.20833333333333,3.92666666666667,1.41333333333333
FAIRD2_0474,FAIRD,FAIRD2,Site2,Maize,FAIRDxMaize,2023-09-05 14:17:49,2023-09-05 14:20:55,00:03:06,ladybug,Insecta,Coleoptera,Polyphaga,Cucujiformia,Coccinelloidea,Coccinellidae,Coccinellinae,Harmonia,#N/C,8.39571428571429,4.155,2.31535714285714
FAIRD2_0476,FAIRD,FAIRD2,Site2,Maize,FAIRDxMaize,2023-09-10 17:10:17,2023-09-10 17:11:20,00:01:03,ladybug,Insecta,Coleoptera,Polyphaga,Cucujiformia,Coccinelloidea,Coccinellidae,Coccinellinae,Harmonia,#N/C,8.39571428571429,4.155,2.31535714285714
FAIRD2_0477,FAIRD,FAIRD2,Site2,Maize,FAIRDxMaize,2023-09-10 17:34:40,2023-09-10 17:34:47,00:00:07,fly,Insecta,Diptera,Brachycera,#N/C,#N/C,#N/C,#N/C,#N/C,#N/C,8.4004979253112,5.45134854771784,1.71630705394191
FAIRD2_0478,FAIRD,FAIRD2,Site2,Maize,FAIRDxMaize,2023-09-11 09:11:24,2023-09-11 09:11:31,00:00:07,fly,Insecta,Diptera,Brachycera,#N/C,#N/C,#N/C,#N/C,#N/C,#N/C,8.4004979253112,5.45134854771784,1.71630705394191
FAIRD2_0482,FAIRD,FAIRD2,Site2,Maize,FAIRDxMaize,2023-08-28 08:32:05,2023-08-28 08:38:45,00:06:40,fly,Insecta,Diptera,Brachycera,#N/C,#N/C,#N/C,#N/C,#N/C,#N/C,8.4004979253112,5.45134854771784,1.71630705394191
FAIRD2_0483,FAIRD,FAIRD2,Site2,Maize,FAIRDxMaize,2023-08-28 10:37:05,2023-08-28 10:37:16,00:00:11,fly,Insecta,Diptera,Brachycera,#N/C,#N/C,#N/C,#N/C,#N/C,#N/C,8.4004979253112,5.45134854771784,1.71630705394191
FAIRD2_0484,FAIRD,FAIRD2,Site2,Maize,FAIRDxMaize,2023-08-28 11:21:00,2023-08-28 11:21:25,00:00:25,fly,Insecta,Diptera,Brachycera,#N/C,#N/C,#N/C,#N/C,#N/C,#N/C,8.4004979253112,5.45134854771784,1.71630705394191
FAIRD2_0485,FAIRD,FAIRD2,Site2,Maize,FAIRDxMaize,2023-08-28 12:22:01,2023-08-28 12:40:14,00:18:13,fly,Insecta,Diptera,Brachycera,Muscomorpha,Muscoidea,#N/C,#N/C,#N/C,#N/C,12.1985,5.67392857142857,2.11907142857143
FAIRD2_0486,FAIRD,FAIRD2,Site2,Maize,FAIRDxMaize,2023-08-28 13:40:50,2023-08-28 13:41:00,00:00:10,fly,Insecta,Diptera,Brachycera,Muscomorpha,Muscoidea,Fanniidae,#child.Fanniidae,Fannia,#N/C,6.20833333333333,3.92666666666667,1.41333333333333
FAIRD2_0487,FAIRD,FAIRD2,Site2,Maize,FAIRDxMaize,2023-08-29 12:50:44,2023-08-29 12:50:49,00:00:05,fly,Insecta,Diptera,Brachycera,#N/C,#N/C,#N/C,#N/C,#N/C,#N/C,8.4004979253112,5.45134854771784,1.71630705394191
FAIRD2_0488,FAIRD,FAIRD2,Site2,Maize,FAIRDxMaize,2023-08-30 11:20:44,2023-08-30 12:36:07,01:15:23,fly,Insecta,Diptera,Brachycera,#N/C,#N/C,#N/C,#N/C,#N/C,#N/C,8.4004979253112,5.45134854771784,1.71630705394191
FAIRD2_0489,FAIRD,FAIRD2,Site2,Maize,FAIRDxMaize,2023-08-30 12:35:54,2023-08-30 12:59:09,00:23:15,fly,Insecta,Diptera,Brachycera,Muscomorpha,Muscoidea,Fanniidae,#child.Fanniidae,Fannia,#N/C,6.20833333333333,3.92666666666667,1.41333333333333
FAIRD2_0490,FAIRD,FAIRD2,Site2,Maize,FAIRDxMaize,2023-08-30 12:30:49,2023-08-30 12:36:05,00:05:16,fly,Insecta,Diptera,Brachycera,#N/C,#N/C,#N/C,#N/C,#N/C,#N/C,8.4004979253112,5.45134854771784,1.71630705394191
FAIRD2_0491,FAIRD,FAIRD2,Site2,Maize,FAIRDxMaize,2023-08-30 13:01:52,2023-08-30 13:02:05,00:00:13,hoverfly,Insecta,Diptera,Brachycera,Muscomorpha,Syrphoidea,Syrphidae,Syrphinae,Episyrphus,#N/C,12.2957258064516,7.50846774193548,2.1483064516129
FAIRD2_0492,FAIRD,FAIRD2,Site2,Maize,FAIRDxMaize,2023-08-30 13:01:52,2023-08-30 13:07:03,00:05:11,fly,Insecta,Diptera,Brachycera,Muscomorpha,Ephydroidea,Drosophilidae,Drosophilinae,Drosophila,#N/C,8.6963448275862,5.52255172413793,1.75466666666667
FAIRD2_0493,FAIRD,FAIRD2,Site2,Maize,FAIRDxMaize,2023-08-30 13:39:37,2023-08-30 13:39:58,00:00:21,fly,Insecta,Diptera,Brachycera,Muscomorpha,Muscoidea,Fanniidae,#child.Fanniidae,Fannia,#N/C,6.20833333333333,3.92666666666667,1.41333333333333
FAIRD2_0494,FAIRD,FAIRD2,Site2,Maize,FAIRDxMaize,2023-08-30 13:39:37,2023-08-30 13:40:05,00:00:28,fly,Insecta,Diptera,Brachycera,#N/C,#N/C,#N/C,#N/C,#N/C,#N/C,8.4004979253112,5.45134854771784,1.71630705394191
FAIRD2_0495,FAIRD,FAIRD2,Site2,Maize,FAIRDxMaize,2023-08-30 14:29:24,2023-08-30 14:29:45,00:00:21,fly,Insecta,Diptera,Brachycera,#N/C,#N/C,#N/C,#N/C,#N/C,#N/C,8.4004979253112,5.45134854771784,1.71630705394191
FAIRD2_0496,FAIRD,FAIRD2,Site2,Maize,FAIRDxMaize,2023-08-30 14:46:43,2023-08-30 14:46:44,00:00:01,fly,Insecta,Diptera,Brachycera,#N/C,#N/C,#N/C,#N/C,#N/C,#N/C,8.4004979253112,5.45134854771784,1.71630705394191
FAIRD2_0497,FAIRD,FAIRD2,Site2,Maize,FAIRDxMaize,2023-08-30 16:08:26,2023-08-30 16:08:46,00:00:20,fly,Insecta,Diptera,Brachycera,Muscomorpha,Muscoidea,Fanniidae,#child.Fanniidae,Fannia,#N/C,6.20833333333333,3.92666666666667,1.41333333333333
FAIRD2_0498,FAIRD,FAIRD2,Site2,Maize,FAIRDxMaize,2023-08-30 17:27:07,2023-08-30 17:29:10,00:02:03,fly,Insecta,Diptera,Brachycera,#N/C,#N/C,#N/C,#N/C,#N/C,#N/C,8.4004979253112,5.45134854771784,1.71630705394191
FAIRD2_0499,FAIRD,FAIRD2,Site2,Maize,FAIRDxMaize,2023-08-30 17:37:42,2023-08-30 17:41:31,00:03:49,fly,Insecta,Diptera,Brachycera,#N/C,#N/C,#N/C,#N/C,#N/C,#N/C,8.4004979253112,5.45134854771784,1.71630705394191
FAIRD2_0500,FAIRD,FAIRD2,Site2,Maize,FAIRDxMaize,2023-08-30 17:41:15,2023-08-30 18:12:05,00:30:50,fly,Insecta,Diptera,Brachycera,#N/C,#N/C,#N/C,#N/C,#N/C,#N/C,8.4004979253112,5.45134854771784,1.71630705394191
FAIRD2_0501,FAIRD,FAIRD2,Site2,Maize,FAIRDxMaize,2023-08-30 18:11:56,2023-08-30 18:12:06,00:00:10,fly,Insecta,Diptera,Brachycera,#N/C,#N/C,#N/C,#N/C,#N/C,#N/C,8.4004979253112,5.45134854771784,1.71630705394191
FAIRD2_0502,FAIRD,FAIRD2,Site2,Maize,FAIRDxMaize,2023-08-31 09:35:07,2023-08-31 09:35:20,00:00:13,fly,Insecta,Diptera,Brachycera,Muscomorpha,Muscoidea,#N/C,#N/C,#N/C,#N/C,12.1985,5.67392857142857,2.11907142857143
FAIRD2_0503,FAIRD,FAIRD2,Site2,Maize,FAIRDxMaize,2023-08-31 11:42:21,2023-08-31 11:42:34,00:00:13,fly,Insecta,Diptera,Brachycera,#N/C,#N/C,#N/C,#N/C,#N/C,#N/C,8.4004979253112,5.45134854771784,1.71630705394191
FAIRD2_0504,FAIRD,FAIRD2,Site2,Maize,FAIRDxMaize,2023-08-31 12:37:58,2023-08-31 12:38:02,00:00:04,fly,Insecta,Diptera,Brachycera,#N/C,#N/C,#N/C,#N/C,#N/C,#N/C,8.4004979253112,5.45134854771784,1.71630705394191
FAIRD2_0505,FAIRD,FAIRD2,Site2,Maize,FAIRDxMaize,2023-08-31 15:01:19,2023-08-31 15:04:35,00:03:16,fly,Insecta,Diptera,Brachycera,#N/C,#N/C,#N/C,#N/C,#N/C,#N/C,8.4004979253112,5.45134854771784,1.71630705394191
FAIRD2_0506,FAIRD,FAIRD2,Site2,Maize,FAIRDxMaize,2023-08-31 15:13:27,2023-08-31 15:14:09,00:00:42,fly,Insecta,Diptera,Brachycera,#N/C,#N/C,#N/C,#N/C,#N/C,#N/C,8.4004979253112,5.45134854771784,1.71630705394191
FAIRD2_0507,FAIRD,FAIRD2,Site2,Maize,FAIRDxMaize,2023-08-31 16:39:46,2023-08-31 16:39:51,00:00:05,fly,Insecta,Diptera,Brachycera,#N/C,#N/C,#N/C,#N/C,#N/C,#N/C,8.4004979253112,5.45134854771784,1.71630705394191
FAIRD2_0508,FAIRD,FAIRD2,Site2,Maize,FAIRDxMaize,2023-09-01 08:53:15,2023-09-01 08:53:25,00:00:10,fly,Insecta,Diptera,Brachycera,#N/C,#N/C,#N/C,#N/C,#N/C,#N/C,8.4004979253112,5.45134854771784,1.71630705394191
FAIRD2_0509,FAIRD,FAIRD2,Site2,Maize,FAIRDxMaize,2023-09-01 12:57:12,2023-09-01 13:00:04,00:02:52,fly,Insecta,Diptera,Brachycera,#N/C,#N/C,#N/C,#N/C,#N/C,#N/C,8.4004979253112,5.45134854771784,1.71630705394191
FAIRD2_0510,FAIRD,FAIRD2,Site2,Maize,FAIRDxMaize,2023-09-01 13:42:36,2023-09-01 13:45:11,00:02:35,fly,Insecta,Diptera,Brachycera,#N/C,#N/C,#N/C,#N/C,#N/C,#N/C,8.4004979253112,5.45134854771784,1.71630705394191
FAIRD2_0511,FAIRD,FAIRD2,Site2,Maize,FAIRDxMaize,2023-09-01 14:02:03,2023-09-01 14:03:49,00:01:46,fly,Insecta,Diptera,Brachycera,#N/C,#N/C,#N/C,#N/C,#N/C,#N/C,8.4004979253112,5.45134854771784,1.71630705394191
FAIRD2_0512,FAIRD,FAIRD2,Site2,Maize,FAIRDxMaize,2023-09-01 15:37:22,2023-09-01 15:37:35,00:00:13,fly,Insecta,Diptera,Brachycera,#N/C,#N/C,#N/C,#N/C,#N/C,#N/C,8.4004979253112,5.45134854771784,1.71630705394191
FAIRD2_0513,FAIRD,FAIRD2,Site2,Maize,FAIRDxMaize,2023-09-01 17:22:46,2023-09-01 17:32:51,00:10:05,fly,Insecta,Diptera,Brachycera,#N/C,#N/C,#N/C,#N/C,#N/C,#N/C,8.4004979253112,5.45134854771784,1.71630705394191
FAIRD2_0514,FAIRD,FAIRD2,Site2,Maize,FAIRDxMaize,2023-09-02 10:09:48,2023-09-02 10:10:35,00:00:47,fly,Insecta,Diptera,Brachycera,#N/C,#N/C,#N/C,#N/C,#N/C,#N/C,8.4004979253112,5.45134854771784,1.71630705394191
FAIRD2_0515,FAIRD,FAIRD2,Site2,Maize,FAIRDxMaize,2023-09-02 10:18:36,2023-09-02 10:18:42,00:00:06,fly,Insecta,Diptera,Brachycera,#N/C,#N/C,#N/C,#N/C,#N/C,#N/C,8.4004979253112,5.45134854771784,1.71630705394191
FAIRD2_0516,FAIRD,FAIRD2,Site2,Maize,FAIRDxMaize,2023-09-02 10:23:12,2023-09-02 10:53:58,00:30:46,fly,Insecta,Diptera,Brachycera,#N/C,#N/C,#N/C,#N/C,#N/C,#N/C,8.4004979253112,5.45134854771784,1.71630705394191
FAIRD2_0517,FAIRD,FAIRD2,Site2,Maize,FAIRDxMaize,2023-09-02 12:02:34,2023-09-02 12:02:53,00:00:19,fly,Insecta,Diptera,Brachycera,#N/C,#N/C,#N/C,#N/C,#N/C,#N/C,8.4004979253112,5.45134854771784,1.71630705394191
FAIRD2_0518,FAIRD,FAIRD2,Site2,Maize,FAIRDxMaize,2023-09-02 12:32:34,2023-09-02 12:44:34,00:12:00,ladybug,Insecta,Coleoptera,Polyphaga,Cucujiformia,Coccinelloidea,Coccinellidae,Coccinellinae,Harmonia,#N/C,8.39571428571429,4.155,2.31535714285714
FAIRD2_0519,FAIRD,FAIRD2,Site2,Maize,FAIRDxMaize,2023-09-02 12:42:52,2023-09-02 12:43:24,00:00:32,fly,Insecta,Diptera,Brachycera,Muscomorpha,Muscoidea,#N/C,#N/C,#N/C,#N/C,12.1985,5.67392857142857,2.11907142857143
FAIRD2_0520,FAIRD,FAIRD2,Site2,Maize,FAIRDxMaize,2023-09-02 14:48:01,2023-09-02 14:48:20,00:00:19,fly,Insecta,Diptera,Brachycera,#N/C,#N/C,#N/C,#N/C,#N/C,#N/C,8.4004979253112,5.45134854771784,1.71630705394191
FAIRD2_0521,FAIRD,FAIRD2,Site2,Maize,FAIRDxMaize,2023-09-02 15:39:36,2023-09-02 15:39:48,00:00:12,fly,Insecta,Diptera,Brachycera,Muscomorpha,Muscoidea,Fanniidae,#child.Fanniidae,Fannia,#N/C,6.20833333333333,3.92666666666667,1.41333333333333
FAIRD2_0522,FAIRD,FAIRD2,Site2,Maize,FAIRDxMaize,2023-09-02 15:42:05,2023-09-02 15:43:29,00:01:24,fly,Insecta,Diptera,Brachycera,Muscomorpha,Muscoidea,Fanniidae,#child.Fanniidae,Fannia,#N/C,6.20833333333333,3.92666666666667,1.41333333333333
FAIRD2_0523,FAIRD,FAIRD2,Site2,Maize,FAIRDxMaize,2023-09-03 07:09:47,2023-09-03 07:09:58,00:00:11,fly,Insecta,Diptera,Brachycera,#N/C,#N/C,#N/C,#N/C,#N/C,#N/C,8.4004979253112,5.45134854771784,1.71630705394191
FAIRD2_0524,FAIRD,FAIRD2,Site2,Maize,FAIRDxMaize,2023-09-03 14:35:56,2023-09-03 14:36:03,00:00:07,fly,Insecta,Diptera,Brachycera,Muscomorpha,Muscoidea,Fanniidae,#child.Fanniidae,Fannia,#N/C,6.20833333333333,3.92666666666667,1.41333333333333
FAIRD2_0525,FAIRD,FAIRD2,Site2,Maize,FAIRDxMaize,2023-09-03 15:30:37,2023-09-03 15:30:40,00:00:03,fly,Insecta,Diptera,Brachycera,#N/C,#N/C,#N/C,#N/C,#N/C,#N/C,8.4004979253112,5.45134854771784,1.71630705394191
FAIRD2_0526,FAIRD,FAIRD2,Site2,Maize,FAIRDxMaize,2023-09-03 17:41:42,2023-09-03 17:42:10,00:00:28,fly,Insecta,Diptera,Brachycera,#N/C,#N/C,#N/C,#N/C,#N/C,#N/C,8.4004979253112,5.45134854771784,1.71630705394191
FAIRD2_0527,FAIRD,FAIRD2,Site2,Maize,FAIRDxMaize,2023-09-04 17:18:08,2023-09-04 17:21:35,00:03:27,ladybug,Insecta,Coleoptera,Polyphaga,Cucujiformia,Coccinelloidea,Coccinellidae,Coccinellinae,Harmonia,#N/C,8.39571428571429,4.155,2.31535714285714
FAIRD2_0528,FAIRD,FAIRD2,Site2,Maize,FAIRDxMaize,2023-09-12 07:42:55,2023-09-12 07:56:05,00:13:10,fly,Insecta,Diptera,Brachycera,#N/C,#N/C,#N/C,#N/C,#N/C,#N/C,8.4004979253112,5.45134854771784,1.71630705394191
FAIRD2_0529,FAIRD,FAIRD2,Site2,Maize,FAIRDxMaize,2023-09-12 08:44:22,2023-09-12 08:44:33,00:00:11,fly,Insecta,Diptera,Brachycera,#N/C,#N/C,#N/C,#N/C,#N/C,#N/C,8.4004979253112,5.45134854771784,1.71630705394191
FAIRD3_0530,FAIRD,FAIRD3,Site3,Meadow,FAIRDxMeadow,2023-08-23 08:39:58,2023-08-23 08:40:03,00:00:05,fly,Insecta,Diptera,Brachycera,Muscomorpha,Muscoidea,#N/C,#N/C,#N/C,#N/C,12.1985,5.67392857142857,2.11907142857143
FAIRD3_0531,FAIRD,FAIRD3,Site3,Meadow,FAIRDxMeadow,2023-08-23 08:43:23,2023-08-23 08:43:27,00:00:04,fly,Insecta,Diptera,Brachycera,Muscomorpha,Muscoidea,#N/C,#N/C,#N/C,#N/C,12.1985,5.67392857142857,2.11907142857143
FAIRD3_0532,FAIRD,FAIRD3,Site3,Meadow,FAIRDxMeadow,2023-08-23 08:54:06,2023-08-23 08:54:12,00:00:06,flesh_fly,Insecta,Diptera,Brachycera,Muscomorpha,Oestroidea,#N/C,#N/C,#N/C,#N/C,8.6963448275862,5.52255172413793,1.75466666666667
FAIRD3_0533,FAIRD,FAIRD3,Site3,Meadow,FAIRDxMeadow,2023-08-23 08:57:11,2023-08-23 08:57:27,00:00:16,fly,Insecta,Diptera,Brachycera,Muscomorpha,Muscoidea,#N/C,#N/C,#N/C,#N/C,12.1985,5.67392857142857,2.11907142857143
FAIRD3_0534,FAIRD,FAIRD3,Site3,Meadow,FAIRDxMeadow,2023-08-23 08:57:26,2023-08-23 08:57:41,00:00:15,fly,Insecta,Diptera,Brachycera,Muscomorpha,Muscoidea,Fanniidae,#child.Fanniidae,Fannia,#N/C,6.20833333333333,3.92666666666667,1.41333333333333
FAIRD3_0535,FAIRD,FAIRD3,Site3,Meadow,FAIRDxMeadow,2023-08-23 08:58:48,2023-08-23 08:59:14,00:00:26,fly,Insecta,Diptera,Brachycera,Muscomorpha,Muscoidea,#N/C,#N/C,#N/C,#N/C,12.1985,5.67392857142857,2.11907142857143
FAIRD3_0536,FAIRD,FAIRD3,Site3,Meadow,FAIRDxMeadow,2023-08-23 09:05:01,2023-08-23 09:05:08,00:00:07,flesh_fly,Insecta,Diptera,Brachycera,Muscomorpha,Oestroidea,Sarcophagidae,Sarcophaginae,Sarcophaga,#N/C,8.6963448275862,5.52255172413793,1.75466666666667
FAIRD3_0537,FAIRD,FAIRD3,Site3,Meadow,FAIRDxMeadow,2023-08-23 09:42:16,2023-08-23 09:43:12,00:00:56,fly,Insecta,Diptera,Brachycera,Muscomorpha,Muscoidea,#N/C,#N/C,#N/C,#N/C,12.1985,5.67392857142857,2.11907142857143
FAIRD3_0538,FAIRD,FAIRD3,Site3,Meadow,FAIRDxMeadow,2023-08-23 09:43:08,2023-08-23 09:43:27,00:00:19,fly,Insecta,Diptera,Brachycera,Muscomorpha,Muscoidea,Fanniidae,#child.Fanniidae,Fannia,#N/C,6.20833333333333,3.92666666666667,1.41333333333333
FAIRD3_0539,FAIRD,FAIRD3,Site3,Meadow,FAIRDxMeadow,2023-08-23 10:32:36,2023-08-23 10:32:41,00:00:05,fly,Insecta,Diptera,Brachycera,Muscomorpha,Muscoidea,#N/C,#N/C,#N/C,#N/C,12.1985,5.67392857142857,2.11907142857143
FAIRD3_0540,FAIRD,FAIRD3,Site3,Meadow,FAIRDxMeadow,2023-08-23 11:16:42,2023-08-23 11:16:57,00:00:15,fly,Insecta,Diptera,Brachycera,Muscomorpha,Muscoidea,#N/C,#N/C,#N/C,#N/C,12.1985,5.67392857142857,2.11907142857143
FAIRD3_0541,FAIRD,FAIRD3,Site3,Meadow,FAIRDxMeadow,2023-08-23 11:19:37,2023-08-23 11:19:50,00:00:13,fly,Insecta,Diptera,Brachycera,Muscomorpha,Muscoidea,Fanniidae,#child.Fanniidae,Fannia,#N/C,6.20833333333333,3.92666666666667,1.41333333333333
FAIRD3_0542,FAIRD,FAIRD3,Site3,Meadow,FAIRDxMeadow,2023-08-23 11:53:15,2023-08-23 12:00:29,00:07:14,fly,Insecta,Diptera,Brachycera,Muscomorpha,Muscoidea,#N/C,#N/C,#N/C,#N/C,12.1985,5.67392857142857,2.11907142857143
FAIRD3_0543,FAIRD,FAIRD3,Site3,Meadow,FAIRDxMeadow,2023-08-23 12:00:25,2023-08-23 12:00:37,00:00:12,parasitoid_wasp,Insecta,Hymenoptera,Apocrita,Parasitica,Ichneumonoidea,Ichneumonidae,#N/C,#N/C,#N/C,5.31137931034483,5.22827586206897,1.15379310344828
FAIRD3_0544,FAIRD,FAIRD3,Site3,Meadow,FAIRDxMeadow,2023-08-23 12:30:05,2023-08-23 12:31:47,00:01:42,ladybug,Insecta,Coleoptera,Polyphaga,Cucujiformia,Coccinelloidea,Coccinellidae,Coccinellinae,Harmonia,#N/C,8.39571428571429,4.155,2.31535714285714
FAIRD3_0545,FAIRD,FAIRD3,Site3,Meadow,FAIRDxMeadow,2023-08-23 13:32:06,2023-08-23 13:34:25,00:02:19,ladybug,Insecta,Coleoptera,Polyphaga,Cucujiformia,Coccinelloidea,Coccinellidae,Coccinellinae,Harmonia,#N/C,8.39571428571429,4.155,2.31535714285714
FAIRD3_0546,FAIRD,FAIRD3,Site3,Meadow,FAIRDxMeadow,2023-08-23 13:58:31,2023-08-23 14:01:43,00:03:12,fly,Insecta,Diptera,Brachycera,Muscomorpha,Muscoidea,#N/C,#N/C,#N/C,#N/C,12.1985,5.67392857142857,2.11907142857143
FAIRD3_0547,FAIRD,FAIRD3,Site3,Meadow,FAIRDxMeadow,2023-08-23 14:00:17,2023-08-23 14:00:56,00:00:39,fly,Insecta,Diptera,Brachycera,Muscomorpha,Muscoidea,Fanniidae,#child.Fanniidae,Fannia,#N/C,6.20833333333333,3.92666666666667,1.41333333333333
FAIRD3_0548,FAIRD,FAIRD3,Site3,Meadow,FAIRDxMeadow,2023-08-23 14:12:56,2023-08-23 14:13:00,00:00:04,fly,Insecta,Diptera,Brachycera,Muscomorpha,Muscoidea,#N/C,#N/C,#N/C,#N/C,12.1985,5.67392857142857,2.11907142857143
FAIRD3_0549,FAIRD,FAIRD3,Site3,Meadow,FAIRDxMeadow,2023-08-23 16:42:07,2023-08-23 16:42:53,00:00:46,ladybug,Insecta,Coleoptera,Polyphaga,Cucujiformia,Coccinelloidea,Coccinellidae,Coccinellinae,Harmonia,#N/C,8.39571428571429,4.155,2.31535714285714
FAIRD3_0550,FAIRD,FAIRD3,Site3,Meadow,FAIRDxMeadow,2023-08-23 17:18:42,2023-08-23 17:19:02,00:00:20,fly,Insecta,Diptera,Brachycera,Muscomorpha,Muscoidea,#N/C,#N/C,#N/C,#N/C,12.1985,5.67392857142857,2.11907142857143
FAIRD3_0551,FAIRD,FAIRD3,Site3,Meadow,FAIRDxMeadow,2023-08-23 17:42:43,2023-08-23 17:45:41,00:02:58,robber_fly,Insecta,Diptera,Brachycera,Asilomorpha,Asiloidea,Asilidae,Asilinae,Tolmerus,#N/C,5.96,10.965,1.52
FAIRD3_0552,FAIRD,FAIRD3,Site3,Meadow,FAIRDxMeadow,2023-08-23 18:07:53,2023-08-23 18:18:12,00:10:19,ladybug,Insecta,Coleoptera,Polyphaga,Cucujiformia,Coccinelloidea,Coccinellidae,Coccinellinae,Harmonia,#N/C,8.39571428571429,4.155,2.31535714285714
FAIRD3_0553,FAIRD,FAIRD3,Site3,Meadow,FAIRDxMeadow,2023-08-24 09:20:21,2023-08-24 09:20:32,00:00:11,fly,Insecta,Diptera,Brachycera,#N/C,#N/C,#N/C,#N/C,#N/C,#N/C,8.4004979253112,5.45134854771784,1.71630705394191
FAIRD3_0554,FAIRD,FAIRD3,Site3,Meadow,FAIRDxMeadow,2023-08-24 09:57:38,2023-08-24 10:03:31,00:05:53,fly,Insecta,Diptera,Brachycera,Muscomorpha,Muscoidea,#N/C,#N/C,#N/C,#N/C,12.1985,5.67392857142857,2.11907142857143
FAIRD3_0555,FAIRD,FAIRD3,Site3,Meadow,FAIRDxMeadow,2023-08-24 10:12:31,2023-08-24 10:12:35,00:00:04,fly,Insecta,Diptera,Brachycera,Muscomorpha,Muscoidea,#N/C,#N/C,#N/C,#N/C,12.1985,5.67392857142857,2.11907142857143
FAIRD3_0556,FAIRD,FAIRD3,Site3,Meadow,FAIRDxMeadow,2023-08-24 10:16:39,2023-08-24 10:38:17,00:21:38,ladybug,Insecta,Coleoptera,Polyphaga,Cucujiformia,Coccinelloidea,Coccinellidae,Coccinellinae,Harmonia,#N/C,8.39571428571429,4.155,2.31535714285714
FAIRD3_0557,FAIRD,FAIRD3,Site3,Meadow,FAIRDxMeadow,2023-08-24 10:26:28,2023-08-24 10:46:51,00:20:23,fly,Insecta,Diptera,Brachycera,#N/C,#N/C,#N/C,#N/C,#N/C,#N/C,8.4004979253112,5.45134854771784,1.71630705394191
FAIRD3_0558,FAIRD,FAIRD3,Site3,Meadow,FAIRDxMeadow,2023-08-24 10:58:48,2023-08-24 11:00:23,00:01:35,fever_fly,Insecta,Diptera,Nematocera,Bibionomorpha,Bibionoidea,Bibionidae,Bibioninae,Dilophus,#N/C,1.85615384615385,3.60230769230769,0.961538461538462
FAIRD3_0559,FAIRD,FAIRD3,Site3,Meadow,FAIRDxMeadow,2023-08-24 11:31:25,2023-08-24 11:31:48,00:00:23,fly,Insecta,Diptera,Brachycera,Muscomorpha,Muscoidea,#N/C,#N/C,#N/C,#N/C,12.1985,5.67392857142857,2.11907142857143
FAIRD3_0560,FAIRD,FAIRD3,Site3,Meadow,FAIRDxMeadow,2023-08-24 11:47:40,2023-08-24 11:47:47,00:00:07,fly,Insecta,Diptera,Brachycera,#N/C,#N/C,#N/C,#N/C,#N/C,#N/C,8.4004979253112,5.45134854771784,1.71630705394191
FAIRD3_0561,FAIRD,FAIRD3,Site3,Meadow,FAIRDxMeadow,2023-08-24 12:12:57,2023-08-24 12:13:45,00:00:48,fly,Insecta,Diptera,Brachycera,Muscomorpha,Muscoidea,#N/C,#N/C,#N/C,#N/C,12.1985,5.67392857142857,2.11907142857143
FAIRD3_0562,FAIRD,FAIRD3,Site3,Meadow,FAIRDxMeadow,2023-08-24 14:17:01,2023-08-24 14:17:10,00:00:09,fly,Insecta,Diptera,Brachycera,Muscomorpha,Muscoidea,Fanniidae,#child.Fanniidae,Fannia,#N/C,6.20833333333333,3.92666666666667,1.41333333333333
FAIRD3_0563,FAIRD,FAIRD3,Site3,Meadow,FAIRDxMeadow,2023-08-24 14:30:21,2023-08-24 14:30:25,00:00:04,fly,Insecta,Diptera,Brachycera,#N/C,#N/C,#N/C,#N/C,#N/C,#N/C,8.4004979253112,5.45134854771784,1.71630705394191
FAIRD3_0564,FAIRD,FAIRD3,Site3,Meadow,FAIRDxMeadow,2023-08-24 15:28:13,2023-08-24 15:28:42,00:00:29,flesh_fly,Insecta,Diptera,Brachycera,Muscomorpha,Oestroidea,#N/C,#N/C,#N/C,#N/C,8.6963448275862,5.52255172413793,1.75466666666667
FAIRD3_0565,FAIRD,FAIRD3,Site3,Meadow,FAIRDxMeadow,2023-08-24 16:02:41,2023-08-24 16:02:55,00:00:14,flesh_fly,Insecta,Diptera,Brachycera,Muscomorpha,Oestroidea,Sarcophagidae,#N/C,#N/C,#N/C,8.6963448275862,5.52255172413793,1.75466666666667
FAIRD3_0566,FAIRD,FAIRD3,Site3,Meadow,FAIRDxMeadow,2023-08-24 16:23:07,2023-08-24 16:23:21,00:00:14,leafhopper,Insecta,Hemiptera,Auchenorrhyncha,Cicadomorpha,Membracoidea,Cicadellidae,Deltocephalinae,Orientus,#N/C,5.60016393442623,4.54852459016393,1.52573770491803
FAIRD3_0567,FAIRD,FAIRD3,Site3,Meadow,FAIRDxMeadow,2023-08-24 17:53:19,2023-08-24 18:10:52,00:17:33,fly,Insecta,Diptera,Brachycera,Muscomorpha,Muscoidea,Fanniidae,#child.Fanniidae,Fannia,#N/C,6.20833333333333,3.92666666666667,1.41333333333333
FAIRD3_0568,FAIRD,FAIRD3,Site3,Meadow,FAIRDxMeadow,2023-08-24 18:12:41,2023-08-24 18:13:08,00:00:27,fly,Insecta,Diptera,Brachycera,Muscomorpha,Muscoidea,#N/C,#N/C,#N/C,#N/C,12.1985,5.67392857142857,2.11907142857143
FAIRD3_0569,FAIRD,FAIRD3,Site3,Meadow,FAIRDxMeadow,2023-08-24 18:13:08,2023-08-24 18:13:18,00:00:10,fly,Insecta,Diptera,Brachycera,Muscomorpha,Muscoidea,Fanniidae,#child.Fanniidae,Fannia,#N/C,6.20833333333333,3.92666666666667,1.41333333333333
FAIRD3_0570,FAIRD,FAIRD3,Site3,Meadow,FAIRDxMeadow,2023-08-24 18:26:43,2023-08-24 18:26:55,00:00:12,fly,Insecta,Diptera,Brachycera,#N/C,#N/C,#N/C,#N/C,#N/C,#N/C,8.4004979253112,5.45134854771784,1.71630705394191
FAIRD3_0571,FAIRD,FAIRD3,Site3,Meadow,FAIRDxMeadow,2023-08-25 07:21:15,2023-08-25 07:23:39,00:02:24,fly,Insecta,Diptera,Brachycera,#N/C,#N/C,#N/C,#N/C,#N/C,#N/C,8.4004979253112,5.45134854771784,1.71630705394191
FAIRD3_0572,FAIRD,FAIRD3,Site3,Meadow,FAIRDxMeadow,2023-08-25 08:09:24,2023-08-25 08:09:30,00:00:06,hoverfly,Insecta,Diptera,Brachycera,Muscomorpha,Syrphoidea,Syrphidae,Syrphinae,Episyrphus,#N/C,12.2957258064516,7.50846774193548,2.1483064516129
FAIRD3_0573,FAIRD,FAIRD3,Site3,Meadow,FAIRDxMeadow,2023-08-25 08:39:42,2023-08-25 08:40:03,00:00:21,fly,Insecta,Diptera,Brachycera,Muscomorpha,Muscoidea,#N/C,#N/C,#N/C,#N/C,12.1985,5.67392857142857,2.11907142857143
FAIRD3_0574,FAIRD,FAIRD3,Site3,Meadow,FAIRDxMeadow,2023-08-25 08:40:37,2023-08-25 08:41:29,00:00:52,fly,Insecta,Diptera,Brachycera,#N/C,#N/C,#N/C,#N/C,#N/C,#N/C,8.4004979253112,5.45134854771784,1.71630705394191
FAIRD3_0575,FAIRD,FAIRD3,Site3,Meadow,FAIRDxMeadow,2023-08-25 09:20:11,2023-08-25 09:23:26,00:03:15,flesh_fly,Insecta,Diptera,Brachycera,Muscomorpha,Oestroidea,Tachinidae,#N/C,#N/C,#N/C,8.6963448275862,5.52255172413793,1.75466666666667
FAIRD3_0576,FAIRD,FAIRD3,Site3,Meadow,FAIRDxMeadow,2023-08-25 09:33:06,2023-08-25 09:33:18,00:00:12,flesh_fly,Insecta,Diptera,Brachycera,Muscomorpha,Oestroidea,Sarcophagidae,Sarcophaginae,Sarcophaga,#N/C,8.6963448275862,5.52255172413793,1.75466666666667
FAIRD3_0577,FAIRD,FAIRD3,Site3,Meadow,FAIRDxMeadow,2023-08-25 11:24:28,2023-08-25 11:25:11,00:00:43,fly,Insecta,Diptera,Brachycera,Muscomorpha,Phoroidea,Lonchopteridae,#child.Lonchopteridae,Lonchoptera,#N/C,0.886,2.662,0.787
FAIRD3_0578,FAIRD,FAIRD3,Site3,Meadow,FAIRDxMeadow,2023-08-25 11:29:37,2023-08-25 11:32:36,00:02:59,gnat,Insecta,Diptera,#N/C,#N/C,#N/C,#N/C,#N/C,#N/C,#N/C,8.34888888888888,5.47349206349206,1.69168650793651
FAIRD3_0579,FAIRD,FAIRD3,Site3,Meadow,FAIRDxMeadow,2023-08-25 11:29:37,2023-08-25 12:04:11,00:34:34,ladybug,Insecta,Coleoptera,Polyphaga,Cucujiformia,Coccinelloidea,Coccinellidae,Coccinellinae,Harmonia,#N/C,8.39571428571429,4.155,2.31535714285714
FAIRD3_0580,FAIRD,FAIRD3,Site3,Meadow,FAIRDxMeadow,2023-08-25 11:50:42,2023-08-25 11:51:40,00:00:58,fly,Insecta,Diptera,Brachycera,Muscomorpha,Muscoidea,#N/C,#N/C,#N/C,#N/C,12.1985,5.67392857142857,2.11907142857143
FAIRD3_0581,FAIRD,FAIRD3,Site3,Meadow,FAIRDxMeadow,2023-08-25 11:51:36,2023-08-25 11:53:36,00:02:00,fly,Insecta,Diptera,Brachycera,Muscomorpha,Muscoidea,Fanniidae,#child.Fanniidae,Fannia,#N/C,6.20833333333333,3.92666666666667,1.41333333333333
FAIRD3_0582,FAIRD,FAIRD3,Site3,Meadow,FAIRDxMeadow,2023-08-25 12:45:41,2023-08-25 12:47:12,00:01:31,fly,Insecta,Diptera,Brachycera,Muscomorpha,Muscoidea,Anthomyiidae,Anthomyiinae,Anthomyia,#N/C,4.81,4.535,1.675
FAIRD3_0583,FAIRD,FAIRD3,Site3,Meadow,FAIRDxMeadow,2023-08-25 13:38:58,2023-08-25 15:14:38,01:35:40,ladybug,Insecta,Coleoptera,Polyphaga,Cucujiformia,Coccinelloidea,Coccinellidae,Coccinellinae,Harmonia,#N/C,8.39571428571429,4.155,2.31535714285714
FAIRD3_0584,FAIRD,FAIRD3,Site3,Meadow,FAIRDxMeadow,2023-08-25 14:28:04,2023-08-25 14:34:55,00:06:51,fly,Insecta,Diptera,Brachycera,#N/C,#N/C,#N/C,#N/C,#N/C,#N/C,8.4004979253112,5.45134854771784,1.71630705394191
FAIRD3_0585,FAIRD,FAIRD3,Site3,Meadow,FAIRDxMeadow,2023-08-25 15:04:56,2023-08-25 15:05:08,00:00:12,fly,Insecta,Diptera,Brachycera,Muscomorpha,Muscoidea,#N/C,#N/C,#N/C,#N/C,12.1985,5.67392857142857,2.11907142857143
FAIRD3_0586,FAIRD,FAIRD3,Site3,Meadow,FAIRDxMeadow,2023-08-25 15:51:08,2023-08-25 15:51:30,00:00:22,fly,Insecta,Diptera,Brachycera,#N/C,#N/C,#N/C,#N/C,#N/C,#N/C,8.4004979253112,5.45134854771784,1.71630705394191
FAIRD3_0587,FAIRD,FAIRD3,Site3,Meadow,FAIRDxMeadow,2023-08-25 16:07:26,2023-08-25 16:09:31,00:02:05,flesh_fly,Insecta,Diptera,Brachycera,Muscomorpha,Oestroidea,Sarcophagidae,#N/C,#N/C,#N/C,8.6963448275862,5.52255172413793,1.75466666666667
FAIRD3_0588,FAIRD,FAIRD3,Site3,Meadow,FAIRDxMeadow,2023-08-25 16:45:01,2023-08-25 16:45:39,00:00:38,fly,Insecta,Diptera,Brachycera,Muscomorpha,Muscoidea,#N/C,#N/C,#N/C,#N/C,12.1985,5.67392857142857,2.11907142857143
FAIRD3_0589,FAIRD,FAIRD3,Site3,Meadow,FAIRDxMeadow,2023-08-25 16:58:11,2023-08-25 16:58:30,00:00:19,flesh_fly,Insecta,Diptera,Brachycera,Muscomorpha,Oestroidea,#N/C,#N/C,#N/C,#N/C,8.6963448275862,5.52255172413793,1.75466666666667
FAIRD3_0590,FAIRD,FAIRD3,Site3,Meadow,FAIRDxMeadow,2023-08-25 17:06:38,2023-08-25 17:09:06,00:02:28,fly,Insecta,Diptera,Brachycera,Muscomorpha,Muscoidea,#N/C,#N/C,#N/C,#N/C,12.1985,5.67392857142857,2.11907142857143
FAIRD3_0591,FAIRD,FAIRD3,Site3,Meadow,FAIRDxMeadow,2023-08-25 17:44:12,2023-08-25 17:44:37,00:00:25,flesh_fly,Insecta,Diptera,Brachycera,Muscomorpha,Oestroidea,#N/C,#N/C,#N/C,#N/C,8.6963448275862,5.52255172413793,1.75466666666667
FAIRD3_0592,FAIRD,FAIRD3,Site3,Meadow,FAIRDxMeadow,2023-08-25 17:54:23,2023-08-25 17:54:31,00:00:08,wasp,Insecta,Hymenoptera,Apocrita,Aculeata,Vespoidea,Vespidae,Vespinae,#N/C,#N/C,71.46,13.6133333333333,4.02666666666667
FAIRD3_0593,FAIRD,FAIRD3,Site3,Meadow,FAIRDxMeadow,2023-08-25 18:10:23,2023-08-25 18:10:54,00:00:31,wasp,Insecta,Hymenoptera,Apocrita,Aculeata,Vespoidea,Vespidae,Vespinae,Vespula,#N/C,71.46,13.6133333333333,4.02666666666667
FAIRD3_0594,FAIRD,FAIRD3,Site3,Meadow,FAIRDxMeadow,2023-08-25 18:24:50,2023-08-25 18:24:55,00:00:05,wasp,Insecta,Hymenoptera,Apocrita,Aculeata,Vespoidea,Vespidae,Vespinae,Vespula,#N/C,71.46,13.6133333333333,4.02666666666667
FAIRD3_0595,FAIRD,FAIRD3,Site3,Meadow,FAIRDxMeadow,2023-08-26 07:01:27,2023-08-26 07:46:51,00:45:24,flesh_fly,Insecta,Diptera,Brachycera,Muscomorpha,Oestroidea,Sarcophagidae,Sarcophaginae,#N/C,#N/C,8.6963448275862,5.52255172413793,1.75466666666667
FAIRD3_0596,FAIRD,FAIRD3,Site3,Meadow,FAIRDxMeadow,2023-08-26 07:01:27,2023-08-26 07:17:44,00:16:17,fly,Insecta,Diptera,Brachycera,#N/C,#N/C,#N/C,#N/C,#N/C,#N/C,8.4004979253112,5.45134854771784,1.71630705394191
FAIRD3_0597,FAIRD,FAIRD3,Site3,Meadow,FAIRDxMeadow,2023-08-26 07:16:38,2023-08-26 07:47:51,00:31:13,fly,Insecta,Diptera,Brachycera,#N/C,#N/C,#N/C,#N/C,#N/C,#N/C,8.4004979253112,5.45134854771784,1.71630705394191
FAIRD3_0598,FAIRD,FAIRD3,Site3,Meadow,FAIRDxMeadow,2023-08-26 08:44:31,2023-08-26 08:48:18,00:03:47,fly,Insecta,Diptera,Brachycera,#N/C,#N/C,#N/C,#N/C,#N/C,#N/C,8.4004979253112,5.45134854771784,1.71630705394191
FAIRD3_0599,FAIRD,FAIRD3,Site3,Meadow,FAIRDxMeadow,2023-08-26 08:50:10,2023-08-26 08:50:54,00:00:44,fly,Insecta,Diptera,Brachycera,Muscomorpha,Muscoidea,#N/C,#N/C,#N/C,#N/C,12.1985,5.67392857142857,2.11907142857143
FAIRD3_0600,FAIRD,FAIRD3,Site3,Meadow,FAIRDxMeadow,2023-08-26 09:27:36,2023-08-26 09:30:49,00:03:13,fly,Insecta,Diptera,Brachycera,Muscomorpha,Muscoidea,#N/C,#N/C,#N/C,#N/C,12.1985,5.67392857142857,2.11907142857143
FAIRD3_0601,FAIRD,FAIRD3,Site3,Meadow,FAIRDxMeadow,2023-08-26 09:28:07,2023-08-26 09:29:09,00:01:02,fly,Insecta,Diptera,Brachycera,#N/C,#N/C,#N/C,#N/C,#N/C,#N/C,8.4004979253112,5.45134854771784,1.71630705394191
FAIRD3_0602,FAIRD,FAIRD3,Site3,Meadow,FAIRDxMeadow,2023-08-26 09:28:20,2023-08-26 09:28:39,00:00:19,fly,Insecta,Diptera,Brachycera,#N/C,#N/C,#N/C,#N/C,#N/C,#N/C,8.4004979253112,5.45134854771784,1.71630705394191
FAIRD3_0603,FAIRD,FAIRD3,Site3,Meadow,FAIRDxMeadow,2023-08-26 09:36:17,2023-08-26 09:36:21,00:00:04,fly,Insecta,Diptera,Brachycera,#N/C,#N/C,#N/C,#N/C,#N/C,#N/C,8.4004979253112,5.45134854771784,1.71630705394191
FAIRD3_0604,FAIRD,FAIRD3,Site3,Meadow,FAIRDxMeadow,2023-08-26 09:46:01,2023-08-26 09:46:18,00:00:17,fly,Insecta,Diptera,Brachycera,Muscomorpha,Muscoidea,#N/C,#N/C,#N/C,#N/C,12.1985,5.67392857142857,2.11907142857143
FAIRD3_0605,FAIRD,FAIRD3,Site3,Meadow,FAIRDxMeadow,2023-08-26 10:00:29,2023-08-26 10:00:53,00:00:24,fly,Insecta,Diptera,Brachycera,#N/C,#N/C,#N/C,#N/C,#N/C,#N/C,8.4004979253112,5.45134854771784,1.71630705394191
FAIRD3_0606,FAIRD,FAIRD3,Site3,Meadow,FAIRDxMeadow,2023-08-26 10:05:22,2023-08-26 10:05:25,00:00:03,fly,Insecta,Diptera,Brachycera,#N/C,#N/C,#N/C,#N/C,#N/C,#N/C,8.4004979253112,5.45134854771784,1.71630705394191
FAIRD3_0607,FAIRD,FAIRD3,Site3,Meadow,FAIRDxMeadow,2023-08-26 10:05:22,2023-08-26 10:05:58,00:00:36,fly,Insecta,Diptera,Brachycera,Muscomorpha,Muscoidea,Fanniidae,#child.Fanniidae,Fannia,#N/C,6.20833333333333,3.92666666666667,1.41333333333333
FAIRD3_0608,FAIRD,FAIRD3,Site3,Meadow,FAIRDxMeadow,2023-08-26 10:06:24,2023-08-26 10:07:07,00:00:43,fly,Insecta,Diptera,Brachycera,#N/C,#N/C,#N/C,#N/C,#N/C,#N/C,8.4004979253112,5.45134854771784,1.71630705394191
FAIRD3_0609,FAIRD,FAIRD3,Site3,Meadow,FAIRDxMeadow,2023-08-26 10:14:20,2023-08-26 10:21:51,00:07:31,fly,Insecta,Diptera,Brachycera,#N/C,#N/C,#N/C,#N/C,#N/C,#N/C,8.4004979253112,5.45134854771784,1.71630705394191
FAIRD3_0610,FAIRD,FAIRD3,Site3,Meadow,FAIRDxMeadow,2023-08-26 10:15:31,2023-08-26 10:16:43,00:01:12,fly,Insecta,Diptera,Brachycera,Muscomorpha,Muscoidea,#N/C,#N/C,#N/C,#N/C,12.1985,5.67392857142857,2.11907142857143
FAIRD3_0611,FAIRD,FAIRD3,Site3,Meadow,FAIRDxMeadow,2023-08-26 10:17:40,2023-08-26 10:17:53,00:00:13,fly,Insecta,Diptera,Brachycera,#N/C,#N/C,#N/C,#N/C,#N/C,#N/C,8.4004979253112,5.45134854771784,1.71630705394191
FAIRD3_0612,FAIRD,FAIRD3,Site3,Meadow,FAIRDxMeadow,2023-08-26 10:49:11,2023-08-26 10:49:17,00:00:06,wasp,Insecta,Hymenoptera,Apocrita,Aculeata,Vespoidea,Vespidae,Vespinae,Vespula,#N/C,71.46,13.6133333333333,4.02666666666667
FAIRD3_0613,FAIRD,FAIRD3,Site3,Meadow,FAIRDxMeadow,2023-08-26 11:13:49,2023-08-26 11:14:11,00:00:22,fly,Insecta,Diptera,Brachycera,Muscomorpha,Muscoidea,#N/C,#N/C,#N/C,#N/C,12.1985,5.67392857142857,2.11907142857143
FAIRD3_0614,FAIRD,FAIRD3,Site3,Meadow,FAIRDxMeadow,2023-08-26 11:17:12,2023-08-26 11:17:24,00:00:12,fly,Insecta,Diptera,Brachycera,Muscomorpha,Muscoidea,#N/C,#N/C,#N/C,#N/C,12.1985,5.67392857142857,2.11907142857143
FAIRD3_0615,FAIRD,FAIRD3,Site3,Meadow,FAIRDxMeadow,2023-08-26 11:22:48,2023-08-26 11:23:08,00:00:20,fly,Insecta,Diptera,Brachycera,Muscomorpha,Muscoidea,Fanniidae,#child.Fanniidae,Fannia,#N/C,6.20833333333333,3.92666666666667,1.41333333333333
FAIRD3_0616,FAIRD,FAIRD3,Site3,Meadow,FAIRDxMeadow,2023-08-26 11:33:01,2023-08-26 11:36:41,00:03:40,fly,Insecta,Diptera,Brachycera,#N/C,#N/C,#N/C,#N/C,#N/C,#N/C,8.4004979253112,5.45134854771784,1.71630705394191
FAIRD3_0617,FAIRD,FAIRD3,Site3,Meadow,FAIRDxMeadow,2023-08-26 11:54:15,2023-08-26 11:54:22,00:00:07,fly,Insecta,Diptera,Brachycera,Muscomorpha,Muscoidea,#N/C,#N/C,#N/C,#N/C,12.1985,5.67392857142857,2.11907142857143
FAIRD3_0618,FAIRD,FAIRD3,Site3,Meadow,FAIRDxMeadow,2023-08-26 12:13:15,2023-08-26 12:13:25,00:00:10,fly,Insecta,Diptera,Brachycera,#N/C,#N/C,#N/C,#N/C,#N/C,#N/C,8.4004979253112,5.45134854771784,1.71630705394191
FAIRD3_0619,FAIRD,FAIRD3,Site3,Meadow,FAIRDxMeadow,2023-08-26 12:18:31,2023-08-26 12:19:28,00:00:57,fly,Insecta,Diptera,Brachycera,Muscomorpha,Muscoidea,#N/C,#N/C,#N/C,#N/C,12.1985,5.67392857142857,2.11907142857143
FAIRD3_0620,FAIRD,FAIRD3,Site3,Meadow,FAIRDxMeadow,2023-08-26 12:27:29,2023-08-26 12:27:33,00:00:04,flesh_fly,Insecta,Diptera,Brachycera,Muscomorpha,Oestroidea,Tachinidae,Tachininae,Tachina,#N/C,8.6963448275862,5.52255172413793,1.75466666666667
FAIRD3_0621,FAIRD,FAIRD3,Site3,Meadow,FAIRDxMeadow,2023-08-26 12:33:10,2023-08-26 12:37:36,00:04:26,fly,Insecta,Diptera,Brachycera,Muscomorpha,Muscoidea,#N/C,#N/C,#N/C,#N/C,12.1985,5.67392857142857,2.11907142857143
FAIRD3_0622,FAIRD,FAIRD3,Site3,Meadow,FAIRDxMeadow,2023-08-26 12:33:29,2023-08-26 12:33:30,00:00:01,fruit_fly,Insecta,Diptera,Brachycera,Muscomorpha,Ephydroidea,Drosophilidae,Drosophilinae,Drosophila,#N/C,8.6963448275862,5.52255172413793,1.75466666666667
FAIRD3_0623,FAIRD,FAIRD3,Site3,Meadow,FAIRDxMeadow,2023-08-26 12:38:02,2023-08-26 12:38:05,00:00:03,wasp,Insecta,Hymenoptera,Apocrita,Aculeata,Vespoidea,Vespidae,Vespinae,Vespula,#N/C,71.46,13.6133333333333,4.02666666666667
FAIRD3_0624,FAIRD,FAIRD3,Site3,Meadow,FAIRDxMeadow,2023-08-26 12:42:03,2023-08-26 12:46:09,00:04:06,fly,Insecta,Diptera,Brachycera,#N/C,#N/C,#N/C,#N/C,#N/C,#N/C,8.4004979253112,5.45134854771784,1.71630705394191
FAIRD3_0625,FAIRD,FAIRD3,Site3,Meadow,FAIRDxMeadow,2023-08-26 12:48:44,2023-08-26 12:48:50,00:00:06,flesh_fly,Insecta,Diptera,Brachycera,Muscomorpha,Oestroidea,Tachinidae,Tachininae,Tachina,#N/C,8.6963448275862,5.52255172413793,1.75466666666667
FAIRD3_0626,FAIRD,FAIRD3,Site3,Meadow,FAIRDxMeadow,2023-08-26 13:01:16,2023-08-26 13:04:22,00:03:06,fly,Insecta,Diptera,Brachycera,Muscomorpha,Muscoidea,Fanniidae,#child.Fanniidae,Fannia,#N/C,6.20833333333333,3.92666666666667,1.41333333333333
FAIRD3_0627,FAIRD,FAIRD3,Site3,Meadow,FAIRDxMeadow,2023-08-26 13:22:56,2023-08-26 13:23:22,00:00:26,fly,Insecta,Diptera,Brachycera,Muscomorpha,Muscoidea,Fanniidae,#child.Fanniidae,Fannia,#N/C,6.20833333333333,3.92666666666667,1.41333333333333
FAIRD3_0628,FAIRD,FAIRD3,Site3,Meadow,FAIRDxMeadow,2023-08-26 13:42:20,2023-08-26 13:42:31,00:00:11,fly,Insecta,Diptera,Brachycera,Muscomorpha,Muscoidea,Fanniidae,#child.Fanniidae,Fannia,#N/C,6.20833333333333,3.92666666666667,1.41333333333333
FAIRD3_0629,FAIRD,FAIRD3,Site3,Meadow,FAIRDxMeadow,2023-08-26 13:43:11,2023-08-26 13:44:02,00:00:51,fly,Insecta,Diptera,Brachycera,Muscomorpha,Muscoidea,#N/C,#N/C,#N/C,#N/C,12.1985,5.67392857142857,2.11907142857143
FAIRD3_0630,FAIRD,FAIRD3,Site3,Meadow,FAIRDxMeadow,2023-08-26 14:00:27,2023-08-26 14:00:58,00:00:31,fly,Insecta,Diptera,Brachycera,#N/C,#N/C,#N/C,#N/C,#N/C,#N/C,8.4004979253112,5.45134854771784,1.71630705394191
FAIRD3_0631,FAIRD,FAIRD3,Site3,Meadow,FAIRDxMeadow,2023-08-26 14:19:50,2023-08-26 14:19:54,00:00:04,wasp,Insecta,Hymenoptera,Apocrita,Aculeata,Vespoidea,Vespidae,Vespinae,Vespula,#N/C,71.46,13.6133333333333,4.02666666666667
FAIRD3_0632,FAIRD,FAIRD3,Site3,Meadow,FAIRDxMeadow,2023-08-26 14:23:53,2023-08-26 14:24:10,00:00:17,fly,Insecta,Diptera,Brachycera,Muscomorpha,Muscoidea,#N/C,#N/C,#N/C,#N/C,12.1985,5.67392857142857,2.11907142857143
FAIRD3_0633,FAIRD,FAIRD3,Site3,Meadow,FAIRDxMeadow,2023-08-26 14:24:45,2023-08-26 14:26:05,00:01:20,fly,Insecta,Diptera,Brachycera,Muscomorpha,Muscoidea,Fanniidae,#child.Fanniidae,Fannia,#N/C,6.20833333333333,3.92666666666667,1.41333333333333
FAIRD3_0634,FAIRD,FAIRD3,Site3,Meadow,FAIRDxMeadow,2023-08-26 14:34:50,2023-08-26 14:35:12,00:00:22,fly,Insecta,Diptera,Brachycera,#N/C,#N/C,#N/C,#N/C,#N/C,#N/C,8.4004979253112,5.45134854771784,1.71630705394191
FAIRD3_0635,FAIRD,FAIRD3,Site3,Meadow,FAIRDxMeadow,2023-08-26 14:42:43,2023-08-26 14:42:48,00:00:05,wasp,Insecta,Hymenoptera,Apocrita,Aculeata,Vespoidea,Vespidae,Vespinae,Vespula,#N/C,71.46,13.6133333333333,4.02666666666667
FAIRD3_0636,FAIRD,FAIRD3,Site3,Meadow,FAIRDxMeadow,2023-08-26 14:45:30,2023-08-26 14:46:20,00:00:50,fly,Insecta,Diptera,Brachycera,Muscomorpha,Muscoidea,Fanniidae,#child.Fanniidae,Fannia,#N/C,6.20833333333333,3.92666666666667,1.41333333333333
FAIRD3_0637,FAIRD,FAIRD3,Site3,Meadow,FAIRDxMeadow,2023-08-26 15:13:25,2023-08-26 15:14:44,00:01:19,fly,Insecta,Diptera,Brachycera,Muscomorpha,Muscoidea,#N/C,#N/C,#N/C,#N/C,12.1985,5.67392857142857,2.11907142857143
FAIRD3_0638,FAIRD,FAIRD3,Site3,Meadow,FAIRDxMeadow,2023-08-26 15:38:41,2023-08-26 15:38:50,00:00:09,fly,Insecta,Diptera,Brachycera,#N/C,#N/C,#N/C,#N/C,#N/C,#N/C,8.4004979253112,5.45134854771784,1.71630705394191
FAIRD3_0639,FAIRD,FAIRD3,Site3,Meadow,FAIRDxMeadow,2023-08-26 16:01:38,2023-08-26 16:01:59,00:00:21,fly,Insecta,Diptera,Brachycera,#N/C,#N/C,#N/C,#N/C,#N/C,#N/C,8.4004979253112,5.45134854771784,1.71630705394191
FAIRD3_0640,FAIRD,FAIRD3,Site3,Meadow,FAIRDxMeadow,2023-08-26 17:51:44,2023-08-26 18:13:22,00:21:38,fly,Insecta,Diptera,Brachycera,#N/C,#N/C,#N/C,#N/C,#N/C,#N/C,8.4004979253112,5.45134854771784,1.71630705394191
FAIRD3_0641,FAIRD,FAIRD3,Site3,Meadow,FAIRDxMeadow,2023-08-27 09:44:38,2023-08-27 09:45:13,00:00:35,fly,Insecta,Diptera,Brachycera,#N/C,#N/C,#N/C,#N/C,#N/C,#N/C,8.4004979253112,5.45134854771784,1.71630705394191
FAIRD3_0642,FAIRD,FAIRD3,Site3,Meadow,FAIRDxMeadow,2023-08-27 09:57:32,2023-08-27 09:59:46,00:02:14,fly,Insecta,Diptera,Brachycera,#N/C,#N/C,#N/C,#N/C,#N/C,#N/C,8.4004979253112,5.45134854771784,1.71630705394191
FAIRD3_0643,FAIRD,FAIRD3,Site3,Meadow,FAIRDxMeadow,2023-08-27 10:33:29,2023-08-27 10:35:24,00:01:55,fly,Insecta,Diptera,Brachycera,#N/C,#N/C,#N/C,#N/C,#N/C,#N/C,8.4004979253112,5.45134854771784,1.71630705394191
FAIRD3_0644,FAIRD,FAIRD3,Site3,Meadow,FAIRDxMeadow,2023-08-27 10:37:49,2023-08-27 10:40:29,00:02:40,fly,Insecta,Diptera,Brachycera,Muscomorpha,Muscoidea,#N/C,#N/C,#N/C,#N/C,12.1985,5.67392857142857,2.11907142857143
FAIRD3_0645,FAIRD,FAIRD3,Site3,Meadow,FAIRDxMeadow,2023-08-27 10:41:31,2023-08-27 10:48:40,00:07:09,fly,Insecta,Diptera,Brachycera,Muscomorpha,Muscoidea,Fanniidae,#child.Fanniidae,Fannia,#N/C,6.20833333333333,3.92666666666667,1.41333333333333
FAIRD3_0646,FAIRD,FAIRD3,Site3,Meadow,FAIRDxMeadow,2023-08-27 11:05:55,2023-08-27 11:06:07,00:00:12,fly,Insecta,Diptera,Brachycera,#N/C,#N/C,#N/C,#N/C,#N/C,#N/C,8.4004979253112,5.45134854771784,1.71630705394191
FAIRD3_0647,FAIRD,FAIRD3,Site3,Meadow,FAIRDxMeadow,2023-08-27 11:13:38,2023-08-27 11:15:55,00:02:17,fly,Insecta,Diptera,Brachycera,#N/C,#N/C,#N/C,#N/C,#N/C,#N/C,8.4004979253112,5.45134854771784,1.71630705394191
FAIRD3_0648,FAIRD,FAIRD3,Site3,Meadow,FAIRDxMeadow,2023-08-27 11:19:39,2023-08-27 11:21:11,00:01:32,fly,Insecta,Diptera,Brachycera,#N/C,#N/C,#N/C,#N/C,#N/C,#N/C,8.4004979253112,5.45134854771784,1.71630705394191
FAIRD3_0649,FAIRD,FAIRD3,Site3,Meadow,FAIRDxMeadow,2023-08-27 11:21:51,2023-08-27 11:22:13,00:00:22,fly,Insecta,Diptera,Brachycera,Muscomorpha,Muscoidea,Fanniidae,#child.Fanniidae,Fannia,#N/C,6.20833333333333,3.92666666666667,1.41333333333333
FAIRD3_0650,FAIRD,FAIRD3,Site3,Meadow,FAIRDxMeadow,2023-08-27 11:28:24,2023-08-27 11:29:44,00:01:20,fruit_fly,Insecta,Diptera,Brachycera,Muscomorpha,Tephritoidea,Tephritidae,Tephritinae,Tephritis,#N/C,8.6963448275862,5.52255172413793,1.75466666666667
FAIRD3_0651,FAIRD,FAIRD3,Site3,Meadow,FAIRDxMeadow,2023-08-27 11:42:30,2023-08-27 11:46:07,00:03:37,fly,Insecta,Diptera,Brachycera,Muscomorpha,Muscoidea,Fanniidae,#child.Fanniidae,Fannia,#N/C,6.20833333333333,3.92666666666667,1.41333333333333
FAIRD3_0652,FAIRD,FAIRD3,Site3,Meadow,FAIRDxMeadow,2023-08-27 11:43:33,2023-08-27 11:43:53,00:00:20,fly,Insecta,Diptera,Brachycera,Muscomorpha,Muscoidea,#N/C,#N/C,#N/C,#N/C,12.1985,5.67392857142857,2.11907142857143
FAIRD3_0653,FAIRD,FAIRD3,Site3,Meadow,FAIRDxMeadow,2023-08-27 11:45:25,2023-08-27 11:46:36,00:01:11,fly,Insecta,Diptera,Brachycera,Muscomorpha,Muscoidea,Fanniidae,#child.Fanniidae,Fannia,#N/C,6.20833333333333,3.92666666666667,1.41333333333333
FAIRD3_0654,FAIRD,FAIRD3,Site3,Meadow,FAIRDxMeadow,2023-08-27 11:52:26,2023-08-27 11:52:54,00:00:28,fly,Insecta,Diptera,Brachycera,#N/C,#N/C,#N/C,#N/C,#N/C,#N/C,8.4004979253112,5.45134854771784,1.71630705394191
FAIRD3_0655,FAIRD,FAIRD3,Site3,Meadow,FAIRDxMeadow,2023-08-27 12:03:21,2023-08-27 12:21:48,00:18:27,fly,Insecta,Diptera,Brachycera,#N/C,#N/C,#N/C,#N/C,#N/C,#N/C,8.4004979253112,5.45134854771784,1.71630705394191
FAIRD3_0656,FAIRD,FAIRD3,Site3,Meadow,FAIRDxMeadow,2023-08-27 12:17:05,2023-08-27 12:17:22,00:00:17,fly,Insecta,Diptera,Brachycera,#N/C,#N/C,#N/C,#N/C,#N/C,#N/C,8.4004979253112,5.45134854771784,1.71630705394191
FAIRD3_0657,FAIRD,FAIRD3,Site3,Meadow,FAIRDxMeadow,2023-08-27 12:24:03,2023-08-27 12:24:45,00:00:42,fly,Insecta,Diptera,Brachycera,Muscomorpha,Muscoidea,Fanniidae,#child.Fanniidae,Fannia,#N/C,6.20833333333333,3.92666666666667,1.41333333333333
FAIRD3_0658,FAIRD,FAIRD3,Site3,Meadow,FAIRDxMeadow,2023-08-27 12:28:42,2023-08-27 12:29:31,00:00:49,fly,Insecta,Diptera,Brachycera,#N/C,#N/C,#N/C,#N/C,#N/C,#N/C,8.4004979253112,5.45134854771784,1.71630705394191
FAIRD3_0659,FAIRD,FAIRD3,Site3,Meadow,FAIRDxMeadow,2023-08-27 12:47:50,2023-08-27 12:49:10,00:01:20,fly,Insecta,Diptera,Brachycera,#N/C,#N/C,#N/C,#N/C,#N/C,#N/C,8.4004979253112,5.45134854771784,1.71630705394191
FAIRD3_0660,FAIRD,FAIRD3,Site3,Meadow,FAIRDxMeadow,2023-08-27 12:48:33,2023-08-27 12:49:10,00:00:37,fly,Insecta,Diptera,Brachycera,Muscomorpha,Muscoidea,#N/C,#N/C,#N/C,#N/C,12.1985,5.67392857142857,2.11907142857143
FAIRD3_0661,FAIRD,FAIRD3,Site3,Meadow,FAIRDxMeadow,2023-08-27 13:20:37,2023-08-27 13:21:01,00:00:24,fly,Insecta,Diptera,Brachycera,Muscomorpha,Muscoidea,#N/C,#N/C,#N/C,#N/C,12.1985,5.67392857142857,2.11907142857143
FAIRD3_0662,FAIRD,FAIRD3,Site3,Meadow,FAIRDxMeadow,2023-08-27 13:41:37,2023-08-27 13:41:48,00:00:11,wasp,Insecta,Hymenoptera,Apocrita,Aculeata,Vespoidea,Vespidae,Vespinae,Vespula,#N/C,71.46,13.6133333333333,4.02666666666667
FAIRD3_0663,FAIRD,FAIRD3,Site3,Meadow,FAIRDxMeadow,2023-08-27 14:24:44,2023-08-27 14:27:21,00:02:37,fly,Insecta,Diptera,Brachycera,#N/C,#N/C,#N/C,#N/C,#N/C,#N/C,8.4004979253112,5.45134854771784,1.71630705394191
FAIRD3_0664,FAIRD,FAIRD3,Site3,Meadow,FAIRDxMeadow,2023-08-27 14:41:31,2023-08-27 14:49:07,00:07:36,fly,Insecta,Diptera,Brachycera,#N/C,#N/C,#N/C,#N/C,#N/C,#N/C,8.4004979253112,5.45134854771784,1.71630705394191
FAIRD3_0665,FAIRD,FAIRD3,Site3,Meadow,FAIRDxMeadow,2023-08-27 14:45:35,2023-08-27 14:48:36,00:03:01,fly,Insecta,Diptera,Brachycera,#N/C,#N/C,#N/C,#N/C,#N/C,#N/C,8.4004979253112,5.45134854771784,1.71630705394191
FAIRD3_0666,FAIRD,FAIRD3,Site3,Meadow,FAIRDxMeadow,2023-08-27 15:13:31,2023-08-27 15:15:11,00:01:40,fly,Insecta,Diptera,Brachycera,Muscomorpha,Muscoidea,Fanniidae,#child.Fanniidae,Fannia,#N/C,6.20833333333333,3.92666666666667,1.41333333333333
FAIRD3_0667,FAIRD,FAIRD3,Site3,Meadow,FAIRDxMeadow,2023-08-27 15:34:09,2023-08-27 15:34:35,00:00:26,fly,Insecta,Diptera,Brachycera,Muscomorpha,Muscoidea,#N/C,#N/C,#N/C,#N/C,12.1985,5.67392857142857,2.11907142857143
FAIRD3_0668,FAIRD,FAIRD3,Site3,Meadow,FAIRDxMeadow,2023-08-27 15:42:29,2023-08-27 15:42:42,00:00:13,fly,Insecta,Diptera,Brachycera,#N/C,#N/C,#N/C,#N/C,#N/C,#N/C,8.4004979253112,5.45134854771784,1.71630705394191
FAIRD3_0669,FAIRD,FAIRD3,Site3,Meadow,FAIRDxMeadow,2023-08-27 16:57:41,2023-08-27 16:57:52,00:00:11,fly,Insecta,Diptera,Brachycera,#N/C,#N/C,#N/C,#N/C,#N/C,#N/C,8.4004979253112,5.45134854771784,1.71630705394191
FAIRD3_0670,FAIRD,FAIRD3,Site3,Meadow,FAIRDxMeadow,2023-08-27 17:59:27,2023-08-27 18:08:37,00:09:10,fly,Insecta,Diptera,Brachycera,Muscomorpha,Muscoidea,Fanniidae,#child.Fanniidae,Fannia,#N/C,6.20833333333333,3.92666666666667,1.41333333333333
FAIRD3_0671,FAIRD,FAIRD3,Site3,Meadow,FAIRDxMeadow,2023-09-05 08:39:44,2023-09-05 08:40:33,00:00:49,fly,Insecta,Diptera,Brachycera,Muscomorpha,Muscoidea,#N/C,#N/C,#N/C,#N/C,12.1985,5.67392857142857,2.11907142857143
FAIRD3_0672,FAIRD,FAIRD3,Site3,Meadow,FAIRDxMeadow,2023-09-05 13:53:36,2023-09-05 13:53:42,00:00:06,fly,Insecta,Diptera,Brachycera,Muscomorpha,Muscoidea,#N/C,#N/C,#N/C,#N/C,12.1985,5.67392857142857,2.11907142857143
FAIRD3_0673,FAIRD,FAIRD3,Site3,Meadow,FAIRDxMeadow,2023-09-05 14:58:14,2023-09-05 15:01:41,00:03:27,fly,Insecta,Diptera,Brachycera,#N/C,#N/C,#N/C,#N/C,#N/C,#N/C,8.4004979253112,5.45134854771784,1.71630705394191
FAIRD3_0674,FAIRD,FAIRD3,Site3,Meadow,FAIRDxMeadow,2023-09-05 15:21:10,2023-09-05 15:21:17,00:00:07,fly,Insecta,Diptera,Brachycera,Muscomorpha,Muscoidea,#N/C,#N/C,#N/C,#N/C,12.1985,5.67392857142857,2.11907142857143
FAIRD3_0675,FAIRD,FAIRD3,Site3,Meadow,FAIRDxMeadow,2023-09-06 09:31:12,2023-09-06 09:31:32,00:00:20,fly,Insecta,Diptera,Brachycera,#N/C,#N/C,#N/C,#N/C,#N/C,#N/C,8.4004979253112,5.45134854771784,1.71630705394191
FAIRD3_0676,FAIRD,FAIRD3,Site3,Meadow,FAIRDxMeadow,2023-09-06 10:10:01,2023-09-06 10:10:20,00:00:19,ladybug,Insecta,Coleoptera,Polyphaga,Cucujiformia,Coccinelloidea,Coccinellidae,Coccinellinae,Harmonia,#N/C,8.39571428571429,4.155,2.31535714285714
FAIRD3_0677,FAIRD,FAIRD3,Site3,Meadow,FAIRDxMeadow,2023-09-06 10:13:52,2023-09-06 10:13:57,00:00:05,flesh_fly,Insecta,Diptera,Brachycera,Muscomorpha,Oestroidea,Sarcophagidae,#N/C,#N/C,#N/C,8.6963448275862,5.52255172413793,1.75466666666667
FAIRD3_0678,FAIRD,FAIRD3,Site3,Meadow,FAIRDxMeadow,2023-09-06 10:51:27,2023-09-06 11:34:12,00:42:45,ladybug,Insecta,Coleoptera,Polyphaga,Cucujiformia,Coccinelloidea,Coccinellidae,Coccinellinae,Harmonia,#N/C,8.39571428571429,4.155,2.31535714285714
FAIRD3_0679,FAIRD,FAIRD3,Site3,Meadow,FAIRDxMeadow,2023-09-06 11:31:17,2023-09-06 11:31:21,00:00:04,fly,Insecta,Diptera,Brachycera,Muscomorpha,Muscoidea,Fanniidae,#child.Fanniidae,Fannia,#N/C,6.20833333333333,3.92666666666667,1.41333333333333
FAIRD3_0680,FAIRD,FAIRD3,Site3,Meadow,FAIRDxMeadow,2023-09-06 12:03:57,2023-09-06 12:04:02,00:00:05,fly,Insecta,Diptera,Brachycera,Muscomorpha,Ephydroidea,Ephydroidae,Hydrelliinae,Notiphila,#N/C,8.6963448275862,5.52255172413793,1.75466666666667
FAIRD3_0681,FAIRD,FAIRD3,Site3,Meadow,FAIRDxMeadow,2023-09-06 16:08:19,2023-09-06 16:09:02,00:00:43,ladybug,Insecta,Coleoptera,Polyphaga,Cucujiformia,Coccinelloidea,Coccinellidae,Coccinellinae,Oenopia,#N/C,8.39571428571429,4.155,2.31535714285714
FAIRD3_0682,FAIRD,FAIRD3,Site3,Meadow,FAIRDxMeadow,2023-09-07 12:28:39,2023-09-07 12:29:05,00:00:26,fly,Insecta,Diptera,Brachycera,Muscomorpha,Muscoidea,Fanniidae,#child.Fanniidae,Fannia,#N/C,6.20833333333333,3.92666666666667,1.41333333333333
FAIRD3_0683,FAIRD,FAIRD3,Site3,Meadow,FAIRDxMeadow,2023-09-07 13:51:24,2023-09-07 13:51:41,00:00:17,fly,Insecta,Diptera,Brachycera,Muscomorpha,Muscoidea,#N/C,#N/C,#N/C,#N/C,12.1985,5.67392857142857,2.11907142857143
FAIRD3_0684,FAIRD,FAIRD3,Site3,Meadow,FAIRDxMeadow,2023-09-07 15:50:42,2023-09-07 15:50:55,00:00:13,fly,Insecta,Diptera,Brachycera,Muscomorpha,Muscoidea,Muscidae,Muscinae,Musca,#N/C,13.52575,5.99108333333333,2.25625
FAIRD3_0685,FAIRD,FAIRD3,Site3,Meadow,FAIRDxMeadow,2023-09-07 17:16:15,2023-09-07 17:18:27,00:02:12,robber_fly,Insecta,Diptera,Brachycera,Asilomorpha,Asiloidea,Asilidae,Asilinae,Tolmerus,#N/C,5.96,10.965,1.52
FAIRD3_0686,FAIRD,FAIRD3,Site3,Meadow,FAIRDxMeadow,2023-09-08 07:21:15,2023-09-08 08:04:07,00:42:52,fly,Insecta,Diptera,Brachycera,#N/C,#N/C,#N/C,#N/C,#N/C,#N/C,8.4004979253112,5.45134854771784,1.71630705394191
FAIRD3_0687,FAIRD,FAIRD3,Site3,Meadow,FAIRDxMeadow,2023-09-08 10:02:59,2023-09-08 10:03:29,00:00:30,spider,Arachnida,Araneae,Arneomorphae,Araneomorphae,Dictynoidea,Anyphaenidae,Anyphaeninae,Anyphaena,#N/C,1.035,2.16,0.84
FAIRD3_0688,FAIRD,FAIRD3,Site3,Meadow,FAIRDxMeadow,2023-09-08 12:23:21,2023-09-08 12:23:34,00:00:13,fly,Insecta,Diptera,Brachycera,Muscomorpha,Lauxanioidea,Lauxaniidae,Lauxaniinae,Calliopum,#N/C,3.39257575757576,4.09863636363636,1.2430303030303
FAIRD3_0689,FAIRD,FAIRD3,Site3,Meadow,FAIRDxMeadow,2023-09-08 14:06:54,2023-09-08 14:07:47,00:00:53,fly,Insecta,Diptera,Brachycera,#N/C,#N/C,#N/C,#N/C,#N/C,#N/C,8.4004979253112,5.45134854771784,1.71630705394191
FAIRD3_0690,FAIRD,FAIRD3,Site3,Meadow,FAIRDxMeadow,2023-09-08 18:21:20,2023-09-08 18:21:42,00:00:22,robber_fly,Insecta,Hymenoptera,Apocrita,Parasitica,Ichneumonoidea,Ichneumonidae,Xoridinae,Xorides,#N/C,5.31137931034483,5.22827586206897,1.15379310344828
FAIRD3_0691,FAIRD,FAIRD3,Site3,Meadow,FAIRDxMeadow,2023-09-09 08:11:11,2023-09-09 08:21:25,00:10:14,fly,Insecta,Diptera,Brachycera,#N/C,#N/C,#N/C,#N/C,#N/C,#N/C,8.4004979253112,5.45134854771784,1.71630705394191
FAIRD3_0692,FAIRD,FAIRD3,Site3,Meadow,FAIRDxMeadow,2023-09-09 10:21:47,2023-09-09 13:47:24,03:25:37,midge,Insecta,Diptera,Nematocera,Culicomorpha,Chironomoidea,Chironomidae,Chironominae,Chironomus,#N/C,0.955,3.165,0.785
FAIRD3_0693,FAIRD,FAIRD3,Site3,Meadow,FAIRDxMeadow,2023-09-09 11:19:29,2023-09-09 11:19:33,00:00:04,flesh_fly,Insecta,Diptera,Brachycera,Muscomorpha,Oestroidea,#N/C,#N/C,#N/C,#N/C,8.6963448275862,5.52255172413793,1.75466666666667
FAIRD3_0694,FAIRD,FAIRD3,Site3,Meadow,FAIRDxMeadow,2023-09-09 16:53:34,2023-09-09 16:55:10,00:01:36,ladybug,Insecta,Coleoptera,Polyphaga,Cucujiformia,Coccinelloidea,Coccinellidae,Coccinellinae,Harmonia,#N/C,8.39571428571429,4.155,2.31535714285714
FAIRD3_0695,FAIRD,FAIRD3,Site3,Meadow,FAIRDxMeadow,2023-09-09 18:22:04,2023-09-09 18:22:19,00:00:15,bug,Insecta,Hemiptera,Heteroptera,Pentatomomorpha,Lygaeoidea,Rhyparochromidae,Rhyparochrominae,Rhyparochromus,#N/C,4.595,3.905,1.735
FAIRD3_0696,FAIRD,FAIRD3,Site3,Meadow,FAIRDxMeadow,2023-09-10 09:39:59,2023-09-10 09:40:05,00:00:06,fly,Insecta,Diptera,Brachycera,Muscomorpha,Muscoidea,Fanniidae,#child.Fanniidae,Fannia,#N/C,6.20833333333333,3.92666666666667,1.41333333333333
FAIRD3_0697,FAIRD,FAIRD3,Site3,Meadow,FAIRDxMeadow,2023-09-10 09:46:27,2023-09-10 09:46:34,00:00:07,flesh_fly,Insecta,Diptera,Brachycera,Muscomorpha,Oestroidea,Sarcophagidae,#N/C,#N/C,#N/C,8.6963448275862,5.52255172413793,1.75466666666667
FAIRD3_0698,FAIRD,FAIRD3,Site3,Meadow,FAIRDxMeadow,2023-09-10 11:31:44,2023-09-10 11:33:12,00:01:28,ladybug,Insecta,Coleoptera,Polyphaga,Cucujiformia,Coccinelloidea,Coccinellidae,Coccinellinae,Coccinella,#N/C,8.39571428571429,4.155,2.31535714285714
FAIRD3_0699,FAIRD,FAIRD3,Site3,Meadow,FAIRDxMeadow,2023-09-10 12:06:51,2023-09-10 12:10:04,00:03:13,fly,Insecta,Diptera,Brachycera,Muscomorpha,Muscoidea,#N/C,#N/C,#N/C,#N/C,12.1985,5.67392857142857,2.11907142857143
FAIRD3_0700,FAIRD,FAIRD3,Site3,Meadow,FAIRDxMeadow,2023-09-10 12:23:55,2023-09-10 12:24:01,00:00:06,parasitoid_wasp,Insecta,Hymenoptera,Apocrita,Parasitica,Ichneumonoidea,Ichneumonidae,Campopleginae,Dusona,#N/C,5.31137931034483,5.22827586206897,1.15379310344828
FAIRD3_0701,FAIRD,FAIRD3,Site3,Meadow,FAIRDxMeadow,2023-09-10 13:07:23,2023-09-10 13:07:30,00:00:07,leafhopper,Insecta,Hemiptera,Auchenorrhyncha,Cicadomorpha,Membracoidea,Cicadellidae,Deltocephalinae,Orientus,#N/C,5.60016393442623,4.54852459016393,1.52573770491803
FAIRD3_0702,FAIRD,FAIRD3,Site3,Meadow,FAIRDxMeadow,2023-09-10 14:14:11,2023-09-10 14:14:53,00:00:42,fly,Insecta,Diptera,Brachycera,Muscomorpha,Muscoidea,#N/C,#N/C,#N/C,#N/C,12.1985,5.67392857142857,2.11907142857143
FAIRD3_0703,FAIRD,FAIRD3,Site3,Meadow,FAIRDxMeadow,2023-09-10 14:33:10,2023-09-10 14:33:41,00:00:31,ladybug,Insecta,Coleoptera,Polyphaga,Cucujiformia,Coccinelloidea,Coccinellidae,Coccinellinae,Harmonia,#N/C,8.39571428571429,4.155,2.31535714285714
FAIRD3_0704,FAIRD,FAIRD3,Site3,Meadow,FAIRDxMeadow,2023-09-10 15:08:35,2023-09-10 15:08:40,00:00:05,fly,Insecta,Diptera,Brachycera,#N/C,#N/C,#N/C,#N/C,#N/C,#N/C,8.4004979253112,5.45134854771784,1.71630705394191
FAIRD3_0705,FAIRD,FAIRD3,Site3,Meadow,FAIRDxMeadow,2023-09-11 10:29:42,2023-09-11 10:30:06,00:00:24,flesh_fly,Insecta,Diptera,Brachycera,Muscomorpha,Oestroidea,Tachinidae,#N/C,#N/C,#N/C,8.6963448275862,5.52255172413793,1.75466666666667
FAIRD3_0706,FAIRD,FAIRD3,Site3,Meadow,FAIRDxMeadow,2023-09-11 10:31:49,2023-09-11 11:06:25,00:34:36,fly,Insecta,Diptera,Brachycera,#N/C,#N/C,#N/C,#N/C,#N/C,#N/C,8.4004979253112,5.45134854771784,1.71630705394191
FAIRD3_0707,FAIRD,FAIRD3,Site3,Meadow,FAIRDxMeadow,2023-09-11 12:05:47,2023-09-11 12:07:15,00:01:28,ladybug,Insecta,Coleoptera,Polyphaga,Cucujiformia,Coccinelloidea,Coccinellidae,Coccinellinae,Harmonia,#N/C,8.39571428571429,4.155,2.31535714285714
FAIRD3_0708,FAIRD,FAIRD3,Site3,Meadow,FAIRDxMeadow,2023-09-11 18:20:42,2023-09-11 18:20:49,00:00:07,fly,Insecta,Diptera,Brachycera,Muscomorpha,Muscoidea,#N/C,#N/C,#N/C,#N/C,12.1985,5.67392857142857,2.11907142857143
FAIRD3_0709,FAIRD,FAIRD3,Site3,Meadow,FAIRDxMeadow,2023-08-28 08:11:15,2023-08-28 08:13:24,00:02:09,fly,Insecta,Diptera,Brachycera,#N/C,#N/C,#N/C,#N/C,#N/C,#N/C,8.4004979253112,5.45134854771784,1.71630705394191
FAIRD3_0710,FAIRD,FAIRD3,Site3,Meadow,FAIRDxMeadow,2023-08-28 09:11:03,2023-08-28 09:11:24,00:00:21,fly,Insecta,Diptera,Brachycera,#N/C,#N/C,#N/C,#N/C,#N/C,#N/C,8.4004979253112,5.45134854771784,1.71630705394191
FAIRD3_0711,FAIRD,FAIRD3,Site3,Meadow,FAIRDxMeadow,2023-08-28 11:03:40,2023-08-28 11:11:39,00:07:59,fly,Insecta,Diptera,Brachycera,#N/C,#N/C,#N/C,#N/C,#N/C,#N/C,8.4004979253112,5.45134854771784,1.71630705394191
FAIRD3_0712,FAIRD,FAIRD3,Site3,Meadow,FAIRDxMeadow,2023-08-28 11:17:49,2023-08-28 11:20:59,00:03:10,fly,Insecta,Diptera,Brachycera,Muscomorpha,Muscoidea,#N/C,#N/C,#N/C,#N/C,12.1985,5.67392857142857,2.11907142857143
FAIRD3_0713,FAIRD,FAIRD3,Site3,Meadow,FAIRDxMeadow,2023-08-28 12:28:55,2023-08-28 12:33:55,00:05:00,fly,Insecta,Diptera,Brachycera,Muscomorpha,Muscoidea,Fanniidae,#child.Fanniidae,Fannia,#N/C,6.20833333333333,3.92666666666667,1.41333333333333
FAIRD3_0714,FAIRD,FAIRD3,Site3,Meadow,FAIRDxMeadow,2023-08-29 09:48:35,2023-08-29 09:59:00,00:10:25,fly,Insecta,Diptera,Brachycera,#N/C,#N/C,#N/C,#N/C,#N/C,#N/C,8.4004979253112,5.45134854771784,1.71630705394191
FAIRD3_0715,FAIRD,FAIRD3,Site3,Meadow,FAIRDxMeadow,2023-08-29 13:31:07,2023-08-29 13:40:11,00:09:04,fly,Insecta,Diptera,Brachycera,#N/C,#N/C,#N/C,#N/C,#N/C,#N/C,8.4004979253112,5.45134854771784,1.71630705394191
FAIRD3_0716,FAIRD,FAIRD3,Site3,Meadow,FAIRDxMeadow,2023-08-29 13:54:03,2023-08-29 14:06:28,00:12:25,fly,Insecta,Diptera,Brachycera,#N/C,#N/C,#N/C,#N/C,#N/C,#N/C,8.4004979253112,5.45134854771784,1.71630705394191
FAIRD3_0717,FAIRD,FAIRD3,Site3,Meadow,FAIRDxMeadow,2023-08-29 14:01:18,2023-08-29 14:05:07,00:03:49,fly,Insecta,Diptera,Brachycera,#N/C,#N/C,#N/C,#N/C,#N/C,#N/C,8.4004979253112,5.45134854771784,1.71630705394191
FAIRD3_0718,FAIRD,FAIRD3,Site3,Meadow,FAIRDxMeadow,2023-08-29 14:06:16,2023-08-29 14:09:46,00:03:30,fly,Insecta,Diptera,Brachycera,Muscomorpha,Muscoidea,Fanniidae,#child.Fanniidae,Fannia,#N/C,6.20833333333333,3.92666666666667,1.41333333333333
FAIRD3_0719,FAIRD,FAIRD3,Site3,Meadow,FAIRDxMeadow,2023-08-29 14:16:47,2023-08-29 14:43:27,00:26:40,fly,Insecta,Diptera,Brachycera,#N/C,#N/C,#N/C,#N/C,#N/C,#N/C,8.4004979253112,5.45134854771784,1.71630705394191
FAIRD3_0720,FAIRD,FAIRD3,Site3,Meadow,FAIRDxMeadow,2023-08-29 14:49:41,2023-08-29 14:49:52,00:00:11,fly,Insecta,Diptera,Brachycera,#N/C,#N/C,#N/C,#N/C,#N/C,#N/C,8.4004979253112,5.45134854771784,1.71630705394191
FAIRD3_0721,FAIRD,FAIRD3,Site3,Meadow,FAIRDxMeadow,2023-08-29 14:52:12,2023-08-29 15:16:51,00:24:39,fly,Insecta,Diptera,Brachycera,Muscomorpha,Muscoidea,#N/C,#N/C,#N/C,#N/C,12.1985,5.67392857142857,2.11907142857143
FAIRD3_0722,FAIRD,FAIRD3,Site3,Meadow,FAIRDxMeadow,2023-08-29 15:08:06,2023-08-29 15:08:17,00:00:11,scavenger_fly,Insecta,Diptera,Brachycera,Muscomorpha,Sciomyzoidea,Sepsidae,#N/C,#N/C,#N/C,1.54238095238095,3.37476190476191,0.964285714285714
FAIRD3_0723,FAIRD,FAIRD3,Site3,Meadow,FAIRDxMeadow,2023-08-29 15:40:03,2023-08-29 15:40:22,00:00:19,fly,Insecta,Diptera,Brachycera,#N/C,#N/C,#N/C,#N/C,#N/C,#N/C,8.4004979253112,5.45134854771784,1.71630705394191
FAIRD3_0724,FAIRD,FAIRD3,Site3,Meadow,FAIRDxMeadow,2023-08-29 17:00:40,2023-08-29 17:04:20,00:03:40,fly,Insecta,Diptera,Brachycera,Muscomorpha,Muscoidea,#N/C,#N/C,#N/C,#N/C,12.1985,5.67392857142857,2.11907142857143
FAIRD3_0725,FAIRD,FAIRD3,Site3,Meadow,FAIRDxMeadow,2023-08-29 17:04:12,2023-08-29 18:16:51,01:12:39,sawfly,Insecta,Hymenoptera,Symphyta,#child.Symphyta,Tenthredinoidea,Tenthredinidae,Athaliinae,Athalia,#N/C,7.85333333333333,6.35,1.89
FAIRD3_0726,FAIRD,FAIRD3,Site3,Meadow,FAIRDxMeadow,2023-08-29 17:09:53,2023-08-29 17:11:28,00:01:35,fly,Insecta,Diptera,Brachycera,#N/C,#N/C,#N/C,#N/C,#N/C,#N/C,8.4004979253112,5.45134854771784,1.71630705394191
FAIRD3_0727,FAIRD,FAIRD3,Site3,Meadow,FAIRDxMeadow,2023-08-29 17:54:36,2023-08-29 17:57:10,00:02:34,fly,Insecta,Diptera,Brachycera,#N/C,#N/C,#N/C,#N/C,#N/C,#N/C,8.4004979253112,5.45134854771784,1.71630705394191
FAIRD3_0728,FAIRD,FAIRD3,Site3,Meadow,FAIRDxMeadow,2023-08-29 18:24:52,2023-08-29 18:25:34,00:00:42,fly,Insecta,Diptera,Brachycera,Muscomorpha,Muscoidea,#N/C,#N/C,#N/C,#N/C,12.1985,5.67392857142857,2.11907142857143
FAIRD3_0729,FAIRD,FAIRD3,Site3,Meadow,FAIRDxMeadow,2023-08-30 09:06:31,2023-08-30 09:08:10,00:01:39,fly,Insecta,Diptera,Brachycera,Muscomorpha,Muscoidea,Fanniidae,#child.Fanniidae,Fannia,#N/C,6.20833333333333,3.92666666666667,1.41333333333333
FAIRD3_0730,FAIRD,FAIRD3,Site3,Meadow,FAIRDxMeadow,2023-08-30 10:05:50,2023-08-30 10:07:03,00:01:13,fly,Insecta,Diptera,Brachycera,#N/C,#N/C,#N/C,#N/C,#N/C,#N/C,8.4004979253112,5.45134854771784,1.71630705394191
FAIRD3_0731,FAIRD,FAIRD3,Site3,Meadow,FAIRDxMeadow,2023-08-30 10:27:09,2023-08-30 10:30:08,00:02:59,fly,Insecta,Diptera,Brachycera,Muscomorpha,Muscoidea,Fanniidae,#child.Fanniidae,Fannia,#N/C,6.20833333333333,3.92666666666667,1.41333333333333
FAIRD3_0732,FAIRD,FAIRD3,Site3,Meadow,FAIRDxMeadow,2023-08-30 10:54:32,2023-08-30 10:55:13,00:00:41,fly,Insecta,Diptera,Brachycera,#N/C,#N/C,#N/C,#N/C,#N/C,#N/C,8.4004979253112,5.45134854771784,1.71630705394191
FAIRD3_0733,FAIRD,FAIRD3,Site3,Meadow,FAIRDxMeadow,2023-08-30 11:10:45,2023-08-30 11:11:19,00:00:34,fly,Insecta,Diptera,Brachycera,#N/C,#N/C,#N/C,#N/C,#N/C,#N/C,8.4004979253112,5.45134854771784,1.71630705394191
FAIRD3_0734,FAIRD,FAIRD3,Site3,Meadow,FAIRDxMeadow,2023-08-30 11:36:34,2023-08-30 11:43:06,00:06:32,fly,Insecta,Diptera,Brachycera,Muscomorpha,Muscoidea,#N/C,#N/C,#N/C,#N/C,12.1985,5.67392857142857,2.11907142857143
FAIRD3_0735,FAIRD,FAIRD3,Site3,Meadow,FAIRDxMeadow,2023-08-30 12:02:35,2023-08-30 12:03:33,00:00:58,fly,Insecta,Diptera,Brachycera,#N/C,#N/C,#N/C,#N/C,#N/C,#N/C,8.4004979253112,5.45134854771784,1.71630705394191
FAIRD3_0736,FAIRD,FAIRD3,Site3,Meadow,FAIRDxMeadow,2023-08-30 12:11:44,2023-08-30 12:11:58,00:00:14,fly,Insecta,Diptera,Brachycera,Muscomorpha,Muscoidea,Fanniidae,#child.Fanniidae,Fannia,#N/C,6.20833333333333,3.92666666666667,1.41333333333333
FAIRD3_0737,FAIRD,FAIRD3,Site3,Meadow,FAIRDxMeadow,2023-08-30 12:30:22,2023-08-30 12:30:31,00:00:09,wasp,Insecta,Hymenoptera,Apocrita,Aculeata,Vespoidea,Vespidae,Vespinae,Vespula,#N/C,71.46,13.6133333333333,4.02666666666667
FAIRD3_0738,FAIRD,FAIRD3,Site3,Meadow,FAIRDxMeadow,2023-08-30 12:40:14,2023-08-30 12:40:24,00:00:10,gnat,Insecta,Diptera,#N/C,#N/C,#N/C,#N/C,#N/C,#N/C,#N/C,8.34888888888888,5.47349206349206,1.69168650793651
FAIRD3_0739,FAIRD,FAIRD3,Site3,Meadow,FAIRDxMeadow,2023-08-30 13:16:51,2023-08-30 13:17:16,00:00:25,wasp,Insecta,Hymenoptera,Apocrita,Aculeata,Vespoidea,Vespidae,Vespinae,Vespula,#N/C,71.46,13.6133333333333,4.02666666666667
FAIRD3_0740,FAIRD,FAIRD3,Site3,Meadow,FAIRDxMeadow,2023-08-30 13:22:52,2023-08-30 13:25:24,00:02:32,sawfly,Insecta,Hymenoptera,Symphyta,#child.Symphyta,Tenthredinoidea,Tenthredinidae,Athaliinae,Athalia,#N/C,7.85333333333333,6.35,1.89
FAIRD3_0741,FAIRD,FAIRD3,Site3,Meadow,FAIRDxMeadow,2023-08-30 13:46:27,2023-08-30 13:46:38,00:00:11,flesh_fly,Insecta,Diptera,Brachycera,Muscomorpha,Oestroidea,Tachinidae,Tachininae,Tachina,#N/C,8.6963448275862,5.52255172413793,1.75466666666667
FAIRD3_0742,FAIRD,FAIRD3,Site3,Meadow,FAIRDxMeadow,2023-08-30 13:51:40,2023-08-30 13:51:54,00:00:14,fly,Insecta,Diptera,Brachycera,Muscomorpha,Muscoidea,Fanniidae,#child.Fanniidae,Fannia,#N/C,6.20833333333333,3.92666666666667,1.41333333333333
FAIRD3_0743,FAIRD,FAIRD3,Site3,Meadow,FAIRDxMeadow,2023-08-30 14:02:18,2023-08-30 14:02:39,00:00:21,hoverfly,Insecta,Diptera,Brachycera,Muscomorpha,Syrphoidea,Syrphidae,Eristalinae,Eristalis,#N/C,12.2957258064516,7.50846774193548,2.1483064516129
FAIRD3_0744,FAIRD,FAIRD3,Site3,Meadow,FAIRDxMeadow,2023-08-30 15:42:09,2023-08-30 15:44:57,00:02:48,fly,Insecta,Diptera,Brachycera,#N/C,#N/C,#N/C,#N/C,#N/C,#N/C,8.4004979253112,5.45134854771784,1.71630705394191
FAIRD3_0745,FAIRD,FAIRD3,Site3,Meadow,FAIRDxMeadow,2023-08-30 15:47:50,2023-08-30 15:47:56,00:00:06,fly,Insecta,Diptera,Brachycera,#N/C,#N/C,#N/C,#N/C,#N/C,#N/C,8.4004979253112,5.45134854771784,1.71630705394191
FAIRD3_0746,FAIRD,FAIRD3,Site3,Meadow,FAIRDxMeadow,2023-08-30 16:20:34,2023-08-30 16:34:45,00:14:11,fly,Insecta,Diptera,Brachycera,#N/C,#N/C,#N/C,#N/C,#N/C,#N/C,8.4004979253112,5.45134854771784,1.71630705394191
FAIRD3_0747,FAIRD,FAIRD3,Site3,Meadow,FAIRDxMeadow,2023-08-30 17:19:08,2023-08-30 17:29:05,00:09:57,fever_fly,Insecta,Diptera,Nematocera,Bibionomorpha,Bibionoidea,Bibionidae,Bibioninae,Dilophus,#N/C,1.85615384615385,3.60230769230769,0.961538461538462
FAIRD3_0748,FAIRD,FAIRD3,Site3,Meadow,FAIRDxMeadow,2023-08-31 09:29:58,2023-08-31 09:31:24,00:01:26,fly,Insecta,Diptera,Brachycera,Muscomorpha,Muscoidea,Fanniidae,#child.Fanniidae,Fannia,#N/C,6.20833333333333,3.92666666666667,1.41333333333333
FAIRD3_0749,FAIRD,FAIRD3,Site3,Meadow,FAIRDxMeadow,2023-08-31 11:29:13,2023-08-31 11:35:14,00:06:01,fly,Insecta,Diptera,Brachycera,Muscomorpha,Lauxanioidea,Lauxaniidae,Lauxaniinae,#N/C,#N/C,3.39257575757576,4.09863636363636,1.2430303030303
FAIRD3_0750,FAIRD,FAIRD3,Site3,Meadow,FAIRDxMeadow,2023-08-31 12:32:02,2023-08-31 12:36:25,00:04:23,fly,Insecta,Diptera,Brachycera,Muscomorpha,Muscoidea,Fanniidae,#child.Fanniidae,Fannia,#N/C,6.20833333333333,3.92666666666667,1.41333333333333
FAIRD3_0751,FAIRD,FAIRD3,Site3,Meadow,FAIRDxMeadow,2023-08-31 14:33:41,2023-08-31 14:33:46,00:00:05,fly,Insecta,Diptera,Brachycera,#N/C,#N/C,#N/C,#N/C,#N/C,#N/C,8.4004979253112,5.45134854771784,1.71630705394191
FAIRD3_0752,FAIRD,FAIRD3,Site3,Meadow,FAIRDxMeadow,2023-08-31 14:38:25,2023-08-31 14:46:31,00:08:06,fly,Insecta,Diptera,Brachycera,Muscomorpha,Muscoidea,#N/C,#N/C,#N/C,#N/C,12.1985,5.67392857142857,2.11907142857143
FAIRD3_0753,FAIRD,FAIRD3,Site3,Meadow,FAIRDxMeadow,2023-08-31 14:49:54,2023-08-31 14:50:36,00:00:42,fly,Insecta,Diptera,Brachycera,#N/C,#N/C,#N/C,#N/C,#N/C,#N/C,8.4004979253112,5.45134854771784,1.71630705394191
FAIRD3_0754,FAIRD,FAIRD3,Site3,Meadow,FAIRDxMeadow,2023-08-31 15:18:50,2023-08-31 15:18:58,00:00:08,fly,Insecta,Diptera,Brachycera,Muscomorpha,Muscoidea,Fanniidae,#child.Fanniidae,Fannia,#N/C,6.20833333333333,3.92666666666667,1.41333333333333
FAIRD3_0755,FAIRD,FAIRD3,Site3,Meadow,FAIRDxMeadow,2023-08-31 17:09:52,2023-08-31 17:10:06,00:00:14,fly,Insecta,Diptera,Brachycera,#N/C,#N/C,#N/C,#N/C,#N/C,#N/C,8.4004979253112,5.45134854771784,1.71630705394191
FAIRD3_0756,FAIRD,FAIRD3,Site3,Meadow,FAIRDxMeadow,2023-08-31 18:03:16,2023-08-31 18:03:40,00:00:24,fly,Insecta,Diptera,Brachycera,#N/C,#N/C,#N/C,#N/C,#N/C,#N/C,8.4004979253112,5.45134854771784,1.71630705394191
FAIRD3_0757,FAIRD,FAIRD3,Site3,Meadow,FAIRDxMeadow,2023-08-31 18:21:11,2023-08-31 18:21:25,00:00:14,fly,Insecta,Diptera,Brachycera,#N/C,#N/C,#N/C,#N/C,#N/C,#N/C,8.4004979253112,5.45134854771784,1.71630705394191
FAIRD3_0758,FAIRD,FAIRD3,Site3,Meadow,FAIRDxMeadow,2023-09-01 07:45:28,2023-09-01 07:56:17,00:10:49,fly,Insecta,Diptera,Brachycera,#N/C,#N/C,#N/C,#N/C,#N/C,#N/C,8.4004979253112,5.45134854771784,1.71630705394191
FAIRD3_0759,FAIRD,FAIRD3,Site3,Meadow,FAIRDxMeadow,2023-09-01 07:45:28,2023-09-01 18:01:08,10:15:40,moth,Insecta,Lepidoptera,Glossata,Heterocera,Noctuoidea,Noctuidae,#N/C,#N/C,#N/C,1.95,3.96666666666667,1.03333333333333
FAIRD3_0760,FAIRD,FAIRD3,Site3,Meadow,FAIRDxMeadow,2023-09-01 08:09:40,2023-09-01 08:32:39,00:22:59,fly,Insecta,Diptera,Brachycera,#N/C,#N/C,#N/C,#N/C,#N/C,#N/C,8.4004979253112,5.45134854771784,1.71630705394191
FAIRD3_0761,FAIRD,FAIRD3,Site3,Meadow,FAIRDxMeadow,2023-09-01 08:54:42,2023-09-01 08:54:54,00:00:12,lacewing_larva,Insecta,#N/C,#N/C,#N/C,#N/C,#N/C,#N/C,#N/C,#N/C,24.2840884279476,6.53678493449783,2.11444868995633
FAIRD3_0762,FAIRD,FAIRD3,Site3,Meadow,FAIRDxMeadow,2023-09-01 09:04:40,2023-09-01 09:04:53,00:00:13,fly,Insecta,Diptera,Brachycera,#N/C,#N/C,#N/C,#N/C,#N/C,#N/C,8.4004979253112,5.45134854771784,1.71630705394191
FAIRD3_0763,FAIRD,FAIRD3,Site3,Meadow,FAIRDxMeadow,2023-09-01 10:01:50,2023-09-01 10:08:25,00:06:35,fly,Insecta,Diptera,Brachycera,#N/C,#N/C,#N/C,#N/C,#N/C,#N/C,8.4004979253112,5.45134854771784,1.71630705394191
FAIRD3_0764,FAIRD,FAIRD3,Site3,Meadow,FAIRDxMeadow,2023-09-01 10:25:35,2023-09-01 10:36:18,00:10:43,fly,Insecta,Diptera,Brachycera,#N/C,#N/C,#N/C,#N/C,#N/C,#N/C,8.4004979253112,5.45134854771784,1.71630705394191
FAIRD3_0765,FAIRD,FAIRD3,Site3,Meadow,FAIRDxMeadow,2023-09-01 11:28:01,2023-09-01 11:38:40,00:10:39,lacewing_larva,Insecta,#N/C,#N/C,#N/C,#N/C,#N/C,#N/C,#N/C,#N/C,24.2840884279476,6.53678493449783,2.11444868995633
FAIRD3_0766,FAIRD,FAIRD3,Site3,Meadow,FAIRDxMeadow,2023-09-01 12:51:04,2023-09-01 12:51:29,00:00:25,fly,Insecta,Diptera,Brachycera,#N/C,#N/C,#N/C,#N/C,#N/C,#N/C,8.4004979253112,5.45134854771784,1.71630705394191
FAIRD3_0767,FAIRD,FAIRD3,Site3,Meadow,FAIRDxMeadow,2023-09-01 13:45:52,2023-09-01 13:45:58,00:00:06,fly,Insecta,Diptera,Brachycera,Muscomorpha,Muscoidea,#N/C,#N/C,#N/C,#N/C,12.1985,5.67392857142857,2.11907142857143
FAIRD3_0768,FAIRD,FAIRD3,Site3,Meadow,FAIRDxMeadow,2023-09-01 14:09:40,2023-09-01 14:09:46,00:00:06,fly,Insecta,Diptera,Brachycera,#N/C,#N/C,#N/C,#N/C,#N/C,#N/C,8.4004979253112,5.45134854771784,1.71630705394191
FAIRD3_0769,FAIRD,FAIRD3,Site3,Meadow,FAIRDxMeadow,2023-09-01 14:48:06,2023-09-01 14:48:46,00:00:40,fly,Insecta,Diptera,Brachycera,Muscomorpha,Lauxanioidea,Lauxaniidae,Lauxaniinae,Calliopum,#N/C,3.39257575757576,4.09863636363636,1.2430303030303
FAIRD3_0770,FAIRD,FAIRD3,Site3,Meadow,FAIRDxMeadow,2023-09-01 15:02:42,2023-09-01 15:02:49,00:00:07,flesh_fly,Insecta,Diptera,Brachycera,Muscomorpha,Oestroidea,Sarcophagidae,#N/C,#N/C,#N/C,8.6963448275862,5.52255172413793,1.75466666666667
FAIRD3_0771,FAIRD,FAIRD3,Site3,Meadow,FAIRDxMeadow,2023-09-01 15:49:43,2023-09-01 15:50:03,00:00:20,fly,Insecta,Diptera,Brachycera,#N/C,#N/C,#N/C,#N/C,#N/C,#N/C,8.4004979253112,5.45134854771784,1.71630705394191
FAIRD3_0772,FAIRD,FAIRD3,Site3,Meadow,FAIRDxMeadow,2023-09-01 15:50:03,2023-09-01 15:51:03,00:01:00,fly,Insecta,Diptera,Brachycera,Muscomorpha,Sphaeroceroidea,Sphaeroceridae,#N/C,#N/C,#N/C,8.6963448275862,5.52255172413793,1.75466666666667
FAIRD3_0773,FAIRD,FAIRD3,Site3,Meadow,FAIRDxMeadow,2023-09-01 15:50:42,2023-09-01 15:50:59,00:00:17,fly,Insecta,Diptera,Brachycera,#N/C,#N/C,#N/C,#N/C,#N/C,#N/C,8.4004979253112,5.45134854771784,1.71630705394191
FAIRD3_0774,FAIRD,FAIRD3,Site3,Meadow,FAIRDxMeadow,2023-09-01 16:10:33,2023-09-01 16:11:01,00:00:28,flesh_fly,Insecta,Diptera,Brachycera,Muscomorpha,Oestroidea,Calliphoridae,Calliphorinae,Bellardia,#N/C,8.6963448275862,5.52255172413793,1.75466666666667
FAIRD3_0775,FAIRD,FAIRD3,Site3,Meadow,FAIRDxMeadow,2023-09-01 17:59:33,2023-09-01 18:01:05,00:01:32,fly,Insecta,Diptera,Brachycera,#N/C,#N/C,#N/C,#N/C,#N/C,#N/C,8.4004979253112,5.45134854771784,1.71630705394191
FAIRD3_0776,FAIRD,FAIRD3,Site3,Meadow,FAIRDxMeadow,2023-09-02 08:19:31,2023-09-02 08:20:21,00:00:50,fly,Insecta,Diptera,Brachycera,Muscomorpha,Muscoidea,Fanniidae,#child.Fanniidae,Fannia,#N/C,6.20833333333333,3.92666666666667,1.41333333333333
FAIRD3_0777,FAIRD,FAIRD3,Site3,Meadow,FAIRDxMeadow,2023-09-02 08:29:19,2023-09-02 08:37:42,00:08:23,fly,Insecta,Diptera,Brachycera,Muscomorpha,Muscoidea,Fanniidae,#child.Fanniidae,Fannia,#N/C,6.20833333333333,3.92666666666667,1.41333333333333
FAIRD3_0778,FAIRD,FAIRD3,Site3,Meadow,FAIRDxMeadow,2023-09-02 12:33:06,2023-09-02 12:33:45,00:00:39,ladybug,Insecta,Coleoptera,Polyphaga,Cucujiformia,Coccinelloidea,Coccinellidae,Coccinellinae,Harmonia,#N/C,8.39571428571429,4.155,2.31535714285714
FAIRD3_0779,FAIRD,FAIRD3,Site3,Meadow,FAIRDxMeadow,2023-09-02 13:01:25,2023-09-02 13:07:10,00:05:45,flesh_fly,Insecta,Diptera,Brachycera,Muscomorpha,Oestroidea,Sarcophagidae,Sarcophaginae,#N/C,#N/C,8.6963448275862,5.52255172413793,1.75466666666667
FAIRD3_0780,FAIRD,FAIRD3,Site3,Meadow,FAIRDxMeadow,2023-09-02 13:42:36,2023-09-02 13:49:49,00:07:13,ladybug,Insecta,Coleoptera,Polyphaga,Cucujiformia,Coccinelloidea,Coccinellidae,Coccinellinae,Harmonia,#N/C,8.39571428571429,4.155,2.31535714285714
FAIRD3_0781,FAIRD,FAIRD3,Site3,Meadow,FAIRDxMeadow,2023-09-02 15:53:29,2023-09-02 16:15:54,00:22:25,ladybug,Insecta,Coleoptera,Polyphaga,Cucujiformia,Coccinelloidea,Coccinellidae,Coccinellinae,Harmonia,#N/C,8.39571428571429,4.155,2.31535714285714
FAIRD3_0782,FAIRD,FAIRD3,Site3,Meadow,FAIRDxMeadow,2023-09-03 09:19:54,2023-09-03 09:21:13,00:01:19,fly,Insecta,Diptera,Brachycera,Muscomorpha,Muscoidea,Fanniidae,#child.Fanniidae,Fannia,#N/C,6.20833333333333,3.92666666666667,1.41333333333333
FAIRD3_0783,FAIRD,FAIRD3,Site3,Meadow,FAIRDxMeadow,2023-09-03 12:13:57,2023-09-03 12:14:13,00:00:16,fly,Insecta,Diptera,Brachycera,Muscomorpha,Muscoidea,Fanniidae,#child.Fanniidae,Fannia,#N/C,6.20833333333333,3.92666666666667,1.41333333333333
FAIRD3_0784,FAIRD,FAIRD3,Site3,Meadow,FAIRDxMeadow,2023-09-03 12:40:28,2023-09-03 13:07:26,00:26:58,flesh_fly,Insecta,Diptera,Brachycera,Muscomorpha,Oestroidea,#N/C,#N/C,#N/C,#N/C,8.6963448275862,5.52255172413793,1.75466666666667
FAIRD3_0785,FAIRD,FAIRD3,Site3,Meadow,FAIRDxMeadow,2023-09-03 13:24:56,2023-09-03 13:25:07,00:00:11,parasitoid_wasp,Insecta,Hymenoptera,Apocrita,Parasitica,Ichneumonoidea,Ichneumonidae,#N/C,#N/C,#N/C,5.31137931034483,5.22827586206897,1.15379310344828
FAIRD3_0786,FAIRD,FAIRD3,Site3,Meadow,FAIRDxMeadow,2023-09-03 13:33:26,2023-09-03 13:33:37,00:00:11,flesh_fly,Insecta,Diptera,Brachycera,Muscomorpha,Oestroidea,Tachinidae,Tachininae,Tachina,#N/C,8.6963448275862,5.52255172413793,1.75466666666667
FAIRD3_0787,FAIRD,FAIRD3,Site3,Meadow,FAIRDxMeadow,2023-09-03 14:11:38,2023-09-03 14:13:08,00:01:30,ladybug,Insecta,Coleoptera,Polyphaga,Cucujiformia,Coccinelloidea,Coccinellidae,Coccinellinae,Coccinella,#N/C,8.39571428571429,4.155,2.31535714285714
FAIRD3_0788,FAIRD,FAIRD3,Site3,Meadow,FAIRDxMeadow,2023-09-03 15:14:07,2023-09-03 15:14:14,00:00:07,gnat,Insecta,#N/C,#N/C,#N/C,#N/C,#N/C,#N/C,#N/C,#N/C,24.2840884279476,6.53678493449783,2.11444868995633
FAIRD3_0789,FAIRD,FAIRD3,Site3,Meadow,FAIRDxMeadow,2023-09-03 15:14:07,2023-09-03 15:14:17,00:00:10,flesh_fly,Insecta,Diptera,Brachycera,Muscomorpha,Oestroidea,Sarcophagidae,Sarcophaginae,Sarcophaga,#N/C,8.6963448275862,5.52255172413793,1.75466666666667
FAIRD3_0790,FAIRD,FAIRD3,Site3,Meadow,FAIRDxMeadow,2023-09-03 18:01:09,2023-09-03 18:01:12,00:00:03,fly,Insecta,Diptera,Brachycera,#N/C,#N/C,#N/C,#N/C,#N/C,#N/C,8.4004979253112,5.45134854771784,1.71630705394191
FAIRD3_0791,FAIRD,FAIRD3,Site3,Meadow,FAIRDxMeadow,2023-09-03 18:02:15,2023-09-03 18:02:20,00:00:05,hoverfly,Insecta,Diptera,Brachycera,Muscomorpha,Syrphoidea,Syrphidae,Syrphinae,Scaeva,#N/C,12.2957258064516,7.50846774193548,2.1483064516129
FAIRD3_0792,FAIRD,FAIRD3,Site3,Meadow,FAIRDxMeadow,2023-09-03 18:02:45,2023-09-03 18:03:21,00:00:36,fly,Insecta,Diptera,Brachycera,Muscomorpha,Muscoidea,#N/C,#N/C,#N/C,#N/C,12.1985,5.67392857142857,2.11907142857143
FAIRD3_0793,FAIRD,FAIRD3,Site3,Meadow,FAIRDxMeadow,2023-09-04 07:34:49,2023-09-04 08:50:49,01:16:00,robber_fly,Insecta,Diptera,Brachycera,Asilomorpha,Asiloidea,Asilidae,Asilinae,#N/C,#N/C,5.96,10.965,1.52
FAIRD3_0794,FAIRD,FAIRD3,Site3,Meadow,FAIRDxMeadow,2023-09-04 09:11:11,2023-09-04 09:12:23,00:01:12,fly,Insecta,Diptera,Brachycera,#N/C,#N/C,#N/C,#N/C,#N/C,#N/C,8.4004979253112,5.45134854771784,1.71630705394191
FAIRD3_0795,FAIRD,FAIRD3,Site3,Meadow,FAIRDxMeadow,2023-09-04 09:32:32,2023-09-04 09:32:41,00:00:09,fly,Insecta,Diptera,Brachycera,Muscomorpha,Sphaeroceroidea,Heleomyzidae,#N/C,#N/C,#N/C,8.6963448275862,5.52255172413793,1.75466666666667
FAIRD3_0796,FAIRD,FAIRD3,Site3,Meadow,FAIRDxMeadow,2023-09-04 10:12:10,2023-09-04 10:12:15,00:00:05,flesh_fly,Insecta,Diptera,Brachycera,Muscomorpha,Oestroidea,Sarcophagidae,Sarcophaginae,Sarcophaga,#N/C,8.6963448275862,5.52255172413793,1.75466666666667
FAIRD3_0797,FAIRD,FAIRD3,Site3,Meadow,FAIRDxMeadow,2023-09-04 17:22:06,2023-09-04 17:22:52,00:00:46,ladybug,Insecta,Coleoptera,Polyphaga,Cucujiformia,Coccinelloidea,Coccinellidae,Chilocorinae,#N/C,#N/C,8.39571428571429,4.155,2.31535714285714
FAIRD3_0798,FAIRD,FAIRD3,Site3,Meadow,FAIRDxMeadow,2023-09-04 17:22:06,2023-09-04 18:03:52,00:41:46,moth,Insecta,Lepidoptera,Glossata,Heterocera,Noctuoidea,Noctuidae,Noctuinae,Mythimna,#N/C,1.95,3.96666666666667,1.03333333333333
FAIRD3_0799,FAIRD,FAIRD3,Site3,Meadow,FAIRDxMeadow,2023-09-12 09:23:05,2023-09-12 09:24:49,00:01:44,fly,Insecta,Diptera,Brachycera,Muscomorpha,Muscoidea,#N/C,#N/C,#N/C,#N/C,12.1985,5.67392857142857,2.11907142857143
FAIRD3_0800,FAIRD,FAIRD3,Site3,Meadow,FAIRDxMeadow,2023-09-12 09:44:15,2023-09-12 09:44:21,00:00:06,flesh_fly,Insecta,Diptera,Brachycera,Muscomorpha,Oestroidea,#N/C,#N/C,#N/C,#N/C,8.6963448275862,5.52255172413793,1.75466666666667
FAIRD3_0801,FAIRD,FAIRD3,Site3,Meadow,FAIRDxMeadow,2023-09-12 12:44:01,2023-09-12 12:44:36,00:00:35,fly,Insecta,Diptera,Brachycera,#N/C,#N/C,#N/C,#N/C,#N/C,#N/C,8.4004979253112,5.45134854771784,1.71630705394191
FAIRD3_0802,FAIRD,FAIRD3,Site3,Meadow,FAIRDxMeadow,2023-09-12 12:55:00,2023-09-12 12:55:06,00:00:06,fly,Insecta,Diptera,Brachycera,Muscomorpha,Muscoidea,#N/C,#N/C,#N/C,#N/C,12.1985,5.67392857142857,2.11907142857143
FAIRD3_0803,FAIRD,FAIRD3,Site3,Meadow,FAIRDxMeadow,2023-09-12 17:13:58,2023-09-12 17:15:05,00:01:07,ladybug,Insecta,Coleoptera,Polyphaga,Cucujiformia,Coccinelloidea,Coccinellidae,Coccinellinae,Harmonia,#N/C,8.39571428571429,4.155,2.31535714285714
FAIRD3_0804,FAIRD,FAIRD3,Site3,Meadow,FAIRDxMeadow,2023-09-12 18:09:44,2023-09-12 18:10:21,00:00:37,flesh_fly,Insecta,Diptera,Brachycera,Muscomorpha,Oestroidea,Sarcophagidae,Sarcophaginae,Sarcophaga,#N/C,8.6963448275862,5.52255172413793,1.75466666666667
FAIRD3_0805,FAIRD,FAIRD3,Site3,Meadow,FAIRDxMeadow,2023-09-13 14:27:37,2023-09-13 14:27:51,00:00:14,scavenger_fly,Insecta,Diptera,Brachycera,Muscomorpha,Sciomyzoidea,Sepsidae,#N/C,#N/C,#N/C,1.54238095238095,3.37476190476191,0.964285714285714
FAIRD3_0806,FAIRD,FAIRD3,Site3,Meadow,FAIRDxMeadow,2023-09-13 14:52:42,2023-09-13 14:52:54,00:00:12,flesh_fly,Insecta,Diptera,Brachycera,Muscomorpha,Oestroidea,Sarcophagidae,#N/C,#N/C,#N/C,8.6963448275862,5.52255172413793,1.75466666666667
FAIRD3_0807,FAIRD,FAIRD3,Site3,Meadow,FAIRDxMeadow,2023-09-13 17:30:22,2023-09-13 17:31:25,00:01:03,fly,Insecta,Diptera,Brachycera,#N/C,#N/C,#N/C,#N/C,#N/C,#N/C,8.4004979253112,5.45134854771784,1.71630705394191
FAIRD3_0808,FAIRD,FAIRD3,Site3,Meadow,FAIRDxMeadow,2023-09-13 18:09:34,2023-09-13 18:11:31,00:01:57,fly,Insecta,Diptera,Brachycera,#N/C,#N/C,#N/C,#N/C,#N/C,#N/C,8.4004979253112,5.45134854771784,1.71630705394191
FAIRD4_0809,FAIRD,FAIRD4,Site4,Meadow,FAIRDxMeadow,2023-08-23 08:59:16,2023-08-23 08:59:22,00:00:06,hoverfly,Insecta,Diptera,Brachycera,Muscomorpha,Syrphoidea,Syrphidae,Syrphinae,Episyrphus,#N/C,12.2957258064516,7.50846774193548,2.1483064516129
FAIRD4_0810,FAIRD,FAIRD4,Site4,Meadow,FAIRDxMeadow,2023-08-23 09:12:11,2023-08-23 09:12:23,00:00:12,fly,Insecta,Diptera,Brachycera,Muscomorpha,Muscoidea,#N/C,#N/C,#N/C,#N/C,12.1985,5.67392857142857,2.11907142857143
FAIRD4_0811,FAIRD,FAIRD4,Site4,Meadow,FAIRDxMeadow,2023-08-23 09:33:32,2023-08-23 09:33:51,00:00:19,fly,Insecta,Diptera,Brachycera,Muscomorpha,Muscoidea,Fanniidae,#child.Fanniidae,Fannia,#N/C,6.20833333333333,3.92666666666667,1.41333333333333
FAIRD4_0812,FAIRD,FAIRD4,Site4,Meadow,FAIRDxMeadow,2023-08-23 09:36:33,2023-08-23 09:36:41,00:00:08,fly,Insecta,Diptera,Brachycera,Muscomorpha,Muscoidea,Fanniidae,#child.Fanniidae,Fannia,#N/C,6.20833333333333,3.92666666666667,1.41333333333333
FAIRD4_0813,FAIRD,FAIRD4,Site4,Meadow,FAIRDxMeadow,2023-08-23 09:43:07,2023-08-23 09:47:37,00:04:30,hoverfly,Insecta,Diptera,Brachycera,Muscomorpha,Syrphoidea,Syrphidae,Syrphinae,Eupeodes,#N/C,12.2957258064516,7.50846774193548,2.1483064516129
FAIRD4_0814,FAIRD,FAIRD4,Site4,Meadow,FAIRDxMeadow,2023-08-23 09:53:15,2023-08-23 09:53:25,00:00:10,fly,Insecta,Diptera,Brachycera,Muscomorpha,Muscoidea,Fanniidae,#child.Fanniidae,Fannia,#N/C,6.20833333333333,3.92666666666667,1.41333333333333
FAIRD4_0815,FAIRD,FAIRD4,Site4,Meadow,FAIRDxMeadow,2023-08-23 10:10:30,2023-08-23 10:10:42,00:00:12,fly,Insecta,Diptera,Brachycera,#N/C,#N/C,#N/C,#N/C,#N/C,#N/C,8.4004979253112,5.45134854771784,1.71630705394191
FAIRD4_0816,FAIRD,FAIRD4,Site4,Meadow,FAIRDxMeadow,2023-08-23 10:15:51,2023-08-23 10:15:56,00:00:05,hoverfly,Insecta,Diptera,Brachycera,Muscomorpha,Syrphoidea,Syrphidae,Syrphinae,Sphaerophoria,#N/C,12.2957258064516,7.50846774193548,2.1483064516129
FAIRD4_0817,FAIRD,FAIRD4,Site4,Meadow,FAIRDxMeadow,2023-08-23 10:33:43,2023-08-23 10:34:18,00:00:35,beetle,Insecta,Coleoptera,Polyphaga,Cucujiformia,Chrysomeloidea,Chrysomelidae,Galerucinae,Psylliodes,#N/C,5.50714285714286,4.20482142857143,1.73303571428571
FAIRD4_0818,FAIRD,FAIRD4,Site4,Meadow,FAIRDxMeadow,2023-08-23 10:33:43,2023-08-23 11:11:59,00:38:16,ladybug,Insecta,Coleoptera,Polyphaga,Cucujiformia,Coccinelloidea,Coccinellidae,Coccinellinae,#N/C,#N/C,8.39571428571429,4.155,2.31535714285714
FAIRD4_0819,FAIRD,FAIRD4,Site4,Meadow,FAIRDxMeadow,2023-08-23 10:33:43,2023-08-23 11:35:29,01:01:46,green_lacewing,Insecta,Neuroptera,Hemerobiiformia,#child.Hemerobiiformia,Hemerobioidea,Chrysopidae,Chrysopinae,Chrysoperla,#N/C,11.878,9.866,1.595
FAIRD4_0820,FAIRD,FAIRD4,Site4,Meadow,FAIRDxMeadow,2023-08-23 10:53:05,2023-08-23 10:59:32,00:06:27,fly,Insecta,Diptera,Brachycera,Muscomorpha,Muscoidea,#N/C,#N/C,#N/C,#N/C,12.1985,5.67392857142857,2.11907142857143
FAIRD4_0821,FAIRD,FAIRD4,Site4,Meadow,FAIRDxMeadow,2023-08-23 11:14:27,2023-08-23 11:14:39,00:00:12,fly,Insecta,Diptera,Brachycera,Muscomorpha,Muscoidea,Fanniidae,#child.Fanniidae,Fannia,#N/C,6.20833333333333,3.92666666666667,1.41333333333333
FAIRD4_0822,FAIRD,FAIRD4,Site4,Meadow,FAIRDxMeadow,2023-08-23 11:24:26,2023-08-23 11:24:31,00:00:05,fly,Insecta,Diptera,Brachycera,Muscomorpha,Muscoidea,Fanniidae,#child.Fanniidae,Fannia,#N/C,6.20833333333333,3.92666666666667,1.41333333333333
FAIRD4_0823,FAIRD,FAIRD4,Site4,Meadow,FAIRDxMeadow,2023-08-23 11:24:26,2023-08-23 11:26:09,00:01:43,digger_wasp,Insecta,Hymenoptera,Apocrita,Aculeata,Apoidea,Crabronidae,Crabroninae,Oxybelus,#N/C,64.4823076923077,8.92589743589744,3.27948717948718
FAIRD4_0824,FAIRD,FAIRD4,Site4,Meadow,FAIRDxMeadow,2023-08-23 12:45:56,2023-08-23 12:48:44,00:02:48,ladybug,Insecta,Coleoptera,Polyphaga,Cucujiformia,Coccinelloidea,Coccinellidae,Coccinellinae,#N/C,#N/C,8.39571428571429,4.155,2.31535714285714
FAIRD4_0825,FAIRD,FAIRD4,Site4,Meadow,FAIRDxMeadow,2023-08-23 13:28:08,2023-08-23 13:28:13,00:00:05,fly,Insecta,Diptera,Brachycera,Muscomorpha,Muscoidea,Fanniidae,#child.Fanniidae,Fannia,#N/C,6.20833333333333,3.92666666666667,1.41333333333333
FAIRD4_0826,FAIRD,FAIRD4,Site4,Meadow,FAIRDxMeadow,2023-08-23 13:42:52,2023-08-23 13:46:10,00:03:18,ladybug,Insecta,Coleoptera,Polyphaga,Cucujiformia,Coccinelloidea,Coccinellidae,Coccinellinae,#N/C,#N/C,8.39571428571429,4.155,2.31535714285714
FAIRD4_0827,FAIRD,FAIRD4,Site4,Meadow,FAIRDxMeadow,2023-08-23 15:20:58,2023-08-23 15:23:35,00:02:37,ladybug,Insecta,Coleoptera,Polyphaga,Cucujiformia,Coccinelloidea,Coccinellidae,Coccinellinae,#N/C,#N/C,8.39571428571429,4.155,2.31535714285714
FAIRD4_0828,FAIRD,FAIRD4,Site4,Meadow,FAIRDxMeadow,2023-08-23 15:46:32,2023-08-23 15:46:40,00:00:08,fly,Insecta,Diptera,Brachycera,Muscomorpha,Muscoidea,Fanniidae,#child.Fanniidae,Fannia,#N/C,6.20833333333333,3.92666666666667,1.41333333333333
FAIRD4_0829,FAIRD,FAIRD4,Site4,Meadow,FAIRDxMeadow,2023-08-23 16:22:20,2023-08-23 16:22:30,00:00:10,flesh_fly,Insecta,Diptera,Brachycera,Muscomorpha,Oestroidea,Sarcophagidae,Sarcophaginae,Sarcophaga,#N/C,8.6963448275862,5.52255172413793,1.75466666666667
FAIRD4_0830,FAIRD,FAIRD4,Site4,Meadow,FAIRDxMeadow,2023-08-23 17:28:29,2023-08-23 17:28:35,00:00:06,beetle,Insecta,Coleoptera,Polyphaga,Cucujiformia,Chrysomeloidea,Chrysomelidae,Alticinae,#N/C,#N/C,5.50714285714286,4.20482142857143,1.73303571428571
FAIRD4_0831,FAIRD,FAIRD4,Site4,Meadow,FAIRDxMeadow,2023-08-23 17:44:27,2023-08-23 17:45:58,00:01:31,beetle,Insecta,Coleoptera,Polyphaga,Cucujiformia,Curculionoidea,Curculionidae,Entiminae,Sitona,#N/C,2.59962962962963,3.26722222222222,1.16981481481481
FAIRD4_0832,FAIRD,FAIRD4,Site4,Meadow,FAIRDxMeadow,2023-08-23 18:19:12,2023-08-23 18:19:17,00:00:05,robber_fly,Insecta,Diptera,Brachycera,Muscomorpha,Muscoidea,Fanniidae,#child.Fanniidae,Fannia,#N/C,6.20833333333333,3.92666666666667,1.41333333333333
FAIRD4_0833,FAIRD,FAIRD4,Site4,Meadow,FAIRDxMeadow,2023-08-23 18:26:13,2023-08-23 18:28:27,00:02:14,fly,Insecta,Diptera,Brachycera,Muscomorpha,Muscoidea,Fanniidae,#child.Fanniidae,Fannia,#N/C,6.20833333333333,3.92666666666667,1.41333333333333
FAIRD4_0834,FAIRD,FAIRD4,Site4,Meadow,FAIRDxMeadow,2023-08-24 07:22:20,2023-08-24 07:22:42,00:00:22,fly,Insecta,Diptera,Brachycera,Muscomorpha,Muscoidea,Fanniidae,#child.Fanniidae,Fannia,#N/C,6.20833333333333,3.92666666666667,1.41333333333333
FAIRD4_0835,FAIRD,FAIRD4,Site4,Meadow,FAIRDxMeadow,2023-08-24 10:03:33,2023-08-24 10:03:37,00:00:04,fly,Insecta,Diptera,Brachycera,Muscomorpha,Muscoidea,Fanniidae,#child.Fanniidae,Fannia,#N/C,6.20833333333333,3.92666666666667,1.41333333333333
FAIRD4_0836,FAIRD,FAIRD4,Site4,Meadow,FAIRDxMeadow,2023-08-24 11:18:58,2023-08-24 11:19:09,00:00:11,robber_fly,Insecta,Diptera,Brachycera,Asilomorpha,Asiloidea,Asilidae,Asilinae,Tolmerus,#N/C,5.96,10.965,1.52
FAIRD4_0837,FAIRD,FAIRD4,Site4,Meadow,FAIRDxMeadow,2023-08-24 11:20:17,2023-08-24 11:20:23,00:00:06,fly,Insecta,Diptera,Brachycera,Muscomorpha,Lauxanioidea,Lauxaniidae,Lauxaniinae,Calliopum,#N/C,3.39257575757576,4.09863636363636,1.2430303030303
FAIRD4_0838,FAIRD,FAIRD4,Site4,Meadow,FAIRDxMeadow,2023-08-24 11:27:28,2023-08-24 11:27:47,00:00:19,hoverfly,Insecta,Diptera,Brachycera,Muscomorpha,Syrphoidea,Syrphidae,Syrphinae,Syrphini,#N/C,12.2957258064516,7.50846774193548,2.1483064516129
FAIRD4_0839,FAIRD,FAIRD4,Site4,Meadow,FAIRDxMeadow,2023-08-24 12:37:42,2023-08-24 12:39:13,00:01:31,ladybug,Insecta,Coleoptera,Polyphaga,Cucujiformia,Coccinelloidea,Coccinellidae,Coccinellinae,#N/C,#N/C,8.39571428571429,4.155,2.31535714285714
FAIRD4_0840,FAIRD,FAIRD4,Site4,Meadow,FAIRDxMeadow,2023-08-24 13:28:10,2023-08-24 13:28:22,00:00:12,fly,Insecta,Diptera,Brachycera,Muscomorpha,Muscoidea,#N/C,#N/C,#N/C,#N/C,12.1985,5.67392857142857,2.11907142857143
FAIRD4_0841,FAIRD,FAIRD4,Site4,Meadow,FAIRDxMeadow,2023-08-24 16:04:53,2023-08-24 16:04:57,00:00:04,fly,Insecta,Diptera,Brachycera,Asilomorpha,Asiloidea,Asilidae,Asilinae,#N/C,#N/C,5.96,10.965,1.52
FAIRD4_0842,FAIRD,FAIRD4,Site4,Meadow,FAIRDxMeadow,2023-08-24 16:15:45,2023-08-24 17:03:07,00:47:22,ladybug,Insecta,Coleoptera,Polyphaga,Cucujiformia,Coccinelloidea,Coccinellidae,#N/C,#N/C,#N/C,8.39571428571429,4.155,2.31535714285714
FAIRD4_0843,FAIRD,FAIRD4,Site4,Meadow,FAIRDxMeadow,2023-08-24 16:15:45,2023-08-24 17:04:23,00:48:38,ladybug,Insecta,Coleoptera,Polyphaga,Cucujiformia,Coccinelloidea,Coccinellidae,#N/C,#N/C,#N/C,8.39571428571429,4.155,2.31535714285714
FAIRD4_0844,FAIRD,FAIRD4,Site4,Meadow,FAIRDxMeadow,2023-08-24 16:30:12,2023-08-24 16:30:28,00:00:16,bug,Insecta,Hemiptera,Heteroptera,Pentatomomorpha,Lygaeoidea,Rhyparochromidae,Rhyparochrominae,Rhyparochromus,#N/C,4.595,3.905,1.735
FAIRD4_0845,FAIRD,FAIRD4,Site4,Meadow,FAIRDxMeadow,2023-08-24 17:45:44,2023-08-24 17:46:10,00:00:26,fly,Insecta,Diptera,Brachycera,Muscomorpha,Muscoidea,Fanniidae,#child.Fanniidae,Fannia,#N/C,6.20833333333333,3.92666666666667,1.41333333333333
FAIRD4_0846,FAIRD,FAIRD4,Site4,Meadow,FAIRDxMeadow,2023-08-24 17:58:13,2023-08-24 17:59:04,00:00:51,fly,Insecta,Diptera,Brachycera,Muscomorpha,Muscoidea,Fanniidae,#child.Fanniidae,Fannia,#N/C,6.20833333333333,3.92666666666667,1.41333333333333
FAIRD4_0847,FAIRD,FAIRD4,Site4,Meadow,FAIRDxMeadow,2023-08-24 18:10:14,2023-08-24 18:10:26,00:00:12,fly,Insecta,Diptera,Brachycera,Muscomorpha,Muscoidea,Fanniidae,#child.Fanniidae,Fannia,#N/C,6.20833333333333,3.92666666666667,1.41333333333333
FAIRD4_0848,FAIRD,FAIRD4,Site4,Meadow,FAIRDxMeadow,2023-08-24 18:13:36,2023-08-24 18:18:07,00:04:31,ladybug,Insecta,Coleoptera,Polyphaga,Cucujiformia,Coccinelloidea,Coccinellidae,Coccinellinae,#N/C,#N/C,8.39571428571429,4.155,2.31535714285714
FAIRD4_0849,FAIRD,FAIRD4,Site4,Meadow,FAIRDxMeadow,2023-08-24 18:18:03,2023-08-24 18:18:23,00:00:20,fly,Insecta,Diptera,Brachycera,Muscomorpha,Muscoidea,#N/C,#N/C,#N/C,#N/C,12.1985,5.67392857142857,2.11907142857143
FAIRD4_0850,FAIRD,FAIRD4,Site4,Meadow,FAIRDxMeadow,2023-08-24 18:21:34,2023-08-24 18:23:11,00:01:37,fly,Insecta,Diptera,Brachycera,Muscomorpha,Muscoidea,#N/C,#N/C,#N/C,#N/C,12.1985,5.67392857142857,2.11907142857143
FAIRD4_0851,FAIRD,FAIRD4,Site4,Meadow,FAIRDxMeadow,2023-08-25 07:00:08,2023-08-25 07:05:46,00:05:38,fly,Insecta,Diptera,Brachycera,Muscomorpha,Muscoidea,Fanniidae,#child.Fanniidae,Fannia,#N/C,6.20833333333333,3.92666666666667,1.41333333333333
FAIRD4_0852,FAIRD,FAIRD4,Site4,Meadow,FAIRDxMeadow,2023-08-25 08:05:18,2023-08-25 08:05:27,00:00:09,fly,Insecta,Diptera,Brachycera,Muscomorpha,Muscoidea,Fanniidae,#child.Fanniidae,Fannia,#N/C,6.20833333333333,3.92666666666667,1.41333333333333
FAIRD4_0853,FAIRD,FAIRD4,Site4,Meadow,FAIRDxMeadow,2023-08-25 08:17:13,2023-08-25 08:18:30,00:01:17,fly,Insecta,Diptera,Brachycera,Muscomorpha,Muscoidea,Fanniidae,#child.Fanniidae,Fannia,#N/C,6.20833333333333,3.92666666666667,1.41333333333333
FAIRD4_0854,FAIRD,FAIRD4,Site4,Meadow,FAIRDxMeadow,2023-08-25 08:17:24,2023-08-25 08:17:28,00:00:04,flesh_fly,Insecta,Diptera,Brachycera,Muscomorpha,Oestroidea,Sarcophagidae,Sarcophaginae,#N/C,#N/C,8.6963448275862,5.52255172413793,1.75466666666667
FAIRD4_0855,FAIRD,FAIRD4,Site4,Meadow,FAIRDxMeadow,2023-08-25 08:37:44,2023-08-25 08:37:50,00:00:06,fly,Insecta,Diptera,Brachycera,Muscomorpha,Muscoidea,Fanniidae,#child.Fanniidae,Fannia,#N/C,6.20833333333333,3.92666666666667,1.41333333333333
FAIRD4_0856,FAIRD,FAIRD4,Site4,Meadow,FAIRDxMeadow,2023-08-25 08:38:49,2023-08-25 08:42:10,00:03:21,fly,Insecta,Diptera,Brachycera,#N/C,#N/C,#N/C,#N/C,#N/C,#N/C,8.4004979253112,5.45134854771784,1.71630705394191
FAIRD4_0857,FAIRD,FAIRD4,Site4,Meadow,FAIRDxMeadow,2023-08-25 09:33:52,2023-08-25 09:34:42,00:00:50,fly,Insecta,Diptera,Brachycera,#N/C,#N/C,#N/C,#N/C,#N/C,#N/C,8.4004979253112,5.45134854771784,1.71630705394191
FAIRD4_0858,FAIRD,FAIRD4,Site4,Meadow,FAIRDxMeadow,2023-08-25 10:14:12,2023-08-25 10:14:30,00:00:18,fly,Insecta,Diptera,Brachycera,Muscomorpha,Muscoidea,Fanniidae,#child.Fanniidae,Fannia,#N/C,6.20833333333333,3.92666666666667,1.41333333333333
FAIRD4_0859,FAIRD,FAIRD4,Site4,Meadow,FAIRDxMeadow,2023-08-25 10:50:03,2023-08-25 10:51:31,00:01:28,fly,Insecta,Diptera,Brachycera,Muscomorpha,Muscoidea,Fanniidae,#child.Fanniidae,Fannia,#N/C,6.20833333333333,3.92666666666667,1.41333333333333
FAIRD4_0860,FAIRD,FAIRD4,Site4,Meadow,FAIRDxMeadow,2023-08-25 11:02:09,2023-08-25 11:02:22,00:00:13,wasp,Insecta,Hymenoptera,Apocrita,Aculeata,Vespoidea,Vespidae,Vespinae,Vespula,#N/C,71.46,13.6133333333333,4.02666666666667
FAIRD4_0861,FAIRD,FAIRD4,Site4,Meadow,FAIRDxMeadow,2023-08-25 11:09:41,2023-08-25 11:13:08,00:03:27,fly,Insecta,Diptera,Brachycera,Muscomorpha,Muscoidea,Fanniidae,#child.Fanniidae,Fannia,#N/C,6.20833333333333,3.92666666666667,1.41333333333333
FAIRD4_0862,FAIRD,FAIRD4,Site4,Meadow,FAIRDxMeadow,2023-08-25 11:12:51,2023-08-25 11:13:26,00:00:35,fly,Insecta,Diptera,Brachycera,Muscomorpha,Muscoidea,#N/C,#N/C,#N/C,#N/C,12.1985,5.67392857142857,2.11907142857143
FAIRD4_0863,FAIRD,FAIRD4,Site4,Meadow,FAIRDxMeadow,2023-08-25 11:33:32,2023-08-25 11:47:13,00:13:41,fly,Insecta,Diptera,Brachycera,#N/C,#N/C,#N/C,#N/C,#N/C,#N/C,8.4004979253112,5.45134854771784,1.71630705394191
FAIRD4_0864,FAIRD,FAIRD4,Site4,Meadow,FAIRDxMeadow,2023-08-25 11:45:39,2023-08-25 11:46:56,00:01:17,fly,Insecta,Diptera,Brachycera,#N/C,#N/C,#N/C,#N/C,#N/C,#N/C,8.4004979253112,5.45134854771784,1.71630705394191
FAIRD4_0865,FAIRD,FAIRD4,Site4,Meadow,FAIRDxMeadow,2023-08-25 12:03:09,2023-08-25 12:03:33,00:00:24,wasp,Insecta,Hymenoptera,Apocrita,Aculeata,Vespoidea,Vespidae,Vespinae,Vespula,#N/C,71.46,13.6133333333333,4.02666666666667
FAIRD4_0866,FAIRD,FAIRD4,Site4,Meadow,FAIRDxMeadow,2023-08-25 12:26:20,2023-08-25 12:27:57,00:01:37,fly,Insecta,Diptera,Brachycera,#N/C,#N/C,#N/C,#N/C,#N/C,#N/C,8.4004979253112,5.45134854771784,1.71630705394191
FAIRD4_0867,FAIRD,FAIRD4,Site4,Meadow,FAIRDxMeadow,2023-08-25 13:47:46,2023-08-25 13:48:00,00:00:14,wasp,Insecta,Hymenoptera,Apocrita,Aculeata,Vespoidea,Vespidae,Vespinae,Vespula,#N/C,71.46,13.6133333333333,4.02666666666667
FAIRD4_0868,FAIRD,FAIRD4,Site4,Meadow,FAIRDxMeadow,2023-08-25 14:44:02,2023-08-25 15:01:14,00:17:12,fly,Insecta,Diptera,Brachycera,Muscomorpha,Muscoidea,#N/C,#N/C,#N/C,#N/C,12.1985,5.67392857142857,2.11907142857143
FAIRD4_0869,FAIRD,FAIRD4,Site4,Meadow,FAIRDxMeadow,2023-08-25 16:03:22,2023-08-25 16:03:32,00:00:10,flesh_fly,Insecta,Diptera,Brachycera,Muscomorpha,Oestroidea,Sarcophagidae,#N/C,#N/C,#N/C,8.6963448275862,5.52255172413793,1.75466666666667
FAIRD4_0870,FAIRD,FAIRD4,Site4,Meadow,FAIRDxMeadow,2023-08-25 16:25:24,2023-08-25 16:26:40,00:01:16,fly,Insecta,Diptera,Brachycera,#N/C,#N/C,#N/C,#N/C,#N/C,#N/C,8.4004979253112,5.45134854771784,1.71630705394191
FAIRD4_0871,FAIRD,FAIRD4,Site4,Meadow,FAIRDxMeadow,2023-08-25 17:18:19,2023-08-25 17:18:52,00:00:33,fly,Insecta,Diptera,Brachycera,Muscomorpha,Muscoidea,Fanniidae,#child.Fanniidae,Fannia,#N/C,6.20833333333333,3.92666666666667,1.41333333333333
FAIRD4_0872,FAIRD,FAIRD4,Site4,Meadow,FAIRDxMeadow,2023-08-25 17:29:10,2023-08-25 17:29:38,00:00:28,hoverfly,Insecta,Diptera,Brachycera,Muscomorpha,Syrphoidea,Syrphidae,Syrphinae,Sphaerophoria,#N/C,12.2957258064516,7.50846774193548,2.1483064516129
FAIRD4_0873,FAIRD,FAIRD4,Site4,Meadow,FAIRDxMeadow,2023-08-25 17:33:50,2023-08-25 17:35:07,00:01:17,fly,Insecta,Diptera,Brachycera,Muscomorpha,Muscoidea,Fanniidae,#child.Fanniidae,Fannia,#N/C,6.20833333333333,3.92666666666667,1.41333333333333
FAIRD4_0874,FAIRD,FAIRD4,Site4,Meadow,FAIRDxMeadow,2023-08-26 07:01:53,2023-08-26 07:12:28,00:10:35,fly,Insecta,Diptera,Brachycera,#N/C,#N/C,#N/C,#N/C,#N/C,#N/C,8.4004979253112,5.45134854771784,1.71630705394191
FAIRD4_0875,FAIRD,FAIRD4,Site4,Meadow,FAIRDxMeadow,2023-08-26 07:02:11,2023-08-26 07:03:45,00:01:34,fly,Insecta,Diptera,Brachycera,#N/C,#N/C,#N/C,#N/C,#N/C,#N/C,8.4004979253112,5.45134854771784,1.71630705394191
FAIRD4_0876,FAIRD,FAIRD4,Site4,Meadow,FAIRDxMeadow,2023-08-26 07:38:58,2023-08-26 07:39:30,00:00:32,fly,Insecta,Diptera,Brachycera,Muscomorpha,Muscoidea,Fanniidae,#child.Fanniidae,Fannia,#N/C,6.20833333333333,3.92666666666667,1.41333333333333
FAIRD4_0877,FAIRD,FAIRD4,Site4,Meadow,FAIRDxMeadow,2023-08-26 08:20:38,2023-08-26 08:20:48,00:00:10,wasp,Insecta,Hymenoptera,Apocrita,Aculeata,Vespoidea,Vespidae,Vespinae,Vespula,#N/C,71.46,13.6133333333333,4.02666666666667
FAIRD4_0878,FAIRD,FAIRD4,Site4,Meadow,FAIRDxMeadow,2023-08-26 08:22:26,2023-08-26 08:30:58,00:08:32,fly,Insecta,Diptera,Brachycera,#N/C,#N/C,#N/C,#N/C,#N/C,#N/C,8.4004979253112,5.45134854771784,1.71630705394191
FAIRD4_0879,FAIRD,FAIRD4,Site4,Meadow,FAIRDxMeadow,2023-08-26 08:31:40,2023-08-26 08:57:08,00:25:28,fly,Insecta,Diptera,Brachycera,#N/C,#N/C,#N/C,#N/C,#N/C,#N/C,8.4004979253112,5.45134854771784,1.71630705394191
FAIRD4_0880,FAIRD,FAIRD4,Site4,Meadow,FAIRDxMeadow,2023-08-26 08:55:58,2023-08-26 09:30:09,00:34:11,fly,Insecta,Diptera,Brachycera,#N/C,#N/C,#N/C,#N/C,#N/C,#N/C,8.4004979253112,5.45134854771784,1.71630705394191
FAIRD4_0881,FAIRD,FAIRD4,Site4,Meadow,FAIRDxMeadow,2023-08-26 09:30:07,2023-08-26 09:30:53,00:00:46,fly,Insecta,Diptera,Brachycera,Muscomorpha,Muscoidea,#N/C,#N/C,#N/C,#N/C,12.1985,5.67392857142857,2.11907142857143
FAIRD4_0882,FAIRD,FAIRD4,Site4,Meadow,FAIRDxMeadow,2023-08-26 10:05:00,2023-08-26 10:05:37,00:00:37,fly,Insecta,Diptera,Brachycera,Muscomorpha,Ephydroidea,Drosophilidae,Drosophilinae,Drosophila,#N/C,8.6963448275862,5.52255172413793,1.75466666666667
FAIRD4_0883,FAIRD,FAIRD4,Site4,Meadow,FAIRDxMeadow,2023-08-26 10:07:47,2023-08-26 10:08:51,00:01:04,fly,Insecta,Diptera,Brachycera,Muscomorpha,Muscoidea,#N/C,#N/C,#N/C,#N/C,12.1985,5.67392857142857,2.11907142857143
FAIRD4_0884,FAIRD,FAIRD4,Site4,Meadow,FAIRDxMeadow,2023-08-26 10:18:22,2023-08-26 10:20:18,00:01:56,fly,Insecta,Diptera,Brachycera,Muscomorpha,Muscoidea,Fanniidae,#child.Fanniidae,Fannia,#N/C,6.20833333333333,3.92666666666667,1.41333333333333
FAIRD4_0885,FAIRD,FAIRD4,Site4,Meadow,FAIRDxMeadow,2023-08-26 11:00:00,2023-08-26 11:01:47,00:01:47,fly,Insecta,Diptera,Brachycera,#N/C,#N/C,#N/C,#N/C,#N/C,#N/C,8.4004979253112,5.45134854771784,1.71630705394191
FAIRD4_0886,FAIRD,FAIRD4,Site4,Meadow,FAIRDxMeadow,2023-08-26 11:05:32,2023-08-26 11:05:42,00:00:10,fly,Insecta,Diptera,Brachycera,#N/C,#N/C,#N/C,#N/C,#N/C,#N/C,8.4004979253112,5.45134854771784,1.71630705394191
FAIRD4_0887,FAIRD,FAIRD4,Site4,Meadow,FAIRDxMeadow,2023-08-26 11:22:17,2023-08-26 11:22:59,00:00:42,fly,Insecta,Diptera,Brachycera,#N/C,#N/C,#N/C,#N/C,#N/C,#N/C,8.4004979253112,5.45134854771784,1.71630705394191
FAIRD4_0888,FAIRD,FAIRD4,Site4,Meadow,FAIRDxMeadow,2023-08-26 11:32:40,2023-08-26 11:33:44,00:01:04,fly,Insecta,Diptera,Brachycera,#N/C,#N/C,#N/C,#N/C,#N/C,#N/C,8.4004979253112,5.45134854771784,1.71630705394191
FAIRD4_0889,FAIRD,FAIRD4,Site4,Meadow,FAIRDxMeadow,2023-08-26 11:39:11,2023-08-26 11:40:13,00:01:02,fly,Insecta,Diptera,Brachycera,Muscomorpha,Ephydroidea,Drosophilidae,Drosophilinae,Drosophila,#N/C,8.6963448275862,5.52255172413793,1.75466666666667
FAIRD4_0890,FAIRD,FAIRD4,Site4,Meadow,FAIRDxMeadow,2023-08-26 11:40:03,2023-08-26 11:40:13,00:00:10,fly,Insecta,Diptera,Brachycera,#N/C,#N/C,#N/C,#N/C,#N/C,#N/C,8.4004979253112,5.45134854771784,1.71630705394191
FAIRD4_0891,FAIRD,FAIRD4,Site4,Meadow,FAIRDxMeadow,2023-08-26 11:40:50,2023-08-26 11:41:07,00:00:17,fly,Insecta,Diptera,Brachycera,Muscomorpha,Muscoidea,#N/C,#N/C,#N/C,#N/C,12.1985,5.67392857142857,2.11907142857143
FAIRD4_0892,FAIRD,FAIRD4,Site4,Meadow,FAIRDxMeadow,2023-08-26 11:46:57,2023-08-26 11:48:23,00:01:26,fruit_fly,Insecta,Diptera,Brachycera,Muscomorpha,Tephritoidea,Tephritidae,Tephritinae,#N/C,#N/C,8.6963448275862,5.52255172413793,1.75466666666667
FAIRD4_0893,FAIRD,FAIRD4,Site4,Meadow,FAIRDxMeadow,2023-08-26 11:50:50,2023-08-26 11:50:57,00:00:07,fly,Insecta,#N/C,#N/C,#N/C,#N/C,#N/C,#N/C,#N/C,#N/C,24.2840884279476,6.53678493449783,2.11444868995633
FAIRD4_0894,FAIRD,FAIRD4,Site4,Meadow,FAIRDxMeadow,2023-08-26 11:50:50,2023-08-26 11:50:58,00:00:08,flesh_fly,Insecta,Diptera,Brachycera,Muscomorpha,Oestroidea,#N/C,#N/C,#N/C,#N/C,8.6963448275862,5.52255172413793,1.75466666666667
FAIRD4_0895,FAIRD,FAIRD4,Site4,Meadow,FAIRDxMeadow,2023-08-26 11:50:59,2023-08-26 11:52:56,00:01:57,fly,Insecta,Diptera,Brachycera,Muscomorpha,Ephydroidea,Drosophilidae,Drosophilinae,Drosophila,#N/C,8.6963448275862,5.52255172413793,1.75466666666667
FAIRD4_0896,FAIRD,FAIRD4,Site4,Meadow,FAIRDxMeadow,2023-08-26 11:51:30,2023-08-26 11:51:33,00:00:03,fly,Insecta,Diptera,Brachycera,Muscomorpha,Ephydroidea,Drosophilidae,Drosophilinae,#N/C,#N/C,8.6963448275862,5.52255172413793,1.75466666666667
FAIRD4_0897,FAIRD,FAIRD4,Site4,Meadow,FAIRDxMeadow,2023-08-26 12:05:44,2023-08-26 12:06:34,00:00:50,fly,Insecta,Diptera,Brachycera,#N/C,#N/C,#N/C,#N/C,#N/C,#N/C,8.4004979253112,5.45134854771784,1.71630705394191
FAIRD4_0898,FAIRD,FAIRD4,Site4,Meadow,FAIRDxMeadow,2023-08-26 12:06:32,2023-08-26 12:07:27,00:00:55,robber_fly,Insecta,Hymenoptera,Apocrita,Parasitica,Ichneumonoidea,Ichneumonidae,#N/C,#N/C,#N/C,5.31137931034483,5.22827586206897,1.15379310344828
FAIRD4_0899,FAIRD,FAIRD4,Site4,Meadow,FAIRDxMeadow,2023-08-26 12:08:51,2023-08-26 12:09:10,00:00:19,fly,Insecta,Diptera,Brachycera,#N/C,#N/C,#N/C,#N/C,#N/C,#N/C,8.4004979253112,5.45134854771784,1.71630705394191
FAIRD4_0900,FAIRD,FAIRD4,Site4,Meadow,FAIRDxMeadow,2023-08-26 12:11:36,2023-08-26 12:11:42,00:00:06,fly,Insecta,Diptera,Brachycera,Muscomorpha,Muscoidea,Fanniidae,#child.Fanniidae,Fannia,#N/C,6.20833333333333,3.92666666666667,1.41333333333333
FAIRD4_0901,FAIRD,FAIRD4,Site4,Meadow,FAIRDxMeadow,2023-08-26 12:19:28,2023-08-26 12:19:32,00:00:04,flesh_fly,Insecta,Diptera,Brachycera,Muscomorpha,Oestroidea,Tachinidae,Tachininae,Tachina,#N/C,8.6963448275862,5.52255172413793,1.75466666666667
FAIRD4_0902,FAIRD,FAIRD4,Site4,Meadow,FAIRDxMeadow,2023-08-26 12:32:54,2023-08-26 12:33:18,00:00:24,fly,Insecta,Diptera,Brachycera,#N/C,#N/C,#N/C,#N/C,#N/C,#N/C,8.4004979253112,5.45134854771784,1.71630705394191
FAIRD4_0903,FAIRD,FAIRD4,Site4,Meadow,FAIRDxMeadow,2023-08-26 12:32:54,2023-08-26 12:33:35,00:00:41,fly,Insecta,Diptera,Brachycera,Muscomorpha,Muscoidea,Fanniidae,#child.Fanniidae,Fannia,#N/C,6.20833333333333,3.92666666666667,1.41333333333333
FAIRD4_0904,FAIRD,FAIRD4,Site4,Meadow,FAIRDxMeadow,2023-08-26 12:33:02,2023-08-26 12:33:17,00:00:15,fly,Insecta,Diptera,Brachycera,Muscomorpha,Ephydroidea,Drosophilidae,Drosophilinae,Drosophila,#N/C,8.6963448275862,5.52255172413793,1.75466666666667
FAIRD4_0905,FAIRD,FAIRD4,Site4,Meadow,FAIRDxMeadow,2023-08-26 12:33:15,2023-08-26 12:44:32,00:11:17,fly,Insecta,Diptera,Brachycera,#N/C,#N/C,#N/C,#N/C,#N/C,#N/C,8.4004979253112,5.45134854771784,1.71630705394191
FAIRD4_0906,FAIRD,FAIRD4,Site4,Meadow,FAIRDxMeadow,2023-08-26 12:43:57,2023-08-26 12:44:12,00:00:15,fly,Insecta,Diptera,Brachycera,#N/C,#N/C,#N/C,#N/C,#N/C,#N/C,8.4004979253112,5.45134854771784,1.71630705394191
FAIRD4_0907,FAIRD,FAIRD4,Site4,Meadow,FAIRDxMeadow,2023-08-26 12:44:13,2023-08-26 12:47:30,00:03:17,fly,Insecta,Diptera,Brachycera,Muscomorpha,Muscoidea,Fanniidae,#child.Fanniidae,Fannia,#N/C,6.20833333333333,3.92666666666667,1.41333333333333
FAIRD4_0908,FAIRD,FAIRD4,Site4,Meadow,FAIRDxMeadow,2023-08-26 12:46:35,2023-08-26 12:47:50,00:01:15,fly,Insecta,Diptera,Brachycera,Muscomorpha,Muscoidea,Fanniidae,#child.Fanniidae,Fannia,#N/C,6.20833333333333,3.92666666666667,1.41333333333333
FAIRD4_0909,FAIRD,FAIRD4,Site4,Meadow,FAIRDxMeadow,2023-08-26 12:50:48,2023-08-26 12:51:45,00:00:57,fly,Insecta,Diptera,Brachycera,Muscomorpha,Muscoidea,Fanniidae,#child.Fanniidae,Fannia,#N/C,6.20833333333333,3.92666666666667,1.41333333333333
FAIRD4_0910,FAIRD,FAIRD4,Site4,Meadow,FAIRDxMeadow,2023-08-26 12:54:28,2023-08-26 12:54:44,00:00:16,fly,Insecta,Diptera,Brachycera,#N/C,#N/C,#N/C,#N/C,#N/C,#N/C,8.4004979253112,5.45134854771784,1.71630705394191
FAIRD4_0911,FAIRD,FAIRD4,Site4,Meadow,FAIRDxMeadow,2023-08-26 13:03:21,2023-08-26 13:03:31,00:00:10,fly,Insecta,Diptera,Brachycera,#N/C,#N/C,#N/C,#N/C,#N/C,#N/C,8.4004979253112,5.45134854771784,1.71630705394191
FAIRD4_0912,FAIRD,FAIRD4,Site4,Meadow,FAIRDxMeadow,2023-08-26 13:14:09,2023-08-26 13:14:29,00:00:20,fly,Insecta,Diptera,Brachycera,Muscomorpha,Muscoidea,Fanniidae,#child.Fanniidae,Fannia,#N/C,6.20833333333333,3.92666666666667,1.41333333333333
FAIRD4_0913,FAIRD,FAIRD4,Site4,Meadow,FAIRDxMeadow,2023-08-26 13:16:17,2023-08-26 13:17:07,00:00:50,fly,Insecta,Diptera,Brachycera,Muscomorpha,Muscoidea,Fanniidae,#child.Fanniidae,Fannia,#N/C,6.20833333333333,3.92666666666667,1.41333333333333
FAIRD4_0914,FAIRD,FAIRD4,Site4,Meadow,FAIRDxMeadow,2023-08-26 13:17:01,2023-08-26 13:17:14,00:00:13,fly,Insecta,Diptera,Brachycera,Muscomorpha,Ephydroidea,Drosophilidae,Drosophilinae,#N/C,#N/C,8.6963448275862,5.52255172413793,1.75466666666667
FAIRD4_0915,FAIRD,FAIRD4,Site4,Meadow,FAIRDxMeadow,2023-08-26 13:25:56,2023-08-26 13:26:02,00:00:06,fly,Insecta,Diptera,Brachycera,Muscomorpha,Muscoidea,Fanniidae,#child.Fanniidae,Fannia,#N/C,6.20833333333333,3.92666666666667,1.41333333333333
FAIRD4_0916,FAIRD,FAIRD4,Site4,Meadow,FAIRDxMeadow,2023-08-26 13:27:41,2023-08-26 13:28:05,00:00:24,wasp,Insecta,Hymenoptera,Apocrita,Aculeata,Vespoidea,Vespidae,Vespinae,Vespula,#N/C,71.46,13.6133333333333,4.02666666666667
FAIRD4_0917,FAIRD,FAIRD4,Site4,Meadow,FAIRDxMeadow,2023-08-26 13:29:11,2023-08-26 13:29:39,00:00:28,fly,Insecta,Diptera,Brachycera,#N/C,#N/C,#N/C,#N/C,#N/C,#N/C,8.4004979253112,5.45134854771784,1.71630705394191
FAIRD4_0918,FAIRD,FAIRD4,Site4,Meadow,FAIRDxMeadow,2023-08-26 13:29:11,2023-08-26 13:30:01,00:00:50,fly,Insecta,Diptera,Brachycera,Muscomorpha,Muscoidea,Fanniidae,#child.Fanniidae,Fannia,#N/C,6.20833333333333,3.92666666666667,1.41333333333333
FAIRD4_0919,FAIRD,FAIRD4,Site4,Meadow,FAIRDxMeadow,2023-08-26 13:29:15,2023-08-26 13:29:16,00:00:01,fly,Insecta,Diptera,Brachycera,Muscomorpha,Muscoidea,#N/C,#N/C,#N/C,#N/C,12.1985,5.67392857142857,2.11907142857143
FAIRD4_0920,FAIRD,FAIRD4,Site4,Meadow,FAIRDxMeadow,2023-08-26 13:37:08,2023-08-26 13:37:16,00:00:08,fly,Insecta,Diptera,Brachycera,Muscomorpha,Muscoidea,Fanniidae,#child.Fanniidae,Fannia,#N/C,6.20833333333333,3.92666666666667,1.41333333333333
FAIRD4_0921,FAIRD,FAIRD4,Site4,Meadow,FAIRDxMeadow,2023-08-26 13:38:51,2023-08-26 13:39:21,00:00:30,fly,Insecta,Diptera,Brachycera,Muscomorpha,Muscoidea,Fanniidae,#child.Fanniidae,Fannia,#N/C,6.20833333333333,3.92666666666667,1.41333333333333
FAIRD4_0922,FAIRD,FAIRD4,Site4,Meadow,FAIRDxMeadow,2023-08-26 13:40:05,2023-08-26 13:41:30,00:01:25,fly,Insecta,Diptera,Brachycera,Muscomorpha,Muscoidea,Fanniidae,#child.Fanniidae,Fannia,#N/C,6.20833333333333,3.92666666666667,1.41333333333333
FAIRD4_0923,FAIRD,FAIRD4,Site4,Meadow,FAIRDxMeadow,2023-08-26 13:42:02,2023-08-26 13:46:01,00:03:59,bug,Insecta,Hemiptera,Heteroptera,Pentatomomorpha,Miroidea,Miridae,Mirinae,#N/C,#N/C,7.53303886925795,5.82180212014134,1.81660777385159
FAIRD4_0924,FAIRD,FAIRD4,Site4,Meadow,FAIRDxMeadow,2023-08-26 13:46:45,2023-08-26 13:47:40,00:00:55,fly,Insecta,Diptera,Brachycera,#N/C,#N/C,#N/C,#N/C,#N/C,#N/C,8.4004979253112,5.45134854771784,1.71630705394191
FAIRD4_0925,FAIRD,FAIRD4,Site4,Meadow,FAIRDxMeadow,2023-08-26 13:58:15,2023-08-26 13:58:51,00:00:36,fly,Insecta,Diptera,Brachycera,Muscomorpha,Muscoidea,Fanniidae,#child.Fanniidae,Fannia,#N/C,6.20833333333333,3.92666666666667,1.41333333333333
FAIRD4_0926,FAIRD,FAIRD4,Site4,Meadow,FAIRDxMeadow,2023-08-26 14:02:31,2023-08-26 14:02:39,00:00:08,wasp,Insecta,Hymenoptera,Apocrita,Aculeata,Vespoidea,Vespidae,Vespinae,Vespula,#N/C,71.46,13.6133333333333,4.02666666666667
FAIRD4_0927,FAIRD,FAIRD4,Site4,Meadow,FAIRDxMeadow,2023-08-26 14:02:44,2023-08-26 14:03:23,00:00:39,fly,Insecta,Diptera,Brachycera,Muscomorpha,Muscoidea,Fanniidae,#child.Fanniidae,Fannia,#N/C,6.20833333333333,3.92666666666667,1.41333333333333
FAIRD4_0928,FAIRD,FAIRD4,Site4,Meadow,FAIRDxMeadow,2023-08-26 14:03:19,2023-08-26 14:04:51,00:01:32,fly,Insecta,Diptera,Brachycera,Muscomorpha,Muscoidea,#N/C,#N/C,#N/C,#N/C,12.1985,5.67392857142857,2.11907142857143
FAIRD4_0929,FAIRD,FAIRD4,Site4,Meadow,FAIRDxMeadow,2023-08-26 14:11:09,2023-08-26 14:11:20,00:00:11,fly,Insecta,Diptera,Brachycera,#N/C,#N/C,#N/C,#N/C,#N/C,#N/C,8.4004979253112,5.45134854771784,1.71630705394191
FAIRD4_0930,FAIRD,FAIRD4,Site4,Meadow,FAIRDxMeadow,2023-08-26 14:28:50,2023-08-26 14:29:04,00:00:14,fly,Insecta,Diptera,Brachycera,Muscomorpha,Muscoidea,Fanniidae,#child.Fanniidae,Fannia,#N/C,6.20833333333333,3.92666666666667,1.41333333333333
FAIRD4_0931,FAIRD,FAIRD4,Site4,Meadow,FAIRDxMeadow,2023-08-26 14:29:03,2023-08-26 14:29:24,00:00:21,flesh_fly,Insecta,Diptera,Brachycera,Muscomorpha,Oestroidea,Sarcophagidae,Sarcophaginae,Sarcophaga,#N/C,8.6963448275862,5.52255172413793,1.75466666666667
FAIRD4_0932,FAIRD,FAIRD4,Site4,Meadow,FAIRDxMeadow,2023-08-26 14:33:45,2023-08-26 14:36:22,00:02:37,fly,Insecta,Diptera,Brachycera,#N/C,#N/C,#N/C,#N/C,#N/C,#N/C,8.4004979253112,5.45134854771784,1.71630705394191
FAIRD4_0933,FAIRD,FAIRD4,Site4,Meadow,FAIRDxMeadow,2023-08-26 14:42:44,2023-08-26 14:42:56,00:00:12,fly,Insecta,Diptera,Brachycera,Muscomorpha,Muscoidea,Fanniidae,#child.Fanniidae,Fannia,#N/C,6.20833333333333,3.92666666666667,1.41333333333333
FAIRD4_0934,FAIRD,FAIRD4,Site4,Meadow,FAIRDxMeadow,2023-08-26 14:44:43,2023-08-26 14:44:54,00:00:11,fly,Insecta,Diptera,Brachycera,#N/C,#N/C,#N/C,#N/C,#N/C,#N/C,8.4004979253112,5.45134854771784,1.71630705394191
FAIRD4_0935,FAIRD,FAIRD4,Site4,Meadow,FAIRDxMeadow,2023-08-26 14:50:02,2023-08-26 14:50:06,00:00:04,flesh_fly,Insecta,Diptera,Brachycera,Muscomorpha,Oestroidea,#N/C,#N/C,#N/C,#N/C,8.6963448275862,5.52255172413793,1.75466666666667
FAIRD4_0936,FAIRD,FAIRD4,Site4,Meadow,FAIRDxMeadow,2023-08-26 14:58:57,2023-08-26 15:03:57,00:05:00,fly,Insecta,Diptera,Brachycera,#N/C,#N/C,#N/C,#N/C,#N/C,#N/C,8.4004979253112,5.45134854771784,1.71630705394191
FAIRD4_0937,FAIRD,FAIRD4,Site4,Meadow,FAIRDxMeadow,2023-08-26 15:03:41,2023-08-26 15:05:17,00:01:36,fruit_fly,Insecta,Diptera,Brachycera,Muscomorpha,Tephritoidea,Tephritidae,Trypetinae,Anomoia,#N/C,8.6963448275862,5.52255172413793,1.75466666666667
FAIRD4_0938,FAIRD,FAIRD4,Site4,Meadow,FAIRDxMeadow,2023-08-26 15:23:27,2023-08-26 15:23:58,00:00:31,fly,Insecta,Diptera,Brachycera,Muscomorpha,Muscoidea,#N/C,#N/C,#N/C,#N/C,12.1985,5.67392857142857,2.11907142857143
FAIRD4_0939,FAIRD,FAIRD4,Site4,Meadow,FAIRDxMeadow,2023-08-26 15:26:45,2023-08-26 15:26:56,00:00:11,fly,Insecta,Diptera,Brachycera,Muscomorpha,Muscoidea,#N/C,#N/C,#N/C,#N/C,12.1985,5.67392857142857,2.11907142857143
FAIRD4_0940,FAIRD,FAIRD4,Site4,Meadow,FAIRDxMeadow,2023-08-26 15:33:06,2023-08-26 15:33:16,00:00:10,fly,Insecta,Diptera,Brachycera,Muscomorpha,Muscoidea,Fanniidae,#child.Fanniidae,Fannia,#N/C,6.20833333333333,3.92666666666667,1.41333333333333
FAIRD4_0941,FAIRD,FAIRD4,Site4,Meadow,FAIRDxMeadow,2023-08-26 15:39:39,2023-08-26 15:40:54,00:01:15,fly,Insecta,Diptera,Brachycera,#N/C,#N/C,#N/C,#N/C,#N/C,#N/C,8.4004979253112,5.45134854771784,1.71630705394191
FAIRD4_0942,FAIRD,FAIRD4,Site4,Meadow,FAIRDxMeadow,2023-08-26 15:41:45,2023-08-26 15:42:51,00:01:06,fly,Insecta,Diptera,Brachycera,Muscomorpha,Muscoidea,Fanniidae,#child.Fanniidae,Fannia,#N/C,6.20833333333333,3.92666666666667,1.41333333333333
FAIRD4_0943,FAIRD,FAIRD4,Site4,Meadow,FAIRDxMeadow,2023-08-26 15:43:32,2023-08-26 15:43:52,00:00:20,fly,Insecta,Diptera,Brachycera,Muscomorpha,Muscoidea,Fanniidae,#child.Fanniidae,Fannia,#N/C,6.20833333333333,3.92666666666667,1.41333333333333
FAIRD4_0944,FAIRD,FAIRD4,Site4,Meadow,FAIRDxMeadow,2023-08-26 16:28:06,2023-08-26 16:35:27,00:07:21,robber_fly,Insecta,Diptera,Brachycera,Asilomorpha,Asiloidea,Asilidae,Asilinae,#N/C,#N/C,5.96,10.965,1.52
FAIRD4_0945,FAIRD,FAIRD4,Site4,Meadow,FAIRDxMeadow,2023-08-26 16:46:59,2023-08-26 16:47:19,00:00:20,fly,Insecta,Diptera,Brachycera,#N/C,#N/C,#N/C,#N/C,#N/C,#N/C,8.4004979253112,5.45134854771784,1.71630705394191
FAIRD4_0946,FAIRD,FAIRD4,Site4,Meadow,FAIRDxMeadow,2023-08-26 18:20:55,2023-08-26 18:24:43,00:03:48,fly,Insecta,Diptera,Brachycera,Muscomorpha,Muscoidea,#N/C,#N/C,#N/C,#N/C,12.1985,5.67392857142857,2.11907142857143
FAIRD4_0947,FAIRD,FAIRD4,Site4,Meadow,FAIRDxMeadow,2023-08-27 07:11:50,2023-08-27 07:20:43,00:08:53,fly,Insecta,Diptera,Brachycera,#N/C,#N/C,#N/C,#N/C,#N/C,#N/C,8.4004979253112,5.45134854771784,1.71630705394191
FAIRD4_0948,FAIRD,FAIRD4,Site4,Meadow,FAIRDxMeadow,2023-08-27 07:14:28,2023-08-27 07:15:54,00:01:26,fly,Insecta,Diptera,Brachycera,#N/C,#N/C,#N/C,#N/C,#N/C,#N/C,8.4004979253112,5.45134854771784,1.71630705394191
FAIRD4_0949,FAIRD,FAIRD4,Site4,Meadow,FAIRDxMeadow,2023-08-27 07:58:14,2023-08-27 08:26:18,00:28:04,fly,Insecta,Diptera,Brachycera,#N/C,#N/C,#N/C,#N/C,#N/C,#N/C,8.4004979253112,5.45134854771784,1.71630705394191
FAIRD4_0950,FAIRD,FAIRD4,Site4,Meadow,FAIRDxMeadow,2023-08-27 08:41:35,2023-08-27 08:52:04,00:10:29,fly,Insecta,Diptera,Brachycera,Muscomorpha,Muscoidea,Fanniidae,#child.Fanniidae,Fannia,#N/C,6.20833333333333,3.92666666666667,1.41333333333333
FAIRD4_0951,FAIRD,FAIRD4,Site4,Meadow,FAIRDxMeadow,2023-08-27 08:57:06,2023-08-27 09:06:31,00:09:25,fly,Insecta,Diptera,Brachycera,#N/C,#N/C,#N/C,#N/C,#N/C,#N/C,8.4004979253112,5.45134854771784,1.71630705394191
FAIRD4_0952,FAIRD,FAIRD4,Site4,Meadow,FAIRDxMeadow,2023-08-27 09:06:07,2023-08-27 09:06:39,00:00:32,fly,Insecta,Diptera,Brachycera,Muscomorpha,Muscoidea,Fanniidae,#child.Fanniidae,Fannia,#N/C,6.20833333333333,3.92666666666667,1.41333333333333
FAIRD4_0953,FAIRD,FAIRD4,Site4,Meadow,FAIRDxMeadow,2023-08-27 09:28:56,2023-08-27 09:30:13,00:01:17,fly,Insecta,Diptera,Brachycera,#N/C,#N/C,#N/C,#N/C,#N/C,#N/C,8.4004979253112,5.45134854771784,1.71630705394191
FAIRD4_0954,FAIRD,FAIRD4,Site4,Meadow,FAIRDxMeadow,2023-08-27 09:48:28,2023-08-27 09:48:57,00:00:29,fly,Insecta,Diptera,Brachycera,Muscomorpha,Muscoidea,Fanniidae,#child.Fanniidae,Fannia,#N/C,6.20833333333333,3.92666666666667,1.41333333333333
FAIRD4_0955,FAIRD,FAIRD4,Site4,Meadow,FAIRDxMeadow,2023-08-27 09:51:53,2023-08-27 09:52:56,00:01:03,fly,Insecta,Diptera,Brachycera,Muscomorpha,Muscoidea,#N/C,#N/C,#N/C,#N/C,12.1985,5.67392857142857,2.11907142857143
FAIRD4_0956,FAIRD,FAIRD4,Site4,Meadow,FAIRDxMeadow,2023-08-27 09:51:53,2023-08-27 09:56:40,00:04:47,fly,Insecta,Diptera,Brachycera,Muscomorpha,Muscoidea,Fanniidae,#child.Fanniidae,Fannia,#N/C,6.20833333333333,3.92666666666667,1.41333333333333
FAIRD4_0957,FAIRD,FAIRD4,Site4,Meadow,FAIRDxMeadow,2023-08-27 09:54:18,2023-08-27 09:58:36,00:04:18,fly,Insecta,Diptera,Brachycera,#N/C,#N/C,#N/C,#N/C,#N/C,#N/C,8.4004979253112,5.45134854771784,1.71630705394191
FAIRD4_0958,FAIRD,FAIRD4,Site4,Meadow,FAIRDxMeadow,2023-08-27 10:04:49,2023-08-27 10:04:58,00:00:09,fly,Insecta,Diptera,Brachycera,#N/C,#N/C,#N/C,#N/C,#N/C,#N/C,8.4004979253112,5.45134854771784,1.71630705394191
FAIRD4_0959,FAIRD,FAIRD4,Site4,Meadow,FAIRDxMeadow,2023-08-27 10:07:33,2023-08-27 10:12:20,00:04:47,fly,Insecta,Diptera,Brachycera,Muscomorpha,Muscoidea,#N/C,#N/C,#N/C,#N/C,12.1985,5.67392857142857,2.11907142857143
FAIRD4_0960,FAIRD,FAIRD4,Site4,Meadow,FAIRDxMeadow,2023-08-27 10:10:51,2023-08-27 10:12:15,00:01:24,fly,Insecta,Diptera,Brachycera,Muscomorpha,Muscoidea,Fanniidae,#child.Fanniidae,Fannia,#N/C,6.20833333333333,3.92666666666667,1.41333333333333
FAIRD4_0961,FAIRD,FAIRD4,Site4,Meadow,FAIRDxMeadow,2023-08-27 10:15:25,2023-08-27 10:16:49,00:01:24,fly,Insecta,Diptera,Brachycera,Muscomorpha,Muscoidea,Fanniidae,#child.Fanniidae,Fannia,#N/C,6.20833333333333,3.92666666666667,1.41333333333333
FAIRD4_0962,FAIRD,FAIRD4,Site4,Meadow,FAIRDxMeadow,2023-08-27 10:18:04,2023-08-27 10:19:25,00:01:21,fly,Insecta,Diptera,Brachycera,Muscomorpha,Muscoidea,Fanniidae,#child.Fanniidae,Fannia,#N/C,6.20833333333333,3.92666666666667,1.41333333333333
FAIRD4_0963,FAIRD,FAIRD4,Site4,Meadow,FAIRDxMeadow,2023-08-27 10:19:41,2023-08-27 10:20:36,00:00:55,fly,Insecta,Diptera,Brachycera,Muscomorpha,Muscoidea,Fanniidae,#child.Fanniidae,Fannia,#N/C,6.20833333333333,3.92666666666667,1.41333333333333
FAIRD4_0964,FAIRD,FAIRD4,Site4,Meadow,FAIRDxMeadow,2023-08-27 10:24:54,2023-08-27 10:30:15,00:05:21,fly,Insecta,Diptera,Brachycera,Muscomorpha,Muscoidea,Fanniidae,#child.Fanniidae,Fannia,#N/C,6.20833333333333,3.92666666666667,1.41333333333333
FAIRD4_0965,FAIRD,FAIRD4,Site4,Meadow,FAIRDxMeadow,2023-08-27 10:47:06,2023-08-27 10:50:01,00:02:55,fly,Insecta,Diptera,Brachycera,#N/C,#N/C,#N/C,#N/C,#N/C,#N/C,8.4004979253112,5.45134854771784,1.71630705394191
FAIRD4_0966,FAIRD,FAIRD4,Site4,Meadow,FAIRDxMeadow,2023-08-27 10:47:06,2023-08-27 10:51:56,00:04:50,fly,Insecta,#N/C,#N/C,#N/C,#N/C,#N/C,#N/C,#N/C,#N/C,24.2840884279476,6.53678493449783,2.11444868995633
FAIRD4_0967,FAIRD,FAIRD4,Site4,Meadow,FAIRDxMeadow,2023-08-27 10:47:22,2023-08-27 10:50:06,00:02:44,fly,Insecta,Diptera,Brachycera,#N/C,#N/C,#N/C,#N/C,#N/C,#N/C,8.4004979253112,5.45134854771784,1.71630705394191
FAIRD4_0968,FAIRD,FAIRD4,Site4,Meadow,FAIRDxMeadow,2023-08-27 10:49:36,2023-08-27 10:50:07,00:00:31,fly,Insecta,Diptera,Brachycera,Muscomorpha,Muscoidea,#N/C,#N/C,#N/C,#N/C,12.1985,5.67392857142857,2.11907142857143
FAIRD4_0969,FAIRD,FAIRD4,Site4,Meadow,FAIRDxMeadow,2023-08-27 11:03:13,2023-08-27 11:04:36,00:01:23,fly,Insecta,Diptera,Brachycera,Muscomorpha,Muscoidea,Fanniidae,#child.Fanniidae,Fannia,#N/C,6.20833333333333,3.92666666666667,1.41333333333333
FAIRD4_0970,FAIRD,FAIRD4,Site4,Meadow,FAIRDxMeadow,2023-08-27 11:03:13,2023-08-27 11:06:18,00:03:05,fruit_fly,Insecta,Diptera,Brachycera,Muscomorpha,Tephritoidea,Tephritidae,Trypetinae,Anomoia,#N/C,8.6963448275862,5.52255172413793,1.75466666666667
FAIRD4_0971,FAIRD,FAIRD4,Site4,Meadow,FAIRDxMeadow,2023-08-27 11:09:34,2023-08-27 11:10:40,00:01:06,fly,Insecta,Diptera,Brachycera,#N/C,#N/C,#N/C,#N/C,#N/C,#N/C,8.4004979253112,5.45134854771784,1.71630705394191
FAIRD4_0972,FAIRD,FAIRD4,Site4,Meadow,FAIRDxMeadow,2023-08-27 11:14:59,2023-08-27 11:16:08,00:01:09,fly,Insecta,Diptera,Brachycera,Muscomorpha,Muscoidea,Fanniidae,#child.Fanniidae,Fannia,#N/C,6.20833333333333,3.92666666666667,1.41333333333333
FAIRD4_0973,FAIRD,FAIRD4,Site4,Meadow,FAIRDxMeadow,2023-08-27 11:16:04,2023-08-27 11:17:42,00:01:38,fly,Insecta,#N/C,#N/C,#N/C,#N/C,#N/C,#N/C,#N/C,#N/C,24.2840884279476,6.53678493449783,2.11444868995633
FAIRD4_0974,FAIRD,FAIRD4,Site4,Meadow,FAIRDxMeadow,2023-08-27 11:29:56,2023-08-27 11:30:58,00:01:02,fly,Insecta,Diptera,Brachycera,#N/C,#N/C,#N/C,#N/C,#N/C,#N/C,8.4004979253112,5.45134854771784,1.71630705394191
FAIRD4_0975,FAIRD,FAIRD4,Site4,Meadow,FAIRDxMeadow,2023-08-27 11:36:40,2023-08-27 11:39:13,00:02:33,fly,Insecta,Diptera,Brachycera,Muscomorpha,Muscoidea,#N/C,#N/C,#N/C,#N/C,12.1985,5.67392857142857,2.11907142857143
FAIRD4_0976,FAIRD,FAIRD4,Site4,Meadow,FAIRDxMeadow,2023-08-27 11:37:20,2023-08-27 11:39:08,00:01:48,fly,Insecta,Diptera,Brachycera,Muscomorpha,Muscoidea,Fanniidae,#child.Fanniidae,Fannia,#N/C,6.20833333333333,3.92666666666667,1.41333333333333
FAIRD4_0977,FAIRD,FAIRD4,Site4,Meadow,FAIRDxMeadow,2023-08-27 11:45:14,2023-08-27 11:52:20,00:07:06,fly,Insecta,Diptera,Brachycera,Muscomorpha,Muscoidea,#N/C,#N/C,#N/C,#N/C,12.1985,5.67392857142857,2.11907142857143
FAIRD4_0978,FAIRD,FAIRD4,Site4,Meadow,FAIRDxMeadow,2023-08-27 11:50:22,2023-08-27 11:51:12,00:00:50,fly,Insecta,Diptera,Brachycera,Muscomorpha,Muscoidea,Fanniidae,#child.Fanniidae,Fannia,#N/C,6.20833333333333,3.92666666666667,1.41333333333333
FAIRD4_0979,FAIRD,FAIRD4,Site4,Meadow,FAIRDxMeadow,2023-08-27 11:51:12,2023-08-27 11:51:26,00:00:14,fly,Insecta,Diptera,Brachycera,Muscomorpha,Muscoidea,Fanniidae,#child.Fanniidae,Fannia,#N/C,6.20833333333333,3.92666666666667,1.41333333333333
FAIRD4_0980,FAIRD,FAIRD4,Site4,Meadow,FAIRDxMeadow,2023-08-27 11:55:00,2023-08-27 11:55:04,00:00:04,fly,Insecta,Diptera,Brachycera,Muscomorpha,Muscoidea,#N/C,#N/C,#N/C,#N/C,12.1985,5.67392857142857,2.11907142857143
FAIRD4_0981,FAIRD,FAIRD4,Site4,Meadow,FAIRDxMeadow,2023-08-27 12:02:28,2023-08-27 12:02:53,00:00:25,fly,Insecta,Diptera,Brachycera,#N/C,#N/C,#N/C,#N/C,#N/C,#N/C,8.4004979253112,5.45134854771784,1.71630705394191
FAIRD4_0982,FAIRD,FAIRD4,Site4,Meadow,FAIRDxMeadow,2023-08-27 12:20:43,2023-08-27 12:24:40,00:03:57,hoverfly,Insecta,Diptera,Brachycera,Muscomorpha,Syrphoidea,Syrphidae,Syrphinae,Episyrphus,#N/C,12.2957258064516,7.50846774193548,2.1483064516129
FAIRD4_0983,FAIRD,FAIRD4,Site4,Meadow,FAIRDxMeadow,2023-08-27 12:20:59,2023-08-27 12:21:17,00:00:18,fly,Insecta,Diptera,Brachycera,Muscomorpha,Muscoidea,Fanniidae,#child.Fanniidae,Fannia,#N/C,6.20833333333333,3.92666666666667,1.41333333333333
FAIRD4_0984,FAIRD,FAIRD4,Site4,Meadow,FAIRDxMeadow,2023-08-27 12:31:15,2023-08-27 12:32:13,00:00:58,fly,Insecta,Diptera,Brachycera,Muscomorpha,Ephydroidea,Drosophilidae,Drosophilinae,Drosophila,#N/C,8.6963448275862,5.52255172413793,1.75466666666667
FAIRD4_0985,FAIRD,FAIRD4,Site4,Meadow,FAIRDxMeadow,2023-08-27 12:31:15,2023-08-27 12:33:44,00:02:29,fly,Insecta,Diptera,Brachycera,Muscomorpha,Muscoidea,Fanniidae,#child.Fanniidae,Fannia,#N/C,6.20833333333333,3.92666666666667,1.41333333333333
FAIRD4_0986,FAIRD,FAIRD4,Site4,Meadow,FAIRDxMeadow,2023-08-27 12:31:38,2023-08-27 13:32:13,01:00:35,fly,Insecta,Diptera,Brachycera,#N/C,#N/C,#N/C,#N/C,#N/C,#N/C,8.4004979253112,5.45134854771784,1.71630705394191
FAIRD4_0987,FAIRD,FAIRD4,Site4,Meadow,FAIRDxMeadow,2023-08-27 12:34:18,2023-08-27 12:34:35,00:00:17,fly,Insecta,Diptera,Brachycera,Muscomorpha,Muscoidea,#N/C,#N/C,#N/C,#N/C,12.1985,5.67392857142857,2.11907142857143
FAIRD4_0988,FAIRD,FAIRD4,Site4,Meadow,FAIRDxMeadow,2023-08-27 12:41:32,2023-08-27 12:41:40,00:00:08,fly,Insecta,#N/C,#N/C,#N/C,#N/C,#N/C,#N/C,#N/C,#N/C,24.2840884279476,6.53678493449783,2.11444868995633
FAIRD4_0989,FAIRD,FAIRD4,Site4,Meadow,FAIRDxMeadow,2023-08-27 12:41:32,2023-08-27 12:41:54,00:00:22,fly,Insecta,#N/C,#N/C,#N/C,#N/C,#N/C,#N/C,#N/C,#N/C,24.2840884279476,6.53678493449783,2.11444868995633
FAIRD4_0990,FAIRD,FAIRD4,Site4,Meadow,FAIRDxMeadow,2023-08-27 12:41:32,2023-08-27 12:42:19,00:00:47,fly,Insecta,Diptera,Brachycera,Muscomorpha,Muscoidea,#N/C,#N/C,#N/C,#N/C,12.1985,5.67392857142857,2.11907142857143
FAIRD4_0991,FAIRD,FAIRD4,Site4,Meadow,FAIRDxMeadow,2023-08-27 12:41:56,2023-08-27 12:42:20,00:00:24,fly,Insecta,Diptera,Brachycera,#N/C,#N/C,#N/C,#N/C,#N/C,#N/C,8.4004979253112,5.45134854771784,1.71630705394191
FAIRD4_0992,FAIRD,FAIRD4,Site4,Meadow,FAIRDxMeadow,2023-08-27 12:51:00,2023-08-27 12:51:20,00:00:20,fly,Insecta,Diptera,Brachycera,Muscomorpha,Muscoidea,Fanniidae,#child.Fanniidae,Fannia,#N/C,6.20833333333333,3.92666666666667,1.41333333333333
FAIRD4_0993,FAIRD,FAIRD4,Site4,Meadow,FAIRDxMeadow,2023-08-27 12:51:00,2023-08-27 12:51:26,00:00:26,fly,Insecta,#N/C,#N/C,#N/C,#N/C,#N/C,#N/C,#N/C,#N/C,24.2840884279476,6.53678493449783,2.11444868995633
FAIRD4_0994,FAIRD,FAIRD4,Site4,Meadow,FAIRDxMeadow,2023-08-27 12:51:00,2023-08-27 12:56:36,00:05:36,fly,Insecta,#N/C,#N/C,#N/C,#N/C,#N/C,#N/C,#N/C,#N/C,24.2840884279476,6.53678493449783,2.11444868995633
FAIRD4_0995,FAIRD,FAIRD4,Site4,Meadow,FAIRDxMeadow,2023-08-27 13:29:27,2023-08-27 13:29:37,00:00:10,fly,Insecta,Diptera,Brachycera,Muscomorpha,Phoroidea,Phoridae,#N/C,#N/C,#N/C,1.23142857142857,2.91285714285714,0.89
FAIRD4_0996,FAIRD,FAIRD4,Site4,Meadow,FAIRDxMeadow,2023-08-27 13:29:27,2023-08-27 13:29:38,00:00:11,fly,Insecta,#N/C,#N/C,#N/C,#N/C,#N/C,#N/C,#N/C,#N/C,24.2840884279476,6.53678493449783,2.11444868995633
FAIRD4_0997,FAIRD,FAIRD4,Site4,Meadow,FAIRDxMeadow,2023-08-27 13:30:24,2023-08-27 13:30:49,00:00:25,fly,Insecta,Diptera,Brachycera,#N/C,#N/C,#N/C,#N/C,#N/C,#N/C,8.4004979253112,5.45134854771784,1.71630705394191
FAIRD4_0998,FAIRD,FAIRD4,Site4,Meadow,FAIRDxMeadow,2023-08-27 13:30:46,2023-08-27 13:31:46,00:01:00,fly,Insecta,Diptera,Brachycera,Muscomorpha,Muscoidea,#N/C,#N/C,#N/C,#N/C,12.1985,5.67392857142857,2.11907142857143
FAIRD4_0999,FAIRD,FAIRD4,Site4,Meadow,FAIRDxMeadow,2023-08-27 13:31:44,2023-08-27 13:32:00,00:00:16,fly,Insecta,#N/C,#N/C,#N/C,#N/C,#N/C,#N/C,#N/C,#N/C,24.2840884279476,6.53678493449783,2.11444868995633
FAIRD4_1000,FAIRD,FAIRD4,Site4,Meadow,FAIRDxMeadow,2023-08-27 13:39:05,2023-08-27 13:39:08,00:00:03,fly,Insecta,Diptera,Brachycera,#N/C,#N/C,#N/C,#N/C,#N/C,#N/C,8.4004979253112,5.45134854771784,1.71630705394191
FAIRD4_1001,FAIRD,FAIRD4,Site4,Meadow,FAIRDxMeadow,2023-08-27 13:57:59,2023-08-27 13:58:46,00:00:47,fly,Insecta,Diptera,Brachycera,Muscomorpha,Muscoidea,#N/C,#N/C,#N/C,#N/C,12.1985,5.67392857142857,2.11907142857143
FAIRD4_1002,FAIRD,FAIRD4,Site4,Meadow,FAIRDxMeadow,2023-08-27 14:00:40,2023-08-27 14:00:57,00:00:17,fly,insecta,#N/C,#N/C,#N/C,#N/C,#N/C,#N/C,#N/C,#N/C,24.2840884279476,6.53678493449783,2.11444868995633
FAIRD4_1003,FAIRD,FAIRD4,Site4,Meadow,FAIRDxMeadow,2023-08-27 14:04:36,2023-08-27 14:04:56,00:00:20,fly,Insecta,Diptera,Brachycera,Muscomorpha,Muscoidea,Fanniidae,#child.Fanniidae,Fannia,#N/C,6.20833333333333,3.92666666666667,1.41333333333333
FAIRD4_1004,FAIRD,FAIRD4,Site4,Meadow,FAIRDxMeadow,2023-08-27 14:09:26,2023-08-27 14:09:45,00:00:19,fly,Insecta,Diptera,Brachycera,Muscomorpha,Muscoidea,Fanniidae,#child.Fanniidae,Fannia,#N/C,6.20833333333333,3.92666666666667,1.41333333333333
FAIRD4_1005,FAIRD,FAIRD4,Site4,Meadow,FAIRDxMeadow,2023-08-27 14:09:45,2023-08-27 14:10:38,00:00:53,fly,Insecta,Diptera,Brachycera,Muscomorpha,Muscoidea,#N/C,#N/C,#N/C,#N/C,12.1985,5.67392857142857,2.11907142857143
FAIRD4_1006,FAIRD,FAIRD4,Site4,Meadow,FAIRDxMeadow,2023-08-27 14:13:11,2023-08-27 14:16:06,00:02:55,fly,Insecta,Diptera,Brachycera,#N/C,#N/C,#N/C,#N/C,#N/C,#N/C,8.4004979253112,5.45134854771784,1.71630705394191
FAIRD4_1007,FAIRD,FAIRD4,Site4,Meadow,FAIRDxMeadow,2023-08-27 14:13:11,2023-08-27 14:16:33,00:03:22,fly,Insecta,Diptera,Brachycera,#N/C,#N/C,#N/C,#N/C,#N/C,#N/C,8.4004979253112,5.45134854771784,1.71630705394191
FAIRD4_1008,FAIRD,FAIRD4,Site4,Meadow,FAIRDxMeadow,2023-08-27 14:16:31,2023-08-27 14:17:31,00:01:00,scavenger_fly,Insecta,Diptera,Brachycera,Muscomorpha,Sciomyzoidea,Sepsidae,Sepsinae,Parapalaeosepsis,#N/C,1.54238095238095,3.37476190476191,0.964285714285714
FAIRD4_1009,FAIRD,FAIRD4,Site4,Meadow,FAIRDxMeadow,2023-08-27 14:28:32,2023-08-27 14:35:34,00:07:02,fly,Insecta,Diptera,Brachycera,Muscomorpha,Muscoidea,#N/C,#N/C,#N/C,#N/C,12.1985,5.67392857142857,2.11907142857143
FAIRD4_1010,FAIRD,FAIRD4,Site4,Meadow,FAIRDxMeadow,2023-08-27 14:53:15,2023-08-27 15:00:46,00:07:31,fly,Insecta,Diptera,Brachycera,#N/C,#N/C,#N/C,#N/C,#N/C,#N/C,8.4004979253112,5.45134854771784,1.71630705394191
FAIRD4_1011,FAIRD,FAIRD4,Site4,Meadow,FAIRDxMeadow,2023-08-27 15:25:05,2023-08-27 15:28:16,00:03:11,fly,Insecta,Diptera,Brachycera,Muscomorpha,Muscoidea,Fanniidae,#child.Fanniidae,Fannia,#N/C,6.20833333333333,3.92666666666667,1.41333333333333
FAIRD4_1012,FAIRD,FAIRD4,Site4,Meadow,FAIRDxMeadow,2023-08-27 15:57:27,2023-08-27 16:06:02,00:08:35,fly,Insecta,Diptera,Brachycera,#N/C,#N/C,#N/C,#N/C,#N/C,#N/C,8.4004979253112,5.45134854771784,1.71630705394191
FAIRD4_1013,FAIRD,FAIRD4,Site4,Meadow,FAIRDxMeadow,2023-08-27 16:22:05,2023-08-27 16:22:29,00:00:24,fly,Insecta,Diptera,Brachycera,Muscomorpha,Muscoidea,#N/C,#N/C,#N/C,#N/C,12.1985,5.67392857142857,2.11907142857143
FAIRD4_1014,FAIRD,FAIRD4,Site4,Meadow,FAIRDxMeadow,2023-08-27 17:47:31,2023-08-27 17:51:18,00:03:47,fly,Insecta,Diptera,Brachycera,Muscomorpha,Muscoidea,Fanniidae,#child.Fanniidae,Fannia,#N/C,6.20833333333333,3.92666666666667,1.41333333333333
FAIRD4_1015,FAIRD,FAIRD4,Site4,Meadow,FAIRDxMeadow,2023-08-27 17:48:01,2023-08-27 17:49:15,00:01:14,fly,Insecta,Diptera,Brachycera,Muscomorpha,Muscoidea,Fanniidae,#child.Fanniidae,Fannia,#N/C,6.20833333333333,3.92666666666667,1.41333333333333
FAIRD4_1016,FAIRD,FAIRD4,Site4,Meadow,FAIRDxMeadow,2023-08-27 18:12:39,2023-08-27 18:13:42,00:01:03,fly,Insecta,Diptera,Brachycera,Muscomorpha,Muscoidea,Fanniidae,#child.Fanniidae,Fannia,#N/C,6.20833333333333,3.92666666666667,1.41333333333333
FAIRD4_1017,FAIRD,FAIRD4,Site4,Meadow,FAIRDxMeadow,2023-08-28 07:14:33,2023-08-28 07:30:54,00:16:21,fly,Insecta,Diptera,Brachycera,#N/C,#N/C,#N/C,#N/C,#N/C,#N/C,8.4004979253112,5.45134854771784,1.71630705394191
FAIRD4_1018,FAIRD,FAIRD4,Site4,Meadow,FAIRDxMeadow,2023-08-28 08:50:08,2023-08-28 09:12:40,00:22:32,fly,Insecta,Diptera,Brachycera,Muscomorpha,Muscoidea,#N/C,#N/C,#N/C,#N/C,12.1985,5.67392857142857,2.11907142857143
FAIRD4_1019,FAIRD,FAIRD4,Site4,Meadow,FAIRDxMeadow,2023-08-28 09:14:04,2023-08-28 10:04:12,00:50:08,fly,Insecta,Diptera,Brachycera,#N/C,#N/C,#N/C,#N/C,#N/C,#N/C,8.4004979253112,5.45134854771784,1.71630705394191
FAIRD4_1020,FAIRD,FAIRD4,Site4,Meadow,FAIRDxMeadow,2023-08-28 09:34:28,2023-08-28 09:54:10,00:19:42,fly,Insecta,Diptera,Brachycera,Muscomorpha,Muscoidea,#N/C,#N/C,#N/C,#N/C,12.1985,5.67392857142857,2.11907142857143
FAIRD4_1021,FAIRD,FAIRD4,Site4,Meadow,FAIRDxMeadow,2023-08-28 10:16:56,2023-08-28 10:43:49,00:26:53,fly,Insecta,Diptera,Brachycera,#N/C,#N/C,#N/C,#N/C,#N/C,#N/C,8.4004979253112,5.45134854771784,1.71630705394191
FAIRD4_1022,FAIRD,FAIRD4,Site4,Meadow,FAIRDxMeadow,2023-08-28 11:15:43,2023-08-28 11:19:06,00:03:23,fly,Insecta,Diptera,Brachycera,#N/C,#N/C,#N/C,#N/C,#N/C,#N/C,8.4004979253112,5.45134854771784,1.71630705394191
FAIRD4_1023,FAIRD,FAIRD4,Site4,Meadow,FAIRDxMeadow,2023-08-28 11:24:21,2023-08-28 11:27:44,00:03:23,fly,Insecta,Diptera,Brachycera,#N/C,#N/C,#N/C,#N/C,#N/C,#N/C,8.4004979253112,5.45134854771784,1.71630705394191
FAIRD4_1024,FAIRD,FAIRD4,Site4,Meadow,FAIRDxMeadow,2023-08-28 11:32:37,2023-08-28 11:33:10,00:00:33,fly,Insecta,Diptera,Brachycera,#N/C,#N/C,#N/C,#N/C,#N/C,#N/C,8.4004979253112,5.45134854771784,1.71630705394191
FAIRD4_1025,FAIRD,FAIRD4,Site4,Meadow,FAIRDxMeadow,2023-08-28 12:17:01,2023-08-28 12:21:56,00:04:55,fly,Insecta,Diptera,Brachycera,#N/C,#N/C,#N/C,#N/C,#N/C,#N/C,8.4004979253112,5.45134854771784,1.71630705394191
FAIRD4_1026,FAIRD,FAIRD4,Site4,Meadow,FAIRDxMeadow,2023-08-28 13:02:36,2023-08-28 13:02:52,00:00:16,fly,Insecta,Diptera,Brachycera,Muscomorpha,Muscoidea,Fanniidae,#child.Fanniidae,Fannia,#N/C,6.20833333333333,3.92666666666667,1.41333333333333
FAIRD4_1027,FAIRD,FAIRD4,Site4,Meadow,FAIRDxMeadow,2023-08-28 13:17:45,2023-08-28 13:21:42,00:03:57,fly,Insecta,Diptera,Brachycera,Muscomorpha,Muscoidea,Fanniidae,#child.Fanniidae,Fannia,#N/C,6.20833333333333,3.92666666666667,1.41333333333333
FAIRD4_1028,FAIRD,FAIRD4,Site4,Meadow,FAIRDxMeadow,2023-08-28 13:21:40,2023-08-28 13:22:02,00:00:22,fly,Insecta,Diptera,Brachycera,#N/C,#N/C,#N/C,#N/C,#N/C,#N/C,8.4004979253112,5.45134854771784,1.71630705394191
FAIRD4_1029,FAIRD,FAIRD4,Site4,Meadow,FAIRDxMeadow,2023-08-28 13:59:16,2023-08-28 13:59:55,00:00:39,fly,Insecta,Diptera,Brachycera,Muscomorpha,Muscoidea,Fanniidae,#child.Fanniidae,Fannia,#N/C,6.20833333333333,3.92666666666667,1.41333333333333
FAIRD4_1030,FAIRD,FAIRD4,Site4,Meadow,FAIRDxMeadow,2023-08-28 15:24:36,2023-08-28 15:25:37,00:01:01,fly,Insecta,Diptera,Brachycera,Muscomorpha,Muscoidea,#N/C,#N/C,#N/C,#N/C,12.1985,5.67392857142857,2.11907142857143
FAIRD4_1031,FAIRD,FAIRD4,Site4,Meadow,FAIRDxMeadow,2023-08-28 16:12:17,2023-08-28 16:12:23,00:00:06,fly,Insecta,Diptera,Brachycera,Muscomorpha,Muscoidea,Fanniidae,#child.Fanniidae,Fannia,#N/C,6.20833333333333,3.92666666666667,1.41333333333333
FAIRD4_1032,FAIRD,FAIRD4,Site4,Meadow,FAIRDxMeadow,2023-08-29 07:36:01,2023-08-29 07:45:29,00:09:28,fly,Insecta,Diptera,Brachycera,Muscomorpha,Muscoidea,Fanniidae,#child.Fanniidae,Fannia,#N/C,6.20833333333333,3.92666666666667,1.41333333333333
FAIRD4_1033,FAIRD,FAIRD4,Site4,Meadow,FAIRDxMeadow,2023-08-29 11:29:35,2023-08-29 11:35:01,00:05:26,fly,Insecta,Diptera,Brachycera,#N/C,#N/C,#N/C,#N/C,#N/C,#N/C,8.4004979253112,5.45134854771784,1.71630705394191
FAIRD4_1034,FAIRD,FAIRD4,Site4,Meadow,FAIRDxMeadow,2023-08-29 12:02:10,2023-08-29 12:03:34,00:01:24,fly,Insecta,Diptera,Brachycera,Muscomorpha,Muscoidea,Fanniidae,#child.Fanniidae,Fannia,#N/C,6.20833333333333,3.92666666666667,1.41333333333333
FAIRD4_1035,FAIRD,FAIRD4,Site4,Meadow,FAIRDxMeadow,2023-08-29 12:58:48,2023-08-29 13:02:00,00:03:12,fly,Insecta,Diptera,Brachycera,#N/C,#N/C,#N/C,#N/C,#N/C,#N/C,8.4004979253112,5.45134854771784,1.71630705394191
FAIRD4_1037,FAIRD,FAIRD4,Site4,Meadow,FAIRDxMeadow,2023-08-29 13:58:37,2023-08-29 13:59:53,00:01:16,fly,Insecta,Diptera,Brachycera,#N/C,#N/C,#N/C,#N/C,#N/C,#N/C,8.4004979253112,5.45134854771784,1.71630705394191
FAIRD4_1038,FAIRD,FAIRD4,Site4,Meadow,FAIRDxMeadow,2023-08-29 14:26:27,2023-08-29 14:26:53,00:00:26,fly,Insecta,Diptera,Brachycera,#N/C,#N/C,#N/C,#N/C,#N/C,#N/C,8.4004979253112,5.45134854771784,1.71630705394191
FAIRD4_1039,FAIRD,FAIRD4,Site4,Meadow,FAIRDxMeadow,2023-08-29 14:28:57,2023-08-29 14:34:04,00:05:07,fly,Insecta,Diptera,Brachycera,Muscomorpha,Muscoidea,#N/C,#N/C,#N/C,#N/C,12.1985,5.67392857142857,2.11907142857143
FAIRD4_1040,FAIRD,FAIRD4,Site4,Meadow,FAIRDxMeadow,2023-08-29 14:45:04,2023-08-29 14:45:30,00:00:26,fly,Insecta,Diptera,Brachycera,#N/C,#N/C,#N/C,#N/C,#N/C,#N/C,8.4004979253112,5.45134854771784,1.71630705394191
FAIRD4_1041,FAIRD,FAIRD4,Site4,Meadow,FAIRDxMeadow,2023-08-29 15:40:11,2023-08-29 15:41:31,00:01:20,fly,Insecta,Diptera,Brachycera,#N/C,#N/C,#N/C,#N/C,#N/C,#N/C,8.4004979253112,5.45134854771784,1.71630705394191
FAIRD4_1042,FAIRD,FAIRD4,Site4,Meadow,FAIRDxMeadow,2023-08-29 15:51:25,2023-08-29 15:51:53,00:00:28,fly,Insecta,Diptera,Brachycera,Muscomorpha,Muscoidea,Fanniidae,#child.Fanniidae,Fannia,#N/C,6.20833333333333,3.92666666666667,1.41333333333333
FAIRD4_1043,FAIRD,FAIRD4,Site4,Meadow,FAIRDxMeadow,2023-08-29 16:22:27,2023-08-29 16:22:44,00:00:17,fly,Insecta,Diptera,Brachycera,#N/C,#N/C,#N/C,#N/C,#N/C,#N/C,8.4004979253112,5.45134854771784,1.71630705394191
FAIRD4_1044,FAIRD,FAIRD4,Site4,Meadow,FAIRDxMeadow,2023-08-29 17:21:45,2023-08-29 17:23:21,00:01:36,fly,Insecta,Diptera,Brachycera,#N/C,#N/C,#N/C,#N/C,#N/C,#N/C,8.4004979253112,5.45134854771784,1.71630705394191
FAIRD4_1045,FAIRD,FAIRD4,Site4,Meadow,FAIRDxMeadow,2023-08-29 17:21:45,2023-08-29 18:23:21,01:01:36,fly,Insecta,Diptera,Brachycera,Muscomorpha,Phoroidea,Phoridae,Metopininae,Megaselia,#N/C,1.23142857142857,2.91285714285714,0.89
FAIRD4_1046,FAIRD,FAIRD4,Site4,Meadow,FAIRDxMeadow,2023-08-29 17:33:07,2023-08-29 17:35:03,00:01:56,fly,Insecta,#N/C,#N/C,#N/C,#N/C,#N/C,#N/C,#N/C,#N/C,24.2840884279476,6.53678493449783,2.11444868995633
FAIRD4_1047,FAIRD,FAIRD4,Site4,Meadow,FAIRDxMeadow,2023-08-29 17:33:07,2023-08-29 17:37:31,00:04:24,fly,Insecta,Diptera,Brachycera,Muscomorpha,Muscoidea,Fanniidae,#child.Fanniidae,Fannia,#N/C,6.20833333333333,3.92666666666667,1.41333333333333
FAIRD4_1048,FAIRD,FAIRD4,Site4,Meadow,FAIRDxMeadow,2023-08-29 17:51:00,2023-08-29 18:03:22,00:12:22,fly,Insecta,Diptera,Brachycera,Muscomorpha,Lauxanioidea,Lauxaniidae,Lauxaniinae,Calliopum,#N/C,3.39257575757576,4.09863636363636,1.2430303030303
FAIRD4_1049,FAIRD,FAIRD4,Site4,Meadow,FAIRDxMeadow,2023-08-29 18:15:10,2023-08-29 18:16:12,00:01:02,fly,Insecta,Diptera,Brachycera,Muscomorpha,Muscoidea,#N/C,#N/C,#N/C,#N/C,12.1985,5.67392857142857,2.11907142857143
FAIRD4_1050,FAIRD,FAIRD4,Site4,Meadow,FAIRDxMeadow,2023-08-30 09:19:59,2023-08-30 09:34:49,00:14:50,fly,Insecta,Diptera,Brachycera,Muscomorpha,Muscoidea,#N/C,#N/C,#N/C,#N/C,12.1985,5.67392857142857,2.11907142857143
FAIRD4_1051,FAIRD,FAIRD4,Site4,Meadow,FAIRDxMeadow,2023-08-30 10:12:20,2023-08-30 10:12:35,00:00:15,wasp,Insecta,Hymenoptera,Apocrita,Aculeata,Vespoidea,Vespidae,Vespinae,Vespula,#N/C,71.46,13.6133333333333,4.02666666666667
FAIRD4_1052,FAIRD,FAIRD4,Site4,Meadow,FAIRDxMeadow,2023-08-30 10:37:01,2023-08-30 10:37:13,00:00:12,fly,Insecta,Diptera,Brachycera,#N/C,#N/C,#N/C,#N/C,#N/C,#N/C,8.4004979253112,5.45134854771784,1.71630705394191
FAIRD4_1053,FAIRD,FAIRD4,Site4,Meadow,FAIRDxMeadow,2023-08-30 10:52:07,2023-08-30 10:52:39,00:00:32,fly,Insecta,Diptera,Brachycera,#N/C,#N/C,#N/C,#N/C,#N/C,#N/C,8.4004979253112,5.45134854771784,1.71630705394191
FAIRD4_1054,FAIRD,FAIRD4,Site4,Meadow,FAIRDxMeadow,2023-08-30 10:56:15,2023-08-30 11:05:38,00:09:23,fly,Insecta,Diptera,Brachycera,Muscomorpha,Muscoidea,Fanniidae,#child.Fanniidae,Fannia,#N/C,6.20833333333333,3.92666666666667,1.41333333333333
FAIRD4_1055,FAIRD,FAIRD4,Site4,Meadow,FAIRDxMeadow,2023-08-30 11:38:20,2023-08-30 11:40:32,00:02:12,fly,Insecta,Diptera,Brachycera,Muscomorpha,Muscoidea,Fanniidae,#child.Fanniidae,Fannia,#N/C,6.20833333333333,3.92666666666667,1.41333333333333
FAIRD4_1056,FAIRD,FAIRD4,Site4,Meadow,FAIRDxMeadow,2023-08-30 11:45:58,2023-08-30 11:46:09,00:00:11,flesh_fly,Insecta,Diptera,Brachycera,Muscomorpha,Oestroidea,Sarcophagidae,#N/C,#N/C,#N/C,8.6963448275862,5.52255172413793,1.75466666666667
FAIRD4_1057,FAIRD,FAIRD4,Site4,Meadow,FAIRDxMeadow,2023-08-30 11:49:15,2023-08-30 11:54:07,00:04:52,fly,Insecta,Diptera,Brachycera,Muscomorpha,Muscoidea,Fanniidae,#child.Fanniidae,Fannia,#N/C,6.20833333333333,3.92666666666667,1.41333333333333
FAIRD4_1058,FAIRD,FAIRD4,Site4,Meadow,FAIRDxMeadow,2023-08-30 11:50:32,2023-08-30 11:51:14,00:00:42,fly,Insecta,Diptera,Brachycera,#N/C,#N/C,#N/C,#N/C,#N/C,#N/C,8.4004979253112,5.45134854771784,1.71630705394191
FAIRD4_1059,FAIRD,FAIRD4,Site4,Meadow,FAIRDxMeadow,2023-08-30 13:47:43,2023-08-30 13:49:33,00:01:50,fly,Insecta,Diptera,Brachycera,#N/C,#N/C,#N/C,#N/C,#N/C,#N/C,8.4004979253112,5.45134854771784,1.71630705394191
FAIRD4_1060,FAIRD,FAIRD4,Site4,Meadow,FAIRDxMeadow,2023-08-30 14:07:33,2023-08-30 14:07:42,00:00:09,fly,Insecta,Diptera,Brachycera,Muscomorpha,Muscoidea,Fanniidae,#child.Fanniidae,Fannia,#N/C,6.20833333333333,3.92666666666667,1.41333333333333
FAIRD4_1061,FAIRD,FAIRD4,Site4,Meadow,FAIRDxMeadow,2023-08-30 15:00:16,2023-08-30 15:00:54,00:00:38,fly,Insecta,Diptera,Brachycera,Muscomorpha,Muscoidea,Fanniidae,#child.Fanniidae,Fannia,#N/C,6.20833333333333,3.92666666666667,1.41333333333333
FAIRD4_1062,FAIRD,FAIRD4,Site4,Meadow,FAIRDxMeadow,2023-08-30 15:19:05,2023-08-30 15:23:00,00:03:55,insect_small,Insecta,Hymenoptera,Apocrita,Aculeata,Formicoidea,Formicidae,#N/C,#N/C,#N/C,3.07775510204081,4.4165306122449,1.29775510204082
FAIRD4_1063,FAIRD,FAIRD4,Site4,Meadow,FAIRDxMeadow,2023-08-30 15:39:30,2023-08-30 15:39:58,00:00:28,fly,Insecta,Diptera,Brachycera,Muscomorpha,Muscoidea,#N/C,#N/C,#N/C,#N/C,12.1985,5.67392857142857,2.11907142857143
FAIRD4_1064,FAIRD,FAIRD4,Site4,Meadow,FAIRDxMeadow,2023-08-30 15:40:00,2023-08-30 15:40:02,00:00:02,flesh_fly,Insecta,Diptera,Brachycera,Muscomorpha,Oestroidea,Sarcophagidae,Sarcophaginae,#N/C,#N/C,8.6963448275862,5.52255172413793,1.75466666666667
FAIRD4_1065,FAIRD,FAIRD4,Site4,Meadow,FAIRDxMeadow,2023-08-30 15:52:13,2023-08-30 15:52:26,00:00:13,fly,Insecta,Diptera,Brachycera,Muscomorpha,Muscoidea,Fanniidae,#child.Fanniidae,Fannia,#N/C,6.20833333333333,3.92666666666667,1.41333333333333
FAIRD4_1066,FAIRD,FAIRD4,Site4,Meadow,FAIRDxMeadow,2023-08-30 15:52:27,2023-08-30 15:52:37,00:00:10,fly,Insecta,Diptera,Brachycera,Muscomorpha,Muscoidea,#N/C,#N/C,#N/C,#N/C,12.1985,5.67392857142857,2.11907142857143
FAIRD4_1067,FAIRD,FAIRD4,Site4,Meadow,FAIRDxMeadow,2023-08-30 16:18:08,2023-08-30 16:19:32,00:01:24,fly,Insecta,Diptera,Brachycera,Muscomorpha,Muscoidea,Fanniidae,#child.Fanniidae,Fannia,#N/C,6.20833333333333,3.92666666666667,1.41333333333333
FAIRD4_1068,FAIRD,FAIRD4,Site4,Meadow,FAIRDxMeadow,2023-08-30 16:52:49,2023-08-30 16:56:35,00:03:46,flesh_fly,Insecta,Diptera,Brachycera,Muscomorpha,Oestroidea,Tachinidae,Tachininae,Tachina,#N/C,8.6963448275862,5.52255172413793,1.75466666666667
FAIRD4_1069,FAIRD,FAIRD4,Site4,Meadow,FAIRDxMeadow,2023-08-30 16:59:41,2023-08-30 16:59:52,00:00:11,flesh_fly,Insecta,Diptera,Brachycera,Muscomorpha,Oestroidea,Calliphoridae,#N/C,#N/C,#N/C,8.6963448275862,5.52255172413793,1.75466666666667
FAIRD4_1070,FAIRD,FAIRD4,Site4,Meadow,FAIRDxMeadow,2023-08-30 17:09:14,2023-08-30 17:09:25,00:00:11,flesh_fly,Insecta,Diptera,Brachycera,Muscomorpha,Oestroidea,Sarcophagidae,#N/C,#N/C,#N/C,8.6963448275862,5.52255172413793,1.75466666666667
FAIRD4_1071,FAIRD,FAIRD4,Site4,Meadow,FAIRDxMeadow,2023-08-30 17:55:55,2023-08-30 17:56:00,00:00:05,fly,Insecta,Diptera,Brachycera,Muscomorpha,Muscoidea,Fanniidae,#child.Fanniidae,Fannia,#N/C,6.20833333333333,3.92666666666667,1.41333333333333
FAIRD4_1072,FAIRD,FAIRD4,Site4,Meadow,FAIRDxMeadow,2023-08-30 18:08:17,2023-08-30 18:09:11,00:00:54,fly,Insecta,Diptera,Brachycera,Muscomorpha,Muscoidea,Fanniidae,#child.Fanniidae,Fannia,#N/C,6.20833333333333,3.92666666666667,1.41333333333333
FAIRD4_1073,FAIRD,FAIRD4,Site4,Meadow,FAIRDxMeadow,2023-08-31 08:58:27,2023-08-31 09:04:25,00:05:58,fly,Insecta,Diptera,Brachycera,#N/C,#N/C,#N/C,#N/C,#N/C,#N/C,8.4004979253112,5.45134854771784,1.71630705394191
FAIRD4_1074,FAIRD,FAIRD4,Site4,Meadow,FAIRDxMeadow,2023-08-31 10:04:38,2023-08-31 10:04:47,00:00:09,fly,Insecta,Diptera,Brachycera,Muscomorpha,Muscoidea,Fanniidae,#child.Fanniidae,Fannia,#N/C,6.20833333333333,3.92666666666667,1.41333333333333
FAIRD4_1075,FAIRD,FAIRD4,Site4,Meadow,FAIRDxMeadow,2023-08-31 10:31:51,2023-08-31 10:42:13,00:10:22,fly,Insecta,Diptera,Brachycera,Muscomorpha,Muscoidea,Fanniidae,#child.Fanniidae,Fannia,#N/C,6.20833333333333,3.92666666666667,1.41333333333333
FAIRD4_1076,FAIRD,FAIRD4,Site4,Meadow,FAIRDxMeadow,2023-08-31 10:44:07,2023-08-31 11:04:09,00:20:02,fly,Insecta,Diptera,Brachycera,Muscomorpha,Muscoidea,Fanniidae,#child.Fanniidae,Fannia,#N/C,6.20833333333333,3.92666666666667,1.41333333333333
FAIRD4_1077,FAIRD,FAIRD4,Site4,Meadow,FAIRDxMeadow,2023-08-31 11:19:03,2023-08-31 11:19:56,00:00:53,fly,Insecta,Diptera,Brachycera,#N/C,#N/C,#N/C,#N/C,#N/C,#N/C,8.4004979253112,5.45134854771784,1.71630705394191
FAIRD4_1078,FAIRD,FAIRD4,Site4,Meadow,FAIRDxMeadow,2023-08-31 11:52:00,2023-08-31 11:52:10,00:00:10,flesh_fly,Insecta,Diptera,Brachycera,Muscomorpha,Oestroidea,Sarcophagidae,#N/C,#N/C,#N/C,8.6963448275862,5.52255172413793,1.75466666666667
FAIRD4_1079,FAIRD,FAIRD4,Site4,Meadow,FAIRDxMeadow,2023-08-31 11:58:18,2023-08-31 12:00:05,00:01:47,fly,Insecta,Diptera,Brachycera,Muscomorpha,Muscoidea,Fanniidae,#child.Fanniidae,Fannia,#N/C,6.20833333333333,3.92666666666667,1.41333333333333
FAIRD4_1080,FAIRD,FAIRD4,Site4,Meadow,FAIRDxMeadow,2023-08-31 12:13:32,2023-08-31 12:13:58,00:00:26,fly,Insecta,Diptera,Brachycera,#N/C,#N/C,#N/C,#N/C,#N/C,#N/C,8.4004979253112,5.45134854771784,1.71630705394191
FAIRD4_1081,FAIRD,FAIRD4,Site4,Meadow,FAIRDxMeadow,2023-08-31 12:22:48,2023-08-31 12:26:59,00:04:11,fly,Insecta,Diptera,Brachycera,Muscomorpha,Muscoidea,#N/C,#N/C,#N/C,#N/C,12.1985,5.67392857142857,2.11907142857143
FAIRD4_1082,FAIRD,FAIRD4,Site4,Meadow,FAIRDxMeadow,2023-08-31 12:25:31,2023-08-31 12:26:55,00:01:24,fly,Insecta,Diptera,Brachycera,Muscomorpha,Carnoidea,Chloropidae,Chloropinae,Thaumatomyia,#N/C,2.16758620689655,3.90793103448276,1.03551724137931
FAIRD4_1083,FAIRD,FAIRD4,Site4,Meadow,FAIRDxMeadow,2023-08-31 12:30:02,2023-08-31 12:30:31,00:00:29,fly,Insecta,Diptera,Brachycera,#N/C,#N/C,#N/C,#N/C,#N/C,#N/C,8.4004979253112,5.45134854771784,1.71630705394191
FAIRD4_1084,FAIRD,FAIRD4,Site4,Meadow,FAIRDxMeadow,2023-08-31 13:00:55,2023-08-31 13:04:37,00:03:42,fly,Insecta,Diptera,Brachycera,#N/C,#N/C,#N/C,#N/C,#N/C,#N/C,8.4004979253112,5.45134854771784,1.71630705394191
FAIRD4_1085,FAIRD,FAIRD4,Site4,Meadow,FAIRDxMeadow,2023-08-31 14:23:24,2023-08-31 14:23:44,00:00:20,fly,Insecta,Diptera,Brachycera,Muscomorpha,Muscoidea,#N/C,#N/C,#N/C,#N/C,12.1985,5.67392857142857,2.11907142857143
FAIRD4_1086,FAIRD,FAIRD4,Site4,Meadow,FAIRDxMeadow,2023-08-31 15:18:00,2023-08-31 15:18:51,00:00:51,fly,Insecta,Diptera,Brachycera,Muscomorpha,Muscoidea,Fanniidae,#child.Fanniidae,Fannia,#N/C,6.20833333333333,3.92666666666667,1.41333333333333
FAIRD4_1087,FAIRD,FAIRD4,Site4,Meadow,FAIRDxMeadow,2023-08-31 16:17:16,2023-08-31 16:17:45,00:00:29,fly,Insecta,Diptera,Brachycera,Muscomorpha,Muscoidea,Fanniidae,#child.Fanniidae,Fannia,#N/C,6.20833333333333,3.92666666666667,1.41333333333333
FAIRD4_1088,FAIRD,FAIRD4,Site4,Meadow,FAIRDxMeadow,2023-08-31 16:31:50,2023-08-31 16:32:05,00:00:15,fly,Insecta,Diptera,Brachycera,Muscomorpha,Muscoidea,Fanniidae,#child.Fanniidae,Fannia,#N/C,6.20833333333333,3.92666666666667,1.41333333333333
FAIRD4_1089,FAIRD,FAIRD4,Site4,Meadow,FAIRDxMeadow,2023-08-31 16:48:18,2023-08-31 17:16:03,00:27:45,fly,Insecta,Diptera,Brachycera,Muscomorpha,Muscoidea,Fanniidae,#child.Fanniidae,Fannia,#N/C,6.20833333333333,3.92666666666667,1.41333333333333
FAIRD4_1090,FAIRD,FAIRD4,Site4,Meadow,FAIRDxMeadow,2023-08-31 17:25:37,2023-08-31 17:26:06,00:00:29,fly,Insecta,Diptera,Brachycera,#N/C,#N/C,#N/C,#N/C,#N/C,#N/C,8.4004979253112,5.45134854771784,1.71630705394191
FAIRD4_1091,FAIRD,FAIRD4,Site4,Meadow,FAIRDxMeadow,2023-08-31 18:27:50,2023-08-31 18:28:00,00:00:10,fly,Insecta,Diptera,Brachycera,Muscomorpha,Muscoidea,#N/C,#N/C,#N/C,#N/C,12.1985,5.67392857142857,2.11907142857143
FAIRD4_1092,FAIRD,FAIRD4,Site4,Meadow,FAIRDxMeadow,2023-09-01 08:00:39,2023-09-01 08:00:53,00:00:14,fly,Insecta,Diptera,Brachycera,Muscomorpha,Muscoidea,#N/C,#N/C,#N/C,#N/C,12.1985,5.67392857142857,2.11907142857143
FAIRD4_1093,FAIRD,FAIRD4,Site4,Meadow,FAIRDxMeadow,2023-09-01 08:04:49,2023-09-01 08:05:04,00:00:15,fly,Insecta,Diptera,Brachycera,Muscomorpha,Muscoidea,#N/C,#N/C,#N/C,#N/C,12.1985,5.67392857142857,2.11907142857143
FAIRD4_1094,FAIRD,FAIRD4,Site4,Meadow,FAIRDxMeadow,2023-09-01 09:12:25,2023-09-01 09:13:12,00:00:47,fly,Insecta,Diptera,Brachycera,#N/C,#N/C,#N/C,#N/C,#N/C,#N/C,8.4004979253112,5.45134854771784,1.71630705394191
FAIRD4_1095,FAIRD,FAIRD4,Site4,Meadow,FAIRDxMeadow,2023-09-01 09:50:49,2023-09-01 09:51:38,00:00:49,fly,Insecta,Diptera,Brachycera,Muscomorpha,Muscoidea,Fanniidae,#child.Fanniidae,Fannia,#N/C,6.20833333333333,3.92666666666667,1.41333333333333
FAIRD4_1096,FAIRD,FAIRD4,Site4,Meadow,FAIRDxMeadow,2023-09-01 10:11:49,2023-09-01 10:14:22,00:02:33,fly,Insecta,Diptera,Brachycera,#N/C,#N/C,#N/C,#N/C,#N/C,#N/C,8.4004979253112,5.45134854771784,1.71630705394191
FAIRD4_1097,FAIRD,FAIRD4,Site4,Meadow,FAIRDxMeadow,2023-09-01 10:29:02,2023-09-01 10:29:35,00:00:33,fly,Insecta,Diptera,Brachycera,#N/C,#N/C,#N/C,#N/C,#N/C,#N/C,8.4004979253112,5.45134854771784,1.71630705394191
FAIRD4_1098,FAIRD,FAIRD4,Site4,Meadow,FAIRDxMeadow,2023-09-01 10:31:32,2023-09-01 10:33:10,00:01:38,fly,Insecta,Diptera,Brachycera,Muscomorpha,Muscoidea,#N/C,#N/C,#N/C,#N/C,12.1985,5.67392857142857,2.11907142857143
FAIRD4_1099,FAIRD,FAIRD4,Site4,Meadow,FAIRDxMeadow,2023-09-01 10:35:13,2023-09-01 10:40:34,00:05:21,fly,Insecta,Diptera,Brachycera,Muscomorpha,Muscoidea,#N/C,#N/C,#N/C,#N/C,12.1985,5.67392857142857,2.11907142857143
FAIRD4_1100,FAIRD,FAIRD4,Site4,Meadow,FAIRDxMeadow,2023-09-01 10:47:52,2023-09-01 10:48:06,00:00:14,fly,Insecta,Diptera,Brachycera,#N/C,#N/C,#N/C,#N/C,#N/C,#N/C,8.4004979253112,5.45134854771784,1.71630705394191
FAIRD4_1101,FAIRD,FAIRD4,Site4,Meadow,FAIRDxMeadow,2023-09-01 11:24:33,2023-09-01 11:25:14,00:00:41,fly,Insecta,Diptera,Brachycera,Muscomorpha,Muscoidea,#N/C,#N/C,#N/C,#N/C,12.1985,5.67392857142857,2.11907142857143
FAIRD4_1102,FAIRD,FAIRD4,Site4,Meadow,FAIRDxMeadow,2023-09-01 11:52:50,2023-09-01 11:53:24,00:00:34,fly,Insecta,Diptera,Brachycera,Muscomorpha,Muscoidea,Fanniidae,#child.Fanniidae,Fannia,#N/C,6.20833333333333,3.92666666666667,1.41333333333333
FAIRD4_1103,FAIRD,FAIRD4,Site4,Meadow,FAIRDxMeadow,2023-09-01 11:56:59,2023-09-01 11:57:35,00:00:36,fly,Insecta,Diptera,Brachycera,#N/C,#N/C,#N/C,#N/C,#N/C,#N/C,8.4004979253112,5.45134854771784,1.71630705394191
FAIRD4_1104,FAIRD,FAIRD4,Site4,Meadow,FAIRDxMeadow,2023-09-01 12:06:25,2023-09-01 12:07:54,00:01:29,fly,Insecta,Diptera,Brachycera,#N/C,#N/C,#N/C,#N/C,#N/C,#N/C,8.4004979253112,5.45134854771784,1.71630705394191
FAIRD4_1105,FAIRD,FAIRD4,Site4,Meadow,FAIRDxMeadow,2023-09-01 12:07:42,2023-09-01 12:10:22,00:02:40,fly,Insecta,Diptera,Brachycera,Muscomorpha,Muscoidea,Fanniidae,#child.Fanniidae,Fannia,#N/C,6.20833333333333,3.92666666666667,1.41333333333333
FAIRD4_1106,FAIRD,FAIRD4,Site4,Meadow,FAIRDxMeadow,2023-09-01 12:12:25,2023-09-01 12:14:12,00:01:47,fly,Insecta,Diptera,Brachycera,#N/C,#N/C,#N/C,#N/C,#N/C,#N/C,8.4004979253112,5.45134854771784,1.71630705394191
FAIRD4_1107,FAIRD,FAIRD4,Site4,Meadow,FAIRDxMeadow,2023-09-01 12:13:27,2023-09-01 12:15:52,00:02:25,fly,Insecta,Diptera,Brachycera,Muscomorpha,Muscoidea,Fanniidae,#child.Fanniidae,Fannia,#N/C,6.20833333333333,3.92666666666667,1.41333333333333
FAIRD4_1108,FAIRD,FAIRD4,Site4,Meadow,FAIRDxMeadow,2023-09-01 12:28:50,2023-09-01 12:28:56,00:00:06,fly,Insecta,Diptera,Brachycera,Muscomorpha,Muscoidea,Fanniidae,#child.Fanniidae,Fannia,#N/C,6.20833333333333,3.92666666666667,1.41333333333333
FAIRD4_1109,FAIRD,FAIRD4,Site4,Meadow,FAIRDxMeadow,2023-09-01 12:50:19,2023-09-01 12:50:37,00:00:18,hoverfly,Insecta,Diptera,Brachycera,Muscomorpha,Syrphoidea,Syrphidae,Syrphinae,Episyrphus,#N/C,12.2957258064516,7.50846774193548,2.1483064516129
FAIRD4_1110,FAIRD,FAIRD4,Site4,Meadow,FAIRDxMeadow,2023-09-01 13:10:31,2023-09-01 13:10:49,00:00:18,fly,Insecta,Diptera,Brachycera,#N/C,#N/C,#N/C,#N/C,#N/C,#N/C,8.4004979253112,5.45134854771784,1.71630705394191
FAIRD4_1111,FAIRD,FAIRD4,Site4,Meadow,FAIRDxMeadow,2023-09-01 13:21:31,2023-09-01 13:22:02,00:00:31,fly,Insecta,Diptera,Brachycera,Muscomorpha,Muscoidea,Fanniidae,#child.Fanniidae,Fannia,#N/C,6.20833333333333,3.92666666666667,1.41333333333333
FAIRD4_1112,FAIRD,FAIRD4,Site4,Meadow,FAIRDxMeadow,2023-09-01 13:21:31,2023-09-01 13:24:12,00:02:41,fly,Insecta,Diptera,Brachycera,Muscomorpha,Muscoidea,Fanniidae,#child.Fanniidae,Fannia,#N/C,6.20833333333333,3.92666666666667,1.41333333333333
FAIRD4_1113,FAIRD,FAIRD4,Site4,Meadow,FAIRDxMeadow,2023-09-01 13:26:26,2023-09-01 13:30:17,00:03:51,fly,Insecta,Diptera,Brachycera,#N/C,#N/C,#N/C,#N/C,#N/C,#N/C,8.4004979253112,5.45134854771784,1.71630705394191
FAIRD4_1114,FAIRD,FAIRD4,Site4,Meadow,FAIRDxMeadow,2023-09-01 13:35:45,2023-09-01 13:35:52,00:00:07,flesh_fly,Insecta,Diptera,Brachycera,Muscomorpha,Oestroidea,Tachinidae,Tachininae,Tachina,#N/C,8.6963448275862,5.52255172413793,1.75466666666667
FAIRD4_1115,FAIRD,FAIRD4,Site4,Meadow,FAIRDxMeadow,2023-09-01 13:42:52,2023-09-01 13:48:46,00:05:54,fly,Insecta,Diptera,Brachycera,Muscomorpha,Muscoidea,Fanniidae,#child.Fanniidae,Fannia,#N/C,6.20833333333333,3.92666666666667,1.41333333333333
FAIRD4_1116,FAIRD,FAIRD4,Site4,Meadow,FAIRDxMeadow,2023-09-01 14:19:35,2023-09-01 14:24:24,00:04:49,fly,Insecta,Diptera,Brachycera,Muscomorpha,Muscoidea,Fanniidae,#child.Fanniidae,Fannia,#N/C,6.20833333333333,3.92666666666667,1.41333333333333
FAIRD4_1117,FAIRD,FAIRD4,Site4,Meadow,FAIRDxMeadow,2023-09-01 14:30:32,2023-09-01 14:31:51,00:01:19,fly,Insecta,Diptera,Brachycera,Muscomorpha,Muscoidea,Fanniidae,#child.Fanniidae,Fannia,#N/C,6.20833333333333,3.92666666666667,1.41333333333333
FAIRD4_1118,FAIRD,FAIRD4,Site4,Meadow,FAIRDxMeadow,2023-09-01 14:54:56,2023-09-01 14:55:11,00:00:15,fly,Insecta,Diptera,Brachycera,Muscomorpha,Muscoidea,Fanniidae,#child.Fanniidae,Fannia,#N/C,6.20833333333333,3.92666666666667,1.41333333333333
FAIRD4_1119,FAIRD,FAIRD4,Site4,Meadow,FAIRDxMeadow,2023-09-01 15:34:29,2023-09-01 15:34:39,00:00:10,fly,Insecta,Diptera,Brachycera,Muscomorpha,Muscoidea,#N/C,#N/C,#N/C,#N/C,12.1985,5.67392857142857,2.11907142857143
FAIRD4_1120,FAIRD,FAIRD4,Site4,Meadow,FAIRDxMeadow,2023-09-01 15:47:44,2023-09-01 15:48:49,00:01:05,fly,Insecta,Diptera,Brachycera,Muscomorpha,Muscoidea,Fanniidae,#child.Fanniidae,Fannia,#N/C,6.20833333333333,3.92666666666667,1.41333333333333
FAIRD4_1121,FAIRD,FAIRD4,Site4,Meadow,FAIRDxMeadow,2023-09-01 16:47:59,2023-09-01 16:48:05,00:00:06,flesh_fly,Insecta,Diptera,Brachycera,Muscomorpha,Oestroidea,Calliphoridae,Calliphorinae,Bellardia,#N/C,8.6963448275862,5.52255172413793,1.75466666666667
FAIRD4_1122,FAIRD,FAIRD4,Site4,Meadow,FAIRDxMeadow,2023-09-01 16:49:07,2023-09-01 16:49:35,00:00:28,fly,Insecta,Diptera,Brachycera,#N/C,#N/C,#N/C,#N/C,#N/C,#N/C,8.4004979253112,5.45134854771784,1.71630705394191
FAIRD4_1123,FAIRD,FAIRD4,Site4,Meadow,FAIRDxMeadow,2023-09-01 17:14:37,2023-09-01 17:14:46,00:00:09,flesh_fly,Insecta,Diptera,Brachycera,Muscomorpha,Oestroidea,Rhinophoridae,#child.Rhinophoridae,Paykullia,#N/C,8.6963448275862,5.52255172413793,1.75466666666667
FAIRD4_1124,FAIRD,FAIRD4,Site4,Meadow,FAIRDxMeadow,2023-09-01 17:27:52,2023-09-01 17:36:14,00:08:22,fly,Insecta,Diptera,Brachycera,Muscomorpha,Muscoidea,Fanniidae,#child.Fanniidae,Fannia,#N/C,6.20833333333333,3.92666666666667,1.41333333333333
FAIRD4_1125,FAIRD,FAIRD4,Site4,Meadow,FAIRDxMeadow,2023-09-01 17:51:07,2023-09-01 17:51:53,00:00:46,fly,Insecta,Diptera,Brachycera,#N/C,#N/C,#N/C,#N/C,#N/C,#N/C,8.4004979253112,5.45134854771784,1.71630705394191
FAIRD4_1126,FAIRD,FAIRD4,Site4,Meadow,FAIRDxMeadow,2023-09-01 18:05:40,2023-09-01 18:05:51,00:00:11,fly,Insecta,Diptera,Brachycera,Muscomorpha,Muscoidea,Fanniidae,#child.Fanniidae,Fannia,#N/C,6.20833333333333,3.92666666666667,1.41333333333333
FAIRD4_1127,FAIRD,FAIRD4,Site4,Meadow,FAIRDxMeadow,2023-09-01 18:05:40,2023-09-01 18:07:58,00:02:18,flesh_fly,Insecta,Diptera,Brachycera,Muscomorpha,Oestroidea,Sarcophagidae,#N/C,#N/C,#N/C,8.6963448275862,5.52255172413793,1.75466666666667
FAIRD4_1128,FAIRD,FAIRD4,Site4,Meadow,FAIRDxMeadow,2023-09-01 18:16:10,2023-09-01 18:16:18,00:00:08,fly,Insecta,Diptera,Brachycera,Muscomorpha,Muscoidea,Fanniidae,#child.Fanniidae,Fannia,#N/C,6.20833333333333,3.92666666666667,1.41333333333333
FAIRD4_1129,FAIRD,FAIRD4,Site4,Meadow,FAIRDxMeadow,2023-09-02 10:13:23,2023-09-02 10:14:47,00:01:24,fly,Insecta,Diptera,Brachycera,Muscomorpha,Muscoidea,#N/C,#N/C,#N/C,#N/C,12.1985,5.67392857142857,2.11907142857143
FAIRD4_1130,FAIRD,FAIRD4,Site4,Meadow,FAIRDxMeadow,2023-09-02 10:23:48,2023-09-02 10:24:24,00:00:36,wasp,Insecta,Hymenoptera,Apocrita,Aculeata,Vespoidea,Vespidae,Vespinae,Vespula,#N/C,71.46,13.6133333333333,4.02666666666667
FAIRD4_1131,FAIRD,FAIRD4,Site4,Meadow,FAIRDxMeadow,2023-09-02 10:26:09,2023-09-02 10:26:13,00:00:04,fly,Insecta,Diptera,Brachycera,Muscomorpha,Muscoidea,#N/C,#N/C,#N/C,#N/C,12.1985,5.67392857142857,2.11907142857143
FAIRD4_1132,FAIRD,FAIRD4,Site4,Meadow,FAIRDxMeadow,2023-09-02 10:27:48,2023-09-02 10:28:05,00:00:17,wasp,Insecta,Hymenoptera,Apocrita,Aculeata,Vespoidea,Vespidae,Vespinae,Vespula,#N/C,71.46,13.6133333333333,4.02666666666667
FAIRD4_1133,FAIRD,FAIRD4,Site4,Meadow,FAIRDxMeadow,2023-09-02 11:01:30,2023-09-02 11:01:49,00:00:19,fly,Insecta,Diptera,Brachycera,Muscomorpha,Muscoidea,#N/C,#N/C,#N/C,#N/C,12.1985,5.67392857142857,2.11907142857143
FAIRD4_1134,FAIRD,FAIRD4,Site4,Meadow,FAIRDxMeadow,2023-09-02 11:03:14,2023-09-02 11:03:27,00:00:13,fly,Insecta,Diptera,Brachycera,#N/C,#N/C,#N/C,#N/C,#N/C,#N/C,8.4004979253112,5.45134854771784,1.71630705394191
FAIRD4_1135,FAIRD,FAIRD4,Site4,Meadow,FAIRDxMeadow,2023-09-02 11:10:51,2023-09-02 11:11:00,00:00:09,fly,Insecta,Diptera,Brachycera,#N/C,#N/C,#N/C,#N/C,#N/C,#N/C,8.4004979253112,5.45134854771784,1.71630705394191
FAIRD4_1136,FAIRD,FAIRD4,Site4,Meadow,FAIRDxMeadow,2023-09-02 11:21:53,2023-09-02 11:22:39,00:00:46,hoverfly,Insecta,Diptera,Brachycera,Muscomorpha,Syrphoidea,Syrphidae,Syrphinae,Episyrphus,#N/C,12.2957258064516,7.50846774193548,2.1483064516129
FAIRD4_1137,FAIRD,FAIRD4,Site4,Meadow,FAIRDxMeadow,2023-09-02 11:21:53,2023-09-02 11:29:24,00:07:31,fly,Insecta,Diptera,Brachycera,Muscomorpha,Muscoidea,Fanniidae,#child.Fanniidae,Fannia,#N/C,6.20833333333333,3.92666666666667,1.41333333333333
FAIRD4_1138,FAIRD,FAIRD4,Site4,Meadow,FAIRDxMeadow,2023-09-02 11:24:47,2023-09-02 11:25:30,00:00:43,fly,Insecta,Diptera,Brachycera,Muscomorpha,Muscoidea,#N/C,#N/C,#N/C,#N/C,12.1985,5.67392857142857,2.11907142857143
FAIRD4_1139,FAIRD,FAIRD4,Site4,Meadow,FAIRDxMeadow,2023-09-02 12:21:52,2023-09-02 12:22:18,00:00:26,fly,Insecta,Diptera,Brachycera,#N/C,#N/C,#N/C,#N/C,#N/C,#N/C,8.4004979253112,5.45134854771784,1.71630705394191
FAIRD4_1140,FAIRD,FAIRD4,Site4,Meadow,FAIRDxMeadow,2023-09-02 12:22:18,2023-09-02 12:23:11,00:00:53,ladybug,Insecta,Coleoptera,Polyphaga,Cucujiformia,Coccinelloidea,Coccinellidae,#N/C,#N/C,#N/C,8.39571428571429,4.155,2.31535714285714
FAIRD4_1141,FAIRD,FAIRD4,Site4,Meadow,FAIRDxMeadow,2023-09-02 12:47:01,2023-09-02 12:47:02,00:00:01,fly,Insecta,Diptera,Brachycera,Muscomorpha,Muscoidea,Fanniidae,#child.Fanniidae,Fannia,#N/C,6.20833333333333,3.92666666666667,1.41333333333333
FAIRD4_1142,FAIRD,FAIRD4,Site4,Meadow,FAIRDxMeadow,2023-09-02 13:28:41,2023-09-02 13:37:22,00:08:41,fly,Insecta,Diptera,Brachycera,#N/C,#N/C,#N/C,#N/C,#N/C,#N/C,8.4004979253112,5.45134854771784,1.71630705394191
FAIRD4_1143,FAIRD,FAIRD4,Site4,Meadow,FAIRDxMeadow,2023-09-02 13:37:15,2023-09-02 13:37:24,00:00:09,parasitoid_wasp_small,Insecta,Hymenoptera,Apocrita,Parasitica,Chalcidoidea,Eulophidae,#N/C,#N/C,#N/C,1.03,3.42,0.75
FAIRD4_1144,FAIRD,FAIRD4,Site4,Meadow,FAIRDxMeadow,2023-09-02 14:21:52,2023-09-02 14:22:01,00:00:09,gnat,Insecta,#N/C,#N/C,#N/C,#N/C,#N/C,#N/C,#N/C,#N/C,24.2840884279476,6.53678493449783,2.11444868995633
FAIRD4_1145,FAIRD,FAIRD4,Site4,Meadow,FAIRDxMeadow,2023-09-02 14:21:52,2023-09-02 14:22:01,00:00:09,flesh_fly,Insecta,Diptera,Brachycera,Muscomorpha,Oestroidea,#N/C,#N/C,#N/C,#N/C,8.6963448275862,5.52255172413793,1.75466666666667
FAIRD4_1146,FAIRD,FAIRD4,Site4,Meadow,FAIRDxMeadow,2023-09-02 14:27:41,2023-09-02 14:33:55,00:06:14,fly,Insecta,Diptera,Brachycera,Muscomorpha,Muscoidea,Fanniidae,#child.Fanniidae,Fannia,#N/C,6.20833333333333,3.92666666666667,1.41333333333333
FAIRD4_1147,FAIRD,FAIRD4,Site4,Meadow,FAIRDxMeadow,2023-09-02 14:35:11,2023-09-02 14:35:18,00:00:07,fly,Insecta,Diptera,Brachycera,Muscomorpha,Muscoidea,Fanniidae,#child.Fanniidae,Fannia,#N/C,6.20833333333333,3.92666666666667,1.41333333333333
FAIRD4_1148,FAIRD,FAIRD4,Site4,Meadow,FAIRDxMeadow,2023-09-02 16:04:39,2023-09-02 16:07:06,00:02:27,ladybug,Insecta,Coleoptera,Polyphaga,Cucujiformia,Coccinelloidea,Coccinellidae,Coccinellinae,#N/C,#N/C,8.39571428571429,4.155,2.31535714285714
FAIRD4_1149,FAIRD,FAIRD4,Site4,Meadow,FAIRDxMeadow,2023-09-02 17:56:09,2023-09-02 17:56:17,00:00:08,fly,Insecta,Diptera,Brachycera,Muscomorpha,Muscoidea,Fanniidae,#child.Fanniidae,Fannia,#N/C,6.20833333333333,3.92666666666667,1.41333333333333
FAIRD4_1150,FAIRD,FAIRD4,Site4,Meadow,FAIRDxMeadow,2023-09-03 07:45:42,2023-09-03 07:49:39,00:03:57,fly,Insecta,Diptera,Brachycera,#N/C,#N/C,#N/C,#N/C,#N/C,#N/C,8.4004979253112,5.45134854771784,1.71630705394191
FAIRD4_1151,FAIRD,FAIRD4,Site4,Meadow,FAIRDxMeadow,2023-09-03 12:23:52,2023-09-03 12:24:45,00:00:53,fly,Insecta,Diptera,Brachycera,#N/C,#N/C,#N/C,#N/C,#N/C,#N/C,8.4004979253112,5.45134854771784,1.71630705394191
FAIRD4_1152,FAIRD,FAIRD4,Site4,Meadow,FAIRDxMeadow,2023-09-03 12:35:30,2023-09-03 12:36:38,00:01:08,beetle,Insecta,Coleoptera,Polyphaga,Cucujiformia,Curculionoidea,Curculionidae,Entiminae,Polydrusus,#N/C,2.59962962962963,3.26722222222222,1.16981481481481
FAIRD4_1153,FAIRD,FAIRD4,Site4,Meadow,FAIRDxMeadow,2023-09-03 13:33:07,2023-09-03 13:33:44,00:00:37,gnat,Insecta,#N/C,#N/C,#N/C,#N/C,#N/C,#N/C,#N/C,#N/C,24.2840884279476,6.53678493449783,2.11444868995633
FAIRD4_1154,FAIRD,FAIRD4,Site4,Meadow,FAIRDxMeadow,2023-09-03 13:33:07,2023-09-03 13:33:44,00:00:37,dance_fly,Insecta,Diptera,Brachycera,Asilomorpha,Empidoidea,Hybotidae,Tachydromiinae,Tachydromia,#N/C,5.4230303030303,4.3239393939394,1.33030303030303
FAIRD4_1155,FAIRD,FAIRD4,Site4,Meadow,FAIRDxMeadow,2023-09-03 13:33:07,2023-09-03 15:51:47,02:18:40,ladybug,Insecta,Coleoptera,Polyphaga,Cucujiformia,Coccinelloidea,Coccinellidae,#N/C,#N/C,#N/C,8.39571428571429,4.155,2.31535714285714
FAIRD4_1156,FAIRD,FAIRD4,Site4,Meadow,FAIRDxMeadow,2023-09-03 14:56:13,2023-09-03 14:57:55,00:01:42,hoverfly,Insecta,Diptera,Brachycera,Muscomorpha,Syrphoidea,Syrphidae,Syrphinae,Dasysyrphus,#N/C,12.2957258064516,7.50846774193548,2.1483064516129
FAIRD4_1157,FAIRD,FAIRD4,Site4,Meadow,FAIRDxMeadow,2023-09-03 15:46:58,2023-09-03 15:49:37,00:02:39,parasitoid_wasp_small,Insecta,Hymenoptera,Apocrita,Parasitica,Ichneumonoidea,Ichneumonidae,Phygadeuontinae,Gelis,#N/C,5.31137931034483,5.22827586206897,1.15379310344828
FAIRD4_1158,FAIRD,FAIRD4,Site4,Meadow,FAIRDxMeadow,2023-09-03 16:08:08,2023-09-03 16:08:38,00:00:30,hoverfly,Insecta,Diptera,Brachycera,Muscomorpha,Syrphoidea,Syrphidae,Syrphinae,Dasysyrphus,#N/C,12.2957258064516,7.50846774193548,2.1483064516129
FAIRD4_1159,FAIRD,FAIRD4,Site4,Meadow,FAIRDxMeadow,2023-09-03 16:11:53,2023-09-03 16:12:31,00:00:38,fly,Insecta,Diptera,#N/C,#N/C,#N/C,#N/C,#N/C,#N/C,#N/C,8.34888888888888,5.47349206349206,1.69168650793651
FAIRD4_1160,FAIRD,FAIRD4,Site4,Meadow,FAIRDxMeadow,2023-09-04 07:09:39,2023-09-04 08:09:52,01:00:13,fly,Insecta,Diptera,Brachycera,Muscomorpha,Muscoidea,#N/C,#N/C,#N/C,#N/C,12.1985,5.67392857142857,2.11907142857143
FAIRD4_1161,FAIRD,FAIRD4,Site4,Meadow,FAIRDxMeadow,2023-09-04 11:28:31,2023-09-04 11:28:45,00:00:14,flutter_fly,Insecta,Diptera,Brachycera,Muscomorpha,Tephritoidea,Pallopteridae,Pallopteridae,Palloptera,#N/C,8.6963448275862,5.52255172413793,1.75466666666667
FAIRD4_1162,FAIRD,FAIRD4,Site4,Meadow,FAIRDxMeadow,2023-09-04 11:28:31,2023-09-04 11:29:52,00:01:21,fly,Insecta,Diptera,Brachycera,#N/C,#N/C,#N/C,#N/C,#N/C,#N/C,8.4004979253112,5.45134854771784,1.71630705394191
FAIRD4_1163,FAIRD,FAIRD4,Site4,Meadow,FAIRDxMeadow,2023-09-04 12:30:34,2023-09-04 12:31:02,00:00:28,ladybug,Insecta,Coleoptera,Polyphaga,Cucujiformia,Coccinelloidea,Coccinellidae,#N/C,#N/C,#N/C,8.39571428571429,4.155,2.31535714285714
FAIRD4_1164,FAIRD,FAIRD4,Site4,Meadow,FAIRDxMeadow,2023-09-04 13:40:02,2023-09-04 13:41:06,00:01:04,earwig,Insecta,Dermaptera,Forficulina,Epidermaptera,Forficuloidea,Forficulidae,Forficulinae,Forficula,#N/C,17.5401724137931,7.18344827586207,1.78948275862069
FAIRD4_1165,FAIRD,FAIRD4,Site4,Meadow,FAIRDxMeadow,2023-09-04 14:55:42,2023-09-04 14:56:06,00:00:24,fly,Insecta,Diptera,Brachycera,Muscomorpha,Muscoidea,Fanniidae,#child.Fanniidae,Fannia,#N/C,6.20833333333333,3.92666666666667,1.41333333333333
FAIRD4_1166,FAIRD,FAIRD4,Site4,Meadow,FAIRDxMeadow,2023-09-04 15:06:22,2023-09-04 15:07:53,00:01:31,fly,Insecta,Diptera,Brachycera,Muscomorpha,Muscoidea,Fanniidae,#child.Fanniidae,Fannia,#N/C,6.20833333333333,3.92666666666667,1.41333333333333
FAIRD4_1167,FAIRD,FAIRD4,Site4,Meadow,FAIRDxMeadow,2023-09-04 16:57:33,2023-09-04 17:01:51,00:04:18,ladybug,Insecta,Coleoptera,Polyphaga,Cucujiformia,Coccinelloidea,Coccinellidae,#N/C,#N/C,#N/C,8.39571428571429,4.155,2.31535714285714
FAIRD4_1168,FAIRD,FAIRD4,Site4,Meadow,FAIRDxMeadow,2023-09-04 17:03:08,2023-09-04 17:03:18,00:00:10,hoverfly,Insecta,Hymenoptera,Apocrita,Aculeata,Vespoidea,Vespidae,Eumeninae,Ancistrocerus,#N/C,71.46,13.6133333333333,4.02666666666667
FAIRD4_1169,FAIRD,FAIRD4,Site4,Meadow,FAIRDxMeadow,2023-09-05 11:10:48,2023-09-05 11:10:52,00:00:04,fly,Insecta,Diptera,Brachycera,Muscomorpha,Muscoidea,#N/C,#N/C,#N/C,#N/C,12.1985,5.67392857142857,2.11907142857143
FAIRD4_1170,FAIRD,FAIRD4,Site4,Meadow,FAIRDxMeadow,2023-09-05 11:31:34,2023-09-05 11:31:40,00:00:06,hoverfly,Insecta,Diptera,Brachycera,Muscomorpha,Syrphoidea,Syrphidae,Syrphinae,Episyrphus,#N/C,12.2957258064516,7.50846774193548,2.1483064516129
FAIRD4_1171,FAIRD,FAIRD4,Site4,Meadow,FAIRDxMeadow,2023-09-05 12:29:46,2023-09-05 12:29:58,00:00:12,fly,Insecta,Diptera,Brachycera,Muscomorpha,Muscoidea,Fanniidae,#child.Fanniidae,Fannia,#N/C,6.20833333333333,3.92666666666667,1.41333333333333
FAIRD4_1172,FAIRD,FAIRD4,Site4,Meadow,FAIRDxMeadow,2023-09-05 13:05:35,2023-09-05 13:05:53,00:00:18,fly,Insecta,Diptera,Brachycera,Muscomorpha,Muscoidea,Fanniidae,#child.Fanniidae,Fannia,#N/C,6.20833333333333,3.92666666666667,1.41333333333333
FAIRD4_1173,FAIRD,FAIRD4,Site4,Meadow,FAIRDxMeadow,2023-09-06 09:57:16,2023-09-06 09:58:00,00:00:44,fly,Insecta,Diptera,Brachycera,Muscomorpha,Muscoidea,#N/C,#N/C,#N/C,#N/C,12.1985,5.67392857142857,2.11907142857143
FAIRD4_1174,FAIRD,FAIRD4,Site4,Meadow,FAIRDxMeadow,2023-09-06 10:59:11,2023-09-06 10:59:16,00:00:05,fly,Insecta,Diptera,Brachycera,Muscomorpha,Muscoidea,#N/C,#N/C,#N/C,#N/C,12.1985,5.67392857142857,2.11907142857143
FAIRD4_1175,FAIRD,FAIRD4,Site4,Meadow,FAIRDxMeadow,2023-09-06 12:06:39,2023-09-06 12:09:35,00:02:56,ladybug,Insecta,Coleoptera,Polyphaga,Cucujiformia,Coccinelloidea,Coccinellidae,Coccinellinae,#N/C,#N/C,8.39571428571429,4.155,2.31535714285714
FAIRD4_1176,FAIRD,FAIRD4,Site4,Meadow,FAIRDxMeadow,2023-09-06 12:21:50,2023-09-06 12:22:05,00:00:15,robber_fly,Insecta,Diptera,Brachycera,Asilomorpha,Asiloidea,Asilidae,Laphriinae,#N/C,#N/C,5.96,10.965,1.52
FAIRD4_1177,FAIRD,FAIRD4,Site4,Meadow,FAIRDxMeadow,2023-09-07 09:16:14,2023-09-07 09:16:48,00:00:34,hoverfly,Insecta,Diptera,Brachycera,Muscomorpha,Syrphoidea,Syrphidae,Syrphinae,Episyrphus,#N/C,12.2957258064516,7.50846774193548,2.1483064516129
FAIRD4_1178,FAIRD,FAIRD4,Site4,Meadow,FAIRDxMeadow,2023-09-07 09:35:49,2023-09-07 09:38:58,00:03:09,fly,Insecta,Diptera,Brachycera,Muscomorpha,Muscoidea,Fanniidae,#child.Fanniidae,Fannia,#N/C,6.20833333333333,3.92666666666667,1.41333333333333
FAIRD4_1179,FAIRD,FAIRD4,Site4,Meadow,FAIRDxMeadow,2023-09-07 12:36:24,2023-09-07 16:14:41,03:38:17,ladybug,Insecta,Coleoptera,Polyphaga,Cucujiformia,Coccinelloidea,Coccinellidae,Coccinellinae,#N/C,#N/C,8.39571428571429,4.155,2.31535714285714
FAIRD4_1180,FAIRD,FAIRD4,Site4,Meadow,FAIRDxMeadow,2023-09-07 16:37:41,2023-09-07 16:39:26,00:01:45,ladybug,Insecta,Coleoptera,Polyphaga,Cucujiformia,Coccinelloidea,Coccinellidae,Coccinellinae,Harmonia,axyridis,8.39571428571429,4.155,2.31535714285714
FAIRD4_1181,FAIRD,FAIRD4,Site4,Meadow,FAIRDxMeadow,2023-09-07 18:07:48,2023-09-07 18:08:03,00:00:15,fly,Insecta,Diptera,Brachycera,#N/C,#N/C,#N/C,#N/C,#N/C,#N/C,8.4004979253112,5.45134854771784,1.71630705394191
FAIRD4_1182,FAIRD,FAIRD4,Site4,Meadow,FAIRDxMeadow,2023-09-08 10:05:23,2023-09-08 10:05:38,00:00:15,fly,Insecta,Diptera,Brachycera,Muscomorpha,Muscoidea,Muscidae,#N/C,#N/C,#N/C,13.52575,5.99108333333333,2.25625
FAIRD4_1183,FAIRD,FAIRD4,Site4,Meadow,FAIRDxMeadow,2023-09-08 10:59:17,2023-09-08 10:59:25,00:00:08,fly,Insecta,Diptera,Brachycera,Muscomorpha,Muscoidea,#N/C,#N/C,#N/C,#N/C,12.1985,5.67392857142857,2.11907142857143
FAIRD4_1184,FAIRD,FAIRD4,Site4,Meadow,FAIRDxMeadow,2023-09-09 10:42:50,2023-09-09 10:43:17,00:00:27,fly,Insecta,Diptera,Brachycera,#N/C,#N/C,#N/C,#N/C,#N/C,#N/C,8.4004979253112,5.45134854771784,1.71630705394191
FAIRD4_1185,FAIRD,FAIRD4,Site4,Meadow,FAIRDxMeadow,2023-09-09 13:20:08,2023-09-09 13:20:12,00:00:04,fly,Insecta,Diptera,Brachycera,Muscomorpha,Lauxanioidea,Lauxaniidae,Lauxaniinae,Calliopum,#N/C,3.39257575757576,4.09863636363636,1.2430303030303
FAIRD4_1186,FAIRD,FAIRD4,Site4,Meadow,FAIRDxMeadow,2023-09-09 13:20:08,2023-09-09 13:20:15,00:00:07,digger_wasp,Insecta,Hymenoptera,Apocrita,Aculeata,Apoidea,Crabronidae,Pemphredoninae,Pemphredon,#N/C,64.4823076923077,8.92589743589744,3.27948717948718
FAIRD4_1187,FAIRD,FAIRD4,Site4,Meadow,FAIRDxMeadow,2023-09-09 16:08:33,2023-09-09 16:09:29,00:00:56,ladybug,Insecta,Coleoptera,Polyphaga,Cucujiformia,Coccinelloidea,Coccinellidae,Coccinellinae,Harmonia,#N/C,8.39571428571429,4.155,2.31535714285714
FAIRD4_1188,FAIRD,FAIRD4,Site4,Meadow,FAIRDxMeadow,2023-09-10 11:04:19,2023-09-10 11:05:15,00:00:56,fly,Insecta,Diptera,Brachycera,Muscomorpha,Lauxanioidea,Lauxaniidae,Lauxaniinae,Calliopum,#N/C,3.39257575757576,4.09863636363636,1.2430303030303
FAIRD4_1189,FAIRD,FAIRD4,Site4,Meadow,FAIRDxMeadow,2023-09-10 11:52:18,2023-09-10 11:52:24,00:00:06,fly,Insecta,Diptera,Brachycera,Muscomorpha,Muscoidea,Muscidae,#N/C,#N/C,#N/C,13.52575,5.99108333333333,2.25625
FAIRD4_1190,FAIRD,FAIRD4,Site4,Meadow,FAIRDxMeadow,2023-09-10 13:36:24,2023-09-10 13:39:17,00:02:53,ladybug,Insecta,Coleoptera,Polyphaga,Cucujiformia,Coccinelloidea,Coccinellidae,Coccinellinae,Harmonia,#N/C,8.39571428571429,4.155,2.31535714285714
FAIRD4_1191,FAIRD,FAIRD4,Site4,Meadow,FAIRDxMeadow,2023-09-10 17:24:23,2023-09-10 17:25:56,00:01:33,fly,Insecta,Diptera,Brachycera,Muscomorpha,Muscoidea,Fanniidae,#child.Fanniidae,Fannia,#N/C,6.20833333333333,3.92666666666667,1.41333333333333
FAIRD4_1192,FAIRD,FAIRD4,Site4,Meadow,FAIRDxMeadow,2023-09-10 17:34:08,2023-09-10 17:38:46,00:04:38,fly,Insecta,Diptera,Brachycera,Muscomorpha,Lauxanioidea,Lauxaniidae,Lauxaniinae,Calliopum,#N/C,3.39257575757576,4.09863636363636,1.2430303030303
FAIRD4_1193,FAIRD,FAIRD4,Site4,Meadow,FAIRDxMeadow,2023-09-10 17:50:59,2023-09-10 17:51:04,00:00:05,fly,Insecta,Diptera,Brachycera,Muscomorpha,Muscoidea,Anthomyiidae,Anthomyiinae,Anthomyia,#N/C,4.81,4.535,1.675
FAIRD4_1194,FAIRD,FAIRD4,Site4,Meadow,FAIRDxMeadow,2023-09-11 11:08:59,2023-09-11 11:09:10,00:00:11,hoverfly,Insecta,Diptera,Brachycera,Muscomorpha,Syrphoidea,Syrphidae,Syrphinae,Sphaerophoria,#N/C,12.2957258064516,7.50846774193548,2.1483064516129
FAIRD4_1195,FAIRD,FAIRD4,Site4,Meadow,FAIRDxMeadow,2023-09-11 18:17:21,2023-09-11 18:17:24,00:00:03,grasshopper,Insecta,#N/C,#N/C,#N/C,#N/C,#N/C,#N/C,#N/C,#N/C,24.2840884279476,6.53678493449783,2.11444868995633
FAIRD4_1196,FAIRD,FAIRD4,Site4,Meadow,FAIRDxMeadow,2023-09-12 09:31:18,2023-09-12 11:42:33,02:11:15, caddisfly,Insecta,Trichoptera,Integripalpia,Plenitentoria,Limnephiloidea,Limnephilidae,Limnephilinae,#N/C,#N/C,24.2840884279476,6.53678493449783,2.11444868995633
FAIRD4_1197,FAIRD,FAIRD4,Site4,Meadow,FAIRDxMeadow,2023-09-12 10:26:09,2023-09-12 10:26:14,00:00:05,crane_fly,Insecta,Diptera,Nematocera,Tipulomorpha,Tipuloidea,Tipulidae,Tipulinae,Tipula,#N/C,25.122,12.984,1.698
FAIRD4_1198,FAIRD,FAIRD4,Site4,Meadow,FAIRDxMeadow,2023-09-12 11:50:40,2023-09-12 11:51:40,00:01:00,fly,Insecta,Diptera,Brachycera,Muscomorpha,Muscoidea,Muscidae,#N/C,#N/C,#N/C,13.52575,5.99108333333333,2.25625
FAIRD4_1199,FAIRD,FAIRD4,Site4,Meadow,FAIRDxMeadow,2023-09-12 12:33:00,2023-09-12 18:18:27,05:45:27,ladybug,Insecta,Coleoptera,Polyphaga,Cucujiformia,Coccinelloidea,Coccinellidae,Coccinellinae,Harmonia,#N/C,8.39571428571429,4.155,2.31535714285714
FAIRD4_1200,FAIRD,FAIRD4,Site4,Meadow,FAIRDxMeadow,2023-09-12 18:22:27,2023-09-12 18:22:37,00:00:10,fly,Insecta,Diptera,Brachycera,#N/C,#N/C,#N/C,#N/C,#N/C,#N/C,8.4004979253112,5.45134854771784,1.71630705394191
FAIRD4_1201,FAIRD,FAIRD4,Site4,Meadow,FAIRDxMeadow,2023-09-13 10:23:13,2023-09-13 10:24:33,00:01:20,fly,Insecta,Diptera,Brachycera,Muscomorpha,Muscoidea,#N/C,#N/C,#N/C,#N/C,12.1985,5.67392857142857,2.11907142857143
FAIRD4_1202,FAIRD,FAIRD4,Site4,Meadow,FAIRDxMeadow,2023-09-13 10:47:39,2023-09-13 10:48:10,00:00:31,ladybug,Insecta,Coleoptera,Polyphaga,Cucujiformia,Coccinelloidea,Coccinellidae,Coccinellinae,Coccinellini,#N/C,8.39571428571429,4.155,2.31535714285714
FAIRD4_1203,FAIRD,FAIRD4,Site4,Meadow,FAIRDxMeadow,2023-09-13 11:22:16,2023-09-13 11:28:23,00:06:07,fly,Insecta,Diptera,Brachycera,Muscomorpha,Lauxanioidea,Lauxaniidae,Lauxaniinae,Calliopum,#N/C,3.39257575757576,4.09863636363636,1.2430303030303
FAIRD4_1204,FAIRD,FAIRD4,Site4,Meadow,FAIRDxMeadow,2023-09-13 12:05:13,2023-09-13 12:05:56,00:00:43,fly,Insecta,Diptera,Brachycera,#N/C,#N/C,#N/C,#N/C,#N/C,#N/C,8.4004979253112,5.45134854771784,1.71630705394191
FAIRD4_1205,FAIRD,FAIRD4,Site4,Meadow,FAIRDxMeadow,2023-09-13 14:14:14,2023-09-13 14:14:30,00:00:16,flesh_fly,Insecta,Diptera,Brachycera,Muscomorpha,Oestroidea,Sarcophagidae,#N/C,#N/C,#N/C,8.6963448275862,5.52255172413793,1.75466666666667
FAIRD4_1206,FAIRD,FAIRD4,Site4,Meadow,FAIRDxMeadow,2023-09-13 15:56:33,2023-09-13 17:16:34,01:20:01,ladybug,Insecta,Coleoptera,Polyphaga,Cucujiformia,Coccinelloidea,Coccinellidae,Coccinellinae,Coccinellini,#N/C,8.39571428571429,4.155,2.31535714285714
FAIRD4_1207,FAIRD,FAIRD4,Site4,Meadow,FAIRDxMeadow,2023-09-13 17:08:45,2023-09-13 17:09:05,00:00:20,fly,Insecta,Diptera,Brachycera,Muscomorpha,Muscoidea,Fanniidae,#child.Fanniidae,Fannia,#N/C,6.20833333333333,3.92666666666667,1.41333333333333
